customer_id,first_name,last_name,email,phone,city,state,postcode,loyalty_tier,preferred_channel,registered_at
CUST000001,Uma,Wang,uma.wang1@example.com,+61 446913810,Melbourne,VIC,5006,SILVER,STORE,2025-12-09 03:43:00
CUST000002,Xavier,White,xavier.white2@example.com,+61 489254563,Sydney,NSW,6456,GOLD,ONLINE,2025-01-13 06:14:00
CUST000003,Quinn,Harris,quinn.harris3@example.com,+61 485329037,Melbourne,VIC,4628,NONE,STORE,2025-07-14 18:17:00
CUST000004,Zane,Nguyen,zane.nguyen4@example.com,+61 466722344,Brisbane,QLD,5787,BRONZE,STORE,2025-03-17 10:06:00
CUST000005,Chen,Jones,chen.jones5@example.com,+61 458181396,Sydney,NSW,5817,BRONZE,ONLINE,2025-12-05 14:34:00
CUST000006,Divya,Jones,divya.jones6@example.com,+61 484093639,Sydney,NSW,5401,BRONZE,STORE,2025-11-22 02:02:00
CUST000007,Vikram,Kumar,vikram.kumar7@example.com,+61 420709497,Adelaide,SA,4907,GOLD,B2B,2025-04-18 14:40:00
CUST000008,Arjun,Sharma,arjun.sharma8@example.com,+61 459684848,Brisbane,QLD,5910,SILVER,MARKETPLACE,2025-11-21 21:41:00
CUST000009,Chen,Harris,chen.harris9@example.com,+61 432969840,Gold Coast,QLD,7375,SILVER,STORE,2025-07-21 12:17:00
CUST000010,Ines,White,ines.white10@example.com,+61 453524491,Perth,WA,3458,SILVER,ONLINE,2025-05-07 12:17:00
CUST000011,Chen,Taylor,chen.taylor11@example.com,+61 452235350,Newcastle,NSW,4741,NONE,B2B,2025-10-22 14:09:00
CUST000012,Isaac,Brown,isaac.brown12@example.com,+61 485345555,Perth,WA,7415,BRONZE,B2B,2025-09-21 12:23:00
CUST000013,Hana,Brown,hana.brown13@example.com,+61 476238574,Geelong,VIC,3744,GOLD,ONLINE,2025-02-13 20:10:00
CUST000014,Zane,Martin,zane.martin14@example.com,+61 418526544,Newcastle,NSW,6152,NONE,B2B,2025-08-24 08:35:00
CUST000015,Grace,Nguyen,grace.nguyen15@example.com,+61 425374874,Gold Coast,QLD,7398,BRONZE,MARKETPLACE,2025-01-23 09:27:00
CUST000016,Fatima,Iyer,fatima.iyer16@example.com,+61 445351479,Melbourne,VIC,7100,SILVER,ONLINE,2025-10-13 09:53:00
CUST000017,Uma,Khan,uma.khan17@example.com,+61 436697396,Newcastle,NSW,4252,BRONZE,STORE,2025-08-30 16:58:00
CUST000018,Aiden,Harris,aiden.harris18@example.com,+61 475579548,Hobart,TAS,3159,GOLD,MARKETPLACE,2025-05-03 07:03:00
CUST000019,Hana,Das,hana.das19@example.com,+61 421496211,Sydney,NSW,6981,GOLD,STORE,2025-01-31 21:30:00
CUST000020,Ravi,Singh,ravi.singh20@example.com,+61 480823176,Adelaide,SA,7969,NONE,STORE,2025-08-30 23:44:00
CUST000021,George,Wilson,george.wilson21@example.com,+61 497225156,Canberra,ACT,6059,NONE,B2B,2025-01-27 07:14:00
CUST000022,Chen,Chen,chen.chen22@example.com,+61 488961459,Melbourne,VIC,7537,SILVER,STORE,2024-11-30 02:45:00
CUST000023,Uma,Smith,uma.smith23@example.com,+61 419046318,Perth,WA,3257,BRONZE,ONLINE,2025-08-17 07:17:00
CUST000024,Vikram,Thompson,vikram.thompson24@example.com,+61 482374753,Perth,WA,4083,NONE,STORE,2025-07-27 13:12:00
CUST000025,Divya,Wang,divya.wang25@example.com,+61 467854710,Gold Coast,QLD,5902,NONE,B2B,2025-07-24 23:03:00
CUST000026,Vikram,Wang,vikram.wang26@example.com,+61 464038913,Melbourne,VIC,5779,GOLD,STORE,2025-03-05 06:34:00
CUST000027,Olivia,Brown,olivia.brown27@example.com,+61 434627347,Canberra,ACT,5281,NONE,STORE,2025-01-04 14:51:00
CUST000028,Grace,White,grace.white28@example.com,+61 416789850,Sydney,NSW,7428,GOLD,ONLINE,2025-12-17 07:10:00
CUST000029,Noah,Thompson,noah.thompson29@example.com,+61 438688676,Darwin,NT,6285,GOLD,STORE,2025-06-09 00:24:00
CUST000030,Isaac,Iyer,isaac.iyer30@example.com,+61 466775103,Adelaide,SA,7552,NONE,STORE,2025-03-04 09:13:00
CUST000031,Bella,Das,bella.das31@example.com,+61 482772208,Wollongong,NSW,3499,BRONZE,ONLINE,2024-12-22 18:30:00
CUST000032,Quinn,Khan,quinn.khan32@example.com,+61 417634247,Brisbane,QLD,7160,GOLD,STORE,2025-01-01 19:04:00
CUST000033,Vikram,Kumar,vikram.kumar33@example.com,+61 426090908,Canberra,ACT,7666,SILVER,ONLINE,2025-10-10 02:26:00
CUST000034,Vikram,Das,vikram.das34@example.com,+61 480166708,Newcastle,NSW,5591,BRONZE,STORE,2025-11-04 22:20:00
CUST000035,Hana,Lee,hana.lee35@example.com,+61 427566185,Canberra,ACT,5457,NONE,MARKETPLACE,2025-12-16 02:00:00
CUST000036,Olivia,Harris,olivia.harris36@example.com,+61 423419256,Newcastle,NSW,3600,SILVER,MARKETPLACE,2025-02-02 11:56:00
CUST000037,Chen,Kumar,chen.kumar37@example.com,+61 448250360,Hobart,TAS,4292,NONE,MARKETPLACE,2025-10-06 20:33:00
CUST000038,Aiden,White,aiden.white38@example.com,+61 499038526,Adelaide,SA,3848,SILVER,MARKETPLACE,2025-01-25 03:47:00
CUST000039,Ravi,Brown,ravi.brown39@example.com,+61 447816686,Adelaide,SA,7954,SILVER,MARKETPLACE,2025-03-11 21:40:00
CUST000040,Grace,Lee,grace.lee40@example.com,+61 475569635,Geelong,VIC,5057,GOLD,ONLINE,2025-10-17 13:53:00
CUST000041,Isaac,Smith,isaac.smith41@example.com,+61 454769200,Melbourne,VIC,4071,BRONZE,STORE,2025-12-11 14:35:00
CUST000042,Wendy,Martin,wendy.martin42@example.com,+61 411297845,Geelong,VIC,3916,GOLD,STORE,2025-09-02 01:53:00
CUST000043,Liam,Das,liam.das43@example.com,+61 429876811,Geelong,VIC,6520,SILVER,ONLINE,2025-05-03 11:57:00
CUST000044,Ines,Smith,ines.smith44@example.com,+61 438195995,Hobart,TAS,5044,GOLD,MARKETPLACE,2025-12-31 17:56:00
CUST000045,Grace,Martin,grace.martin45@example.com,+61 430743797,Newcastle,NSW,4939,SILVER,STORE,2025-06-26 00:11:00
CUST000046,Xavier,Chen,xavier.chen46@example.com,+61 499913412,Canberra,ACT,5032,BRONZE,STORE,2025-11-21 03:24:00
CUST000047,Grace,Smith,grace.smith47@example.com,+61 439854548,Darwin,NT,4634,NONE,MARKETPLACE,2025-05-02 07:14:00
CUST000048,Aiden,Taylor,aiden.taylor48@example.com,+61 454058573,Canberra,ACT,5282,GOLD,MARKETPLACE,2025-05-25 20:32:00
CUST000049,Mei,White,mei.white49@example.com,+61 413704481,Hobart,TAS,3944,BRONZE,STORE,2025-09-20 08:02:00
CUST000050,Divya,Harris,divya.harris50@example.com,+61 456397338,Canberra,ACT,5569,NONE,ONLINE,2025-06-12 18:12:00
CUST000051,Isaac,Smith,isaac.smith51@example.com,+61 468526649,Wollongong,NSW,3013,SILVER,MARKETPLACE,2025-07-05 02:42:00
CUST000052,Ines,Chen,ines.chen52@example.com,+61 452133044,Newcastle,NSW,4020,BRONZE,MARKETPLACE,2025-11-03 13:20:00
CUST000053,Mei,Wilson,mei.wilson53@example.com,+61 427084279,Geelong,VIC,4571,NONE,B2B,2025-11-08 23:57:00
CUST000054,Fatima,Harris,fatima.harris54@example.com,+61 450392808,Newcastle,NSW,6326,GOLD,MARKETPLACE,2025-04-22 06:27:00
CUST000055,Zane,Das,zane.das55@example.com,+61 497873101,Newcastle,NSW,5639,NONE,B2B,2025-07-11 21:13:00
CUST000056,Quinn,Thompson,quinn.thompson56@example.com,+61 432775593,Wollongong,NSW,3694,BRONZE,MARKETPLACE,2025-01-13 07:43:00
CUST000057,Jia,Kumar,jia.kumar57@example.com,+61 429777514,Perth,WA,3200,GOLD,STORE,2025-07-28 19:54:00
CUST000058,Yara,Patel,yara.patel58@example.com,+61 465625330,Darwin,NT,7715,SILVER,B2B,2025-08-07 12:15:00
CUST000059,Ethan,Nguyen,ethan.nguyen59@example.com,+61 467062156,Sydney,NSW,4792,SILVER,B2B,2024-12-22 17:15:00
CUST000060,Ines,Wang,ines.wang60@example.com,+61 427896471,Darwin,NT,6806,BRONZE,B2B,2025-10-06 23:57:00
CUST000061,Quinn,Martin,quinn.martin61@example.com,+61 469849511,Geelong,VIC,4303,NONE,B2B,2025-04-08 07:53:00
CUST000062,Uma,Lee,uma.lee62@example.com,+61 475041510,Geelong,VIC,4959,BRONZE,B2B,2025-01-05 22:18:00
CUST000063,Hana,Lee,hana.lee63@example.com,+61 452910691,Hobart,TAS,7424,GOLD,STORE,2025-02-12 07:24:00
CUST000064,Wendy,Brown,wendy.brown64@example.com,+61 438716269,Wollongong,NSW,3526,NONE,B2B,2025-05-15 17:29:00
CUST000065,Noah,Smith,noah.smith65@example.com,+61 466390708,Perth,WA,6190,GOLD,B2B,2025-07-29 00:22:00
CUST000066,Jia,Jones,jia.jones66@example.com,+61 482238741,Canberra,ACT,7473,SILVER,B2B,2025-03-19 08:27:00
CUST000067,Priya,Nguyen,priya.nguyen67@example.com,+61 455114543,Canberra,ACT,6312,SILVER,B2B,2025-01-31 19:34:00
CUST000068,Aiden,Jones,aiden.jones68@example.com,+61 485751409,Newcastle,NSW,3222,GOLD,B2B,2025-02-04 14:11:00
CUST000069,Bella,Lee,bella.lee69@example.com,+61 453936531,Canberra,ACT,4733,NONE,MARKETPLACE,2025-05-18 12:17:00
CUST000070,Yara,Martin,yara.martin70@example.com,+61 420993268,Adelaide,SA,6852,GOLD,ONLINE,2025-05-25 07:41:00
CUST000071,Chen,Smith,chen.smith71@example.com,+61 443189803,Melbourne,VIC,4633,GOLD,STORE,2025-03-29 04:30:00
CUST000072,Vikram,Wang,vikram.wang72@example.com,+61 439254705,Newcastle,NSW,6809,BRONZE,MARKETPLACE,2025-02-20 19:38:00
CUST000073,Xavier,Wang,xavier.wang73@example.com,+61 451746937,Brisbane,QLD,3885,GOLD,MARKETPLACE,2025-09-17 21:58:00
CUST000074,Mei,Jones,mei.jones74@example.com,+61 436619372,Wollongong,NSW,3622,SILVER,ONLINE,2025-11-18 09:54:00
CUST000075,Vikram,Harris,vikram.harris75@example.com,+61 485958181,Sydney,NSW,3336,BRONZE,B2B,2025-10-31 11:04:00
CUST000076,Quinn,Chen,quinn.chen76@example.com,+61 466379329,Melbourne,VIC,7015,GOLD,B2B,2025-05-31 20:57:00
CUST000077,Arjun,Iyer,arjun.iyer77@example.com,+61 430534124,Wollongong,NSW,6567,SILVER,MARKETPLACE,2025-10-08 17:49:00
CUST000078,Priya,Iyer,priya.iyer78@example.com,+61 489520597,Canberra,ACT,5198,BRONZE,STORE,2025-01-10 08:56:00
CUST000079,Olivia,Kumar,olivia.kumar79@example.com,+61 486483924,Darwin,NT,7999,NONE,MARKETPLACE,2024-12-11 15:54:00
CUST000080,Kiran,Singh,kiran.singh80@example.com,+61 438470244,Darwin,NT,5906,BRONZE,MARKETPLACE,2025-04-19 19:44:00
CUST000081,Hugo,Lee,hugo.lee81@example.com,+61 411362459,Geelong,VIC,7232,SILVER,ONLINE,2025-03-30 23:26:00
CUST000082,Priya,White,priya.white82@example.com,+61 473900135,Perth,WA,7020,NONE,ONLINE,2025-01-13 09:14:00
CUST000083,Mei,Kumar,mei.kumar83@example.com,+61 499115205,Adelaide,SA,7764,BRONZE,B2B,2025-09-06 16:22:00
CUST000084,Noah,White,noah.white84@example.com,+61 457219209,Hobart,TAS,6717,BRONZE,MARKETPLACE,2025-04-04 07:07:00
CUST000085,Xavier,Taylor,xavier.taylor85@example.com,+61 426046365,Hobart,TAS,7389,SILVER,STORE,2025-03-17 23:30:00
CUST000086,Isaac,Das,isaac.das86@example.com,+61 490099897,Geelong,VIC,5318,GOLD,STORE,2025-04-27 07:23:00
CUST000087,Fatima,Wilson,fatima.wilson87@example.com,+61 481690398,Melbourne,VIC,4036,BRONZE,ONLINE,2024-12-24 17:18:00
CUST000088,Wendy,Brown,wendy.brown88@example.com,+61 475884623,Gold Coast,QLD,3840,GOLD,MARKETPLACE,2025-07-25 15:28:00
CUST000089,Kiran,Singh,kiran.singh89@example.com,+61 443887075,Melbourne,VIC,6913,GOLD,ONLINE,2025-06-20 15:04:00
CUST000090,Sofia,Smith,sofia.smith90@example.com,+61 430024960,Brisbane,QLD,7610,BRONZE,ONLINE,2025-04-03 03:35:00
CUST000091,Yara,Martin,yara.martin91@example.com,+61 490010790,Newcastle,NSW,4848,NONE,B2B,2025-07-11 09:55:00
CUST000092,Sofia,Martin,sofia.martin92@example.com,+61 486320155,Adelaide,SA,3493,GOLD,STORE,2025-10-13 06:16:00
CUST000093,Vikram,Patel,vikram.patel93@example.com,+61 442194159,Brisbane,QLD,4423,GOLD,STORE,2024-11-28 13:28:00
CUST000094,Wendy,Harris,wendy.harris94@example.com,+61 449092160,Darwin,NT,3267,SILVER,MARKETPLACE,2025-11-23 09:44:00
CUST000095,Grace,Iyer,grace.iyer95@example.com,+61 441329612,Sydney,NSW,5167,SILVER,B2B,2025-01-24 17:14:00
CUST000096,Uma,Brown,uma.brown96@example.com,+61 429090631,Adelaide,SA,3584,GOLD,STORE,2025-05-03 19:47:00
CUST000097,Arjun,Das,not-an-email,+61 468942178,Adelaide,SA,4018,NONE,MARKETPLACE,2025-11-20 12:17:00
CUST000098,Quinn,White,quinn.white98@example.com,+61 468755000,Darwin,NT,3658,GOLD,B2B,2025-12-08 10:38:00
CUST000099,Isaac,Nguyen,isaac.nguyen99@example.com,+61 440725714,Sydney,NSW,7712,GOLD,MARKETPLACE,2025-09-18 01:48:00
CUST000100,Yara,Singh,yara.singh100@example.com,+61 479654147,Darwin,NT,6622,BRONZE,STORE,2025-09-22 13:40:00
CUST000101,Arjun,Thompson,arjun.thompson101@example.com,+61 473083727,Sydney,NSW,5850,NONE,MARKETPLACE,2025-05-10 21:06:00
CUST000102,Grace,Singh,grace.singh102@example.com,+61 465250068,Hobart,TAS,7058,BRONZE,B2B,2025-12-21 17:02:00
CUST000103,Olivia,Patel,olivia.patel103@example.com,+61 443876400,Hobart,TAS,5648,GOLD,B2B,2025-08-17 00:42:00
CUST000104,Grace,White,grace.white104@example.com,+61 465465150,Darwin,NT,3444,SILVER,MARKETPLACE,2025-10-11 15:40:00
CUST000105,Olivia,Smith,olivia.smith105@example.com,+61 445843681,Perth,WA,7499,SILVER,MARKETPLACE,2025-07-09 22:31:00
CUST000106,Divya,Nguyen,divya.nguyen106@example.com,+61 491721371,Gold Coast,QLD,4960,SILVER,MARKETPLACE,2025-09-05 00:35:00
CUST000107,Noah,Patel,noah.patel107@example.com,+61 425228493,Perth,WA,6780,GOLD,STORE,2025-08-09 22:18:00
CUST000108,Quinn,Lee,quinn.lee108@example.com,+61 474759996,Canberra,ACT,6868,SILVER,B2B,2025-09-05 04:24:00
CUST000109,George,Harris,george.harris109@example.com,+61 428321839,Geelong,VIC,3571,BRONZE,B2B,2025-05-20 16:17:00
CUST000110,Arjun,Nguyen,arjun.nguyen110@example.com,+61 450071487,Adelaide,SA,7808,NONE,STORE,2025-07-13 17:30:00
CUST000111,Liam,Chen,liam.chen111@example.com,+61 482937948,Geelong,VIC,6090,NONE,MARKETPLACE,2025-03-03 22:15:00
CUST000112,Sofia,Jones,sofia.jones112@example.com,+61 465133300,Perth,WA,3357,BRONZE,B2B,2025-11-23 12:24:00
CUST000113,Vikram,Brown,vikram.brown113@example.com,+61 414968688,Darwin,NT,4034,BRONZE,ONLINE,2025-07-10 03:33:00
CUST000114,Ines,Iyer,ines.iyer114@example.com,+61 429348212,Melbourne,VIC,6358,SILVER,ONLINE,2025-07-25 08:21:00
CUST000115,Tom,Jones,tom.jones115@example.com,+61 420779739,Gold Coast,QLD,5691,NONE,MARKETPLACE,2025-10-13 22:56:00
CUST000116,Yara,Thompson,yara.thompson116@example.com,+61 414818295,Geelong,VIC,3560,SILVER,MARKETPLACE,2025-03-23 23:05:00
CUST000117,Noah,Wang,noah.wang117@example.com,+61 423489853,Gold Coast,QLD,6634,SILVER,MARKETPLACE,2024-12-11 01:20:00
CUST000118,Zane,Smith,zane.smith118@example.com,+61 458112135,Adelaide,SA,6070,NONE,STORE,2025-04-01 16:26:00
CUST000119,Sofia,Singh,sofia.singh119@example.com,+61 433497411,Brisbane,QLD,3646,NONE,STORE,2025-08-08 18:09:00
CUST000120,Hana,Iyer,hana.iyer120@example.com,+61 444088261,Gold Coast,QLD,6764,BRONZE,ONLINE,2025-07-23 09:43:00
CUST000121,Ravi,Singh,ravi.singh121@example.com,+61 469287967,Sydney,NSW,5830,BRONZE,B2B,2025-11-15 08:29:00
CUST000122,Grace,Wilson,grace.wilson122@example.com,+61 461632653,Perth,WA,6958,GOLD,STORE,2025-06-10 18:22:00
CUST000123,Sofia,Wilson,sofia.wilson123@example.com,+61 449625201,Wollongong,NSW,3179,NONE,MARKETPLACE,2024-12-01 18:55:00
CUST000124,Vikram,Smith,vikram.smith124@example.com,+61 476669607,Newcastle,NSW,5344,SILVER,MARKETPLACE,2025-03-19 20:12:00
CUST000125,Tom,Lee,tom.lee125@example.com,+61 498473848,Gold Coast,QLD,4120,GOLD,ONLINE,2025-05-04 14:02:00
CUST000126,Sofia,Sharma,sofia.sharma126@example.com,+61 427637794,Wollongong,NSW,3738,BRONZE,MARKETPLACE,2025-12-14 13:11:00
CUST000127,George,Brown,george.brown127@example.com,+61 459104566,Geelong,VIC,7348,BRONZE,STORE,2025-04-07 15:51:00
CUST000128,Jia,Chen,jia.chen128@example.com,+61 472858374,Sydney,NSW,3616,SILVER,STORE,2025-11-08 23:43:00
CUST000129,Mei,White,mei.white129@example.com,+61 422120246,Hobart,TAS,6232,GOLD,MARKETPLACE,2025-08-28 03:29:00
CUST000130,Liam,Lee,liam.lee130@example.com,+61 461140376,Newcastle,NSW,6043,GOLD,STORE,2025-07-26 00:39:00
CUST000131,Hugo,White,hugo.white131@example.com,+61 491883846,Hobart,TAS,4813,GOLD,B2B,2025-11-20 09:41:00
CUST000132,Noah,Wang,noah.wang132@example.com,+61 416086345,Brisbane,QLD,3304,BRONZE,B2B,2025-01-25 03:15:00
CUST000133,Hugo,White,hugo.white133@example.com,+61 462163160,Brisbane,QLD,6716,BRONZE,B2B,2025-09-23 23:46:00
CUST000134,Ethan,Martin,ethan.martin134@example.com,+61 423290458,Gold Coast,QLD,7008,NONE,MARKETPLACE,2024-12-13 22:23:00
CUST000135,George,Iyer,george.iyer135@example.com,+61 441690501,Darwin,NT,5971,GOLD,MARKETPLACE,2025-09-01 20:22:00
CUST000136,Bella,Jones,bella.jones136@example.com,+61 435475673,Adelaide,SA,4000,NONE,ONLINE,2025-11-01 06:41:00
CUST000137,Uma,Harris,uma.harris137@example.com,+61 416788532,Melbourne,VIC,5732,SILVER,STORE,2025-09-12 06:04:00
CUST000138,Arjun,White,arjun.white138@example.com,+61 488703005,Perth,WA,4769,SILVER,MARKETPLACE,2025-12-28 04:50:00
CUST000139,Hugo,Harris,hugo.harris139@example.com,+61 447215199,Melbourne,VIC,4185,SILVER,MARKETPLACE,2025-02-24 03:42:00
CUST000140,Grace,Nguyen,grace.nguyen140@example.com,+61 411994519,Brisbane,QLD,5934,SILVER,MARKETPLACE,2024-12-05 05:16:00
CUST000141,Bella,Brown,bella.brown141@example.com,+61 466500369,Wollongong,NSW,7309,GOLD,ONLINE,2025-07-28 14:49:00
CUST000142,Liam,Khan,liam.khan142@example.com,+61 424636981,Newcastle,NSW,6702,SILVER,ONLINE,2025-12-04 21:33:00
CUST000143,Jia,Iyer,jia.iyer143@example.com,+61 414180968,Gold Coast,QLD,3498,NONE,B2B,2025-07-03 21:06:00
CUST000144,Priya,Iyer,priya.iyer144@example.com,+61 420843514,Sydney,NSW,5638,SILVER,ONLINE,2025-01-30 08:39:00
CUST000145,Uma,Das,uma.das145@example.com,+61 453645651,Geelong,VIC,6120,BRONZE,B2B,2025-08-12 19:27:00
CUST000146,Divya,Wang,divya.wang146@example.com,+61 497364555,Gold Coast,QLD,7516,SILVER,B2B,2025-07-16 07:26:00
CUST000147,Kiran,Iyer,kiran.iyer147@example.com,+61 465833185,Canberra,ACT,3778,BRONZE,B2B,2025-05-06 21:16:00
CUST000148,Liam,Brown,liam.brown148@example.com,+61 473655158,Gold Coast,QLD,3549,GOLD,ONLINE,2025-01-13 13:06:00
CUST000149,Xavier,Sharma,xavier.sharma149@example.com,+61 484674816,Brisbane,QLD,3491,BRONZE,ONLINE,2025-06-25 11:55:00
CUST000150,Vikram,Martin,vikram.martin150@example.com,+61 416904975,Wollongong,NSW,5356,BRONZE,MARKETPLACE,2025-01-19 18:32:00
CUST000151,George,Brown,,+61 474718365,Gold Coast,QLD,4837,GOLD,MARKETPLACE,2025-09-07 11:07:00
CUST000152,Yara,Lee,yara.lee152@example.com,+61 440354559,Newcastle,NSW,6515,GOLD,MARKETPLACE,2024-12-11 05:17:00
CUST000153,Wendy,Wilson,wendy.wilson153@example.com,+61 457113566,Hobart,TAS,3050,SILVER,STORE,2025-09-12 21:25:00
CUST000154,Chen,Brown,chen.brown154@example.com,+61 494982908,Wollongong,NSW,3251,GOLD,STORE,2025-06-07 13:29:00
CUST000155,Kiran,Singh,kiran.singh155@example.com,+61 451827259,Hobart,TAS,5657,GOLD,ONLINE,2025-02-14 05:48:00
CUST000156,Tom,Smith,tom.smith156@example.com,+61 420949687,Gold Coast,QLD,5229,NONE,B2B,2025-08-02 19:28:00
CUST000157,Noah,Lee,noah.lee157@example.com,+61 478765957,Perth,WA,3932,BRONZE,B2B,2025-01-22 09:43:00
CUST000158,Vikram,Das,vikram.das158@example.com,+61 480723898,Darwin,NT,5526,GOLD,STORE,2025-06-17 19:03:00
CUST000159,Aiden,Taylor,aiden.taylor159@example.com,+61 438351344,Adelaide,SA,4124,BRONZE,MARKETPLACE,2025-05-13 03:00:00
CUST000160,Priya,Martin,priya.martin160@example.com,+61 427339011,Brisbane,QLD,6114,SILVER,MARKETPLACE,2025-01-02 12:55:00
CUST000161,Xavier,Smith,xavier.smith161@example.com,+61 412515446,Canberra,ACT,6766,GOLD,MARKETPLACE,2025-09-17 13:36:00
CUST000162,Mei,Martin,mei.martin162@example.com,+61 425458308,Adelaide,SA,6318,GOLD,MARKETPLACE,2025-02-22 19:29:00
CUST000163,Arjun,Sharma,arjun.sharma163@example.com,+61 468614462,Sydney,NSW,3867,SILVER,B2B,2025-09-24 12:33:00
CUST000164,Chen,Jones,chen.jones164@example.com,+61 455568701,Adelaide,SA,4815,BRONZE,STORE,2025-01-05 16:40:00
CUST000165,Divya,Khan,divya.khan165@example.com,+61 436025314,Geelong,VIC,5862,BRONZE,STORE,2025-03-27 03:09:00
CUST000166,Isaac,Taylor,isaac.taylor166@example.com,+61 490852623,Brisbane,QLD,4252,GOLD,STORE,2025-12-27 20:31:00
CUST000167,Olivia,Das,olivia.das167@example.com,+61 470251043,Newcastle,NSW,7624,BRONZE,MARKETPLACE,2025-02-12 14:04:00
CUST000168,Priya,Iyer,priya.iyer168@example.com,+61 450643870,Gold Coast,QLD,5250,GOLD,MARKETPLACE,2025-08-13 02:19:00
CUST000169,Olivia,Iyer,olivia.iyer169@example.com,+61 417635653,Melbourne,VIC,6020,BRONZE,ONLINE,2025-10-23 02:39:00
CUST000170,Tom,Khan,tom.khan170@example.com,+61 472104107,Canberra,ACT,7754,GOLD,B2B,2025-09-15 20:12:00
CUST000171,Kiran,Harris,kiran.harris171@example.com,+61 477292380,Darwin,NT,4235,GOLD,B2B,2025-01-18 10:45:00
CUST000172,Chen,Khan,chen.khan172@example.com,+61 433160465,Gold Coast,QLD,3320,SILVER,B2B,2025-07-09 16:33:00
CUST000173,Tom,Singh,tom.singh173@example.com,+61 460043345,Hobart,TAS,5317,NONE,B2B,2025-12-28 10:43:00
CUST000174,Tom,Smith,tom.smith174@example.com,+61 496879854,Gold Coast,QLD,5741,GOLD,MARKETPLACE,2025-01-14 17:43:00
CUST000175,Mei,Wilson,mei.wilson175@example.com,+61 498122539,Adelaide,SA,7937,SILVER,MARKETPLACE,2025-01-07 18:42:00
CUST000176,Ethan,Sharma,ethan.sharma176@example.com,+61 498054173,Adelaide,SA,6210,SILVER,ONLINE,2025-05-04 17:24:00
CUST000177,Uma,Chen,uma.chen177@example.com,+61 499941500,Brisbane,QLD,7312,GOLD,B2B,2025-08-14 11:01:00
CUST000178,Liam,Wilson,liam.wilson178@example.com,+61 438748452,Brisbane,QLD,5799,NONE,STORE,2025-03-22 04:09:00
CUST000179,Chen,Wilson,chen.wilson179@example.com,+61 478140959,Sydney,NSW,7421,GOLD,MARKETPLACE,2025-12-24 19:08:00
CUST000180,Tom,Jones,tom.jones180@example.com,+61 431776452,Brisbane,QLD,4481,SILVER,B2B,2024-12-19 13:23:00
CUST000181,Vikram,Kumar,vikram.kumar181@example.com,+61 491952730,Darwin,NT,5334,NONE,STORE,2025-08-27 07:19:00
CUST000182,Zane,Thompson,zane.thompson182@example.com,+61 459370777,Perth,WA,7672,NONE,B2B,2025-12-25 09:49:00
CUST000183,Mei,Khan,mei.khan183@example.com,+61 466191704,Geelong,VIC,4327,SILVER,STORE,2025-04-04 01:41:00
CUST000184,Priya,Sharma,priya.sharma184@example.com,+61 423769360,Geelong,VIC,7226,GOLD,MARKETPLACE,2025-01-08 05:17:00
CUST000185,Olivia,Khan,olivia.khan185@example.com,+61 468716573,Brisbane,QLD,3751,SILVER,B2B,2025-05-24 00:26:00
CUST000186,Bella,Jones,bella.jones186@example.com,+61 460192261,Geelong,VIC,4931,NONE,ONLINE,2025-06-06 07:01:00
CUST000187,Kiran,Wang,kiran.wang187@example.com,+61 497236246,Wollongong,NSW,5746,SILVER,STORE,2024-12-16 09:58:00
CUST000188,Arjun,Thompson,arjun.thompson188@example.com,+61 428628439,Wollongong,NSW,6842,NONE,ONLINE,2025-01-06 00:16:00
CUST000189,George,Brown,george.brown189@example.com,+61 491722503,Geelong,VIC,7323,NONE,ONLINE,2025-12-29 09:15:00
CUST000190,Jia,Wang,jia.wang190@example.com,+61 442002808,Melbourne,VIC,6439,NONE,ONLINE,2025-01-22 15:38:00
CUST000191,Ravi,Nguyen,ravi.nguyen191@example.com,+61 479172559,Gold Coast,QLD,7710,SILVER,STORE,2025-04-25 13:00:00
CUST000192,Tom,Sharma,tom.sharma192@example.com,+61 486593187,Perth,WA,6412,SILVER,ONLINE,2025-08-22 11:04:00
CUST000193,Quinn,White,quinn.white193@example.com,+61 478131950,Geelong,VIC,7539,GOLD,B2B,2025-07-25 01:40:00
CUST000194,Mei,Sharma,not-an-email,+61 412179995,Adelaide,SA,5925,GOLD,MARKETPLACE,2025-03-30 23:42:00
CUST000195,Uma,Wang,uma.wang195@example.com,+61 454629892,Newcastle,NSW,4092,GOLD,MARKETPLACE,2025-09-02 10:52:00
CUST000196,Uma,Singh,uma.singh196@example.com,+61 472360629,Gold Coast,QLD,6920,SILVER,STORE,2024-12-29 22:49:00
CUST000197,Olivia,Smith,olivia.smith197@example.com,+61 437057085,Adelaide,SA,3358,SILVER,ONLINE,2025-05-07 09:32:00
CUST000198,Mei,White,mei.white198@example.com,+61 443999198,Darwin,NT,3299,SILVER,MARKETPLACE,2025-05-28 01:55:00
CUST000199,Uma,Chen,uma.chen199@example.com,+61 426706752,Adelaide,SA,6014,NONE,B2B,2025-12-12 14:57:00
CUST000200,Mei,Chen,mei.chen200@example.com,+61 476599269,Brisbane,QLD,7075,BRONZE,MARKETPLACE,2025-01-08 23:27:00
CUST000201,Chen,Martin,chen.martin201@example.com,+61 434220459,Newcastle,NSW,7468,BRONZE,MARKETPLACE,2025-01-18 02:20:00
CUST000202,Vikram,Wilson,vikram.wilson202@example.com,+61 469849800,Adelaide,SA,7936,NONE,STORE,2025-11-15 14:22:00
CUST000203,Olivia,Smith,olivia.smith203@example.com,+61 457319709,Wollongong,NSW,6563,BRONZE,ONLINE,2025-01-04 21:40:00
CUST000204,Mei,Sharma,mei.sharma204@example.com,+61 431473054,Geelong,VIC,3255,SILVER,B2B,2024-12-14 04:04:00
CUST000205,Hana,Sharma,hana.sharma205@example.com,+61 461385847,Hobart,TAS,7646,GOLD,STORE,2025-11-09 14:23:00
CUST000206,Liam,Iyer,liam.iyer206@example.com,+61 487030477,Sydney,NSW,4127,BRONZE,B2B,2025-05-06 20:17:00
CUST000207,Hana,Wang,hana.wang207@example.com,+61 434970946,Melbourne,VIC,7088,NONE,ONLINE,2025-04-10 08:45:00
CUST000208,Olivia,Taylor,olivia.taylor208@example.com,+61 448329479,Newcastle,NSW,7023,SILVER,ONLINE,2025-02-04 02:28:00
CUST000209,Fatima,Iyer,fatima.iyer209@example.com,+61 452894344,Sydney,NSW,5846,GOLD,MARKETPLACE,2025-04-29 05:45:00
CUST000210,Wendy,Singh,wendy.singh210@example.com,+61 478284040,Hobart,TAS,4836,GOLD,STORE,2025-02-06 07:50:00
CUST000211,Priya,Nguyen,priya.nguyen211@example.com,+61 484359498,Hobart,TAS,7688,BRONZE,B2B,2025-09-05 04:39:00
CUST000212,Hugo,Patel,hugo.patel212@example.com,+61 451512297,Sydney,NSW,6261,NONE,B2B,2025-12-25 13:52:00
CUST000213,Sofia,Patel,sofia.patel213@example.com,+61 452550733,Brisbane,QLD,3607,NONE,B2B,2025-11-10 16:22:00
CUST000214,Ethan,White,ethan.white214@example.com,+61 488891300,Gold Coast,QLD,4490,SILVER,B2B,2025-08-11 01:53:00
CUST000215,Divya,Khan,divya.khan215@example.com,+61 450818905,Brisbane,QLD,4348,SILVER,MARKETPLACE,2025-11-25 07:22:00
CUST000216,Quinn,Wilson,quinn.wilson216@example.com,+61 443635675,Sydney,NSW,4608,BRONZE,STORE,2025-10-13 09:39:00
CUST000217,Ravi,Patel,ravi.patel217@example.com,+61 496031876,Geelong,VIC,4381,SILVER,STORE,2025-10-30 19:46:00
CUST000218,Hugo,Harris,hugo.harris218@example.com,+61 485647532,Hobart,TAS,3337,GOLD,ONLINE,2024-12-20 20:49:00
CUST000219,Sofia,Lee,sofia.lee219@example.com,+61 438294221,Gold Coast,QLD,7686,NONE,ONLINE,2025-08-08 20:34:00
CUST000220,Jia,Wilson,jia.wilson220@example.com,+61 442866956,Darwin,NT,6326,BRONZE,B2B,2025-01-03 22:03:00
CUST000221,Fatima,Iyer,fatima.iyer221@example.com,+61 474995086,Canberra,ACT,6804,SILVER,MARKETPLACE,2025-10-03 04:20:00
CUST000222,Grace,Chen,grace.chen222@example.com,+61 456354851,Wollongong,NSW,6266,SILVER,MARKETPLACE,2025-08-17 17:06:00
CUST000223,Kiran,Kumar,kiran.kumar223@example.com,+61 426444612,Darwin,NT,5191,NONE,STORE,2025-02-07 03:03:00
CUST000224,Jia,Jones,jia.jones224@example.com,+61 466121095,Newcastle,NSW,5033,SILVER,MARKETPLACE,2025-09-18 23:20:00
CUST000225,George,Singh,george.singh225@example.com,+61 479085198,Darwin,NT,6824,NONE,MARKETPLACE,2025-08-08 00:05:00
CUST000226,Mei,Khan,mei.khan226@example.com,+61 442310051,Darwin,NT,4762,BRONZE,ONLINE,2024-12-22 09:31:00
CUST000227,Tom,Thompson,tom.thompson227@example.com,+61 482033413,Adelaide,SA,3066,GOLD,B2B,2025-02-03 08:46:00
CUST000228,Liam,Jones,liam.jones228@example.com,+61 416072331,Hobart,TAS,6281,GOLD,STORE,2025-05-31 17:18:00
CUST000229,Chen,Jones,chen.jones229@example.com,+61 470445541,Geelong,VIC,7504,BRONZE,ONLINE,2025-01-31 03:25:00
CUST000230,Liam,Chen,liam.chen230@example.com,+61 459070856,Geelong,VIC,4181,SILVER,B2B,2025-08-10 01:02:00
CUST000231,Bella,Brown,bella.brown231@example.com,+61 454699966,Wollongong,NSW,6880,NONE,STORE,2025-10-03 16:08:00
CUST000232,Kiran,Harris,kiran.harris232@example.com,+61 431810655,Hobart,TAS,6219,BRONZE,MARKETPLACE,2025-08-13 16:34:00
CUST000233,Priya,Das,priya.das233@example.com,+61 473739005,Adelaide,SA,3136,BRONZE,MARKETPLACE,2025-11-06 03:26:00
CUST000234,Sofia,Wilson,sofia.wilson234@example.com,+61 494457912,Wollongong,NSW,3218,NONE,MARKETPLACE,2025-10-28 18:36:00
CUST000235,Hana,Smith,hana.smith235@example.com,+61 474484744,Newcastle,NSW,4396,NONE,STORE,2025-11-10 07:02:00
CUST000236,Sofia,Wang,sofia.wang236@example.com,+61 412541730,Perth,WA,6612,BRONZE,B2B,2025-02-12 13:44:00
CUST000237,George,Martin,george.martin237@example.com,+61 492071195,Geelong,VIC,6863,GOLD,STORE,2025-08-19 06:35:00
CUST000238,Kiran,Thompson,kiran.thompson238@example.com,+61 460576565,Geelong,VIC,5570,SILVER,B2B,2025-08-26 10:34:00
CUST000239,Liam,Lee,liam.lee239@example.com,+61 474985553,Newcastle,NSW,4575,SILVER,MARKETPLACE,2025-09-08 09:14:00
CUST000240,Jia,Wilson,jia.wilson240@example.com,+61 437820354,Wollongong,NSW,7005,BRONZE,B2B,2025-05-24 17:59:00
CUST000241,Ines,Lee,ines.lee241@example.com,+61 426357665,Adelaide,SA,7697,NONE,B2B,2025-05-22 04:18:00
CUST000242,Bella,Wilson,bella.wilson242@example.com,+61 420607151,Wollongong,NSW,5837,NONE,MARKETPLACE,2025-12-14 15:13:00
CUST000243,George,White,george.white243@example.com,+61 485432781,Adelaide,SA,5225,SILVER,ONLINE,2025-10-08 23:37:00
CUST000244,Hana,Kumar,hana.kumar244@example.com,+61 499903592,Melbourne,VIC,7350,SILVER,STORE,2024-12-23 03:26:00
CUST000245,Kiran,Thompson,kiran.thompson245@example.com,+61 428450513,Sydney,NSW,3042,SILVER,B2B,2025-10-27 15:30:00
CUST000246,Uma,Taylor,uma.taylor246@example.com,+61 453106399,Adelaide,SA,5338,GOLD,ONLINE,2025-10-26 18:14:00
CUST000247,Ravi,Smith,ravi.smith247@example.com,+61 466087572,Brisbane,QLD,4440,GOLD,B2B,2025-08-07 05:59:00
CUST000248,Xavier,Wilson,xavier.wilson248@example.com,+61 411243818,Melbourne,VIC,5444,GOLD,MARKETPLACE,2025-04-21 14:41:00
CUST000249,Ravi,Khan,ravi.khan249@example.com,+61 428012011,Darwin,NT,7130,NONE,MARKETPLACE,2025-03-05 03:21:00
CUST000250,Fatima,Iyer,fatima.iyer250@example.com,+61 444529507,Gold Coast,QLD,4525,GOLD,MARKETPLACE,2025-04-27 18:43:00
CUST000251,Yara,Taylor,yara.taylor251@example.com,+61 492000924,Brisbane,QLD,6321,NONE,MARKETPLACE,2025-01-10 12:42:00
CUST000252,Divya,Singh,divya.singh252@example.com,+61 474082804,Brisbane,QLD,5650,SILVER,ONLINE,2025-04-09 12:15:00
CUST000253,Olivia,Lee,olivia.lee253@example.com,+61 450526484,Hobart,TAS,7771,GOLD,MARKETPLACE,2025-10-27 11:44:00
CUST000254,Hana,Smith,hana.smith254@example.com,+61 425867870,Gold Coast,QLD,6812,BRONZE,STORE,2025-06-22 21:32:00
CUST000255,Ines,Wilson,ines.wilson255@example.com,+61 425759274,Wollongong,NSW,5416,BRONZE,STORE,2025-03-19 04:30:00
CUST000256,Ethan,Iyer,ethan.iyer256@example.com,+61 491300905,Wollongong,NSW,6060,NONE,B2B,2025-12-19 17:51:00
CUST000257,Vikram,Taylor,vikram.taylor257@example.com,+61 489968863,Perth,WA,3670,NONE,MARKETPLACE,2025-01-05 18:07:00
CUST000258,Bella,White,bella.white258@example.com,+61 437133023,Geelong,VIC,7691,SILVER,STORE,2025-05-13 16:28:00
CUST000259,Divya,Taylor,divya.taylor259@example.com,+61 488268756,Wollongong,NSW,7004,GOLD,B2B,2024-12-25 14:08:00
CUST000260,Quinn,Martin,quinn.martin260@example.com,+61 485686878,Darwin,NT,3472,NONE,MARKETPLACE,2025-12-02 00:25:00
CUST000261,Isaac,Nguyen,isaac.nguyen261@example.com,+61 439246218,Wollongong,NSW,7737,GOLD,ONLINE,2025-07-01 11:44:00
CUST000262,Chen,White,chen.white262@example.com,+61 419263592,Melbourne,VIC,6867,GOLD,MARKETPLACE,2025-06-24 05:49:00
CUST000263,Ethan,Martin,ethan.martin263@example.com,+61 461335545,Hobart,TAS,6674,NONE,B2B,2025-01-07 21:42:00
CUST000264,Grace,White,grace.white264@example.com,+61 497715861,Brisbane,QLD,5848,GOLD,STORE,2025-08-29 12:33:00
CUST000265,Ethan,Kumar,ethan.kumar265@example.com,+61 413051483,Melbourne,VIC,5444,NONE,B2B,2025-08-26 12:52:00
CUST000266,Hana,Kumar,hana.kumar266@example.com,+61 456460773,Darwin,NT,4270,BRONZE,STORE,2025-12-03 03:02:00
CUST000267,Zane,Martin,zane.martin267@example.com,+61 412099943,Newcastle,NSW,4971,SILVER,ONLINE,2025-01-17 19:02:00
CUST000268,Olivia,Harris,olivia.harris268@example.com,+61 416533225,Gold Coast,QLD,5004,GOLD,B2B,2025-07-09 07:34:00
CUST000269,George,Smith,george.smith269@example.com,+61 477631755,Brisbane,QLD,5369,SILVER,MARKETPLACE,2025-09-18 19:49:00
CUST000270,Vikram,Chen,vikram.chen270@example.com,+61 450502136,Perth,WA,4173,SILVER,B2B,2025-04-29 08:03:00
CUST000271,Ravi,Das,ravi.das271@example.com,+61 433505978,Wollongong,NSW,6499,NONE,ONLINE,2025-05-22 20:42:00
CUST000272,Mei,Khan,mei.khan272@example.com,+61 465878146,Hobart,TAS,6344,SILVER,MARKETPLACE,2025-06-07 05:48:00
CUST000273,Ravi,Thompson,ravi.thompson273@example.com,+61 440245233,Perth,WA,5463,SILVER,B2B,2024-12-26 17:26:00
CUST000274,Noah,White,noah.white274@example.com,+61 427997624,Geelong,VIC,6181,SILVER,MARKETPLACE,2025-03-11 10:41:00
CUST000275,Chen,Iyer,chen.iyer275@example.com,+61 422410307,Hobart,TAS,7387,SILVER,ONLINE,2025-04-13 12:43:00
CUST000276,Tom,Harris,tom.harris276@example.com,+61 419768947,Melbourne,VIC,4541,SILVER,B2B,2025-03-13 10:19:00
CUST000277,Ines,Nguyen,ines.nguyen277@example.com,+61 435504548,Perth,WA,3961,NONE,STORE,2025-11-18 19:45:00
CUST000278,George,Jones,george.jones278@example.com,+61 484098828,Perth,WA,5634,BRONZE,B2B,2025-07-23 17:41:00
CUST000279,Liam,Wilson,liam.wilson279@example.com,+61 458270683,Adelaide,SA,7200,NONE,B2B,2025-01-16 23:30:00
CUST000280,Yara,Chen,yara.chen280@example.com,+61 459755172,Perth,WA,5563,NONE,ONLINE,2025-09-11 07:47:00
CUST000281,Ethan,Nguyen,ethan.nguyen281@example.com,+61 484264220,Adelaide,SA,7784,NONE,MARKETPLACE,2025-02-13 06:21:00
CUST000282,Hana,Jones,hana.jones282@example.com,+61 442981324,Newcastle,NSW,7090,BRONZE,MARKETPLACE,2025-12-22 15:46:00
CUST000283,Uma,Thompson,uma.thompson283@example.com,+61 432579937,Darwin,NT,5885,SILVER,STORE,2025-11-30 17:31:00
CUST000284,Fatima,White,fatima.white284@example.com,+61 417882882,Gold Coast,QLD,7292,GOLD,ONLINE,2025-11-04 01:48:00
CUST000285,Aiden,Martin,aiden.martin285@example.com,+61 494651342,Brisbane,QLD,4895,GOLD,STORE,2024-12-01 06:32:00
CUST000286,Olivia,Sharma,olivia.sharma286@example.com,+61 492924441,Melbourne,VIC,6958,NONE,ONLINE,2024-11-30 17:35:00
CUST000287,Noah,Nguyen,noah.nguyen287@example.com,+61 481057233,Melbourne,VIC,5250,BRONZE,ONLINE,2025-08-11 22:43:00
CUST000288,Noah,Singh,noah.singh288@example.com,+61 422927031,Sydney,NSW,7295,SILVER,STORE,2025-03-05 19:33:00
CUST000289,Isaac,Sharma,isaac.sharma289@example.com,+61 463270536,Adelaide,SA,3647,BRONZE,B2B,2025-07-20 18:15:00
CUST000290,Wendy,Kumar,wendy.kumar290@example.com,+61 420820219,Adelaide,SA,3259,GOLD,B2B,2025-06-09 12:35:00
CUST000291,Priya,Smith,not-an-email,+61 411268380,Gold Coast,QLD,4403,GOLD,B2B,2025-07-07 20:50:00
CUST000292,Kiran,Das,kiran.das292@example.com,+61 480888325,Sydney,NSW,3348,SILVER,STORE,2025-11-16 18:30:00
CUST000293,Isaac,Smith,isaac.smith293@example.com,+61 447631028,Sydney,NSW,7448,GOLD,STORE,2025-05-07 00:13:00
CUST000294,Sofia,Brown,sofia.brown294@example.com,+61 463458386,Wollongong,NSW,3630,BRONZE,STORE,2025-09-11 07:36:00
CUST000295,Arjun,Jones,arjun.jones295@example.com,+61 482553061,Gold Coast,QLD,5717,NONE,STORE,2025-11-14 23:05:00
CUST000296,Quinn,Sharma,quinn.sharma296@example.com,+61 423111164,Melbourne,VIC,6580,SILVER,ONLINE,2025-05-20 19:49:00
CUST000297,Tom,Harris,tom.harris297@example.com,+61 453805532,Canberra,ACT,3242,BRONZE,B2B,2025-08-05 07:22:00
CUST000298,Ravi,Jones,ravi.jones298@example.com,+61 434929311,Canberra,ACT,7799,NONE,ONLINE,2025-12-27 19:18:00
CUST000299,Zane,Kumar,zane.kumar299@example.com,+61 419865900,Wollongong,NSW,3672,BRONZE,STORE,2025-06-09 22:50:00
CUST000300,Uma,Brown,uma.brown300@example.com,+61 462294176,Wollongong,NSW,5594,BRONZE,ONLINE,2025-01-12 00:19:00
CUST000301,Olivia,Sharma,olivia.sharma301@example.com,+61 423721268,Adelaide,SA,4085,GOLD,STORE,2025-07-05 14:35:00
CUST000302,Ravi,Khan,,+61 423863742,Canberra,ACT,3215,GOLD,MARKETPLACE,2025-09-06 02:38:00
CUST000303,Tom,Chen,tom.chen303@example.com,+61 411656329,Canberra,ACT,5390,NONE,B2B,2025-12-30 02:46:00
CUST000304,Hugo,White,hugo.white304@example.com,+61 486767229,Perth,WA,7268,SILVER,B2B,2025-02-21 04:17:00
CUST000305,Jia,Lee,jia.lee305@example.com,+61 429587040,Darwin,NT,3518,SILVER,B2B,2025-04-17 13:19:00
CUST000306,Priya,Patel,priya.patel306@example.com,+61 443782566,Hobart,TAS,5020,NONE,STORE,2025-07-19 03:08:00
CUST000307,Jia,Nguyen,jia.nguyen307@example.com,+61 454589439,Canberra,ACT,6112,BRONZE,B2B,2025-05-17 13:52:00
CUST000308,Arjun,Harris,arjun.harris308@example.com,+61 450323741,Brisbane,QLD,5626,SILVER,B2B,2025-05-06 05:25:00
CUST000309,Kiran,Wilson,kiran.wilson309@example.com,+61 494946730,Wollongong,NSW,7022,SILVER,MARKETPLACE,2025-06-07 08:52:00
CUST000310,Zane,Jones,zane.jones310@example.com,+61 425285764,Hobart,TAS,7619,SILVER,STORE,2025-11-11 17:01:00
CUST000311,Xavier,Iyer,xavier.iyer311@example.com,+61 438138531,Wollongong,NSW,6591,BRONZE,ONLINE,2025-06-24 21:31:00
CUST000312,Ethan,Wilson,ethan.wilson312@example.com,+61 443914361,Perth,WA,4262,NONE,B2B,2025-01-03 14:38:00
CUST000313,Priya,Das,priya.das313@example.com,+61 481721578,Canberra,ACT,7150,NONE,ONLINE,2025-05-30 22:57:00
CUST000314,Zane,White,zane.white314@example.com,+61 495655118,Newcastle,NSW,3696,GOLD,STORE,2025-10-29 21:22:00
CUST000315,Fatima,Harris,fatima.harris315@example.com,+61 485594147,Melbourne,VIC,6273,BRONZE,B2B,2025-01-20 00:06:00
CUST000316,Isaac,Kumar,isaac.kumar316@example.com,+61 479631857,Geelong,VIC,7571,SILVER,B2B,2025-06-06 12:29:00
CUST000317,Yara,Das,yara.das317@example.com,+61 477171380,Wollongong,NSW,4234,BRONZE,ONLINE,2025-08-01 03:18:00
CUST000318,Noah,Patel,noah.patel318@example.com,+61 429015320,Sydney,NSW,5853,BRONZE,MARKETPLACE,2025-07-18 06:33:00
CUST000319,Priya,Sharma,priya.sharma319@example.com,+61 423102741,Darwin,NT,6589,NONE,MARKETPLACE,2024-12-31 09:02:00
CUST000320,Zane,Wang,zane.wang320@example.com,+61 456047142,Melbourne,VIC,3895,SILVER,STORE,2025-08-18 05:35:00
CUST000321,Fatima,Chen,fatima.chen321@example.com,+61 467226329,Geelong,VIC,6785,SILVER,B2B,2025-10-15 05:11:00
CUST000322,Uma,Martin,uma.martin322@example.com,+61 413918120,Canberra,ACT,4616,NONE,B2B,2025-06-14 00:45:00
CUST000323,George,Taylor,george.taylor323@example.com,+61 418397164,Adelaide,SA,7729,GOLD,STORE,2025-06-02 10:12:00
CUST000324,Olivia,Wang,olivia.wang324@example.com,+61 475697427,Adelaide,SA,7323,BRONZE,B2B,2025-10-05 12:37:00
CUST000325,Divya,Sharma,divya.sharma325@example.com,+61 471453007,Hobart,TAS,4413,BRONZE,ONLINE,2025-11-06 04:20:00
CUST000326,Divya,Kumar,divya.kumar326@example.com,+61 425696616,Adelaide,SA,4499,BRONZE,STORE,2025-08-15 12:26:00
CUST000327,Tom,Brown,tom.brown327@example.com,+61 461500679,Newcastle,NSW,6465,SILVER,B2B,2025-10-18 17:44:00
CUST000328,Ines,Singh,ines.singh328@example.com,+61 432396311,Geelong,VIC,7011,BRONZE,STORE,2025-03-02 10:53:00
CUST000329,Olivia,Harris,olivia.harris329@example.com,+61 458189421,Melbourne,VIC,3078,NONE,STORE,2025-03-06 12:35:00
CUST000330,Quinn,Thompson,quinn.thompson330@example.com,+61 475998330,Canberra,ACT,6404,NONE,B2B,2025-02-20 02:36:00
CUST000331,Aiden,Kumar,aiden.kumar331@example.com,+61 414388260,Adelaide,SA,5251,SILVER,MARKETPLACE,2025-02-21 14:36:00
CUST000332,Xavier,Thompson,xavier.thompson332@example.com,+61 478559218,Geelong,VIC,3927,GOLD,MARKETPLACE,2025-12-28 17:52:00
CUST000333,Liam,White,liam.white333@example.com,+61 469239219,Melbourne,VIC,7475,SILVER,B2B,2025-01-18 23:53:00
CUST000334,Uma,Kumar,uma.kumar334@example.com,+61 414325890,Adelaide,SA,6684,BRONZE,MARKETPLACE,2025-01-10 14:55:00
CUST000335,Divya,Kumar,divya.kumar335@example.com,+61 488909809,Perth,WA,5872,NONE,STORE,2025-10-08 04:50:00
CUST000336,George,Taylor,george.taylor336@example.com,+61 486514083,Melbourne,VIC,5873,BRONZE,STORE,2025-05-11 22:18:00
CUST000337,Jia,Das,jia.das337@example.com,+61 479043610,Adelaide,SA,3780,SILVER,B2B,2024-12-27 08:55:00
CUST000338,Uma,Brown,uma.brown338@example.com,+61 427809465,Wollongong,NSW,5045,SILVER,MARKETPLACE,2025-04-02 21:25:00
CUST000339,Priya,Brown,priya.brown339@example.com,+61 494879557,Newcastle,NSW,5201,NONE,B2B,2025-07-16 02:40:00
CUST000340,Zane,Patel,zane.patel340@example.com,+61 479204468,Canberra,ACT,5279,BRONZE,B2B,2025-08-03 10:37:00
CUST000341,Aiden,Patel,aiden.patel341@example.com,+61 471532017,Wollongong,NSW,5934,GOLD,B2B,2025-03-18 13:52:00
CUST000342,George,Thompson,george.thompson342@example.com,+61 453334226,Adelaide,SA,5323,BRONZE,STORE,2025-09-12 15:50:00
CUST000343,Kiran,Smith,kiran.smith343@example.com,+61 423364695,Melbourne,VIC,6764,GOLD,ONLINE,2025-02-15 14:29:00
CUST000344,Aiden,Martin,aiden.martin344@example.com,+61 427705074,Perth,WA,5472,SILVER,MARKETPLACE,2025-01-13 20:23:00
CUST000345,Isaac,Patel,isaac.patel345@example.com,+61 499188862,Hobart,TAS,4355,GOLD,B2B,2025-10-13 09:46:00
CUST000346,Wendy,Kumar,wendy.kumar346@example.com,+61 497977738,Canberra,ACT,3747,GOLD,ONLINE,2025-03-16 15:04:00
CUST000347,Ethan,Das,ethan.das347@example.com,+61 479718627,Perth,WA,6645,GOLD,ONLINE,2025-11-18 10:52:00
CUST000348,Divya,Martin,divya.martin348@example.com,+61 427740248,Wollongong,NSW,6913,GOLD,STORE,2025-06-11 02:46:00
CUST000349,Zane,Wang,zane.wang349@example.com,+61 452057323,Sydney,NSW,6011,BRONZE,STORE,2025-06-10 04:41:00
CUST000350,Vikram,Brown,vikram.brown350@example.com,+61 481203615,Sydney,NSW,7614,GOLD,STORE,2025-07-10 11:46:00
CUST000351,George,Brown,george.brown351@example.com,+61 492688322,Canberra,ACT,6624,SILVER,ONLINE,2025-01-17 04:48:00
CUST000352,Divya,Das,divya.das352@example.com,+61 461543890,Wollongong,NSW,5879,NONE,MARKETPLACE,2025-02-06 07:17:00
CUST000353,Uma,Patel,uma.patel353@example.com,+61 484275638,Perth,WA,7923,BRONZE,ONLINE,2025-10-30 09:13:00
CUST000354,Quinn,Harris,quinn.harris354@example.com,+61 435319707,Geelong,VIC,6209,BRONZE,ONLINE,2025-03-29 15:24:00
CUST000355,Divya,Kumar,divya.kumar355@example.com,+61 495641960,Darwin,NT,7865,GOLD,ONLINE,2025-05-30 10:08:00
CUST000356,Mei,Das,mei.das356@example.com,+61 459044830,Canberra,ACT,7475,SILVER,B2B,2025-12-26 02:01:00
CUST000357,Sofia,Patel,sofia.patel357@example.com,+61 445189912,Melbourne,VIC,4767,GOLD,ONLINE,2025-06-18 16:18:00
CUST000358,Uma,Khan,uma.khan358@example.com,+61 466851305,Canberra,ACT,6295,GOLD,STORE,2025-04-18 02:19:00
CUST000359,Chen,Khan,chen.khan359@example.com,+61 430854365,Perth,WA,7394,BRONZE,B2B,2025-09-23 20:48:00
CUST000360,Arjun,Patel,arjun.patel360@example.com,+61 468718382,Adelaide,SA,4954,GOLD,STORE,2025-01-10 13:07:00
CUST000361,Olivia,Harris,olivia.harris361@example.com,+61 417385816,Newcastle,NSW,5533,SILVER,ONLINE,2024-12-03 22:08:00
CUST000362,Wendy,Nguyen,wendy.nguyen362@example.com,+61 476627415,Brisbane,QLD,5840,BRONZE,STORE,2025-06-05 04:47:00
CUST000363,Yara,Lee,yara.lee363@example.com,+61 425845304,Wollongong,NSW,3240,BRONZE,B2B,2025-04-15 16:04:00
CUST000364,Isaac,Das,isaac.das364@example.com,+61 420344164,Gold Coast,QLD,7064,NONE,MARKETPLACE,2024-12-25 15:54:00
CUST000365,Sofia,Singh,sofia.singh365@example.com,+61 431113788,Hobart,TAS,5089,GOLD,ONLINE,2025-03-23 23:32:00
CUST000366,Aiden,Smith,aiden.smith366@example.com,+61 442823140,Melbourne,VIC,3376,NONE,MARKETPLACE,2025-06-11 04:11:00
CUST000367,Ines,Smith,ines.smith367@example.com,+61 498007006,Geelong,VIC,6435,SILVER,MARKETPLACE,2025-04-03 13:58:00
CUST000368,Xavier,Chen,xavier.chen368@example.com,+61 420453825,Adelaide,SA,7682,BRONZE,ONLINE,2025-08-11 21:57:00
CUST000369,Bella,Singh,bella.singh369@example.com,+61 479226031,Perth,WA,3376,NONE,ONLINE,2025-07-23 09:49:00
CUST000370,Grace,Wilson,grace.wilson370@example.com,+61 421594468,Hobart,TAS,7530,NONE,ONLINE,2025-06-03 06:18:00
CUST000371,Sofia,Wilson,sofia.wilson371@example.com,+61 493579731,Wollongong,NSW,4987,NONE,MARKETPLACE,2025-09-25 15:49:00
CUST000372,Yara,Taylor,yara.taylor372@example.com,+61 483357939,Wollongong,NSW,5008,SILVER,ONLINE,2025-06-24 00:14:00
CUST000373,Ravi,Sharma,ravi.sharma373@example.com,+61 411287794,Gold Coast,QLD,5744,GOLD,B2B,2025-12-09 23:19:00
CUST000374,Divya,Taylor,divya.taylor374@example.com,+61 441966313,Geelong,VIC,6439,NONE,ONLINE,2025-02-07 22:17:00
CUST000375,Chen,Smith,chen.smith375@example.com,+61 479760901,Perth,WA,6383,BRONZE,B2B,2025-12-14 02:37:00
CUST000376,Divya,Khan,divya.khan376@example.com,+61 495525640,Brisbane,QLD,6230,GOLD,ONLINE,2025-07-07 21:08:00
CUST000377,Hana,Wilson,hana.wilson377@example.com,+61 452279780,Adelaide,SA,6219,BRONZE,MARKETPLACE,2025-07-16 08:14:00
CUST000378,Chen,Taylor,chen.taylor378@example.com,+61 488478184,Brisbane,QLD,3892,SILVER,ONLINE,2025-02-19 14:29:00
CUST000379,Kiran,Martin,kiran.martin379@example.com,+61 481930575,Sydney,NSW,5935,SILVER,B2B,2025-05-03 14:16:00
CUST000380,Grace,Wang,grace.wang380@example.com,+61 431154777,Sydney,NSW,5492,GOLD,STORE,2025-05-13 04:05:00
CUST000381,Wendy,Kumar,wendy.kumar381@example.com,+61 463183031,Hobart,TAS,7206,GOLD,MARKETPLACE,2025-04-09 05:01:00
CUST000382,Mei,Iyer,mei.iyer382@example.com,+61 483835976,Geelong,VIC,5046,GOLD,B2B,2025-01-18 04:07:00
CUST000383,Aiden,Smith,aiden.smith383@example.com,+61 427544302,Perth,WA,4623,NONE,MARKETPLACE,2025-11-13 20:41:00
CUST000384,Chen,Das,chen.das384@example.com,+61 444738319,Newcastle,NSW,3614,GOLD,ONLINE,2025-03-08 20:28:00
CUST000385,Zane,Brown,zane.brown385@example.com,+61 454499873,Sydney,NSW,4003,GOLD,B2B,2024-12-22 05:59:00
CUST000386,Sofia,Martin,sofia.martin386@example.com,+61 463015826,Wollongong,NSW,7064,GOLD,B2B,2025-11-11 13:11:00
CUST000387,Liam,Taylor,liam.taylor387@example.com,+61 446907428,Brisbane,QLD,5292,NONE,STORE,2024-12-14 19:39:00
CUST000388,Tom,Kumar,not-an-email,+61 449608344,Gold Coast,QLD,7086,NONE,B2B,2024-12-28 02:17:00
CUST000389,Mei,Brown,mei.brown389@example.com,+61 436770773,Canberra,ACT,7307,SILVER,ONLINE,2025-06-10 22:22:00
CUST000390,Priya,White,priya.white390@example.com,+61 456175477,Darwin,NT,7633,BRONZE,B2B,2025-04-14 05:01:00
CUST000391,Kiran,Harris,kiran.harris391@example.com,+61 413933043,Perth,WA,5301,GOLD,B2B,2025-08-25 11:49:00
CUST000392,Sofia,Kumar,sofia.kumar392@example.com,+61 423439803,Brisbane,QLD,5030,SILVER,MARKETPLACE,2025-08-27 23:03:00
CUST000393,Yara,Kumar,yara.kumar393@example.com,+61 462133188,Newcastle,NSW,5906,SILVER,STORE,2025-03-28 18:20:00
CUST000394,Zane,Sharma,zane.sharma394@example.com,+61 413785821,Newcastle,NSW,5880,SILVER,STORE,2025-08-06 17:19:00
CUST000395,Fatima,Thompson,fatima.thompson395@example.com,+61 422114140,Melbourne,VIC,3460,SILVER,STORE,2024-12-07 16:30:00
CUST000396,Aiden,Chen,aiden.chen396@example.com,+61 437040091,Newcastle,NSW,4068,BRONZE,STORE,2025-05-11 01:01:00
CUST000397,Ethan,Das,ethan.das397@example.com,+61 429012298,Wollongong,NSW,3908,BRONZE,ONLINE,2025-06-06 22:42:00
CUST000398,Mei,Das,mei.das398@example.com,+61 455172462,Sydney,NSW,5472,BRONZE,STORE,2025-02-15 23:27:00
CUST000399,Zane,Thompson,zane.thompson399@example.com,+61 452585056,Gold Coast,QLD,4427,BRONZE,STORE,2025-11-02 18:52:00
CUST000400,Fatima,Jones,fatima.jones400@example.com,+61 449529438,Adelaide,SA,4043,SILVER,ONLINE,2025-11-21 18:25:00
CUST000401,Grace,Das,grace.das401@example.com,+61 434438599,Melbourne,VIC,7934,BRONZE,STORE,2025-10-20 18:06:00
CUST000402,Ines,Thompson,ines.thompson402@example.com,+61 454448673,Brisbane,QLD,3637,SILVER,MARKETPLACE,2025-05-09 05:40:00
CUST000403,Hugo,Patel,hugo.patel403@example.com,+61 499929175,Wollongong,NSW,5750,NONE,ONLINE,2025-04-11 06:15:00
CUST000404,Wendy,Patel,wendy.patel404@example.com,+61 444448045,Hobart,TAS,3885,GOLD,ONLINE,2025-06-12 14:46:00
CUST000405,Noah,Singh,noah.singh405@example.com,+61 476180344,Canberra,ACT,6102,BRONZE,B2B,2025-01-17 15:50:00
CUST000406,Grace,Das,grace.das406@example.com,+61 440277201,Gold Coast,QLD,4332,NONE,ONLINE,2024-12-14 09:01:00
CUST000407,Kiran,Lee,kiran.lee407@example.com,+61 419959009,Sydney,NSW,5800,SILVER,B2B,2025-02-17 23:04:00
CUST000408,Ravi,Patel,ravi.patel408@example.com,+61 489729429,Hobart,TAS,6954,GOLD,B2B,2025-10-27 05:38:00
CUST000409,Hugo,Martin,hugo.martin409@example.com,+61 417188130,Brisbane,QLD,3829,BRONZE,STORE,2025-03-04 13:44:00
CUST000410,Ravi,White,ravi.white410@example.com,+61 498663948,Adelaide,SA,5306,BRONZE,STORE,2025-01-15 01:25:00
CUST000411,Sofia,White,sofia.white411@example.com,+61 430614492,Darwin,NT,3446,BRONZE,ONLINE,2025-07-03 02:18:00
CUST000412,Arjun,Harris,arjun.harris412@example.com,+61 436799898,Darwin,NT,3794,GOLD,STORE,2025-02-22 20:18:00
CUST000413,Chen,Thompson,chen.thompson413@example.com,+61 451386492,Sydney,NSW,6256,NONE,B2B,2025-10-31 08:05:00
CUST000414,Uma,White,uma.white414@example.com,+61 434814337,Canberra,ACT,6039,NONE,MARKETPLACE,2025-03-02 14:02:00
CUST000415,Isaac,Iyer,isaac.iyer415@example.com,+61 445353058,Darwin,NT,4853,BRONZE,ONLINE,2025-02-12 22:42:00
CUST000416,Divya,Patel,divya.patel416@example.com,+61 456142898,Gold Coast,QLD,7435,NONE,STORE,2025-09-06 01:53:00
CUST000417,Mei,Khan,mei.khan417@example.com,+61 481875527,Canberra,ACT,6889,SILVER,B2B,2025-04-29 02:25:00
CUST000418,Hugo,Smith,hugo.smith418@example.com,+61 486667841,Geelong,VIC,7233,SILVER,ONLINE,2025-12-19 14:11:00
CUST000419,Fatima,Taylor,fatima.taylor419@example.com,+61 426936398,Perth,WA,3349,NONE,ONLINE,2025-11-11 13:12:00
CUST000420,Arjun,Brown,arjun.brown420@example.com,+61 444612921,Newcastle,NSW,5619,GOLD,ONLINE,2025-06-13 17:25:00
CUST000421,Ravi,Chen,ravi.chen421@example.com,+61 479751366,Adelaide,SA,6753,GOLD,B2B,2025-01-23 13:09:00
CUST000422,Ethan,Das,ethan.das422@example.com,+61 488205594,Newcastle,NSW,3820,GOLD,ONLINE,2025-04-22 17:56:00
CUST000423,Liam,Martin,liam.martin423@example.com,+61 461411224,Adelaide,SA,6977,NONE,ONLINE,2025-02-23 08:25:00
CUST000424,Ethan,Harris,ethan.harris424@example.com,+61 463917932,Newcastle,NSW,3317,NONE,MARKETPLACE,2025-11-15 07:03:00
CUST000425,Xavier,Thompson,xavier.thompson425@example.com,+61 459988144,Adelaide,SA,3165,BRONZE,MARKETPLACE,2025-05-05 08:53:00
CUST000426,Priya,Wang,priya.wang426@example.com,+61 428036919,Perth,WA,5461,NONE,MARKETPLACE,2025-04-13 23:26:00
CUST000427,Tom,Patel,tom.patel427@example.com,+61 469286198,Perth,WA,4731,NONE,B2B,2025-12-20 16:55:00
CUST000428,Liam,Smith,liam.smith428@example.com,+61 431336920,Geelong,VIC,3537,BRONZE,B2B,2025-02-04 16:56:00
CUST000429,Sofia,Nguyen,sofia.nguyen429@example.com,+61 435872271,Brisbane,QLD,4644,GOLD,STORE,2024-12-13 14:03:00
CUST000430,Ines,Sharma,ines.sharma430@example.com,+61 436724061,Wollongong,NSW,5244,BRONZE,B2B,2025-08-12 12:40:00
CUST000431,Ines,Wang,ines.wang431@example.com,+61 414102122,Gold Coast,QLD,4981,BRONZE,B2B,2025-09-27 14:11:00
CUST000432,Grace,Thompson,grace.thompson432@example.com,+61 483998759,Newcastle,NSW,5865,BRONZE,STORE,2025-04-08 23:53:00
CUST000433,Wendy,Patel,wendy.patel433@example.com,+61 413684342,Adelaide,SA,6166,GOLD,STORE,2025-09-15 06:54:00
CUST000434,Hana,Kumar,hana.kumar434@example.com,+61 437746963,Gold Coast,QLD,5204,NONE,ONLINE,2025-12-31 21:00:00
CUST000435,Priya,Brown,priya.brown435@example.com,+61 433246598,Gold Coast,QLD,7924,GOLD,STORE,2025-04-05 19:51:00
CUST000436,Jia,Lee,jia.lee436@example.com,+61 460529679,Canberra,ACT,5856,NONE,MARKETPLACE,2025-03-18 14:19:00
CUST000437,Vikram,Khan,vikram.khan437@example.com,+61 463304911,Newcastle,NSW,7788,GOLD,ONLINE,2025-08-15 21:53:00
CUST000438,Arjun,Sharma,arjun.sharma438@example.com,+61 496884788,Geelong,VIC,7864,BRONZE,MARKETPLACE,2025-11-12 03:30:00
CUST000439,Chen,Chen,chen.chen439@example.com,+61 495979171,Adelaide,SA,5663,BRONZE,MARKETPLACE,2025-10-28 22:57:00
CUST000440,Uma,Wilson,uma.wilson440@example.com,+61 430123169,Perth,WA,7237,SILVER,ONLINE,2025-09-30 12:42:00
CUST000441,Kiran,Brown,kiran.brown441@example.com,+61 413416548,Wollongong,NSW,7074,BRONZE,MARKETPLACE,2025-06-29 12:24:00
CUST000442,Xavier,Smith,xavier.smith442@example.com,+61 486778235,Newcastle,NSW,4555,BRONZE,STORE,2025-11-13 17:40:00
CUST000443,Zane,Thompson,zane.thompson443@example.com,+61 458116670,Gold Coast,QLD,7155,BRONZE,STORE,2025-10-29 17:11:00
CUST000444,Jia,Wang,jia.wang444@example.com,+61 427172371,Darwin,NT,5118,SILVER,MARKETPLACE,2025-10-28 02:14:00
CUST000445,Liam,Kumar,liam.kumar445@example.com,+61 451216287,Wollongong,NSW,6444,BRONZE,MARKETPLACE,2025-04-09 18:18:00
CUST000446,Olivia,Wang,olivia.wang446@example.com,+61 417204398,Darwin,NT,7780,GOLD,B2B,2025-03-06 16:07:00
CUST000447,Grace,Jones,grace.jones447@example.com,+61 450044631,Geelong,VIC,6384,GOLD,STORE,2025-02-05 06:21:00
CUST000448,Noah,Das,noah.das448@example.com,+61 429223220,Darwin,NT,5591,SILVER,ONLINE,2025-08-03 10:40:00
CUST000449,Fatima,Chen,fatima.chen449@example.com,+61 417786452,Gold Coast,QLD,3038,NONE,MARKETPLACE,2025-03-14 05:36:00
CUST000450,Yara,Singh,yara.singh450@example.com,+61 421816709,Darwin,NT,4060,NONE,B2B,2025-06-21 13:30:00
CUST000451,Mei,Nguyen,mei.nguyen451@example.com,+61 481643088,Melbourne,VIC,4633,BRONZE,ONLINE,2025-05-10 16:12:00
CUST000452,Aiden,Nguyen,aiden.nguyen452@example.com,+61 443396474,Gold Coast,QLD,4853,BRONZE,MARKETPLACE,2025-02-01 03:24:00
CUST000453,Quinn,Das,,+61 432417070,Adelaide,SA,3534,GOLD,MARKETPLACE,2025-04-24 14:46:00
CUST000454,Quinn,Harris,quinn.harris454@example.com,+61 455343466,Geelong,VIC,6552,SILVER,MARKETPLACE,2025-08-04 11:48:00
CUST000455,George,Singh,george.singh455@example.com,+61 412566878,Canberra,ACT,4871,SILVER,STORE,2025-03-15 23:01:00
CUST000456,Sofia,Khan,sofia.khan456@example.com,+61 426530521,Brisbane,QLD,6003,GOLD,B2B,2025-10-20 08:49:00
CUST000457,Ravi,Harris,ravi.harris457@example.com,+61 489715138,Melbourne,VIC,3392,GOLD,ONLINE,2024-12-21 22:07:00
CUST000458,Noah,Iyer,noah.iyer458@example.com,+61 426588648,Canberra,ACT,7483,BRONZE,B2B,2025-11-21 04:13:00
CUST000459,Wendy,Nguyen,wendy.nguyen459@example.com,+61 466488410,Adelaide,SA,3827,BRONZE,STORE,2025-06-29 03:32:00
CUST000460,Xavier,Harris,xavier.harris460@example.com,+61 447944260,Sydney,NSW,3933,GOLD,B2B,2025-03-08 19:12:00
CUST000461,Yara,Lee,yara.lee461@example.com,+61 437068117,Geelong,VIC,5932,NONE,MARKETPLACE,2025-02-17 01:35:00
CUST000462,Priya,Taylor,priya.taylor462@example.com,+61 474513622,Wollongong,NSW,5708,SILVER,ONLINE,2024-12-03 21:05:00
CUST000463,Ines,Wang,ines.wang463@example.com,+61 499794603,Newcastle,NSW,7047,SILVER,ONLINE,2025-12-31 16:04:00
CUST000464,Xavier,Wang,xavier.wang464@example.com,+61 496481420,Adelaide,SA,4893,NONE,MARKETPLACE,2025-04-11 14:03:00
CUST000465,Divya,Singh,divya.singh465@example.com,+61 448999266,Melbourne,VIC,5950,BRONZE,B2B,2025-12-10 03:06:00
CUST000466,Grace,Smith,grace.smith466@example.com,+61 428574987,Melbourne,VIC,4396,BRONZE,MARKETPLACE,2025-07-09 19:17:00
CUST000467,Hugo,Patel,hugo.patel467@example.com,+61 455999465,Hobart,TAS,4498,GOLD,B2B,2025-06-19 14:17:00
CUST000468,Arjun,Jones,arjun.jones468@example.com,+61 474188958,Wollongong,NSW,6454,SILVER,ONLINE,2025-02-02 22:46:00
CUST000469,Bella,Singh,bella.singh469@example.com,+61 465838294,Sydney,NSW,7839,NONE,B2B,2025-02-27 19:24:00
CUST000470,Yara,Sharma,yara.sharma470@example.com,+61 413867648,Newcastle,NSW,4070,NONE,B2B,2025-01-23 13:28:00
CUST000471,Bella,Patel,bella.patel471@example.com,+61 497909064,Adelaide,SA,5574,GOLD,STORE,2025-11-04 10:33:00
CUST000472,Quinn,Harris,quinn.harris472@example.com,+61 468095862,Sydney,NSW,5036,NONE,MARKETPLACE,2025-11-01 21:41:00
CUST000473,Mei,Brown,mei.brown473@example.com,+61 492263926,Geelong,VIC,3447,GOLD,STORE,2025-08-12 15:54:00
CUST000474,Priya,Singh,priya.singh474@example.com,+61 475987872,Sydney,NSW,5626,SILVER,MARKETPLACE,2025-04-18 01:32:00
CUST000475,Hana,White,hana.white475@example.com,+61 460819877,Gold Coast,QLD,6303,SILVER,ONLINE,2025-07-20 14:51:00
CUST000476,Sofia,Iyer,sofia.iyer476@example.com,+61 476901651,Sydney,NSW,6662,BRONZE,ONLINE,2025-08-08 23:41:00
CUST000477,Aiden,Wang,aiden.wang477@example.com,+61 465343143,Canberra,ACT,3293,GOLD,ONLINE,2025-10-02 19:40:00
CUST000478,Jia,Khan,jia.khan478@example.com,+61 437763104,Geelong,VIC,6737,BRONZE,MARKETPLACE,2024-12-24 07:54:00
CUST000479,Olivia,Chen,olivia.chen479@example.com,+61 493182506,Geelong,VIC,7914,NONE,MARKETPLACE,2025-11-28 14:07:00
CUST000480,Divya,Kumar,divya.kumar480@example.com,+61 455816176,Melbourne,VIC,5909,BRONZE,MARKETPLACE,2025-11-21 03:02:00
CUST000481,Hugo,Singh,hugo.singh481@example.com,+61 428850770,Darwin,NT,6352,GOLD,MARKETPLACE,2025-10-05 06:12:00
CUST000482,Divya,Jones,divya.jones482@example.com,+61 471343676,Perth,WA,4561,BRONZE,ONLINE,2025-12-19 13:02:00
CUST000483,Ines,Das,ines.das483@example.com,+61 470465703,Sydney,NSW,6746,SILVER,B2B,2024-11-29 16:47:00
CUST000484,Bella,White,bella.white484@example.com,+61 488533572,Canberra,ACT,6956,SILVER,STORE,2025-12-06 04:06:00
CUST000485,Mei,Harris,not-an-email,+61 453197138,Newcastle,NSW,7129,NONE,B2B,2025-10-04 22:48:00
CUST000486,Hana,Lee,hana.lee486@example.com,+61 456017729,Canberra,ACT,5409,NONE,STORE,2025-02-05 13:38:00
CUST000487,Wendy,Khan,wendy.khan487@example.com,+61 483525272,Adelaide,SA,5571,SILVER,STORE,2025-03-14 19:45:00
CUST000488,Jia,Sharma,jia.sharma488@example.com,+61 427806897,Gold Coast,QLD,4456,BRONZE,ONLINE,2025-12-21 11:35:00
CUST000489,Priya,Das,priya.das489@example.com,+61 499544328,Newcastle,NSW,6419,BRONZE,B2B,2024-12-03 16:06:00
CUST000490,Aiden,Jones,aiden.jones490@example.com,+61 417122263,Brisbane,QLD,3463,SILVER,MARKETPLACE,2025-12-16 05:18:00
CUST000491,Vikram,Lee,vikram.lee491@example.com,+61 418325904,Brisbane,QLD,5417,SILVER,ONLINE,2025-05-29 14:06:00
CUST000492,Tom,White,tom.white492@example.com,+61 496854901,Perth,WA,7597,NONE,STORE,2025-08-15 22:18:00
CUST000493,Wendy,Smith,wendy.smith493@example.com,+61 462016704,Canberra,ACT,6412,BRONZE,ONLINE,2024-12-03 23:16:00
CUST000494,George,Harris,george.harris494@example.com,+61 440272606,Darwin,NT,6012,SILVER,STORE,2025-04-26 14:11:00
CUST000495,Vikram,Patel,vikram.patel495@example.com,+61 433326387,Brisbane,QLD,7209,GOLD,B2B,2024-12-17 13:17:00
CUST000496,Ravi,Lee,ravi.lee496@example.com,+61 431599504,Brisbane,QLD,7784,BRONZE,ONLINE,2025-05-15 14:45:00
CUST000497,Ines,Brown,ines.brown497@example.com,+61 430629718,Melbourne,VIC,5642,GOLD,MARKETPLACE,2025-08-05 18:35:00
CUST000498,Liam,Patel,liam.patel498@example.com,+61 452662313,Wollongong,NSW,7304,SILVER,STORE,2025-08-20 02:50:00
CUST000499,Quinn,Singh,quinn.singh499@example.com,+61 482890984,Canberra,ACT,7399,NONE,ONLINE,2025-05-24 07:56:00
CUST000500,George,Chen,george.chen500@example.com,+61 458425464,Hobart,TAS,5404,SILVER,B2B,2025-09-10 20:00:00
CUST000501,Divya,Sharma,divya.sharma501@example.com,+61 442258945,Darwin,NT,4997,GOLD,MARKETPLACE,2025-06-10 03:24:00
CUST000502,Isaac,White,isaac.white502@example.com,+61 447960665,Wollongong,NSW,3202,BRONZE,B2B,2025-08-03 01:18:00
CUST000503,Hugo,Taylor,hugo.taylor503@example.com,+61 478973779,Hobart,TAS,3674,GOLD,STORE,2025-12-27 17:34:00
CUST000504,Aiden,Patel,aiden.patel504@example.com,+61 499970857,Perth,WA,4746,NONE,ONLINE,2025-03-12 17:53:00
CUST000505,Wendy,Martin,wendy.martin505@example.com,+61 419679848,Gold Coast,QLD,4259,GOLD,B2B,2025-11-29 10:02:00
CUST000506,Chen,Patel,chen.patel506@example.com,+61 433889703,Melbourne,VIC,5063,GOLD,STORE,2025-04-08 13:24:00
CUST000507,Olivia,Jones,olivia.jones507@example.com,+61 452467059,Canberra,ACT,3138,NONE,ONLINE,2025-08-27 00:41:00
CUST000508,Xavier,Harris,xavier.harris508@example.com,+61 488598977,Sydney,NSW,3372,GOLD,MARKETPLACE,2025-08-11 03:18:00
CUST000509,Zane,Wilson,zane.wilson509@example.com,+61 421610534,Newcastle,NSW,5306,NONE,B2B,2025-06-17 21:01:00
CUST000510,Priya,Singh,priya.singh510@example.com,+61 439509878,Geelong,VIC,4117,NONE,MARKETPLACE,2025-10-17 04:19:00
CUST000511,Vikram,Sharma,vikram.sharma511@example.com,+61 484292758,Melbourne,VIC,7547,SILVER,ONLINE,2024-12-18 00:36:00
CUST000512,Tom,Jones,tom.jones512@example.com,+61 483487621,Geelong,VIC,3697,BRONZE,STORE,2025-12-15 23:57:00
CUST000513,Xavier,Sharma,xavier.sharma513@example.com,+61 465385548,Perth,WA,7198,SILVER,STORE,2025-03-01 07:39:00
CUST000514,Arjun,Lee,arjun.lee514@example.com,+61 425384377,Perth,WA,4485,GOLD,B2B,2025-10-23 17:04:00
CUST000515,Jia,Patel,jia.patel515@example.com,+61 423180503,Adelaide,SA,4617,NONE,MARKETPLACE,2025-05-28 04:42:00
CUST000516,Uma,Kumar,uma.kumar516@example.com,+61 448270459,Sydney,NSW,3571,SILVER,MARKETPLACE,2025-08-02 14:21:00
CUST000517,Tom,Wilson,tom.wilson517@example.com,+61 488405961,Wollongong,NSW,4248,BRONZE,MARKETPLACE,2025-07-04 05:00:00
CUST000518,Kiran,Kumar,kiran.kumar518@example.com,+61 496011893,Perth,WA,6572,BRONZE,MARKETPLACE,2025-02-03 21:46:00
CUST000519,Kiran,Thompson,kiran.thompson519@example.com,+61 469774935,Darwin,NT,5938,BRONZE,B2B,2025-09-05 03:11:00
CUST000520,Uma,Harris,uma.harris520@example.com,+61 447663633,Sydney,NSW,4146,SILVER,MARKETPLACE,2025-12-07 20:04:00
CUST000521,Xavier,Patel,xavier.patel521@example.com,+61 478072320,Melbourne,VIC,3255,NONE,STORE,2024-12-15 17:16:00
CUST000522,Ravi,White,ravi.white522@example.com,+61 497766064,Darwin,NT,4217,BRONZE,B2B,2025-03-21 18:46:00
CUST000523,Grace,Wilson,grace.wilson523@example.com,+61 472371131,Brisbane,QLD,7105,GOLD,B2B,2025-06-01 16:00:00
CUST000524,Vikram,Kumar,vikram.kumar524@example.com,+61 432259144,Newcastle,NSW,7211,SILVER,B2B,2025-02-16 05:36:00
CUST000525,Sofia,Brown,sofia.brown525@example.com,+61 474894729,Wollongong,NSW,5939,GOLD,STORE,2025-12-21 15:14:00
CUST000526,Chen,Lee,chen.lee526@example.com,+61 441409454,Hobart,TAS,3350,SILVER,MARKETPLACE,2025-06-13 15:58:00
CUST000527,Olivia,Smith,olivia.smith527@example.com,+61 497043518,Melbourne,VIC,5654,GOLD,MARKETPLACE,2025-12-11 08:37:00
CUST000528,Ravi,Das,ravi.das528@example.com,+61 460554391,Brisbane,QLD,6100,BRONZE,ONLINE,2025-08-18 08:24:00
CUST000529,Ines,Kumar,ines.kumar529@example.com,+61 464471218,Geelong,VIC,5890,BRONZE,B2B,2025-07-31 19:00:00
CUST000530,Quinn,Brown,quinn.brown530@example.com,+61 432227237,Darwin,NT,4884,GOLD,MARKETPLACE,2025-03-15 04:11:00
CUST000531,Fatima,Sharma,fatima.sharma531@example.com,+61 425882013,Newcastle,NSW,4886,NONE,MARKETPLACE,2025-11-30 03:30:00
CUST000532,Vikram,Thompson,vikram.thompson532@example.com,+61 438280205,Darwin,NT,7839,SILVER,B2B,2024-12-08 07:02:00
CUST000533,Ethan,Das,ethan.das533@example.com,+61 431626387,Newcastle,NSW,4103,GOLD,STORE,2024-12-25 05:16:00
CUST000534,Ines,Singh,ines.singh534@example.com,+61 464419425,Geelong,VIC,7909,GOLD,MARKETPLACE,2025-01-09 06:28:00
CUST000535,Tom,Thompson,tom.thompson535@example.com,+61 432893086,Darwin,NT,4797,NONE,STORE,2025-09-21 05:39:00
CUST000536,Vikram,Khan,vikram.khan536@example.com,+61 432511225,Adelaide,SA,5807,NONE,ONLINE,2025-03-24 12:24:00
CUST000537,Ethan,Wang,ethan.wang537@example.com,+61 437158762,Melbourne,VIC,7282,NONE,STORE,2025-10-03 03:11:00
CUST000538,Priya,Harris,priya.harris538@example.com,+61 415239398,Newcastle,NSW,7353,GOLD,ONLINE,2025-07-31 21:08:00
CUST000539,Hugo,Harris,hugo.harris539@example.com,+61 410161088,Geelong,VIC,6534,NONE,MARKETPLACE,2024-12-19 22:33:00
CUST000540,Noah,Kumar,noah.kumar540@example.com,+61 461168696,Darwin,NT,5871,GOLD,B2B,2025-02-03 08:30:00
CUST000541,Yara,Kumar,yara.kumar541@example.com,+61 448019408,Sydney,NSW,7901,NONE,MARKETPLACE,2025-03-03 00:45:00
CUST000542,Xavier,Nguyen,xavier.nguyen542@example.com,+61 480134216,Newcastle,NSW,3965,GOLD,B2B,2025-10-28 06:44:00
CUST000543,Zane,Chen,zane.chen543@example.com,+61 458623028,Canberra,ACT,3873,SILVER,B2B,2025-10-26 18:16:00
CUST000544,Isaac,White,isaac.white544@example.com,+61 485788756,Canberra,ACT,5995,BRONZE,B2B,2025-12-18 06:26:00
CUST000545,Ravi,White,ravi.white545@example.com,+61 433987338,Darwin,NT,6032,NONE,MARKETPLACE,2025-05-03 18:22:00
CUST000546,Yara,Jones,yara.jones546@example.com,+61 428531242,Wollongong,NSW,3975,SILVER,B2B,2026-01-01 22:10:00
CUST000547,Divya,Taylor,divya.taylor547@example.com,+61 463762374,Geelong,VIC,5772,GOLD,STORE,2025-06-14 20:00:00
CUST000548,Zane,Patel,zane.patel548@example.com,+61 473306295,Brisbane,QLD,7917,NONE,ONLINE,2024-12-29 08:14:00
CUST000549,Liam,Patel,liam.patel549@example.com,+61 415067435,Newcastle,NSW,6148,NONE,MARKETPLACE,2025-11-26 19:03:00
CUST000550,Yara,Singh,yara.singh550@example.com,+61 476353000,Gold Coast,QLD,6596,GOLD,STORE,2025-10-29 16:18:00
CUST000551,George,Smith,george.smith551@example.com,+61 478524572,Newcastle,NSW,7225,SILVER,STORE,2025-11-07 01:23:00
CUST000552,Hana,Nguyen,hana.nguyen552@example.com,+61 421655844,Brisbane,QLD,5260,NONE,MARKETPLACE,2025-11-04 12:25:00
CUST000553,Sofia,Taylor,sofia.taylor553@example.com,+61 412062459,Geelong,VIC,3562,GOLD,MARKETPLACE,2025-12-03 17:58:00
CUST000554,Sofia,Sharma,sofia.sharma554@example.com,+61 447112255,Hobart,TAS,4853,SILVER,B2B,2025-06-21 18:00:00
CUST000555,Isaac,Singh,isaac.singh555@example.com,+61 477946127,Canberra,ACT,3872,GOLD,MARKETPLACE,2025-05-20 03:51:00
CUST000556,Quinn,Lee,quinn.lee556@example.com,+61 487160950,Geelong,VIC,5049,NONE,B2B,2025-09-11 15:49:00
CUST000557,Hana,Chen,hana.chen557@example.com,+61 471836850,Darwin,NT,7807,GOLD,B2B,2025-01-25 08:04:00
CUST000558,Mei,Kumar,mei.kumar558@example.com,+61 440860700,Gold Coast,QLD,5586,NONE,MARKETPLACE,2025-08-18 17:00:00
CUST000559,Wendy,Lee,wendy.lee559@example.com,+61 448559355,Perth,WA,3761,NONE,MARKETPLACE,2025-01-04 17:59:00
CUST000560,Fatima,Thompson,fatima.thompson560@example.com,+61 457451057,Hobart,TAS,4790,BRONZE,STORE,2025-12-14 21:59:00
CUST000561,Ines,Taylor,ines.taylor561@example.com,+61 436798789,Darwin,NT,4923,SILVER,MARKETPLACE,2025-03-12 07:12:00
CUST000562,Arjun,Kumar,arjun.kumar562@example.com,+61 457785185,Newcastle,NSW,4277,GOLD,ONLINE,2025-01-06 21:42:00
CUST000563,Priya,Harris,priya.harris563@example.com,+61 482675403,Melbourne,VIC,3346,NONE,MARKETPLACE,2025-10-10 10:31:00
CUST000564,Hugo,Das,hugo.das564@example.com,+61 475874779,Adelaide,SA,4498,BRONZE,B2B,2025-03-20 18:08:00
CUST000565,Bella,Khan,bella.khan565@example.com,+61 474199033,Canberra,ACT,7429,GOLD,MARKETPLACE,2025-06-16 21:49:00
CUST000566,Fatima,Iyer,fatima.iyer566@example.com,+61 479552316,Sydney,NSW,6768,BRONZE,ONLINE,2024-12-03 21:13:00
CUST000567,Mei,Das,mei.das567@example.com,+61 453679307,Sydney,NSW,5962,BRONZE,STORE,2025-09-03 08:15:00
CUST000568,Isaac,Thompson,isaac.thompson568@example.com,+61 456049627,Newcastle,NSW,5997,SILVER,B2B,2025-07-02 06:26:00
CUST000569,Wendy,Sharma,wendy.sharma569@example.com,+61 463766628,Hobart,TAS,5290,NONE,STORE,2025-09-15 04:36:00
CUST000570,Vikram,Kumar,vikram.kumar570@example.com,+61 446231955,Sydney,NSW,4931,NONE,B2B,2025-03-07 04:51:00
CUST000571,Xavier,Brown,xavier.brown571@example.com,+61 411307588,Darwin,NT,4446,NONE,B2B,2025-02-03 20:33:00
CUST000572,Ravi,Chen,ravi.chen572@example.com,+61 450269906,Darwin,NT,5055,GOLD,B2B,2025-01-16 22:10:00
CUST000573,Bella,Taylor,bella.taylor573@example.com,+61 473960038,Adelaide,SA,3788,NONE,MARKETPLACE,2025-04-09 11:23:00
CUST000574,Ravi,White,ravi.white574@example.com,+61 456189726,Adelaide,SA,3162,NONE,ONLINE,2025-05-25 21:38:00
CUST000575,George,Das,george.das575@example.com,+61 497223468,Newcastle,NSW,7410,SILVER,MARKETPLACE,2025-05-27 10:43:00
CUST000576,Quinn,Thompson,quinn.thompson576@example.com,+61 469985944,Wollongong,NSW,3642,NONE,MARKETPLACE,2025-07-22 20:09:00
CUST000577,Grace,Singh,grace.singh577@example.com,+61 455283492,Gold Coast,QLD,6455,NONE,ONLINE,2025-01-06 05:21:00
CUST000578,Hana,Chen,hana.chen578@example.com,+61 497645934,Hobart,TAS,5386,BRONZE,B2B,2025-04-14 14:49:00
CUST000579,Grace,Sharma,grace.sharma579@example.com,+61 488775038,Wollongong,NSW,7267,NONE,B2B,2025-02-20 05:54:00
CUST000580,Aiden,Brown,aiden.brown580@example.com,+61 441491128,Wollongong,NSW,5061,GOLD,STORE,2025-02-20 12:06:00
CUST000581,Divya,Patel,divya.patel581@example.com,+61 483609531,Darwin,NT,3440,GOLD,B2B,2025-08-22 02:06:00
CUST000582,Isaac,Harris,not-an-email,+61 421316066,Brisbane,QLD,6193,BRONZE,STORE,2025-04-02 23:18:00
CUST000583,Olivia,Brown,olivia.brown583@example.com,+61 480698159,Brisbane,QLD,4397,GOLD,ONLINE,2025-11-01 11:55:00
CUST000584,Ines,Chen,ines.chen584@example.com,+61 472705646,Darwin,NT,7428,BRONZE,B2B,2025-02-04 22:34:00
CUST000585,Fatima,Das,fatima.das585@example.com,+61 471276220,Newcastle,NSW,7620,NONE,MARKETPLACE,2025-05-23 15:34:00
CUST000586,Hana,Patel,hana.patel586@example.com,+61 451321368,Darwin,NT,5996,NONE,MARKETPLACE,2025-02-14 09:00:00
CUST000587,Aiden,Khan,aiden.khan587@example.com,+61 456155452,Brisbane,QLD,5349,NONE,ONLINE,2025-11-14 15:48:00
CUST000588,Priya,Wilson,priya.wilson588@example.com,+61 467772049,Melbourne,VIC,5399,SILVER,ONLINE,2025-09-03 11:12:00
CUST000589,Noah,White,noah.white589@example.com,+61 462982727,Canberra,ACT,5047,SILVER,B2B,2025-06-08 07:16:00
CUST000590,Chen,Martin,chen.martin590@example.com,+61 442153442,Gold Coast,QLD,7232,BRONZE,MARKETPLACE,2025-10-25 23:34:00
CUST000591,Zane,Lee,zane.lee591@example.com,+61 435233016,Canberra,ACT,3560,SILVER,STORE,2025-04-24 03:40:00
CUST000592,Olivia,Harris,olivia.harris592@example.com,+61 446525224,Darwin,NT,7030,SILVER,MARKETPLACE,2024-12-06 04:03:00
CUST000593,Ravi,Nguyen,ravi.nguyen593@example.com,+61 423726915,Brisbane,QLD,5311,BRONZE,STORE,2025-11-28 14:46:00
CUST000594,Aiden,Kumar,aiden.kumar594@example.com,+61 430224423,Sydney,NSW,3120,NONE,STORE,2025-05-21 13:19:00
CUST000595,Zane,Thompson,zane.thompson595@example.com,+61 472234675,Hobart,TAS,3259,BRONZE,ONLINE,2025-12-16 04:03:00
CUST000596,Isaac,Jones,isaac.jones596@example.com,+61 482905989,Sydney,NSW,6851,SILVER,STORE,2025-04-04 12:53:00
CUST000597,Aiden,Wang,aiden.wang597@example.com,+61 443415162,Wollongong,NSW,6152,NONE,STORE,2025-12-09 01:12:00
CUST000598,Olivia,Wang,olivia.wang598@example.com,+61 499390064,Geelong,VIC,4707,NONE,B2B,2025-11-10 09:59:00
CUST000599,Kiran,Singh,kiran.singh599@example.com,+61 415662097,Gold Coast,QLD,7502,GOLD,MARKETPLACE,2025-07-31 20:19:00
CUST000600,George,Sharma,george.sharma600@example.com,+61 499482259,Melbourne,VIC,4784,GOLD,STORE,2025-10-17 13:20:00
CUST000601,Aiden,Singh,aiden.singh601@example.com,+61 488476684,Adelaide,SA,3980,NONE,STORE,2024-12-01 01:37:00
CUST000602,Zane,Thompson,zane.thompson602@example.com,+61 490022258,Wollongong,NSW,4269,BRONZE,ONLINE,2025-04-03 05:31:00
CUST000603,Chen,Harris,chen.harris603@example.com,+61 493903841,Hobart,TAS,3491,GOLD,MARKETPLACE,2025-10-23 04:44:00
CUST000604,Ravi,Wang,,+61 475477163,Brisbane,QLD,4906,BRONZE,MARKETPLACE,2025-07-09 23:12:00
CUST000605,Aiden,Jones,aiden.jones605@example.com,+61 428083446,Hobart,TAS,5053,GOLD,B2B,2025-11-23 14:35:00
CUST000606,Jia,White,jia.white606@example.com,+61 475779034,Wollongong,NSW,4554,SILVER,MARKETPLACE,2025-05-11 23:29:00
CUST000607,Isaac,Harris,isaac.harris607@example.com,+61 431520928,Geelong,VIC,3564,SILVER,B2B,2025-04-27 08:34:00
CUST000608,Liam,Iyer,liam.iyer608@example.com,+61 495634408,Melbourne,VIC,7144,NONE,STORE,2024-12-06 19:54:00
CUST000609,Liam,Harris,liam.harris609@example.com,+61 453042832,Perth,WA,3518,NONE,STORE,2025-08-22 21:31:00
CUST000610,Yara,White,yara.white610@example.com,+61 492280734,Brisbane,QLD,5319,BRONZE,B2B,2025-10-21 10:07:00
CUST000611,Divya,Khan,divya.khan611@example.com,+61 418949617,Gold Coast,QLD,3358,SILVER,STORE,2024-12-13 06:06:00
CUST000612,Priya,Taylor,priya.taylor612@example.com,+61 414270425,Sydney,NSW,7677,NONE,B2B,2025-08-23 19:44:00
CUST000613,Sofia,Lee,sofia.lee613@example.com,+61 459171204,Melbourne,VIC,4808,GOLD,ONLINE,2025-03-13 20:31:00
CUST000614,Ines,Patel,ines.patel614@example.com,+61 495753950,Darwin,NT,3497,BRONZE,B2B,2025-06-03 22:03:00
CUST000615,Arjun,Harris,arjun.harris615@example.com,+61 481003974,Adelaide,SA,3333,GOLD,MARKETPLACE,2025-01-05 06:33:00
CUST000616,Divya,Wang,divya.wang616@example.com,+61 441006711,Wollongong,NSW,7355,NONE,STORE,2025-03-05 16:42:00
CUST000617,Hana,Das,hana.das617@example.com,+61 434011268,Gold Coast,QLD,7574,NONE,ONLINE,2025-12-24 20:36:00
CUST000618,Liam,Iyer,liam.iyer618@example.com,+61 499287317,Wollongong,NSW,6498,GOLD,STORE,2025-02-27 17:25:00
CUST000619,Quinn,Chen,quinn.chen619@example.com,+61 431230084,Gold Coast,QLD,7373,NONE,MARKETPLACE,2025-05-07 17:20:00
CUST000620,Grace,Sharma,grace.sharma620@example.com,+61 494992144,Canberra,ACT,6527,BRONZE,STORE,2025-09-11 17:13:00
CUST000621,Mei,White,mei.white621@example.com,+61 444103265,Wollongong,NSW,5949,NONE,B2B,2025-06-18 00:46:00
CUST000622,Bella,Wilson,bella.wilson622@example.com,+61 412188077,Newcastle,NSW,7240,SILVER,MARKETPLACE,2024-11-30 09:14:00
CUST000623,George,Chen,george.chen623@example.com,+61 447038339,Melbourne,VIC,7535,SILVER,ONLINE,2024-12-16 14:22:00
CUST000624,Ethan,Brown,ethan.brown624@example.com,+61 459269031,Adelaide,SA,7769,SILVER,STORE,2025-04-07 09:05:00
CUST000625,Sofia,Jones,sofia.jones625@example.com,+61 439183937,Newcastle,NSW,3632,BRONZE,B2B,2025-02-23 15:52:00
CUST000626,Hugo,Das,hugo.das626@example.com,+61 489890579,Sydney,NSW,5460,GOLD,B2B,2025-01-06 01:58:00
CUST000627,Yara,Chen,yara.chen627@example.com,+61 468291349,Hobart,TAS,6412,GOLD,STORE,2025-12-14 20:54:00
CUST000628,Tom,Nguyen,tom.nguyen628@example.com,+61 494851591,Gold Coast,QLD,6133,GOLD,MARKETPLACE,2025-08-22 01:20:00
CUST000629,Ravi,Das,ravi.das629@example.com,+61 453866598,Brisbane,QLD,7115,SILVER,STORE,2024-12-22 21:46:00
CUST000630,Mei,Iyer,mei.iyer630@example.com,+61 487209399,Newcastle,NSW,7134,GOLD,STORE,2025-07-06 09:50:00
CUST000631,Mei,Brown,mei.brown631@example.com,+61 455119729,Brisbane,QLD,3676,NONE,ONLINE,2025-09-03 12:16:00
CUST000632,Chen,Jones,chen.jones632@example.com,+61 468316409,Geelong,VIC,4068,SILVER,B2B,2025-09-09 06:31:00
CUST000633,Mei,Das,mei.das633@example.com,+61 485318641,Perth,WA,7294,SILVER,STORE,2025-01-02 08:49:00
CUST000634,Noah,Chen,noah.chen634@example.com,+61 487311859,Gold Coast,QLD,3733,GOLD,B2B,2025-07-01 11:22:00
CUST000635,George,Chen,george.chen635@example.com,+61 489708841,Hobart,TAS,3198,BRONZE,STORE,2025-05-25 19:52:00
CUST000636,Zane,Iyer,zane.iyer636@example.com,+61 429571424,Newcastle,NSW,6608,GOLD,STORE,2025-03-09 21:23:00
CUST000637,Ethan,Patel,ethan.patel637@example.com,+61 417319968,Sydney,NSW,4991,SILVER,MARKETPLACE,2024-12-04 10:44:00
CUST000638,Zane,Wang,zane.wang638@example.com,+61 470406241,Adelaide,SA,6859,GOLD,MARKETPLACE,2025-03-14 23:34:00
CUST000639,George,Taylor,george.taylor639@example.com,+61 480231557,Geelong,VIC,5118,NONE,STORE,2025-11-17 22:42:00
CUST000640,Aiden,Jones,aiden.jones640@example.com,+61 499057266,Newcastle,NSW,7315,GOLD,MARKETPLACE,2025-02-22 01:18:00
CUST000641,George,Harris,george.harris641@example.com,+61 417124981,Adelaide,SA,6808,GOLD,ONLINE,2025-06-13 21:17:00
CUST000642,Vikram,Sharma,vikram.sharma642@example.com,+61 412560649,Sydney,NSW,5396,NONE,STORE,2025-06-09 16:45:00
CUST000643,Divya,Chen,divya.chen643@example.com,+61 490142265,Darwin,NT,7354,GOLD,STORE,2025-03-08 16:29:00
CUST000644,Ravi,Nguyen,ravi.nguyen644@example.com,+61 443204410,Melbourne,VIC,7336,BRONZE,MARKETPLACE,2025-08-04 12:47:00
CUST000645,Fatima,Nguyen,fatima.nguyen645@example.com,+61 457232974,Hobart,TAS,5911,BRONZE,STORE,2025-08-10 08:51:00
CUST000646,Bella,Lee,bella.lee646@example.com,+61 413954845,Canberra,ACT,7546,BRONZE,STORE,2025-02-12 10:57:00
CUST000647,Mei,Brown,mei.brown647@example.com,+61 461298971,Sydney,NSW,7265,SILVER,B2B,2025-03-30 18:09:00
CUST000648,Noah,Wilson,noah.wilson648@example.com,+61 454195849,Newcastle,NSW,6679,SILVER,STORE,2025-10-27 04:37:00
CUST000649,Ravi,Taylor,ravi.taylor649@example.com,+61 451473062,Brisbane,QLD,7291,SILVER,B2B,2025-12-26 04:41:00
CUST000650,Ines,Das,ines.das650@example.com,+61 452613620,Brisbane,QLD,3555,GOLD,STORE,2025-05-08 04:46:00
CUST000651,Aiden,Chen,aiden.chen651@example.com,+61 465197277,Canberra,ACT,5485,NONE,MARKETPLACE,2025-02-12 06:06:00
CUST000652,Ethan,Singh,ethan.singh652@example.com,+61 492138779,Melbourne,VIC,5186,SILVER,STORE,2025-03-25 21:01:00
CUST000653,Liam,Patel,liam.patel653@example.com,+61 473968467,Wollongong,NSW,4098,NONE,MARKETPLACE,2025-03-01 12:31:00
CUST000654,Priya,Brown,priya.brown654@example.com,+61 435938895,Brisbane,QLD,4853,GOLD,B2B,2025-12-23 00:59:00
CUST000655,Isaac,Martin,isaac.martin655@example.com,+61 437223861,Perth,WA,4675,GOLD,STORE,2025-07-09 19:31:00
CUST000656,Wendy,Chen,wendy.chen656@example.com,+61 443122766,Darwin,NT,6502,NONE,ONLINE,2025-10-04 23:52:00
CUST000657,Mei,Chen,mei.chen657@example.com,+61 492074794,Canberra,ACT,7685,GOLD,ONLINE,2025-07-16 14:52:00
CUST000658,Hugo,Smith,hugo.smith658@example.com,+61 479619091,Perth,WA,7406,NONE,ONLINE,2025-09-08 12:33:00
CUST000659,Yara,Smith,yara.smith659@example.com,+61 449081432,Perth,WA,6600,NONE,MARKETPLACE,2025-12-28 09:29:00
CUST000660,Fatima,Martin,fatima.martin660@example.com,+61 492293489,Adelaide,SA,3446,SILVER,B2B,2025-10-23 14:05:00
CUST000661,Xavier,Khan,xavier.khan661@example.com,+61 434128507,Sydney,NSW,7795,SILVER,B2B,2025-06-26 10:28:00
CUST000662,Aiden,Singh,aiden.singh662@example.com,+61 489230801,Darwin,NT,4654,NONE,ONLINE,2025-04-04 10:44:00
CUST000663,Uma,Singh,uma.singh663@example.com,+61 426581824,Wollongong,NSW,3747,GOLD,B2B,2025-10-17 11:05:00
CUST000664,Quinn,Jones,quinn.jones664@example.com,+61 478674708,Wollongong,NSW,4309,NONE,B2B,2024-12-19 05:58:00
CUST000665,Kiran,Das,kiran.das665@example.com,+61 430144703,Gold Coast,QLD,4328,SILVER,STORE,2025-12-25 22:03:00
CUST000666,Noah,Wilson,noah.wilson666@example.com,+61 469895766,Adelaide,SA,5365,SILVER,ONLINE,2025-02-02 06:00:00
CUST000667,Tom,Lee,tom.lee667@example.com,+61 471557975,Melbourne,VIC,7076,NONE,ONLINE,2025-10-04 15:15:00
CUST000668,George,Das,george.das668@example.com,+61 473848982,Gold Coast,QLD,6717,NONE,B2B,2025-01-06 19:38:00
CUST000669,Aiden,Kumar,aiden.kumar669@example.com,+61 447327686,Geelong,VIC,7567,SILVER,ONLINE,2025-03-01 04:03:00
CUST000670,Uma,Sharma,uma.sharma670@example.com,+61 429511823,Melbourne,VIC,3265,BRONZE,MARKETPLACE,2025-01-10 01:06:00
CUST000671,Noah,Singh,noah.singh671@example.com,+61 448168910,Brisbane,QLD,7873,SILVER,B2B,2025-12-15 18:23:00
CUST000672,Ines,Smith,ines.smith672@example.com,+61 450170625,Sydney,NSW,5644,BRONZE,B2B,2024-12-31 13:53:00
CUST000673,Ravi,Patel,ravi.patel673@example.com,+61 473191967,Adelaide,SA,4102,GOLD,MARKETPLACE,2025-05-14 16:26:00
CUST000674,Quinn,Taylor,quinn.taylor674@example.com,+61 438058347,Wollongong,NSW,3476,GOLD,ONLINE,2025-08-01 23:44:00
CUST000675,Tom,Wilson,tom.wilson675@example.com,+61 491717739,Canberra,ACT,5592,BRONZE,MARKETPLACE,2025-02-01 19:36:00
CUST000676,Priya,Khan,priya.khan676@example.com,+61 494806492,Wollongong,NSW,7077,NONE,STORE,2025-10-05 07:45:00
CUST000677,Jia,Taylor,jia.taylor677@example.com,+61 425865493,Melbourne,VIC,3196,NONE,ONLINE,2025-12-09 06:51:00
CUST000678,Tom,Martin,tom.martin678@example.com,+61 416105858,Canberra,ACT,5734,BRONZE,STORE,2024-12-02 20:12:00
CUST000679,Wendy,Wilson,not-an-email,+61 419104802,Adelaide,SA,5521,BRONZE,MARKETPLACE,2025-12-24 00:07:00
CUST000680,Vikram,Chen,vikram.chen680@example.com,+61 463156840,Hobart,TAS,7660,GOLD,STORE,2025-03-06 10:53:00
CUST000681,Kiran,Thompson,kiran.thompson681@example.com,+61 414772547,Darwin,NT,4112,NONE,STORE,2025-10-14 14:57:00
CUST000682,Grace,White,grace.white682@example.com,+61 472071682,Hobart,TAS,6391,GOLD,MARKETPLACE,2025-09-12 23:43:00
CUST000683,Kiran,White,kiran.white683@example.com,+61 412512345,Geelong,VIC,4706,BRONZE,MARKETPLACE,2024-12-30 04:17:00
CUST000684,Arjun,Nguyen,arjun.nguyen684@example.com,+61 460363964,Hobart,TAS,7376,SILVER,B2B,2025-03-02 19:07:00
CUST000685,Grace,Wilson,grace.wilson685@example.com,+61 452211394,Wollongong,NSW,3259,BRONZE,B2B,2025-01-10 15:56:00
CUST000686,Hana,Sharma,hana.sharma686@example.com,+61 450618137,Darwin,NT,4770,BRONZE,STORE,2025-01-23 11:50:00
CUST000687,Bella,Taylor,bella.taylor687@example.com,+61 469562350,Sydney,NSW,7145,GOLD,B2B,2025-08-10 04:12:00
CUST000688,Kiran,Thompson,kiran.thompson688@example.com,+61 480280155,Wollongong,NSW,5542,BRONZE,STORE,2025-12-25 03:52:00
CUST000689,Quinn,Brown,quinn.brown689@example.com,+61 414905998,Perth,WA,6763,NONE,ONLINE,2024-11-29 09:59:00
CUST000690,Bella,Harris,bella.harris690@example.com,+61 454733393,Sydney,NSW,6824,GOLD,ONLINE,2025-08-20 21:47:00
CUST000691,Jia,Nguyen,jia.nguyen691@example.com,+61 451895110,Newcastle,NSW,4719,BRONZE,STORE,2025-03-05 09:17:00
CUST000692,Ravi,Chen,ravi.chen692@example.com,+61 425790828,Darwin,NT,5233,SILVER,STORE,2025-04-16 03:00:00
CUST000693,Tom,White,tom.white693@example.com,+61 423740579,Geelong,VIC,4692,BRONZE,MARKETPLACE,2025-04-14 04:45:00
CUST000694,Zane,Wilson,zane.wilson694@example.com,+61 442859865,Newcastle,NSW,4403,GOLD,MARKETPLACE,2025-10-06 10:34:00
CUST000695,Olivia,Smith,olivia.smith695@example.com,+61 413891332,Brisbane,QLD,6856,GOLD,ONLINE,2025-06-11 01:05:00
CUST000696,Noah,Jones,noah.jones696@example.com,+61 490010054,Brisbane,QLD,7855,NONE,MARKETPLACE,2025-05-05 10:52:00
CUST000697,George,White,george.white697@example.com,+61 472504573,Sydney,NSW,7651,SILVER,ONLINE,2025-11-19 14:06:00
CUST000698,Olivia,Wilson,olivia.wilson698@example.com,+61 496492401,Gold Coast,QLD,6812,NONE,STORE,2025-03-21 04:55:00
CUST000699,Hugo,Harris,hugo.harris699@example.com,+61 458781345,Adelaide,SA,6211,SILVER,MARKETPLACE,2025-05-12 14:31:00
CUST000700,Aiden,Patel,aiden.patel700@example.com,+61 425151444,Darwin,NT,5879,NONE,B2B,2025-02-22 09:49:00
CUST000701,Liam,Harris,liam.harris701@example.com,+61 427098533,Newcastle,NSW,7161,GOLD,B2B,2025-11-27 03:20:00
CUST000702,Ravi,Patel,ravi.patel702@example.com,+61 481503899,Adelaide,SA,6776,NONE,B2B,2025-03-29 19:15:00
CUST000703,Ravi,Singh,ravi.singh703@example.com,+61 461514973,Darwin,NT,3541,BRONZE,STORE,2025-11-17 18:27:00
CUST000704,Zane,Martin,zane.martin704@example.com,+61 455929418,Newcastle,NSW,7460,SILVER,STORE,2025-11-01 21:04:00
CUST000705,Xavier,Das,xavier.das705@example.com,+61 425344154,Darwin,NT,7851,NONE,MARKETPLACE,2025-09-07 03:52:00
CUST000706,Olivia,Singh,olivia.singh706@example.com,+61 464464708,Adelaide,SA,3570,GOLD,B2B,2025-05-13 15:41:00
CUST000707,Vikram,Smith,vikram.smith707@example.com,+61 439207357,Sydney,NSW,4138,GOLD,STORE,2025-10-31 04:28:00
CUST000708,Ravi,Wilson,ravi.wilson708@example.com,+61 492620697,Canberra,ACT,7734,NONE,STORE,2025-03-12 21:56:00
CUST000709,Kiran,Wilson,kiran.wilson709@example.com,+61 450876026,Newcastle,NSW,6561,BRONZE,ONLINE,2025-09-21 00:39:00
CUST000710,Quinn,Jones,quinn.jones710@example.com,+61 449484797,Brisbane,QLD,3511,BRONZE,ONLINE,2024-11-27 22:35:00
CUST000711,Arjun,Sharma,arjun.sharma711@example.com,+61 447877483,Sydney,NSW,3255,SILVER,B2B,2025-11-21 18:25:00
CUST000712,Uma,Chen,uma.chen712@example.com,+61 461377152,Wollongong,NSW,6326,NONE,B2B,2025-09-02 06:42:00
CUST000713,Fatima,Thompson,fatima.thompson713@example.com,+61 435263378,Brisbane,QLD,7550,NONE,MARKETPLACE,2025-06-28 04:18:00
CUST000714,Grace,Brown,grace.brown714@example.com,+61 411557295,Brisbane,QLD,3587,GOLD,STORE,2025-12-01 15:42:00
CUST000715,Noah,Brown,noah.brown715@example.com,+61 428417392,Sydney,NSW,6406,NONE,B2B,2025-10-12 05:29:00
CUST000716,Quinn,Martin,quinn.martin716@example.com,+61 470404120,Geelong,VIC,6151,BRONZE,STORE,2025-03-02 13:38:00
CUST000717,Aiden,Das,aiden.das717@example.com,+61 441776042,Darwin,NT,7110,BRONZE,B2B,2025-09-02 18:23:00
CUST000718,Bella,Smith,bella.smith718@example.com,+61 474863150,Newcastle,NSW,6019,GOLD,B2B,2025-11-15 02:09:00
CUST000719,Xavier,Khan,xavier.khan719@example.com,+61 472402697,Adelaide,SA,7234,GOLD,ONLINE,2025-04-01 15:40:00
CUST000720,Xavier,Patel,xavier.patel720@example.com,+61 495052118,Gold Coast,QLD,7417,BRONZE,ONLINE,2025-05-21 17:49:00
CUST000721,Aiden,Thompson,aiden.thompson721@example.com,+61 478808477,Darwin,NT,6843,BRONZE,B2B,2025-05-26 09:18:00
CUST000722,Fatima,Smith,fatima.smith722@example.com,+61 490213415,Wollongong,NSW,5490,BRONZE,ONLINE,2025-10-15 15:37:00
CUST000723,Fatima,Das,fatima.das723@example.com,+61 498089763,Melbourne,VIC,5390,GOLD,MARKETPLACE,2025-08-02 02:08:00
CUST000724,Quinn,Patel,quinn.patel724@example.com,+61 443829709,Adelaide,SA,4085,BRONZE,MARKETPLACE,2025-04-07 00:47:00
CUST000725,Divya,Harris,divya.harris725@example.com,+61 489426041,Brisbane,QLD,4238,NONE,MARKETPLACE,2025-02-24 08:50:00
CUST000726,Wendy,Kumar,wendy.kumar726@example.com,+61 434267798,Darwin,NT,7320,GOLD,MARKETPLACE,2025-01-09 04:38:00
CUST000727,Ines,Brown,ines.brown727@example.com,+61 465424925,Darwin,NT,6138,SILVER,B2B,2025-12-03 20:10:00
CUST000728,George,Das,george.das728@example.com,+61 456315279,Wollongong,NSW,3445,BRONZE,ONLINE,2024-12-23 05:29:00
CUST000729,Mei,Thompson,mei.thompson729@example.com,+61 473923372,Adelaide,SA,7362,SILVER,B2B,2025-11-11 22:24:00
CUST000730,Priya,Lee,priya.lee730@example.com,+61 481194737,Brisbane,QLD,6561,GOLD,MARKETPLACE,2025-07-14 12:43:00
CUST000731,Kiran,Khan,kiran.khan731@example.com,+61 415505291,Gold Coast,QLD,3797,BRONZE,B2B,2025-10-05 20:54:00
CUST000732,Isaac,Chen,isaac.chen732@example.com,+61 445847919,Adelaide,SA,3805,BRONZE,B2B,2025-07-21 21:47:00
CUST000733,Hana,Das,hana.das733@example.com,+61 479786819,Perth,WA,5764,SILVER,MARKETPLACE,2025-09-03 00:43:00
CUST000734,Aiden,Patel,aiden.patel734@example.com,+61 465196875,Melbourne,VIC,3800,GOLD,B2B,2025-05-25 07:46:00
CUST000735,Jia,Lee,jia.lee735@example.com,+61 414569008,Perth,WA,3194,GOLD,ONLINE,2025-09-27 21:57:00
CUST000736,Arjun,Taylor,arjun.taylor736@example.com,+61 495642035,Newcastle,NSW,3997,GOLD,ONLINE,2025-10-02 04:24:00
CUST000737,Vikram,Das,vikram.das737@example.com,+61 424877375,Brisbane,QLD,4509,BRONZE,MARKETPLACE,2025-07-24 21:59:00
CUST000738,Chen,Iyer,chen.iyer738@example.com,+61 467308741,Adelaide,SA,5649,BRONZE,STORE,2025-12-31 02:17:00
CUST000739,Yara,Smith,yara.smith739@example.com,+61 462155724,Canberra,ACT,5725,GOLD,MARKETPLACE,2025-04-11 05:28:00
CUST000740,Chen,Thompson,chen.thompson740@example.com,+61 491913332,Perth,WA,6216,SILVER,B2B,2025-01-21 04:34:00
CUST000741,Yara,Martin,yara.martin741@example.com,+61 492405160,Perth,WA,3870,NONE,MARKETPLACE,2025-01-18 01:04:00
CUST000742,Chen,Das,chen.das742@example.com,+61 443634472,Wollongong,NSW,6652,GOLD,B2B,2025-02-11 20:40:00
CUST000743,Aiden,Smith,aiden.smith743@example.com,+61 462409851,Gold Coast,QLD,5182,SILVER,MARKETPLACE,2025-06-15 18:00:00
CUST000744,Quinn,Thompson,quinn.thompson744@example.com,+61 468526669,Darwin,NT,6308,GOLD,STORE,2024-11-28 12:44:00
CUST000745,Arjun,Thompson,arjun.thompson745@example.com,+61 486134185,Sydney,NSW,7385,BRONZE,MARKETPLACE,2025-11-11 09:25:00
CUST000746,Bella,Patel,bella.patel746@example.com,+61 481756326,Hobart,TAS,5785,GOLD,B2B,2025-12-21 09:41:00
CUST000747,George,Singh,george.singh747@example.com,+61 415278941,Geelong,VIC,6147,SILVER,MARKETPLACE,2025-11-18 12:57:00
CUST000748,Divya,Sharma,divya.sharma748@example.com,+61 421390049,Darwin,NT,6587,SILVER,STORE,2024-12-15 06:01:00
CUST000749,Xavier,Das,xavier.das749@example.com,+61 475663681,Perth,WA,6184,GOLD,MARKETPLACE,2025-08-09 17:53:00
CUST000750,Zane,Iyer,zane.iyer750@example.com,+61 414971784,Melbourne,VIC,5779,GOLD,MARKETPLACE,2025-12-01 01:25:00
CUST000751,Divya,Taylor,divya.taylor751@example.com,+61 499565693,Gold Coast,QLD,7285,NONE,STORE,2025-12-11 18:14:00
CUST000752,Ines,Patel,ines.patel752@example.com,+61 429003951,Melbourne,VIC,7005,GOLD,B2B,2025-10-09 01:15:00
CUST000753,Wendy,Brown,wendy.brown753@example.com,+61 433118870,Melbourne,VIC,3409,BRONZE,ONLINE,2025-07-18 19:10:00
CUST000754,Arjun,Das,arjun.das754@example.com,+61 424271532,Sydney,NSW,3935,NONE,STORE,2024-12-29 06:27:00
CUST000755,Kiran,Jones,,+61 426213828,Hobart,TAS,7718,SILVER,MARKETPLACE,2025-03-16 01:37:00
CUST000756,Fatima,Chen,fatima.chen756@example.com,+61 426206185,Sydney,NSW,5243,SILVER,B2B,2025-02-21 22:23:00
CUST000757,Ravi,Singh,ravi.singh757@example.com,+61 442701425,Darwin,NT,7767,GOLD,STORE,2025-01-17 20:39:00
CUST000758,Mei,Singh,mei.singh758@example.com,+61 475359668,Melbourne,VIC,3661,GOLD,ONLINE,2025-02-26 02:45:00
CUST000759,Uma,Das,uma.das759@example.com,+61 465864403,Adelaide,SA,6899,SILVER,STORE,2025-02-08 20:17:00
CUST000760,Quinn,Iyer,quinn.iyer760@example.com,+61 442112095,Canberra,ACT,4429,GOLD,STORE,2025-11-29 15:39:00
CUST000761,Chen,Wilson,chen.wilson761@example.com,+61 466208488,Hobart,TAS,3037,SILVER,STORE,2025-01-26 16:06:00
CUST000762,Tom,Sharma,tom.sharma762@example.com,+61 478120967,Geelong,VIC,4796,NONE,STORE,2025-04-17 01:12:00
CUST000763,Divya,Brown,divya.brown763@example.com,+61 473674613,Gold Coast,QLD,7075,SILVER,STORE,2025-11-05 01:03:00
CUST000764,Uma,Sharma,uma.sharma764@example.com,+61 438130660,Adelaide,SA,6560,BRONZE,MARKETPLACE,2025-10-08 14:02:00
CUST000765,Divya,Smith,divya.smith765@example.com,+61 433607235,Geelong,VIC,4294,GOLD,B2B,2025-08-17 03:04:00
CUST000766,Hugo,Kumar,hugo.kumar766@example.com,+61 469702849,Wollongong,NSW,7855,BRONZE,B2B,2025-03-08 23:43:00
CUST000767,Hugo,Chen,hugo.chen767@example.com,+61 424781783,Perth,WA,5671,SILVER,ONLINE,2025-03-28 23:26:00
CUST000768,Grace,Taylor,grace.taylor768@example.com,+61 439616854,Canberra,ACT,3602,NONE,B2B,2024-12-24 13:09:00
CUST000769,George,Harris,george.harris769@example.com,+61 433898911,Darwin,NT,6173,BRONZE,STORE,2025-07-19 23:12:00
CUST000770,Uma,Sharma,uma.sharma770@example.com,+61 437140286,Adelaide,SA,5751,SILVER,ONLINE,2025-11-16 18:03:00
CUST000771,Isaac,Brown,isaac.brown771@example.com,+61 472482955,Sydney,NSW,6756,NONE,STORE,2025-12-21 10:14:00
CUST000772,Hugo,Wilson,hugo.wilson772@example.com,+61 431043745,Newcastle,NSW,4392,SILVER,ONLINE,2025-06-25 16:31:00
CUST000773,Grace,Taylor,grace.taylor773@example.com,+61 473550616,Newcastle,NSW,6790,BRONZE,ONLINE,2025-12-05 13:47:00
CUST000774,Grace,Kumar,grace.kumar774@example.com,+61 453928918,Perth,WA,6557,SILVER,STORE,2025-09-16 00:26:00
CUST000775,Bella,Smith,bella.smith775@example.com,+61 477674770,Darwin,NT,3275,NONE,B2B,2025-07-30 22:52:00
CUST000776,Divya,Iyer,not-an-email,+61 442280906,Darwin,NT,3680,GOLD,B2B,2025-03-18 04:22:00
CUST000777,Jia,Kumar,jia.kumar777@example.com,+61 422177508,Gold Coast,QLD,3130,NONE,MARKETPLACE,2025-02-17 22:29:00
CUST000778,Grace,Das,grace.das778@example.com,+61 488337534,Wollongong,NSW,3199,NONE,B2B,2025-12-27 04:55:00
CUST000779,Wendy,Jones,wendy.jones779@example.com,+61 459716992,Brisbane,QLD,6803,GOLD,ONLINE,2025-06-12 22:21:00
CUST000780,Quinn,Smith,quinn.smith780@example.com,+61 467163632,Adelaide,SA,5210,SILVER,ONLINE,2025-10-10 10:47:00
CUST000781,Ines,Smith,ines.smith781@example.com,+61 458853980,Geelong,VIC,3422,GOLD,B2B,2025-06-02 14:39:00
CUST000782,Bella,Sharma,bella.sharma782@example.com,+61 433523992,Hobart,TAS,7577,GOLD,STORE,2025-02-05 10:15:00
CUST000783,Ravi,Wang,ravi.wang783@example.com,+61 474222305,Gold Coast,QLD,7752,SILVER,STORE,2025-05-10 11:57:00
CUST000784,Isaac,Khan,isaac.khan784@example.com,+61 466764586,Gold Coast,QLD,5270,GOLD,ONLINE,2025-06-05 11:28:00
CUST000785,Priya,Khan,priya.khan785@example.com,+61 426469781,Geelong,VIC,6851,BRONZE,B2B,2025-10-10 11:51:00
CUST000786,Vikram,Patel,vikram.patel786@example.com,+61 471454824,Perth,WA,3715,GOLD,B2B,2025-02-26 09:04:00
CUST000787,Divya,Singh,divya.singh787@example.com,+61 425035684,Adelaide,SA,4212,NONE,STORE,2025-03-11 16:40:00
CUST000788,Aiden,Wilson,aiden.wilson788@example.com,+61 482670169,Canberra,ACT,4081,NONE,MARKETPLACE,2025-06-30 14:47:00
CUST000789,Uma,Nguyen,uma.nguyen789@example.com,+61 435375292,Adelaide,SA,3515,GOLD,STORE,2025-08-20 20:21:00
CUST000790,Noah,Das,noah.das790@example.com,+61 498014684,Hobart,TAS,5673,NONE,B2B,2025-07-19 09:36:00
CUST000791,Ethan,Wilson,ethan.wilson791@example.com,+61 444897610,Brisbane,QLD,4857,NONE,MARKETPLACE,2025-04-23 01:09:00
CUST000792,Liam,Wilson,liam.wilson792@example.com,+61 432328873,Darwin,NT,4317,BRONZE,STORE,2025-02-24 22:44:00
CUST000793,Hugo,Brown,hugo.brown793@example.com,+61 441931112,Brisbane,QLD,3957,GOLD,MARKETPLACE,2025-09-17 04:28:00
CUST000794,Isaac,Sharma,isaac.sharma794@example.com,+61 437535486,Brisbane,QLD,7607,GOLD,MARKETPLACE,2025-05-22 04:23:00
CUST000795,Olivia,White,olivia.white795@example.com,+61 481624345,Brisbane,QLD,5470,GOLD,ONLINE,2025-06-22 15:49:00
CUST000796,Ethan,Iyer,ethan.iyer796@example.com,+61 430945115,Hobart,TAS,3035,BRONZE,MARKETPLACE,2025-07-27 09:48:00
CUST000797,Sofia,Brown,sofia.brown797@example.com,+61 469338400,Newcastle,NSW,5774,GOLD,B2B,2024-12-17 04:43:00
CUST000798,Ravi,Wang,ravi.wang798@example.com,+61 413328008,Adelaide,SA,6290,SILVER,B2B,2025-05-28 02:20:00
CUST000799,Bella,Harris,bella.harris799@example.com,+61 436192555,Gold Coast,QLD,7779,SILVER,MARKETPLACE,2025-03-07 00:05:00
CUST000800,Ravi,Iyer,ravi.iyer800@example.com,+61 421727533,Gold Coast,QLD,7192,NONE,STORE,2025-08-05 10:38:00
CUST000801,Tom,Khan,tom.khan801@example.com,+61 499491869,Melbourne,VIC,5957,NONE,STORE,2025-11-28 13:23:00
CUST000802,Mei,Sharma,mei.sharma802@example.com,+61 448205125,Melbourne,VIC,5825,BRONZE,MARKETPLACE,2025-07-13 17:05:00
CUST000803,George,Iyer,george.iyer803@example.com,+61 465782199,Wollongong,NSW,6624,BRONZE,STORE,2025-12-04 13:46:00
CUST000804,Hugo,Martin,hugo.martin804@example.com,+61 488809974,Brisbane,QLD,7898,GOLD,STORE,2025-03-13 09:30:00
CUST000805,Grace,Khan,grace.khan805@example.com,+61 418873909,Hobart,TAS,7838,NONE,ONLINE,2024-11-30 13:40:00
CUST000806,Ines,Lee,ines.lee806@example.com,+61 433473742,Canberra,ACT,7553,NONE,STORE,2025-03-09 05:53:00
CUST000807,Mei,Wilson,mei.wilson807@example.com,+61 475845287,Geelong,VIC,3345,BRONZE,MARKETPLACE,2025-08-06 17:47:00
CUST000808,Olivia,Kumar,olivia.kumar808@example.com,+61 410328387,Melbourne,VIC,4261,BRONZE,MARKETPLACE,2025-10-20 20:30:00
CUST000809,Divya,Wilson,divya.wilson809@example.com,+61 434074943,Canberra,ACT,7029,SILVER,ONLINE,2025-01-27 08:31:00
CUST000810,Chen,Harris,chen.harris810@example.com,+61 458554539,Wollongong,NSW,7760,NONE,B2B,2025-04-08 20:43:00
CUST000811,Priya,Wang,priya.wang811@example.com,+61 478790057,Hobart,TAS,7712,GOLD,MARKETPLACE,2025-02-18 18:03:00
CUST000812,Ethan,Chen,ethan.chen812@example.com,+61 428186152,Darwin,NT,5927,SILVER,ONLINE,2025-04-15 11:26:00
CUST000813,Uma,Sharma,uma.sharma813@example.com,+61 448903840,Melbourne,VIC,5389,GOLD,STORE,2025-12-24 20:11:00
CUST000814,Yara,Wang,yara.wang814@example.com,+61 432432603,Newcastle,NSW,7454,BRONZE,MARKETPLACE,2025-11-12 09:17:00
CUST000815,Vikram,Sharma,vikram.sharma815@example.com,+61 481728681,Sydney,NSW,7751,BRONZE,STORE,2024-12-03 04:33:00
CUST000816,Jia,Sharma,jia.sharma816@example.com,+61 465296966,Darwin,NT,5787,SILVER,ONLINE,2025-03-18 04:32:00
CUST000817,Hana,Taylor,hana.taylor817@example.com,+61 492332960,Geelong,VIC,7306,GOLD,B2B,2025-07-20 02:07:00
CUST000818,Arjun,Brown,arjun.brown818@example.com,+61 474359847,Melbourne,VIC,5852,BRONZE,MARKETPLACE,2025-02-06 14:56:00
CUST000819,Tom,Khan,tom.khan819@example.com,+61 433113253,Hobart,TAS,5495,GOLD,ONLINE,2025-03-20 04:54:00
CUST000820,Wendy,Brown,wendy.brown820@example.com,+61 440410305,Wollongong,NSW,5518,SILVER,STORE,2025-02-01 02:27:00
CUST000821,Wendy,Wang,wendy.wang821@example.com,+61 412524153,Sydney,NSW,6967,NONE,ONLINE,2025-03-07 03:02:00
CUST000822,Zane,Khan,zane.khan822@example.com,+61 417954445,Newcastle,NSW,6842,GOLD,MARKETPLACE,2024-12-19 02:19:00
CUST000823,Vikram,Nguyen,vikram.nguyen823@example.com,+61 426615289,Sydney,NSW,7929,SILVER,STORE,2025-03-01 21:22:00
CUST000824,Aiden,Patel,aiden.patel824@example.com,+61 447228730,Brisbane,QLD,7749,BRONZE,MARKETPLACE,2025-02-17 16:49:00
CUST000825,Xavier,Harris,xavier.harris825@example.com,+61 477767769,Perth,WA,7671,GOLD,ONLINE,2025-09-19 00:33:00
CUST000826,George,Taylor,george.taylor826@example.com,+61 433055043,Adelaide,SA,7400,GOLD,ONLINE,2025-03-16 16:54:00
CUST000827,Wendy,Thompson,wendy.thompson827@example.com,+61 489105321,Hobart,TAS,4516,NONE,ONLINE,2025-02-27 11:24:00
CUST000828,Noah,Taylor,noah.taylor828@example.com,+61 440541809,Geelong,VIC,6338,GOLD,MARKETPLACE,2025-01-29 14:07:00
CUST000829,Quinn,Brown,quinn.brown829@example.com,+61 458486215,Darwin,NT,5361,GOLD,ONLINE,2025-05-13 15:07:00
CUST000830,Mei,Wilson,mei.wilson830@example.com,+61 490582915,Darwin,NT,5555,NONE,STORE,2025-09-06 13:18:00
CUST000831,Grace,Martin,grace.martin831@example.com,+61 419342782,Perth,WA,6896,BRONZE,STORE,2024-12-03 21:31:00
CUST000832,Vikram,Wang,vikram.wang832@example.com,+61 468795196,Canberra,ACT,7281,GOLD,ONLINE,2025-02-08 12:25:00
CUST000833,Wendy,Das,wendy.das833@example.com,+61 432645646,Sydney,NSW,3530,BRONZE,STORE,2025-05-19 06:38:00
CUST000834,Grace,Jones,grace.jones834@example.com,+61 441255233,Sydney,NSW,6479,NONE,MARKETPLACE,2025-12-23 22:49:00
CUST000835,Sofia,Das,sofia.das835@example.com,+61 496413557,Adelaide,SA,6278,BRONZE,B2B,2025-11-03 19:25:00
CUST000836,Priya,Khan,priya.khan836@example.com,+61 429780216,Adelaide,SA,6724,GOLD,ONLINE,2025-04-04 15:31:00
CUST000837,Hana,Brown,hana.brown837@example.com,+61 423368540,Melbourne,VIC,3432,GOLD,B2B,2025-11-09 00:11:00
CUST000838,Mei,Harris,mei.harris838@example.com,+61 453883276,Gold Coast,QLD,4251,BRONZE,ONLINE,2025-12-21 02:42:00
CUST000839,Yara,Khan,yara.khan839@example.com,+61 472548391,Darwin,NT,4654,BRONZE,B2B,2025-08-05 16:16:00
CUST000840,Ravi,Chen,ravi.chen840@example.com,+61 483366099,Geelong,VIC,3144,GOLD,B2B,2025-01-26 12:28:00
CUST000841,Kiran,Jones,kiran.jones841@example.com,+61 471694016,Darwin,NT,3294,GOLD,STORE,2025-09-08 21:55:00
CUST000842,Yara,Wilson,yara.wilson842@example.com,+61 432031067,Wollongong,NSW,7026,NONE,STORE,2025-05-05 22:24:00
CUST000843,Priya,Wang,priya.wang843@example.com,+61 475841004,Newcastle,NSW,7536,NONE,B2B,2025-09-10 05:32:00
CUST000844,Bella,Jones,bella.jones844@example.com,+61 476396319,Adelaide,SA,7841,NONE,MARKETPLACE,2025-12-24 09:20:00
CUST000845,Bella,Nguyen,bella.nguyen845@example.com,+61 416055696,Newcastle,NSW,4050,BRONZE,MARKETPLACE,2025-12-11 18:01:00
CUST000846,Yara,Chen,yara.chen846@example.com,+61 423066102,Canberra,ACT,6507,BRONZE,MARKETPLACE,2025-06-25 11:03:00
CUST000847,Vikram,Kumar,vikram.kumar847@example.com,+61 441490443,Perth,WA,5556,GOLD,ONLINE,2025-05-02 03:21:00
CUST000848,Fatima,Nguyen,fatima.nguyen848@example.com,+61 453770661,Geelong,VIC,3306,NONE,B2B,2025-09-13 16:57:00
CUST000849,Noah,Lee,noah.lee849@example.com,+61 473042053,Melbourne,VIC,7816,GOLD,MARKETPLACE,2025-06-08 18:24:00
CUST000850,Kiran,Das,kiran.das850@example.com,+61 475546384,Sydney,NSW,3819,SILVER,MARKETPLACE,2025-08-08 16:51:00
CUST000851,Yara,Chen,yara.chen851@example.com,+61 492520800,Brisbane,QLD,5453,BRONZE,B2B,2025-03-10 15:40:00
CUST000852,Grace,Patel,grace.patel852@example.com,+61 438733345,Geelong,VIC,5354,BRONZE,ONLINE,2025-04-28 18:25:00
CUST000853,Zane,Kumar,zane.kumar853@example.com,+61 422342371,Newcastle,NSW,7736,GOLD,MARKETPLACE,2025-04-15 02:36:00
CUST000854,Zane,Khan,zane.khan854@example.com,+61 467325182,Darwin,NT,4718,BRONZE,ONLINE,2025-10-26 09:32:00
CUST000855,Zane,Wilson,zane.wilson855@example.com,+61 499047650,Canberra,ACT,7423,BRONZE,STORE,2025-06-27 12:16:00
CUST000856,Tom,Khan,tom.khan856@example.com,+61 483492593,Darwin,NT,4479,GOLD,STORE,2025-09-18 15:13:00
CUST000857,Vikram,Iyer,vikram.iyer857@example.com,+61 495621026,Adelaide,SA,7364,NONE,ONLINE,2025-08-21 06:23:00
CUST000858,Olivia,Brown,olivia.brown858@example.com,+61 430196097,Perth,WA,5459,NONE,B2B,2025-05-09 02:40:00
CUST000859,George,Martin,george.martin859@example.com,+61 448526473,Adelaide,SA,4315,BRONZE,STORE,2025-06-22 07:07:00
CUST000860,Ethan,Taylor,ethan.taylor860@example.com,+61 442962076,Melbourne,VIC,5543,NONE,B2B,2025-09-09 13:27:00
CUST000861,Uma,Smith,uma.smith861@example.com,+61 431388734,Perth,WA,5234,SILVER,ONLINE,2025-04-08 08:42:00
CUST000862,Ravi,Singh,ravi.singh862@example.com,+61 415668332,Gold Coast,QLD,6980,GOLD,ONLINE,2025-01-08 10:38:00
CUST000863,Jia,Patel,jia.patel863@example.com,+61 458779318,Canberra,ACT,3739,NONE,STORE,2025-03-27 03:36:00
CUST000864,Xavier,Khan,xavier.khan864@example.com,+61 480055957,Sydney,NSW,7754,BRONZE,B2B,2025-01-12 07:38:00
CUST000865,Divya,Chen,divya.chen865@example.com,+61 488426937,Hobart,TAS,6194,SILVER,B2B,2025-03-18 04:06:00
CUST000866,Fatima,Taylor,fatima.taylor866@example.com,+61 468985391,Adelaide,SA,6345,BRONZE,ONLINE,2025-08-05 17:23:00
CUST000867,Wendy,Wang,wendy.wang867@example.com,+61 483248658,Hobart,TAS,6471,NONE,STORE,2025-04-18 04:23:00
CUST000868,Priya,Sharma,priya.sharma868@example.com,+61 412828532,Adelaide,SA,7962,GOLD,ONLINE,2025-11-15 21:15:00
CUST000869,Isaac,White,isaac.white869@example.com,+61 451509315,Canberra,ACT,5972,GOLD,STORE,2025-07-11 12:00:00
CUST000870,Ines,Jones,ines.jones870@example.com,+61 450384524,Adelaide,SA,3739,SILVER,MARKETPLACE,2025-03-14 05:58:00
CUST000871,Olivia,Chen,olivia.chen871@example.com,+61 464531161,Gold Coast,QLD,3277,BRONZE,ONLINE,2025-12-31 15:30:00
CUST000872,Xavier,Martin,xavier.martin872@example.com,+61 466689004,Hobart,TAS,3822,SILVER,MARKETPLACE,2025-08-13 02:22:00
CUST000873,Noah,Harris,not-an-email,+61 483514771,Wollongong,NSW,5676,NONE,ONLINE,2025-12-22 01:41:00
CUST000874,Uma,Singh,uma.singh874@example.com,+61 469512807,Gold Coast,QLD,4114,GOLD,B2B,2025-03-09 20:19:00
CUST000875,Kiran,Das,kiran.das875@example.com,+61 424875109,Sydney,NSW,4292,SILVER,STORE,2025-09-27 21:26:00
CUST000876,Zane,Chen,zane.chen876@example.com,+61 474205127,Darwin,NT,4093,BRONZE,STORE,2025-11-13 18:52:00
CUST000877,Kiran,Wilson,kiran.wilson877@example.com,+61 421327835,Perth,WA,6395,BRONZE,STORE,2025-06-16 12:53:00
CUST000878,Hugo,Das,hugo.das878@example.com,+61 412782955,Perth,WA,3188,SILVER,ONLINE,2025-07-21 06:16:00
CUST000879,Wendy,Singh,wendy.singh879@example.com,+61 463825994,Melbourne,VIC,6513,BRONZE,STORE,2025-01-11 11:10:00
CUST000880,Sofia,Wang,sofia.wang880@example.com,+61 480576741,Melbourne,VIC,6564,NONE,B2B,2025-01-26 07:45:00
CUST000881,George,Taylor,george.taylor881@example.com,+61 448649601,Adelaide,SA,7048,NONE,STORE,2025-07-05 06:38:00
CUST000882,George,Wilson,george.wilson882@example.com,+61 435415894,Wollongong,NSW,6426,SILVER,B2B,2025-02-09 00:18:00
CUST000883,Isaac,Kumar,isaac.kumar883@example.com,+61 470529066,Newcastle,NSW,5034,BRONZE,B2B,2025-01-09 00:30:00
CUST000884,Ethan,Chen,ethan.chen884@example.com,+61 463358890,Wollongong,NSW,4738,NONE,B2B,2025-12-08 19:16:00
CUST000885,Chen,Wang,chen.wang885@example.com,+61 417885602,Geelong,VIC,3426,BRONZE,STORE,2025-07-26 11:38:00
CUST000886,Vikram,Harris,vikram.harris886@example.com,+61 416108500,Wollongong,NSW,3043,BRONZE,B2B,2025-04-30 12:42:00
CUST000887,Liam,Brown,liam.brown887@example.com,+61 415519702,Geelong,VIC,7755,SILVER,MARKETPLACE,2025-02-21 16:31:00
CUST000888,Ines,Chen,ines.chen888@example.com,+61 427705940,Darwin,NT,3734,BRONZE,B2B,2025-02-07 08:07:00
CUST000889,Kiran,Smith,kiran.smith889@example.com,+61 477002914,Brisbane,QLD,5301,BRONZE,B2B,2025-04-20 08:39:00
CUST000890,Arjun,Lee,arjun.lee890@example.com,+61 452011533,Geelong,VIC,6569,SILVER,MARKETPLACE,2025-12-09 15:48:00
CUST000891,Ethan,White,ethan.white891@example.com,+61 495450010,Gold Coast,QLD,6604,GOLD,STORE,2025-02-11 01:14:00
CUST000892,Fatima,Smith,fatima.smith892@example.com,+61 444926669,Darwin,NT,4339,NONE,B2B,2025-01-25 15:02:00
CUST000893,Olivia,Sharma,olivia.sharma893@example.com,+61 485276619,Wollongong,NSW,6974,NONE,B2B,2025-01-23 23:55:00
CUST000894,Ethan,Wang,ethan.wang894@example.com,+61 422559810,Hobart,TAS,4668,BRONZE,STORE,2025-02-21 23:32:00
CUST000895,Arjun,Lee,arjun.lee895@example.com,+61 499004832,Newcastle,NSW,7797,SILVER,ONLINE,2025-08-23 18:11:00
CUST000896,Noah,Patel,noah.patel896@example.com,+61 476855296,Perth,WA,3772,BRONZE,ONLINE,2025-04-21 21:43:00
CUST000897,Divya,Jones,divya.jones897@example.com,+61 489233891,Hobart,TAS,3868,BRONZE,STORE,2024-12-11 02:29:00
CUST000898,Arjun,Thompson,arjun.thompson898@example.com,+61 494336613,Darwin,NT,5206,GOLD,MARKETPLACE,2024-12-19 20:39:00
CUST000899,Olivia,Chen,olivia.chen899@example.com,+61 486391152,Wollongong,NSW,4059,SILVER,ONLINE,2025-10-22 09:20:00
CUST000900,Zane,Smith,zane.smith900@example.com,+61 419492426,Wollongong,NSW,7482,NONE,ONLINE,2025-06-19 08:11:00
CUST000901,Hana,Jones,hana.jones901@example.com,+61 412753078,Sydney,NSW,4705,SILVER,B2B,2025-12-31 12:18:00
CUST000902,Uma,Brown,uma.brown902@example.com,+61 450070254,Sydney,NSW,7021,NONE,MARKETPLACE,2025-11-12 19:08:00
CUST000903,Liam,Wang,liam.wang903@example.com,+61 478807151,Hobart,TAS,4637,NONE,B2B,2025-06-13 15:17:00
CUST000904,Sofia,Harris,sofia.harris904@example.com,+61 422109438,Canberra,ACT,6461,BRONZE,STORE,2025-07-07 20:27:00
CUST000905,Chen,Smith,chen.smith905@example.com,+61 455868216,Geelong,VIC,6797,SILVER,STORE,2025-08-07 16:40:00
CUST000906,Uma,Khan,,+61 449017499,Sydney,NSW,6835,NONE,ONLINE,2025-07-29 09:09:00
CUST000907,Ethan,Wilson,ethan.wilson907@example.com,+61 480208227,Perth,WA,6503,BRONZE,ONLINE,2025-09-05 02:58:00
CUST000908,Bella,Khan,bella.khan908@example.com,+61 478538495,Sydney,NSW,6480,NONE,ONLINE,2025-07-22 21:46:00
CUST000909,Sofia,Lee,sofia.lee909@example.com,+61 444206757,Hobart,TAS,7796,GOLD,ONLINE,2025-01-24 23:42:00
CUST000910,Olivia,Singh,olivia.singh910@example.com,+61 462741841,Brisbane,QLD,3370,GOLD,B2B,2025-11-22 09:20:00
CUST000911,Sofia,Iyer,sofia.iyer911@example.com,+61 470390985,Gold Coast,QLD,5171,BRONZE,STORE,2025-03-15 05:05:00
CUST000912,Xavier,Harris,xavier.harris912@example.com,+61 424271459,Adelaide,SA,6553,GOLD,ONLINE,2025-06-17 03:00:00
CUST000913,Fatima,Thompson,fatima.thompson913@example.com,+61 464370473,Darwin,NT,7930,NONE,MARKETPLACE,2025-10-09 19:23:00
CUST000914,Wendy,Jones,wendy.jones914@example.com,+61 421762188,Adelaide,SA,4024,SILVER,ONLINE,2025-03-04 03:52:00
CUST000915,Aiden,Taylor,aiden.taylor915@example.com,+61 438082305,Melbourne,VIC,6941,SILVER,STORE,2025-07-08 20:54:00
CUST000916,Zane,White,zane.white916@example.com,+61 421555280,Perth,WA,5465,NONE,STORE,2025-07-27 13:01:00
CUST000917,Divya,Singh,divya.singh917@example.com,+61 469762583,Brisbane,QLD,6973,NONE,ONLINE,2025-07-15 18:15:00
CUST000918,George,Wilson,george.wilson918@example.com,+61 462577566,Newcastle,NSW,3417,BRONZE,ONLINE,2025-01-18 20:54:00
CUST000919,Wendy,Martin,wendy.martin919@example.com,+61 476532158,Canberra,ACT,7740,BRONZE,ONLINE,2025-08-03 12:31:00
CUST000920,Quinn,Das,quinn.das920@example.com,+61 492073508,Wollongong,NSW,6996,SILVER,ONLINE,2025-08-24 00:27:00
CUST000921,Sofia,Chen,sofia.chen921@example.com,+61 418524244,Geelong,VIC,5194,NONE,B2B,2025-01-25 15:39:00
CUST000922,Uma,Sharma,uma.sharma922@example.com,+61 468549800,Darwin,NT,3170,SILVER,MARKETPLACE,2025-12-03 06:30:00
CUST000923,Liam,Iyer,liam.iyer923@example.com,+61 478133743,Perth,WA,4799,BRONZE,B2B,2025-02-02 09:46:00
CUST000924,Wendy,Jones,wendy.jones924@example.com,+61 497577092,Canberra,ACT,5951,NONE,STORE,2025-10-11 06:18:00
CUST000925,Wendy,Patel,wendy.patel925@example.com,+61 474812367,Gold Coast,QLD,4057,SILVER,STORE,2025-02-15 19:31:00
CUST000926,Divya,Martin,divya.martin926@example.com,+61 450755467,Darwin,NT,4922,SILVER,ONLINE,2024-12-06 11:56:00
CUST000927,Isaac,Sharma,isaac.sharma927@example.com,+61 431287665,Gold Coast,QLD,4431,GOLD,ONLINE,2025-05-18 13:07:00
CUST000928,Tom,Kumar,tom.kumar928@example.com,+61 485427873,Sydney,NSW,4835,NONE,MARKETPLACE,2025-05-20 11:49:00
CUST000929,Bella,White,bella.white929@example.com,+61 430290817,Adelaide,SA,7222,GOLD,ONLINE,2025-07-09 14:53:00
CUST000930,Yara,Wang,yara.wang930@example.com,+61 491949659,Sydney,NSW,7994,GOLD,ONLINE,2025-08-13 03:10:00
CUST000931,Uma,Wang,uma.wang931@example.com,+61 458538289,Perth,WA,4286,BRONZE,B2B,2025-12-22 16:31:00
CUST000932,Xavier,Wang,xavier.wang932@example.com,+61 496851348,Brisbane,QLD,5979,BRONZE,STORE,2025-01-28 06:28:00
CUST000933,Noah,Nguyen,noah.nguyen933@example.com,+61 473574016,Perth,WA,5796,BRONZE,STORE,2025-01-09 08:23:00
CUST000934,Wendy,Martin,wendy.martin934@example.com,+61 494482060,Hobart,TAS,5010,SILVER,B2B,2025-03-23 04:51:00
CUST000935,Noah,Martin,noah.martin935@example.com,+61 471572793,Canberra,ACT,7228,BRONZE,ONLINE,2025-07-11 04:49:00
CUST000936,Aiden,Khan,aiden.khan936@example.com,+61 421378739,Sydney,NSW,5771,BRONZE,B2B,2025-12-27 05:27:00
CUST000937,Bella,Jones,bella.jones937@example.com,+61 498607345,Melbourne,VIC,4236,GOLD,MARKETPLACE,2025-06-29 12:56:00
CUST000938,Vikram,White,vikram.white938@example.com,+61 452103461,Adelaide,SA,5819,GOLD,MARKETPLACE,2025-08-24 19:58:00
CUST000939,Ethan,Jones,ethan.jones939@example.com,+61 496420023,Darwin,NT,4680,NONE,MARKETPLACE,2026-01-01 20:25:00
CUST000940,Yara,Taylor,yara.taylor940@example.com,+61 421311994,Adelaide,SA,3302,BRONZE,B2B,2025-12-03 23:47:00
CUST000941,Hugo,Brown,hugo.brown941@example.com,+61 482583635,Geelong,VIC,5325,SILVER,ONLINE,2025-08-15 17:19:00
CUST000942,Quinn,Chen,quinn.chen942@example.com,+61 431478506,Gold Coast,QLD,3191,GOLD,MARKETPLACE,2025-03-30 09:46:00
CUST000943,Noah,Khan,noah.khan943@example.com,+61 418045780,Sydney,NSW,6055,BRONZE,MARKETPLACE,2025-01-29 01:48:00
CUST000944,Uma,Wang,uma.wang944@example.com,+61 449991663,Darwin,NT,7689,GOLD,B2B,2025-05-19 07:51:00
CUST000945,Xavier,Das,xavier.das945@example.com,+61 494254420,Newcastle,NSW,7368,SILVER,MARKETPLACE,2025-04-29 09:42:00
CUST000946,Zane,Das,zane.das946@example.com,+61 428786655,Gold Coast,QLD,6093,SILVER,ONLINE,2025-05-13 16:37:00
CUST000947,George,Sharma,george.sharma947@example.com,+61 423151704,Darwin,NT,4200,NONE,B2B,2025-01-07 02:03:00
CUST000948,Noah,Brown,noah.brown948@example.com,+61 438827874,Darwin,NT,6654,GOLD,MARKETPLACE,2025-11-08 16:25:00
CUST000949,Sofia,White,sofia.white949@example.com,+61 462986806,Geelong,VIC,5160,NONE,B2B,2025-07-10 22:59:00
CUST000950,Priya,Martin,priya.martin950@example.com,+61 429373816,Brisbane,QLD,7143,SILVER,B2B,2025-11-26 14:08:00
CUST000951,Wendy,Khan,wendy.khan951@example.com,+61 425845497,Geelong,VIC,4741,NONE,B2B,2024-12-13 23:10:00
CUST000952,Ravi,Sharma,ravi.sharma952@example.com,+61 490745413,Sydney,NSW,6347,GOLD,ONLINE,2025-06-04 18:18:00
CUST000953,Bella,Khan,bella.khan953@example.com,+61 425803092,Brisbane,QLD,6043,BRONZE,MARKETPLACE,2025-05-01 09:31:00
CUST000954,Aiden,Brown,aiden.brown954@example.com,+61 489138026,Brisbane,QLD,6455,GOLD,MARKETPLACE,2025-04-21 06:11:00
CUST000955,Arjun,Thompson,arjun.thompson955@example.com,+61 426418573,Melbourne,VIC,7485,BRONZE,ONLINE,2024-12-19 13:30:00
CUST000956,Sofia,Wilson,sofia.wilson956@example.com,+61 470716667,Newcastle,NSW,5767,NONE,B2B,2025-11-30 19:08:00
CUST000957,Yara,Brown,yara.brown957@example.com,+61 495424250,Geelong,VIC,6775,NONE,B2B,2025-02-11 23:20:00
CUST000958,Chen,Harris,chen.harris958@example.com,+61 493696762,Gold Coast,QLD,6355,NONE,STORE,2025-06-17 10:34:00
CUST000959,Bella,Iyer,bella.iyer959@example.com,+61 447228655,Wollongong,NSW,3725,SILVER,ONLINE,2025-09-15 20:50:00
CUST000960,Yara,Wilson,yara.wilson960@example.com,+61 496591866,Geelong,VIC,4014,GOLD,STORE,2025-10-09 17:36:00
CUST000961,Yara,Smith,yara.smith961@example.com,+61 480028608,Newcastle,NSW,4551,NONE,ONLINE,2025-01-27 21:59:00
CUST000962,Ravi,Singh,ravi.singh962@example.com,+61 446904845,Melbourne,VIC,4685,SILVER,B2B,2025-01-09 17:38:00
CUST000963,Kiran,Jones,kiran.jones963@example.com,+61 416037602,Newcastle,NSW,7026,GOLD,MARKETPLACE,2025-07-08 05:26:00
CUST000964,Aiden,Khan,aiden.khan964@example.com,+61 461272646,Hobart,TAS,5106,GOLD,ONLINE,2025-01-16 17:10:00
CUST000965,Jia,Brown,jia.brown965@example.com,+61 444299947,Brisbane,QLD,3734,SILVER,MARKETPLACE,2025-06-23 21:10:00
CUST000966,Bella,Harris,bella.harris966@example.com,+61 434354859,Hobart,TAS,3222,GOLD,MARKETPLACE,2025-06-14 03:20:00
CUST000967,Ethan,Martin,ethan.martin967@example.com,+61 444619354,Hobart,TAS,6076,GOLD,ONLINE,2025-03-10 07:48:00
CUST000968,Tom,Das,tom.das968@example.com,+61 476166580,Perth,WA,7166,NONE,ONLINE,2025-04-13 01:20:00
CUST000969,Olivia,White,olivia.white969@example.com,+61 418785652,Canberra,ACT,6966,GOLD,B2B,2025-10-17 07:58:00
CUST000970,Hugo,Nguyen,not-an-email,+61 484366722,Adelaide,SA,7801,GOLD,STORE,2025-12-22 17:41:00
CUST000971,Zane,Brown,zane.brown971@example.com,+61 486268638,Adelaide,SA,6332,NONE,ONLINE,2025-10-18 16:13:00
CUST000972,Zane,Brown,zane.brown972@example.com,+61 482536595,Hobart,TAS,4377,SILVER,B2B,2025-09-07 14:02:00
CUST000973,Aiden,Iyer,aiden.iyer973@example.com,+61 448822404,Newcastle,NSW,4371,GOLD,ONLINE,2025-07-31 08:38:00
CUST000974,Isaac,Jones,isaac.jones974@example.com,+61 494853379,Hobart,TAS,4742,BRONZE,ONLINE,2025-02-17 23:34:00
CUST000975,Sofia,Patel,sofia.patel975@example.com,+61 422041357,Adelaide,SA,6238,GOLD,STORE,2025-12-03 17:17:00
CUST000976,Hugo,Martin,hugo.martin976@example.com,+61 491932582,Perth,WA,7135,BRONZE,MARKETPLACE,2025-10-18 08:48:00
CUST000977,Wendy,Iyer,wendy.iyer977@example.com,+61 443007935,Adelaide,SA,5634,BRONZE,STORE,2025-07-20 19:21:00
CUST000978,Aiden,Brown,aiden.brown978@example.com,+61 410274812,Gold Coast,QLD,7987,NONE,ONLINE,2024-12-01 21:11:00
CUST000979,Noah,White,noah.white979@example.com,+61 475629343,Wollongong,NSW,6217,GOLD,ONLINE,2025-08-29 00:57:00
CUST000980,Arjun,Iyer,arjun.iyer980@example.com,+61 426564560,Gold Coast,QLD,5891,NONE,MARKETPLACE,2025-06-13 05:53:00
CUST000981,Yara,Nguyen,yara.nguyen981@example.com,+61 472101540,Sydney,NSW,6034,SILVER,B2B,2024-12-01 07:47:00
CUST000982,Aiden,Lee,aiden.lee982@example.com,+61 458025924,Gold Coast,QLD,4568,GOLD,MARKETPLACE,2025-11-29 07:14:00
CUST000983,Priya,Sharma,priya.sharma983@example.com,+61 447682480,Melbourne,VIC,7037,SILVER,ONLINE,2025-03-07 20:25:00
CUST000984,Divya,Lee,divya.lee984@example.com,+61 477152570,Newcastle,NSW,7046,SILVER,STORE,2025-10-30 23:36:00
CUST000985,Vikram,Harris,vikram.harris985@example.com,+61 433559082,Newcastle,NSW,3535,SILVER,ONLINE,2025-01-31 08:59:00
CUST000986,Sofia,Kumar,sofia.kumar986@example.com,+61 446819677,Geelong,VIC,4571,GOLD,MARKETPLACE,2025-11-10 17:56:00
CUST000987,Olivia,Nguyen,olivia.nguyen987@example.com,+61 496029038,Canberra,ACT,3424,BRONZE,B2B,2025-06-23 08:07:00
CUST000988,Vikram,Khan,vikram.khan988@example.com,+61 476514912,Darwin,NT,5961,GOLD,STORE,2024-12-21 08:58:00
CUST000989,Noah,White,noah.white989@example.com,+61 452445278,Darwin,NT,3042,NONE,STORE,2025-05-17 02:56:00
CUST000990,Sofia,Nguyen,sofia.nguyen990@example.com,+61 440283277,Wollongong,NSW,6471,GOLD,STORE,2025-03-07 05:21:00
CUST000991,Jia,Patel,jia.patel991@example.com,+61 493925634,Gold Coast,QLD,3792,GOLD,B2B,2025-07-06 00:37:00
CUST000992,Zane,Chen,zane.chen992@example.com,+61 443172390,Adelaide,SA,3883,NONE,STORE,2025-05-20 01:52:00
CUST000993,Kiran,Khan,kiran.khan993@example.com,+61 419785926,Perth,WA,7914,NONE,ONLINE,2025-10-13 14:37:00
CUST000994,Divya,Patel,divya.patel994@example.com,+61 414475312,Melbourne,VIC,6091,BRONZE,ONLINE,2026-01-01 04:03:00
CUST000995,Ines,Iyer,ines.iyer995@example.com,+61 450462762,Melbourne,VIC,6537,GOLD,ONLINE,2025-11-08 01:35:00
CUST000996,Bella,Wilson,bella.wilson996@example.com,+61 463912988,Canberra,ACT,3785,NONE,STORE,2025-09-29 21:39:00
CUST000997,Aiden,Iyer,aiden.iyer997@example.com,+61 472305089,Canberra,ACT,6507,GOLD,MARKETPLACE,2025-10-26 21:50:00
CUST000998,Aiden,Iyer,aiden.iyer998@example.com,+61 454049408,Geelong,VIC,7815,SILVER,ONLINE,2025-01-18 00:38:00
CUST000999,Wendy,Patel,wendy.patel999@example.com,+61 435986503,Newcastle,NSW,7695,SILVER,MARKETPLACE,2025-05-27 13:30:00
CUST001000,Xavier,Harris,xavier.harris1000@example.com,+61 434954217,Darwin,NT,4991,SILVER,ONLINE,2024-12-27 04:19:00
CUST001001,Sofia,Martin,sofia.martin1001@example.com,+61 497470361,Geelong,VIC,5930,BRONZE,STORE,2025-02-10 15:19:00
CUST001002,Tom,Chen,tom.chen1002@example.com,+61 459503523,Adelaide,SA,3066,SILVER,ONLINE,2025-03-28 16:52:00
CUST001003,Arjun,White,arjun.white1003@example.com,+61 466648087,Melbourne,VIC,5816,SILVER,STORE,2025-10-20 06:50:00
CUST001004,Chen,Chen,chen.chen1004@example.com,+61 499638670,Perth,WA,6897,NONE,MARKETPLACE,2025-09-19 18:21:00
CUST001005,Tom,Wilson,tom.wilson1005@example.com,+61 454106502,Canberra,ACT,4329,GOLD,B2B,2024-12-18 15:14:00
CUST001006,Ines,Nguyen,ines.nguyen1006@example.com,+61 439933920,Gold Coast,QLD,4886,NONE,STORE,2025-03-29 15:47:00
CUST001007,Yara,Chen,yara.chen1007@example.com,+61 460454028,Wollongong,NSW,4681,NONE,STORE,2024-11-30 11:00:00
CUST001008,Chen,Sharma,chen.sharma1008@example.com,+61 484449447,Melbourne,VIC,3943,SILVER,MARKETPLACE,2025-07-10 06:40:00
CUST001009,Sofia,Sharma,sofia.sharma1009@example.com,+61 413984330,Melbourne,VIC,4631,SILVER,MARKETPLACE,2025-02-24 07:56:00
CUST001010,Isaac,Singh,isaac.singh1010@example.com,+61 484424395,Hobart,TAS,5014,SILVER,STORE,2024-12-08 05:53:00
CUST001011,Isaac,Wang,isaac.wang1011@example.com,+61 428420515,Melbourne,VIC,6104,GOLD,MARKETPLACE,2025-03-14 09:29:00
CUST001012,Hana,Sharma,hana.sharma1012@example.com,+61 498705666,Hobart,TAS,4403,NONE,ONLINE,2025-01-26 04:56:00
CUST001013,Ines,Brown,ines.brown1013@example.com,+61 435727027,Perth,WA,7362,NONE,MARKETPLACE,2025-05-08 19:27:00
CUST001014,Uma,Kumar,uma.kumar1014@example.com,+61 492681879,Melbourne,VIC,7811,SILVER,MARKETPLACE,2025-02-11 10:15:00
CUST001015,Bella,Lee,bella.lee1015@example.com,+61 478218774,Brisbane,QLD,7784,NONE,STORE,2025-12-04 02:50:00
CUST001016,Priya,Harris,priya.harris1016@example.com,+61 432472549,Sydney,NSW,7166,NONE,MARKETPLACE,2025-08-09 16:29:00
CUST001017,Fatima,Chen,fatima.chen1017@example.com,+61 460181152,Wollongong,NSW,7304,NONE,B2B,2025-07-27 08:37:00
CUST001018,Mei,Das,mei.das1018@example.com,+61 414912971,Gold Coast,QLD,4697,SILVER,STORE,2025-07-16 07:25:00
CUST001019,George,Wilson,george.wilson1019@example.com,+61 460611218,Canberra,ACT,7680,SILVER,MARKETPLACE,2025-04-06 17:05:00
CUST001020,Ethan,Patel,ethan.patel1020@example.com,+61 469660493,Adelaide,SA,7250,BRONZE,STORE,2025-09-21 01:29:00
CUST001021,Quinn,Harris,quinn.harris1021@example.com,+61 467190488,Hobart,TAS,6695,NONE,B2B,2025-06-24 11:51:00
CUST001022,Priya,Chen,priya.chen1022@example.com,+61 461320957,Adelaide,SA,3202,SILVER,B2B,2025-03-26 08:41:00
CUST001023,Chen,Sharma,chen.sharma1023@example.com,+61 449529512,Sydney,NSW,7110,GOLD,MARKETPLACE,2025-03-23 03:07:00
CUST001024,Chen,Sharma,chen.sharma1024@example.com,+61 483286377,Melbourne,VIC,4640,BRONZE,STORE,2025-11-07 10:16:00
CUST001025,Jia,Lee,jia.lee1025@example.com,+61 491072076,Perth,WA,4129,BRONZE,ONLINE,2025-12-26 09:18:00
CUST001026,Arjun,Sharma,arjun.sharma1026@example.com,+61 464459981,Canberra,ACT,7750,GOLD,B2B,2025-10-27 16:48:00
CUST001027,Ethan,Jones,ethan.jones1027@example.com,+61 440457532,Perth,WA,4719,NONE,STORE,2025-08-18 18:50:00
CUST001028,Ravi,Iyer,ravi.iyer1028@example.com,+61 471928212,Wollongong,NSW,5790,GOLD,MARKETPLACE,2025-03-03 13:49:00
CUST001029,Wendy,Martin,wendy.martin1029@example.com,+61 468878740,Perth,WA,6686,GOLD,MARKETPLACE,2025-02-06 18:55:00
CUST001030,Ethan,Wilson,ethan.wilson1030@example.com,+61 411299382,Wollongong,NSW,7094,BRONZE,MARKETPLACE,2025-03-22 13:27:00
CUST001031,Vikram,Jones,vikram.jones1031@example.com,+61 482155988,Wollongong,NSW,5454,BRONZE,ONLINE,2025-09-13 01:59:00
CUST001032,Ethan,Brown,ethan.brown1032@example.com,+61 486261289,Hobart,TAS,7939,NONE,B2B,2025-03-11 12:04:00
CUST001033,Ravi,Jones,ravi.jones1033@example.com,+61 473723578,Perth,WA,3889,BRONZE,B2B,2025-10-20 09:05:00
CUST001034,Fatima,Wang,fatima.wang1034@example.com,+61 484209891,Gold Coast,QLD,4455,GOLD,B2B,2024-12-10 05:12:00
CUST001035,Chen,Jones,chen.jones1035@example.com,+61 437634396,Adelaide,SA,4909,BRONZE,ONLINE,2025-07-17 01:23:00
CUST001036,Quinn,Nguyen,quinn.nguyen1036@example.com,+61 453858604,Brisbane,QLD,6365,NONE,STORE,2025-01-22 04:34:00
CUST001037,Noah,Thompson,noah.thompson1037@example.com,+61 419229212,Wollongong,NSW,6186,SILVER,STORE,2025-03-12 09:27:00
CUST001038,Arjun,Thompson,arjun.thompson1038@example.com,+61 491028510,Brisbane,QLD,7711,BRONZE,STORE,2025-08-11 22:43:00
CUST001039,Olivia,Lee,olivia.lee1039@example.com,+61 410999023,Perth,WA,4168,NONE,ONLINE,2025-06-19 19:51:00
CUST001040,Hana,Khan,hana.khan1040@example.com,+61 486400632,Hobart,TAS,7021,NONE,B2B,2025-09-17 01:47:00
CUST001041,Chen,Wilson,chen.wilson1041@example.com,+61 471244438,Gold Coast,QLD,5840,BRONZE,B2B,2025-10-06 05:26:00
CUST001042,Hana,Singh,hana.singh1042@example.com,+61 467992341,Newcastle,NSW,6750,NONE,STORE,2025-11-19 18:06:00
CUST001043,Mei,Smith,mei.smith1043@example.com,+61 431197304,Perth,WA,5242,BRONZE,ONLINE,2025-11-19 23:46:00
CUST001044,Hugo,Taylor,hugo.taylor1044@example.com,+61 465200819,Darwin,NT,7528,GOLD,MARKETPLACE,2025-01-05 03:32:00
CUST001045,Yara,Chen,yara.chen1045@example.com,+61 470523603,Canberra,ACT,4350,BRONZE,STORE,2025-08-13 01:29:00
CUST001046,Aiden,Patel,aiden.patel1046@example.com,+61 471995701,Gold Coast,QLD,6122,BRONZE,B2B,2025-03-06 12:02:00
CUST001047,Aiden,Lee,aiden.lee1047@example.com,+61 428318112,Sydney,NSW,5679,NONE,B2B,2025-07-21 02:05:00
CUST001048,Ravi,Kumar,ravi.kumar1048@example.com,+61 468750274,Wollongong,NSW,4148,NONE,MARKETPLACE,2025-02-17 05:53:00
CUST001049,Aiden,Harris,aiden.harris1049@example.com,+61 433788294,Sydney,NSW,5409,GOLD,B2B,2025-02-21 02:42:00
CUST001050,Yara,Nguyen,yara.nguyen1050@example.com,+61 446675298,Gold Coast,QLD,4257,NONE,MARKETPLACE,2025-02-26 06:45:00
CUST001051,Bella,White,bella.white1051@example.com,+61 469332039,Perth,WA,3391,GOLD,B2B,2025-11-15 09:28:00
CUST001052,Bella,Harris,bella.harris1052@example.com,+61 416531664,Melbourne,VIC,6091,SILVER,STORE,2025-06-06 07:12:00
CUST001053,Chen,Nguyen,chen.nguyen1053@example.com,+61 413750602,Canberra,ACT,3119,BRONZE,STORE,2025-11-10 21:04:00
CUST001054,Hana,Wang,hana.wang1054@example.com,+61 432532859,Gold Coast,QLD,4368,GOLD,B2B,2025-08-16 03:52:00
CUST001055,Kiran,Chen,kiran.chen1055@example.com,+61 494125851,Geelong,VIC,4552,SILVER,B2B,2025-07-04 03:14:00
CUST001056,George,Wang,george.wang1056@example.com,+61 453401695,Hobart,TAS,4422,GOLD,B2B,2025-10-27 10:00:00
CUST001057,Mei,Taylor,,+61 439540811,Darwin,NT,3540,BRONZE,MARKETPLACE,2024-12-19 02:56:00
CUST001058,George,Martin,george.martin1058@example.com,+61 490378849,Adelaide,SA,7092,GOLD,STORE,2025-04-04 03:38:00
CUST001059,Kiran,Jones,kiran.jones1059@example.com,+61 427841755,Gold Coast,QLD,5720,SILVER,MARKETPLACE,2025-11-03 15:04:00
CUST001060,Kiran,Nguyen,kiran.nguyen1060@example.com,+61 488522325,Newcastle,NSW,6677,NONE,STORE,2025-08-11 18:45:00
CUST001061,Aiden,Kumar,aiden.kumar1061@example.com,+61 492724918,Melbourne,VIC,4016,BRONZE,STORE,2025-12-09 13:48:00
CUST001062,Hana,Harris,hana.harris1062@example.com,+61 418042731,Sydney,NSW,4126,BRONZE,B2B,2025-04-27 06:09:00
CUST001063,Mei,Taylor,mei.taylor1063@example.com,+61 415087753,Gold Coast,QLD,4950,NONE,MARKETPLACE,2025-02-03 08:20:00
CUST001064,Uma,Smith,uma.smith1064@example.com,+61 465686049,Geelong,VIC,5363,GOLD,STORE,2025-12-07 10:21:00
CUST001065,Hana,Taylor,hana.taylor1065@example.com,+61 417257686,Geelong,VIC,5034,SILVER,B2B,2025-08-20 10:11:00
CUST001066,Olivia,Nguyen,olivia.nguyen1066@example.com,+61 475987111,Sydney,NSW,3573,SILVER,ONLINE,2025-10-17 04:13:00
CUST001067,Ethan,Patel,not-an-email,+61 489541539,Brisbane,QLD,7496,SILVER,STORE,2025-08-13 02:27:00
CUST001068,Xavier,Iyer,xavier.iyer1068@example.com,+61 432033022,Adelaide,SA,4618,SILVER,B2B,2025-02-25 19:15:00
CUST001069,Jia,Wilson,jia.wilson1069@example.com,+61 470165940,Newcastle,NSW,4649,BRONZE,B2B,2025-01-06 11:25:00
CUST001070,Mei,Singh,mei.singh1070@example.com,+61 469240493,Darwin,NT,6462,NONE,STORE,2025-07-31 00:48:00
CUST001071,Mei,Martin,mei.martin1071@example.com,+61 450296396,Sydney,NSW,7875,SILVER,STORE,2025-04-07 12:29:00
CUST001072,Jia,Iyer,jia.iyer1072@example.com,+61 460351362,Adelaide,SA,7605,NONE,ONLINE,2025-05-16 04:45:00
CUST001073,Priya,Taylor,priya.taylor1073@example.com,+61 435451146,Brisbane,QLD,3034,GOLD,MARKETPLACE,2025-08-05 12:59:00
CUST001074,Noah,Jones,noah.jones1074@example.com,+61 460082660,Wollongong,NSW,6146,NONE,MARKETPLACE,2025-10-21 18:04:00
CUST001075,Noah,Smith,noah.smith1075@example.com,+61 461650472,Sydney,NSW,7633,SILVER,STORE,2025-12-22 13:16:00
CUST001076,Yara,Sharma,yara.sharma1076@example.com,+61 475581713,Geelong,VIC,6016,GOLD,B2B,2025-07-02 23:15:00
CUST001077,Hana,Thompson,hana.thompson1077@example.com,+61 458508204,Melbourne,VIC,3231,SILVER,MARKETPLACE,2025-10-02 14:43:00
CUST001078,Ethan,Lee,ethan.lee1078@example.com,+61 490819114,Perth,WA,7737,SILVER,ONLINE,2025-01-25 02:41:00
CUST001079,Wendy,Jones,wendy.jones1079@example.com,+61 488673120,Canberra,ACT,3658,SILVER,B2B,2025-02-19 13:16:00
CUST001080,Wendy,Wilson,wendy.wilson1080@example.com,+61 481565068,Geelong,VIC,6135,BRONZE,B2B,2025-12-17 23:55:00
CUST001081,Chen,Wang,chen.wang1081@example.com,+61 486854640,Gold Coast,QLD,5821,SILVER,MARKETPLACE,2025-12-15 06:59:00
CUST001082,Xavier,Jones,xavier.jones1082@example.com,+61 451352528,Wollongong,NSW,3052,SILVER,B2B,2024-11-27 03:04:00
CUST001083,Yara,Martin,yara.martin1083@example.com,+61 465947629,Geelong,VIC,5362,NONE,STORE,2025-02-25 11:11:00
CUST001084,Wendy,Brown,wendy.brown1084@example.com,+61 475293067,Perth,WA,4490,GOLD,B2B,2025-09-13 06:11:00
CUST001085,George,Smith,george.smith1085@example.com,+61 434525524,Wollongong,NSW,4571,BRONZE,B2B,2025-07-10 20:58:00
CUST001086,Tom,Wang,tom.wang1086@example.com,+61 432297072,Gold Coast,QLD,3653,BRONZE,ONLINE,2025-06-08 03:17:00
CUST001087,Chen,Chen,chen.chen1087@example.com,+61 488604129,Melbourne,VIC,4923,NONE,B2B,2025-11-06 03:00:00
CUST001088,Bella,Lee,bella.lee1088@example.com,+61 499298044,Melbourne,VIC,7771,GOLD,ONLINE,2025-03-15 16:50:00
CUST001089,Aiden,Jones,aiden.jones1089@example.com,+61 479803166,Newcastle,NSW,5177,NONE,B2B,2025-12-19 10:38:00
CUST001090,Noah,Chen,noah.chen1090@example.com,+61 456047075,Hobart,TAS,5582,SILVER,MARKETPLACE,2025-11-02 12:24:00
CUST001091,Tom,Smith,tom.smith1091@example.com,+61 454326109,Hobart,TAS,3820,GOLD,B2B,2025-11-19 12:46:00
CUST001092,Arjun,Brown,arjun.brown1092@example.com,+61 490786882,Melbourne,VIC,4006,BRONZE,STORE,2025-06-03 14:39:00
CUST001093,Vikram,Thompson,vikram.thompson1093@example.com,+61 465448912,Geelong,VIC,4539,GOLD,MARKETPLACE,2024-12-05 20:23:00
CUST001094,Grace,Smith,grace.smith1094@example.com,+61 453691252,Wollongong,NSW,6639,SILVER,B2B,2025-06-19 23:39:00
CUST001095,Zane,Patel,zane.patel1095@example.com,+61 467433950,Hobart,TAS,6900,GOLD,B2B,2025-04-26 19:12:00
CUST001096,Wendy,Brown,wendy.brown1096@example.com,+61 486758128,Geelong,VIC,7133,GOLD,STORE,2025-08-08 02:19:00
CUST001097,Arjun,White,arjun.white1097@example.com,+61 432555671,Darwin,NT,6655,GOLD,B2B,2025-11-01 17:15:00
CUST001098,Hana,Taylor,hana.taylor1098@example.com,+61 498549488,Brisbane,QLD,3732,GOLD,B2B,2025-11-28 00:10:00
CUST001099,Ines,Chen,ines.chen1099@example.com,+61 447628993,Canberra,ACT,4805,BRONZE,B2B,2025-11-05 03:42:00
CUST001100,Ethan,White,ethan.white1100@example.com,+61 476029590,Gold Coast,QLD,3740,BRONZE,STORE,2025-09-17 19:04:00
CUST001101,Uma,Chen,uma.chen1101@example.com,+61 461224263,Canberra,ACT,7603,NONE,STORE,2025-03-21 08:07:00
CUST001102,Jia,Patel,jia.patel1102@example.com,+61 421964091,Sydney,NSW,5787,SILVER,ONLINE,2025-09-16 11:08:00
CUST001103,Grace,Chen,grace.chen1103@example.com,+61 487432467,Canberra,ACT,3013,BRONZE,ONLINE,2025-09-25 17:12:00
CUST001104,Grace,Jones,grace.jones1104@example.com,+61 452901755,Canberra,ACT,5990,SILVER,STORE,2025-01-20 12:00:00
CUST001105,Ravi,Iyer,ravi.iyer1105@example.com,+61 429421410,Hobart,TAS,5431,SILVER,B2B,2025-11-10 14:09:00
CUST001106,Tom,Wilson,tom.wilson1106@example.com,+61 499301859,Brisbane,QLD,3281,BRONZE,MARKETPLACE,2025-08-11 22:07:00
CUST001107,Isaac,Das,isaac.das1107@example.com,+61 494701730,Darwin,NT,4767,NONE,MARKETPLACE,2025-11-22 12:03:00
CUST001108,Zane,Chen,zane.chen1108@example.com,+61 438268009,Brisbane,QLD,4843,GOLD,STORE,2025-08-03 23:25:00
CUST001109,Jia,Singh,jia.singh1109@example.com,+61 483543652,Melbourne,VIC,6213,BRONZE,B2B,2025-11-09 15:22:00
CUST001110,Yara,Jones,yara.jones1110@example.com,+61 419639949,Canberra,ACT,7324,BRONZE,MARKETPLACE,2025-11-18 06:44:00
CUST001111,Grace,White,grace.white1111@example.com,+61 423062011,Canberra,ACT,4072,BRONZE,ONLINE,2025-11-25 09:29:00
CUST001112,Uma,Singh,uma.singh1112@example.com,+61 428463119,Newcastle,NSW,6619,NONE,MARKETPLACE,2025-02-09 06:13:00
CUST001113,Zane,Taylor,zane.taylor1113@example.com,+61 497407684,Wollongong,NSW,3074,BRONZE,ONLINE,2025-11-09 04:24:00
CUST001114,Noah,Singh,noah.singh1114@example.com,+61 422891308,Melbourne,VIC,5912,NONE,STORE,2024-12-23 03:32:00
CUST001115,Uma,Chen,uma.chen1115@example.com,+61 468226527,Newcastle,NSW,4217,NONE,STORE,2024-12-14 03:15:00
CUST001116,Mei,Thompson,mei.thompson1116@example.com,+61 490014633,Adelaide,SA,4413,NONE,ONLINE,2025-12-30 14:55:00
CUST001117,Arjun,Jones,arjun.jones1117@example.com,+61 494870367,Adelaide,SA,6646,BRONZE,ONLINE,2025-01-27 03:05:00
CUST001118,Divya,Thompson,divya.thompson1118@example.com,+61 499763770,Gold Coast,QLD,7175,SILVER,ONLINE,2025-09-23 18:36:00
CUST001119,Priya,Lee,priya.lee1119@example.com,+61 422690720,Wollongong,NSW,7856,SILVER,B2B,2025-08-01 20:44:00
CUST001120,Noah,Wilson,noah.wilson1120@example.com,+61 426808950,Newcastle,NSW,3814,BRONZE,ONLINE,2025-11-27 17:11:00
CUST001121,Mei,Nguyen,mei.nguyen1121@example.com,+61 484633131,Canberra,ACT,7394,NONE,ONLINE,2025-08-19 18:34:00
CUST001122,Wendy,Wang,wendy.wang1122@example.com,+61 498393430,Perth,WA,3961,SILVER,STORE,2024-11-29 17:28:00
CUST001123,Zane,Chen,zane.chen1123@example.com,+61 415253706,Sydney,NSW,4055,SILVER,STORE,2025-01-10 17:16:00
CUST001124,Grace,Smith,grace.smith1124@example.com,+61 426739248,Sydney,NSW,7146,BRONZE,MARKETPLACE,2025-09-01 05:27:00
CUST001125,Vikram,Nguyen,vikram.nguyen1125@example.com,+61 450345846,Perth,WA,3378,BRONZE,B2B,2025-02-06 18:31:00
CUST001126,Wendy,Chen,wendy.chen1126@example.com,+61 457260360,Geelong,VIC,7965,SILVER,ONLINE,2025-11-01 01:15:00
CUST001127,Bella,Taylor,bella.taylor1127@example.com,+61 450226291,Brisbane,QLD,4763,SILVER,STORE,2025-09-25 11:17:00
CUST001128,Ethan,Harris,ethan.harris1128@example.com,+61 419980384,Canberra,ACT,7504,BRONZE,MARKETPLACE,2025-06-10 20:57:00
CUST001129,Fatima,Jones,fatima.jones1129@example.com,+61 421174172,Darwin,NT,5082,NONE,STORE,2025-08-28 06:04:00
CUST001130,Uma,Lee,uma.lee1130@example.com,+61 496647103,Gold Coast,QLD,4578,BRONZE,STORE,2025-06-29 04:20:00
CUST001131,Zane,Martin,zane.martin1131@example.com,+61 413477562,Canberra,ACT,7944,SILVER,ONLINE,2025-04-14 03:34:00
CUST001132,Divya,White,divya.white1132@example.com,+61 418852915,Canberra,ACT,5698,GOLD,MARKETPLACE,2025-05-16 08:09:00
CUST001133,Grace,Kumar,grace.kumar1133@example.com,+61 411323834,Adelaide,SA,3802,NONE,STORE,2025-06-08 03:50:00
CUST001134,Ines,Wang,ines.wang1134@example.com,+61 480662368,Brisbane,QLD,5511,NONE,ONLINE,2025-08-24 11:44:00
CUST001135,Sofia,Wilson,sofia.wilson1135@example.com,+61 446380247,Geelong,VIC,7976,GOLD,ONLINE,2025-02-22 10:48:00
CUST001136,Mei,Singh,mei.singh1136@example.com,+61 481361168,Hobart,TAS,7519,NONE,B2B,2025-09-26 04:16:00
CUST001137,Aiden,Khan,aiden.khan1137@example.com,+61 430869686,Wollongong,NSW,4035,SILVER,B2B,2025-09-13 23:17:00
CUST001138,Bella,Sharma,bella.sharma1138@example.com,+61 443435196,Wollongong,NSW,7986,NONE,B2B,2025-02-28 14:22:00
CUST001139,Zane,Iyer,zane.iyer1139@example.com,+61 448496283,Geelong,VIC,5259,NONE,STORE,2025-05-02 20:54:00
CUST001140,Chen,Wilson,chen.wilson1140@example.com,+61 451974837,Canberra,ACT,3738,GOLD,ONLINE,2025-12-05 07:05:00
CUST001141,Fatima,Das,fatima.das1141@example.com,+61 421352822,Melbourne,VIC,5341,NONE,ONLINE,2025-07-02 21:32:00
CUST001142,Ines,Brown,ines.brown1142@example.com,+61 476814283,Darwin,NT,7218,GOLD,B2B,2024-12-04 19:12:00
CUST001143,Ines,Nguyen,ines.nguyen1143@example.com,+61 467039703,Wollongong,NSW,7377,BRONZE,STORE,2025-12-10 21:58:00
CUST001144,Arjun,Khan,arjun.khan1144@example.com,+61 491764582,Gold Coast,QLD,3346,NONE,STORE,2025-11-07 16:57:00
CUST001145,Hana,Singh,hana.singh1145@example.com,+61 459264742,Sydney,NSW,4092,BRONZE,ONLINE,2025-07-01 15:24:00
CUST001146,Fatima,Sharma,fatima.sharma1146@example.com,+61 455360034,Sydney,NSW,5046,GOLD,MARKETPLACE,2025-04-29 15:18:00
CUST001147,Isaac,Taylor,isaac.taylor1147@example.com,+61 494715069,Melbourne,VIC,7659,NONE,STORE,2025-05-02 20:32:00
CUST001148,Arjun,Smith,arjun.smith1148@example.com,+61 492912825,Darwin,NT,6999,GOLD,MARKETPLACE,2024-11-30 19:29:00
CUST001149,Kiran,Wilson,kiran.wilson1149@example.com,+61 424383316,Hobart,TAS,3042,BRONZE,STORE,2025-06-20 11:00:00
CUST001150,Divya,Martin,divya.martin1150@example.com,+61 436513965,Darwin,NT,3694,SILVER,B2B,2025-01-29 15:00:00
CUST001151,Ethan,Lee,ethan.lee1151@example.com,+61 473176107,Perth,WA,6238,BRONZE,MARKETPLACE,2025-06-01 13:57:00
CUST001152,Fatima,White,fatima.white1152@example.com,+61 424588794,Adelaide,SA,6592,NONE,STORE,2025-02-06 11:47:00
CUST001153,Noah,Nguyen,noah.nguyen1153@example.com,+61 436637470,Hobart,TAS,3906,SILVER,MARKETPLACE,2024-12-17 04:25:00
CUST001154,Noah,Chen,noah.chen1154@example.com,+61 431516779,Melbourne,VIC,4630,NONE,MARKETPLACE,2025-01-26 13:31:00
CUST001155,Ravi,Thompson,ravi.thompson1155@example.com,+61 427103900,Gold Coast,QLD,5661,NONE,B2B,2025-02-02 03:06:00
CUST001156,Zane,Nguyen,zane.nguyen1156@example.com,+61 430876492,Brisbane,QLD,5819,GOLD,STORE,2024-12-23 21:53:00
CUST001157,Kiran,Martin,kiran.martin1157@example.com,+61 411077619,Newcastle,NSW,6558,NONE,MARKETPLACE,2025-04-20 15:05:00
CUST001158,Yara,Martin,yara.martin1158@example.com,+61 492894635,Perth,WA,4249,SILVER,STORE,2025-04-19 03:55:00
CUST001159,Isaac,Kumar,isaac.kumar1159@example.com,+61 467600736,Gold Coast,QLD,4625,NONE,ONLINE,2025-11-20 23:32:00
CUST001160,Tom,Singh,tom.singh1160@example.com,+61 489349010,Perth,WA,4218,SILVER,ONLINE,2025-02-02 12:02:00
CUST001161,Isaac,Taylor,isaac.taylor1161@example.com,+61 467217417,Brisbane,QLD,3144,SILVER,ONLINE,2024-12-23 12:26:00
CUST001162,Quinn,Wilson,quinn.wilson1162@example.com,+61 495001425,Wollongong,NSW,4895,SILVER,MARKETPLACE,2025-07-03 15:03:00
CUST001163,Quinn,Martin,quinn.martin1163@example.com,+61 416933082,Gold Coast,QLD,5492,GOLD,MARKETPLACE,2025-06-01 08:22:00
CUST001164,Wendy,Martin,not-an-email,+61 452928316,Perth,WA,3389,SILVER,ONLINE,2024-11-27 01:42:00
CUST001165,Xavier,Chen,xavier.chen1165@example.com,+61 448294595,Perth,WA,6867,BRONZE,ONLINE,2025-07-05 05:16:00
CUST001166,Priya,Sharma,priya.sharma1166@example.com,+61 450850064,Hobart,TAS,3913,GOLD,ONLINE,2025-11-11 17:49:00
CUST001167,Grace,Brown,grace.brown1167@example.com,+61 458394712,Hobart,TAS,5960,BRONZE,STORE,2025-10-25 08:13:00
CUST001168,Sofia,Jones,sofia.jones1168@example.com,+61 424276138,Sydney,NSW,4068,GOLD,ONLINE,2025-09-23 20:52:00
CUST001169,George,Taylor,george.taylor1169@example.com,+61 469830209,Wollongong,NSW,3808,GOLD,MARKETPLACE,2025-04-30 23:30:00
CUST001170,Yara,Taylor,yara.taylor1170@example.com,+61 430625554,Geelong,VIC,3358,SILVER,STORE,2025-06-29 17:45:00
CUST001171,Isaac,White,isaac.white1171@example.com,+61 459125302,Hobart,TAS,6673,GOLD,B2B,2024-12-31 15:26:00
CUST001172,Quinn,Khan,quinn.khan1172@example.com,+61 432405653,Melbourne,VIC,7908,BRONZE,STORE,2025-04-24 01:36:00
CUST001173,Bella,Taylor,bella.taylor1173@example.com,+61 463350718,Wollongong,NSW,7055,GOLD,STORE,2025-07-09 16:24:00
CUST001174,Ravi,Jones,ravi.jones1174@example.com,+61 491499471,Canberra,ACT,5224,SILVER,STORE,2024-11-28 05:36:00
CUST001175,George,Das,george.das1175@example.com,+61 411189346,Wollongong,NSW,7200,NONE,MARKETPLACE,2025-05-01 07:18:00
CUST001176,Wendy,Lee,wendy.lee1176@example.com,+61 425985787,Geelong,VIC,4401,SILVER,ONLINE,2025-08-27 07:18:00
CUST001177,Bella,Brown,bella.brown1177@example.com,+61 427847118,Adelaide,SA,5215,GOLD,STORE,2025-03-14 17:07:00
CUST001178,Aiden,Sharma,aiden.sharma1178@example.com,+61 491223137,Gold Coast,QLD,6023,BRONZE,ONLINE,2025-11-23 17:16:00
CUST001179,Xavier,Brown,xavier.brown1179@example.com,+61 492071729,Canberra,ACT,5415,BRONZE,ONLINE,2025-10-13 00:52:00
CUST001180,Liam,Kumar,liam.kumar1180@example.com,+61 447539330,Wollongong,NSW,4447,BRONZE,ONLINE,2025-08-29 21:55:00
CUST001181,Yara,Das,yara.das1181@example.com,+61 461268618,Sydney,NSW,5108,SILVER,B2B,2025-03-19 10:17:00
CUST001182,George,Das,george.das1182@example.com,+61 463078200,Gold Coast,QLD,4275,NONE,STORE,2025-12-05 23:27:00
CUST001183,Liam,Brown,liam.brown1183@example.com,+61 422575001,Darwin,NT,7062,SILVER,B2B,2025-03-01 05:12:00
CUST001184,Sofia,Thompson,sofia.thompson1184@example.com,+61 434213769,Wollongong,NSW,5310,GOLD,MARKETPLACE,2025-02-18 05:52:00
CUST001185,Mei,Harris,mei.harris1185@example.com,+61 419321974,Perth,WA,4175,GOLD,B2B,2025-04-01 14:58:00
CUST001186,Uma,Jones,uma.jones1186@example.com,+61 480703020,Sydney,NSW,4124,GOLD,ONLINE,2025-06-08 12:01:00
CUST001187,Divya,Nguyen,divya.nguyen1187@example.com,+61 415870689,Gold Coast,QLD,4082,SILVER,ONLINE,2025-04-13 04:40:00
CUST001188,Tom,Nguyen,tom.nguyen1188@example.com,+61 424272571,Melbourne,VIC,7443,BRONZE,ONLINE,2025-03-10 04:30:00
CUST001189,Yara,Das,yara.das1189@example.com,+61 431896876,Darwin,NT,5518,BRONZE,B2B,2025-02-14 07:03:00
CUST001190,Ravi,Lee,ravi.lee1190@example.com,+61 482962489,Gold Coast,QLD,4008,GOLD,ONLINE,2025-01-18 17:18:00
CUST001191,Divya,Khan,divya.khan1191@example.com,+61 429036775,Canberra,ACT,3009,SILVER,ONLINE,2025-03-23 13:24:00
CUST001192,Ethan,Sharma,ethan.sharma1192@example.com,+61 448499846,Gold Coast,QLD,4850,NONE,ONLINE,2025-08-05 05:07:00
CUST001193,Hana,Wang,hana.wang1193@example.com,+61 457957055,Adelaide,SA,3624,BRONZE,ONLINE,2025-05-30 02:57:00
CUST001194,Bella,Harris,bella.harris1194@example.com,+61 433899852,Brisbane,QLD,6511,BRONZE,STORE,2025-11-09 13:09:00
CUST001195,Hugo,Wilson,hugo.wilson1195@example.com,+61 448521233,Newcastle,NSW,5853,GOLD,MARKETPLACE,2025-08-09 21:23:00
CUST001196,Ines,Lee,ines.lee1196@example.com,+61 420250139,Wollongong,NSW,3017,SILVER,STORE,2025-05-09 04:24:00
CUST001197,Olivia,Thompson,olivia.thompson1197@example.com,+61 425188619,Sydney,NSW,7733,NONE,MARKETPLACE,2025-02-09 02:20:00
CUST001198,Ethan,Singh,ethan.singh1198@example.com,+61 457326346,Canberra,ACT,5615,NONE,B2B,2025-07-31 22:26:00
CUST001199,Tom,Chen,tom.chen1199@example.com,+61 497772249,Brisbane,QLD,5014,NONE,B2B,2025-09-04 15:34:00
CUST001200,Ravi,Thompson,ravi.thompson1200@example.com,+61 481969231,Geelong,VIC,4885,NONE,ONLINE,2025-09-20 22:26:00
CUST000011,Chen,Taylor,chen.taylor11@example.com,+61 452235350,Newcastle,NSW,4741,NONE,B2B,2025-10-22 14:09:00
