snapshot_id,snapshot_date,store_id,product_id,qty_on_hand,qty_reserved,qty_on_order,reorder_point
INV0000001,2025-12-19,STOR0044,PROD00084,33,25,34,57
INV0000002,2025-12-23,STOR0041,PROD00022,68,13,59,16
INV0000003,2025-12-05,STOR0049,PROD00245,121,5,139,113
INV0000004,2025-12-26,STOR0001,PROD00082,171,6,32,52
INV0000005,2025-12-10,STOR0045,PROD00040,548,2,151,31
INV0000006,2025-12-26,STOR0060,PROD00117,337,36,147,57
INV0000007,2025-12-23,STOR0002,PROD00116,49,35,184,33
INV0000008,2025-12-27,STOR0041,PROD00429,472,30,75,27
INV0000009,2025-12-30,STOR0032,PROD00499,439,48,93,47
INV0000010,2025-12-10,STOR0057,PROD00078,544,32,17,42
INV0000011,2025-12-13,STOR0055,PROD00417,708,32,82,80
INV0000012,2025-12-03,STOR0033,PROD00083,200,7,131,83
INV0000013,2025-12-25,STOR0050,PROD00494,647,9,141,115
INV0000014,2025-12-09,STOR0040,PROD00085,466,5,34,33
INV0000015,2025-12-07,STOR0037,PROD00374,590,48,46,105
INV0000016,2025-12-11,STOR0005,PROD00008,660,44,17,59
INV0000017,2025-12-09,STOR0055,PROD00297,438,38,91,46
INV0000018,2025-12-06,STOR0001,PROD00112,568,10,72,83
INV0000019,2025-12-06,STOR0013,PROD00272,526,21,91,104
INV0000020,2025-12-18,STOR0006,PROD00034,202,29,104,72
INV0000021,2025-12-06,STOR0025,PROD00230,362,44,87,115
INV0000022,2025-12-24,STOR0018,PROD00452,317,11,88,46
INV0000023,2025-12-14,STOR0030,PROD00250,540,23,154,101
INV0000024,2025-12-05,STOR0041,PROD00229,322,28,103,86
INV0000025,2025-12-06,STOR0031,PROD00302,638,2,112,19
INV0000026,2025-12-23,STOR0006,PROD00494,184,20,6,86
INV0000027,2025-12-03,STOR0001,PROD00008,212,4,45,64
INV0000028,2025-12-24,STOR0030,PROD00295,431,44,44,73
INV0000029,2025-12-24,STOR0003,PROD00258,634,4,122,19
INV0000030,2025-12-26,STOR0008,PROD00145,183,37,32,70
INV0000031,2025-12-25,STOR0052,PROD00153,679,34,118,76
INV0000032,2025-12-11,STOR0018,PROD00097,438,50,44,118
INV0000033,2025-12-05,STOR0060,PROD00413,404,5,13,32
INV0000034,2025-12-06,STOR0047,PROD00355,742,15,167,85
INV0000035,2025-12-11,STOR0014,PROD00095,557,50,187,62
INV0000036,2025-12-13,STOR0060,PROD00277,105,14,138,19
INV0000037,2025-12-24,STOR0053,PROD00215,32,28,141,50
INV0000038,2025-12-24,STOR0026,PROD00223,291,5,180,115
INV0000039,2025-12-13,STOR0008,PROD00177,322,47,139,46
INV0000040,2025-12-30,STOR0051,PROD00109,525,17,150,111
INV0000041,2025-12-16,STOR0039,PROD00042,582,16,89,44
INV0000042,2025-12-11,STOR0015,PROD00307,390,50,41,74
INV0000043,2025-12-27,STOR0006,PROD00496,350,8,125,110
INV0000044,2025-12-26,STOR0032,PROD00276,4,4,103,95
INV0000045,2025-12-30,STOR0058,PROD00369,784,24,86,78
INV0000046,2025-12-06,STOR0005,PROD00281,442,41,158,88
INV0000047,2025-12-18,STOR0051,PROD00364,45,20,194,58
INV0000048,2025-12-29,STOR0016,PROD00301,481,44,26,105
INV0000049,2026-01-01,STOR0039,PROD00440,363,2,187,24
INV0000050,2025-12-14,STOR0052,PROD00085,410,13,64,35
INV0000051,2025-12-06,STOR0041,PROD00196,722,31,162,95
INV0000052,2025-12-22,STOR0040,PROD00397,785,33,39,48
INV0000053,2025-12-18,STOR0006,PROD00346,537,4,68,81
INV0000054,2025-12-03,STOR0008,PROD00205,797,18,86,48
INV0000055,2025-12-14,STOR0006,PROD00333,192,26,24,91
INV0000056,2025-12-10,STOR0020,PROD00053,705,29,15,16
INV0000057,2025-12-05,STOR0015,PROD00090,706,16,45,37
INV0000058,2026-01-01,STOR0022,PROD00139,242,26,141,39
INV0000059,2025-12-15,STOR0017,PROD00322,665,35,70,113
INV0000060,2025-12-13,STOR0021,PROD00485,385,8,164,77
INV0000061,2025-12-12,STOR0026,PROD00146,367,12,131,118
INV0000062,2025-12-15,STOR0029,PROD00361,169,31,126,70
INV0000063,2025-12-03,STOR0023,PROD00210,442,18,30,101
INV0000064,2025-12-28,STOR0024,PROD00235,415,4,35,63
INV0000065,2025-12-09,STOR0027,PROD00451,721,2,74,53
INV0000066,2025-12-12,STOR0027,PROD00025,570,30,61,94
INV0000067,2025-12-27,STOR0060,PROD00283,323,47,145,55
INV0000068,2025-12-13,STOR0002,PROD00375,433,43,39,52
INV0000069,2025-12-19,STOR0016,PROD00135,420,36,146,38
INV0000070,2025-12-16,STOR0044,PROD00104,500,10,3,89
INV0000071,2025-12-04,STOR0031,PROD00132,514,24,137,87
INV0000072,2025-12-11,STOR0034,PROD00339,653,19,114,82
INV0000073,2025-12-15,STOR0006,PROD00459,66,34,152,72
INV0000074,2025-12-29,STOR0052,PROD00045,164,48,159,62
INV0000075,2025-12-21,STOR0051,PROD00014,170,25,16,85
INV0000076,2025-12-14,STOR0044,PROD00051,329,33,159,43
INV0000077,2025-12-02,STOR0057,PROD00478,339,0,69,29
INV0000078,2025-12-08,STOR0058,PROD00283,283,34,27,53
INV0000079,2025-12-19,STOR0011,PROD00251,30,15,131,105
INV0000080,2025-12-17,STOR0002,PROD00161,697,2,20,92
INV0000081,2026-01-01,STOR0005,PROD00332,658,16,7,57
INV0000082,2025-12-08,STOR0038,PROD00463,238,4,177,90
INV0000083,2025-12-02,STOR0017,PROD00140,362,11,14,21
INV0000084,2025-12-30,STOR0056,PROD00273,469,11,126,12
INV0000085,2025-12-09,STOR0032,PROD00197,724,44,85,118
INV0000086,2025-12-03,STOR0019,PROD00255,165,0,125,94
INV0000087,2025-12-21,STOR0006,PROD00061,425,20,154,117
INV0000088,2025-12-09,STOR0050,PROD00190,54,23,56,31
INV0000089,2025-12-03,STOR0048,PROD00322,788,34,191,84
INV0000090,2025-12-09,STOR0037,PROD00111,110,11,95,105
INV0000091,2025-12-16,STOR0035,PROD00237,692,50,5,14
INV0000092,2025-12-23,STOR0043,PROD00286,101,12,104,33
INV0000093,2025-12-03,STOR0015,PROD00383,649,33,0,61
INV0000094,2025-12-30,STOR0055,PROD00091,142,31,92,20
INV0000095,2025-12-02,STOR0038,PROD00424,100,28,165,40
INV0000096,2025-12-05,STOR0026,PROD00252,286,2,1,33
INV0000097,2026-01-01,STOR0013,PROD00215,545,1,48,90
INV0000098,2025-12-10,STOR0015,PROD00097,497,50,175,78
INV0000099,2025-12-05,STOR0041,PROD00126,216,20,199,119
INV0000100,2025-12-07,STOR0047,PROD00328,689,5,28,116
INV0000101,2025-12-14,STOR0017,PROD00014,500,34,38,60
INV0000102,2025-12-27,STOR0027,PROD00389,228,50,72,51
INV0000103,2025-12-05,STOR0030,PROD00076,163,50,27,43
INV0000104,2025-12-08,STOR0012,PROD00151,734,13,165,34
INV0000105,2025-12-20,STOR0002,PROD00029,296,16,92,56
INV0000106,2025-12-23,STOR0053,PROD00031,206,33,108,93
INV0000107,2025-12-20,STOR0015,PROD00155,755,11,125,38
INV0000108,2025-12-18,STOR0030,PROD00241,309,8,85,83
INV0000109,2025-12-24,STOR0050,PROD00444,772,44,45,26
INV0000110,2025-12-06,STOR0050,PROD00380,624,22,7,57
INV0000111,2025-12-21,STOR0038,PROD00004,65,0,10,32
INV0000112,2025-12-09,STOR0056,PROD00168,328,30,74,46
INV0000113,2025-12-21,STOR0011,PROD00279,722,43,178,52
INV0000114,2025-12-10,STOR0050,PROD00355,379,37,121,106
INV0000115,2025-12-06,STOR0017,PROD00213,597,34,26,22
INV0000116,2025-12-21,STOR0016,PROD00226,779,3,109,88
INV0000117,2025-12-12,STOR0051,PROD00069,230,39,11,36
INV0000118,2025-12-20,STOR0049,PROD00096,444,3,91,96
INV0000119,2025-12-28,STOR0013,PROD00372,459,11,185,68
INV0000120,2025-12-28,STOR0002,PROD00303,320,28,88,71
INV0000121,2025-12-02,STOR0008,PROD00347,598,34,47,19
INV0000122,2025-12-10,STOR0042,PROD00083,218,2,123,72
INV0000123,2025-12-14,STOR0047,PROD00148,716,45,144,80
INV0000124,2025-12-06,STOR0013,PROD00456,506,46,125,106
INV0000125,2025-12-26,STOR0011,PROD00490,546,23,147,63
INV0000126,2025-12-13,STOR0047,PROD00097,220,2,24,114
INV0000127,2025-12-14,STOR0027,PROD00305,72,9,35,14
INV0000128,2025-12-12,STOR0055,PROD00209,767,13,6,116
INV0000129,2025-12-06,STOR0009,PROD00112,208,5,184,18
INV0000130,2025-12-16,STOR0043,PROD00443,119,23,59,31
INV0000131,2025-12-09,STOR0031,PROD00348,693,8,88,56
INV0000132,2025-12-22,STOR0017,PROD00264,747,48,26,110
INV0000133,2025-12-18,STOR0002,PROD00226,463,40,22,51
INV0000134,2025-12-31,STOR0006,PROD00062,759,23,157,34
INV0000135,2025-12-16,STOR0058,PROD00285,573,5,0,73
INV0000136,2025-12-06,STOR0038,PROD00054,106,0,43,119
INV0000137,2025-12-08,STOR0040,PROD00010,99,45,122,45
INV0000138,2025-12-07,STOR0015,PROD00188,590,5,92,106
INV0000139,2025-12-29,STOR0022,PROD00428,501,25,54,61
INV0000140,2025-12-22,STOR0034,PROD00281,423,26,29,89
INV0000141,2025-12-24,STOR0053,PROD00494,40,10,29,116
INV0000142,2025-12-23,STOR0055,PROD00447,774,33,191,99
INV0000143,2025-12-28,STOR0008,PROD00419,491,21,33,13
INV0000144,2026-01-01,STOR0048,PROD00467,613,7,123,18
INV0000145,2025-12-07,STOR0019,PROD00355,188,20,182,114
INV0000146,2025-12-26,STOR0013,PROD00171,651,1,37,82
INV0000147,2025-12-05,STOR0060,PROD00207,777,48,111,26
INV0000148,2026-01-01,STOR0048,PROD00145,570,0,74,105
INV0000149,2025-12-14,STOR0008,PROD00468,1,1,161,24
INV0000150,2025-12-02,STOR0037,PROD00433,373,2,158,54
INV0000151,2025-12-17,STOR0054,PROD00119,786,8,20,110
INV0000152,2025-12-31,STOR0051,PROD00469,652,48,158,105
INV0000153,2025-12-23,STOR0050,PROD00417,313,10,129,109
INV0000154,2025-12-07,STOR0030,PROD00099,180,0,186,76
INV0000155,2025-12-02,STOR0031,PROD00367,300,44,37,18
INV0000156,2025-12-18,STOR0057,PROD00377,790,1,102,89
INV0000157,2025-12-03,STOR0044,PROD00016,461,37,170,83
INV0000158,2025-12-22,STOR0008,PROD00397,691,12,184,46
INV0000159,2025-12-29,STOR0058,PROD00181,456,11,147,13
INV0000160,2025-12-23,STOR0052,PROD00382,124,25,190,27
INV0000161,2025-12-21,STOR0001,PROD00006,597,38,17,56
INV0000162,2025-12-28,STOR0059,PROD00238,31,7,45,101
INV0000163,2025-12-26,STOR0015,PROD00014,253,22,102,101
INV0000164,2025-12-19,STOR0018,PROD00355,23,8,157,116
INV0000165,2025-12-25,STOR0035,PROD00242,767,17,181,50
INV0000166,2025-12-15,STOR0041,PROD00196,13,7,63,56
INV0000167,2025-12-02,STOR0055,PROD00011,201,38,173,49
INV0000168,2025-12-10,STOR0060,PROD00052,649,47,86,40
INV0000169,2025-12-09,STOR0056,PROD00098,71,2,146,74
INV0000170,2025-12-11,STOR0045,PROD00422,669,32,54,79
INV0000171,2025-12-25,STOR0035,PROD00279,774,43,190,110
INV0000172,2025-12-30,STOR0014,PROD00437,534,7,182,92
INV0000173,2025-12-30,STOR0032,PROD00026,541,12,32,51
INV0000174,2025-12-30,STOR0044,PROD00403,419,29,70,82
INV0000175,2025-12-11,STOR0044,PROD00429,615,49,123,54
INV0000176,2025-12-08,STOR0032,PROD00340,322,10,194,32
INV0000177,2025-12-19,STOR0060,PROD00025,346,11,38,21
INV0000178,2025-12-06,STOR0021,PROD00473,567,30,190,58
INV0000179,2025-12-24,STOR0006,PROD00328,555,43,158,14
INV0000180,2025-12-24,STOR0030,PROD00272,125,38,65,83
INV0000181,2025-12-22,STOR0036,PROD00091,514,7,127,80
INV0000182,2025-12-22,STOR0006,PROD00230,68,36,75,120
INV0000183,2025-12-30,STOR0058,PROD00367,142,3,90,114
INV0000184,2025-12-25,STOR0004,PROD00145,407,11,127,61
INV0000185,2025-12-19,STOR0037,PROD00068,545,37,189,17
INV0000186,2025-12-25,STOR0033,PROD00026,778,48,51,113
INV0000187,2025-12-18,STOR0004,PROD00020,31,16,70,30
INV0000188,2025-12-21,STOR0060,PROD00092,132,34,132,50
INV0000189,2025-12-10,STOR0005,PROD00359,212,35,154,92
INV0000190,2025-12-06,STOR0017,PROD00050,571,21,113,97
INV0000191,2025-12-26,STOR0001,PROD00204,37,6,151,12
INV0000192,2026-01-01,STOR0002,PROD00070,542,50,100,10
INV0000193,2025-12-07,STOR0045,PROD00457,232,16,122,11
INV0000194,2025-12-07,STOR0007,PROD00292,373,17,124,63
INV0000195,2025-12-19,STOR0011,PROD00471,596,32,190,26
INV0000196,2025-12-04,STOR0032,PROD00149,111,50,152,88
INV0000197,2025-12-08,STOR0017,PROD00360,41,9,99,118
INV0000198,2025-12-25,STOR0007,PROD00444,218,12,175,73
INV0000199,2026-01-01,STOR0029,PROD00121,507,46,155,58
INV0000200,2025-12-27,STOR0005,PROD00036,704,22,154,77
INV0000201,2025-12-05,STOR0008,PROD00414,695,49,150,109
INV0000202,2025-12-05,STOR0060,PROD00500,686,14,85,40
INV0000203,2025-12-21,STOR0018,PROD00160,243,18,169,45
INV0000204,2025-12-20,STOR0054,PROD00276,305,1,69,70
INV0000205,2025-12-17,STOR0019,PROD00128,86,38,12,39
INV0000206,2025-12-25,STOR0060,PROD00428,455,15,138,32
INV0000207,2025-12-17,STOR0033,PROD00394,587,10,188,26
INV0000208,2025-12-20,STOR0035,PROD00313,669,5,58,100
INV0000209,2025-12-12,STOR0015,PROD00391,719,30,176,44
INV0000210,2025-12-11,STOR0056,PROD00492,414,14,105,117
INV0000211,2025-12-24,STOR0034,PROD00348,699,3,91,69
INV0000212,2025-12-08,STOR0038,PROD00007,622,23,21,106
INV0000213,2025-12-27,STOR0048,PROD00049,790,41,50,77
INV0000214,2025-12-15,STOR0017,PROD00418,81,10,77,75
INV0000215,2025-12-31,STOR0028,PROD00356,228,22,147,68
INV0000216,2025-12-13,STOR0013,PROD00107,577,41,52,117
INV0000217,2025-12-28,STOR0029,PROD00412,492,41,16,100
INV0000218,2025-12-30,STOR0043,PROD00451,326,27,38,18
INV0000219,2025-12-18,STOR0026,PROD00350,204,39,121,43
INV0000220,2025-12-04,STOR0033,PROD00168,404,40,59,65
INV0000221,2025-12-20,STOR0038,PROD00426,504,3,130,106
INV0000222,2025-12-05,STOR0005,PROD00149,596,31,15,89
INV0000223,2025-12-12,STOR0017,PROD00036,233,33,135,58
INV0000224,2025-12-08,STOR0052,PROD00309,194,20,163,73
INV0000225,2026-01-01,STOR0011,PROD00457,680,4,79,112
INV0000226,2025-12-23,STOR0004,PROD00226,485,45,190,114
INV0000227,2025-12-02,STOR0006,PROD00376,407,25,25,106
INV0000228,2025-12-18,STOR0057,PROD00136,426,33,52,19
INV0000229,2025-12-23,STOR0006,PROD00499,388,14,122,108
INV0000230,2025-12-02,STOR0042,PROD00460,238,10,51,87
INV0000231,2025-12-12,STOR0001,PROD00231,238,11,98,33
INV0000232,2025-12-10,STOR0009,PROD00107,226,36,165,108
INV0000233,2025-12-20,STOR0013,PROD00297,319,11,84,23
INV0000234,2025-12-04,STOR0034,PROD00284,759,33,7,54
INV0000235,2025-12-12,STOR0021,PROD00033,572,38,37,11
INV0000236,2025-12-08,STOR0059,PROD00226,711,32,183,66
INV0000237,2025-12-28,STOR0015,PROD00282,149,18,22,112
INV0000238,2025-12-08,STOR0018,PROD00187,474,4,119,33
INV0000239,2025-12-03,STOR0044,PROD00473,181,5,94,56
INV0000240,2025-12-30,STOR0059,PROD00149,391,21,97,71
INV0000241,2025-12-29,STOR0058,PROD00461,777,45,124,95
INV0000242,2025-12-20,STOR0049,PROD00500,340,32,102,12
INV0000243,2025-12-14,STOR0059,PROD00291,649,42,52,13
INV0000244,2025-12-25,STOR0013,PROD00280,57,30,35,29
INV0000245,2025-12-09,STOR0053,PROD00379,744,3,45,78
INV0000246,2025-12-11,STOR0019,PROD00078,13,0,11,24
INV0000247,2025-12-13,STOR0024,PROD00354,719,14,159,52
INV0000248,2026-01-01,STOR0022,PROD00092,450,43,168,18
INV0000249,2025-12-13,STOR0053,PROD00141,607,40,192,52
INV0000250,2025-12-16,STOR0052,PROD00036,285,27,193,108
INV0000251,2026-01-01,STOR0052,PROD00280,34,30,129,76
INV0000252,2025-12-13,STOR0047,PROD00228,397,5,114,35
INV0000253,2025-12-11,STOR0005,PROD00498,722,11,41,16
INV0000254,2025-12-17,STOR0016,PROD00245,46,45,193,102
INV0000255,2025-12-25,STOR0005,PROD00174,518,2,192,60
INV0000256,2026-01-01,STOR0030,PROD00475,502,34,195,54
INV0000257,2025-12-29,STOR0019,PROD00424,457,16,9,86
INV0000258,2025-12-07,STOR0025,PROD00465,770,17,72,36
INV0000259,2025-12-03,STOR0011,PROD00195,214,38,96,101
INV0000260,2025-12-25,STOR0042,PROD00426,229,36,66,61
INV0000261,2025-12-13,STOR0004,PROD00069,34,6,117,115
INV0000262,2025-12-31,STOR0055,PROD00238,708,39,13,107
INV0000263,2025-12-23,STOR0040,PROD00400,38,33,126,62
INV0000264,2025-12-09,STOR0033,PROD00396,452,7,121,109
INV0000265,2025-12-22,STOR0007,PROD00150,495,38,97,64
INV0000266,2025-12-27,STOR0038,PROD00421,390,26,29,79
INV0000267,2025-12-13,STOR0055,PROD00384,485,19,149,113
INV0000268,2025-12-08,STOR0055,PROD00344,300,41,54,109
INV0000269,2025-12-22,STOR0013,PROD00209,253,47,104,38
INV0000270,2025-12-05,STOR0033,PROD00249,519,18,173,115
INV0000271,2025-12-10,STOR0041,PROD00307,243,32,167,102
INV0000272,2025-12-29,STOR0024,PROD00340,346,8,18,72
INV0000273,2025-12-02,STOR0001,PROD00422,401,41,145,90
INV0000274,2025-12-14,STOR0015,PROD00028,189,48,13,110
INV0000275,2025-12-14,STOR0009,PROD00363,326,15,150,98
INV0000276,2025-12-31,STOR0040,PROD00036,182,48,148,25
INV0000277,2025-12-21,STOR0054,PROD00432,261,28,107,90
INV0000278,2025-12-29,STOR0025,PROD00172,262,21,61,78
INV0000279,2025-12-30,STOR0009,PROD00440,225,48,92,102
INV0000280,2025-12-31,STOR0044,PROD00436,271,40,101,90
INV0000281,2025-12-29,STOR0049,PROD00085,612,47,48,19
INV0000282,2025-12-15,STOR0012,PROD00480,240,47,190,94
INV0000283,2025-12-30,STOR0007,PROD00147,691,40,171,93
INV0000284,2025-12-23,STOR0037,PROD00496,680,41,60,18
INV0000285,2025-12-27,STOR0036,PROD00328,414,1,157,76
INV0000286,2025-12-21,STOR0031,PROD00212,634,4,24,51
INV0000287,2025-12-18,STOR0012,PROD00177,628,32,51,16
INV0000288,2025-12-23,STOR0023,PROD00291,517,42,111,34
INV0000289,2025-12-24,STOR0050,PROD00155,222,36,19,52
INV0000290,2025-12-14,STOR0015,PROD00407,259,27,24,111
INV0000291,2025-12-23,STOR0010,PROD00165,541,49,139,33
INV0000292,2025-12-17,STOR0044,PROD00039,333,46,43,80
INV0000293,2025-12-08,STOR0045,PROD00378,424,37,112,20
INV0000294,2025-12-22,STOR0036,PROD00170,597,3,77,91
INV0000295,2025-12-09,STOR0055,PROD00369,154,26,89,90
INV0000296,2025-12-15,STOR0056,PROD00145,489,43,144,15
INV0000297,2025-12-15,STOR0014,PROD00450,662,26,80,84
INV0000298,2025-12-30,STOR0002,PROD00361,18,0,45,77
INV0000299,2025-12-28,STOR0026,PROD00462,107,8,48,38
INV0000300,2025-12-23,STOR0035,PROD00348,537,14,138,63
INV0000301,2025-12-15,STOR0007,PROD00246,609,47,70,88
INV0000302,2025-12-02,STOR0054,PROD00182,313,34,51,26
INV0000303,2025-12-17,STOR0046,PROD00100,275,39,117,40
INV0000304,2025-12-19,STOR0058,PROD00379,764,9,1,86
INV0000305,2026-01-01,STOR0049,PROD00138,47,3,29,115
INV0000306,2025-12-11,STOR0010,PROD00343,269,14,81,113
INV0000307,2025-12-28,STOR0057,PROD00135,438,24,95,33
INV0000308,2025-12-19,STOR0026,PROD00279,271,17,163,107
INV0000309,2025-12-20,STOR0033,PROD00474,384,40,14,42
INV0000310,2025-12-13,STOR0034,PROD00139,470,27,125,74
INV0000311,2025-12-14,STOR0019,PROD00398,571,47,76,112
INV0000312,2025-12-28,STOR0018,PROD00123,739,23,186,92
INV0000313,2025-12-29,STOR0001,PROD00311,647,31,167,104
INV0000314,2025-12-29,STOR0049,PROD00452,149,22,133,119
INV0000315,2025-12-29,STOR0022,PROD00103,314,27,27,69
INV0000316,2025-12-09,STOR0011,PROD00421,195,47,32,46
INV0000317,2025-12-23,STOR0013,PROD00178,581,11,89,29
INV0000318,2025-12-27,STOR0035,PROD00030,126,21,68,11
INV0000319,2025-12-23,STOR0050,PROD00217,143,29,161,54
INV0000320,2025-12-04,STOR0030,PROD00405,587,40,67,66
INV0000321,2025-12-08,STOR0049,PROD00276,295,40,86,100
INV0000322,2025-12-24,STOR0024,PROD00330,224,34,7,78
INV0000323,2025-12-27,STOR0035,PROD00278,62,23,24,96
INV0000324,2025-12-30,STOR0057,PROD00125,341,31,188,60
INV0000325,2025-12-20,STOR0023,PROD00054,737,34,193,118
INV0000326,2025-12-30,STOR0003,PROD00391,597,24,157,69
INV0000327,2025-12-08,STOR0021,PROD00216,726,37,171,26
INV0000328,2025-12-31,STOR0033,PROD00227,190,30,105,79
INV0000329,2025-12-24,STOR0004,PROD00053,339,17,145,108
INV0000330,2025-12-05,STOR0023,PROD00342,755,43,3,30
INV0000331,2025-12-18,STOR0039,PROD00383,661,2,126,102
INV0000332,2025-12-30,STOR0006,PROD00209,108,47,25,112
INV0000333,2025-12-17,STOR0052,PROD00088,46,13,30,88
INV0000334,2025-12-15,STOR0019,PROD00450,455,40,134,83
INV0000335,2025-12-20,STOR0057,PROD00485,75,30,168,114
INV0000336,2025-12-23,STOR0007,PROD00188,353,22,22,15
INV0000337,2025-12-27,STOR0001,PROD00219,386,42,155,25
INV0000338,2025-12-09,STOR0056,PROD00251,143,12,119,114
INV0000339,2025-12-02,STOR0052,PROD00348,424,27,66,58
INV0000340,2025-12-17,STOR0020,PROD00431,494,49,13,91
INV0000341,2025-12-07,STOR0036,PROD00499,508,32,1,29
INV0000342,2025-12-03,STOR0026,PROD00385,478,43,130,110
INV0000343,2025-12-05,STOR0037,PROD00293,473,5,8,93
INV0000344,2025-12-28,STOR0058,PROD00490,275,2,55,25
INV0000345,2025-12-17,STOR0044,PROD00020,724,10,43,79
INV0000346,2025-12-19,STOR0058,PROD00294,215,34,54,77
INV0000347,2025-12-06,STOR0019,PROD00321,325,14,137,57
INV0000348,2025-12-24,STOR0039,PROD00306,385,24,138,114
INV0000349,2025-12-14,STOR0028,PROD00046,538,16,87,34
INV0000350,2025-12-03,STOR0050,PROD00382,702,19,90,72
INV0000351,2025-12-10,STOR0019,PROD00089,466,16,175,54
INV0000352,2025-12-14,STOR0005,PROD00249,32,4,154,116
INV0000353,2025-12-07,STOR0057,PROD00493,106,14,30,77
INV0000354,2025-12-05,STOR0056,PROD00010,460,44,91,44
INV0000355,2025-12-08,STOR0011,PROD00078,541,36,114,71
INV0000356,2025-12-18,STOR0045,PROD00265,571,36,191,79
INV0000357,2026-01-01,STOR0014,PROD00389,15,7,174,93
INV0000358,2025-12-20,STOR0037,PROD00317,533,23,145,103
INV0000359,2025-12-23,STOR0055,PROD00260,355,15,89,40
INV0000360,2025-12-30,STOR0013,PROD00136,67,0,112,65
INV0000361,2025-12-28,STOR0002,PROD00463,740,37,134,44
INV0000362,2025-12-21,STOR0012,PROD00266,199,28,194,37
INV0000363,2025-12-02,STOR0054,PROD00126,702,16,177,99
INV0000364,2025-12-29,STOR0015,PROD00347,214,1,47,115
INV0000365,2025-12-31,STOR0059,PROD00274,42,25,29,59
INV0000366,2025-12-11,STOR0056,PROD00354,780,43,92,14
INV0000367,2025-12-04,STOR0058,PROD00215,523,10,116,55
INV0000368,2025-12-20,STOR0034,PROD00003,783,33,20,102
INV0000369,2025-12-11,STOR0014,PROD00402,678,14,74,42
INV0000370,2025-12-19,STOR0052,PROD00477,82,29,181,47
INV0000371,2025-12-15,STOR0042,PROD00214,548,43,119,27
INV0000372,2025-12-03,STOR0015,PROD00086,277,8,45,54
INV0000373,2025-12-28,STOR0014,PROD00351,690,45,2,38
INV0000374,2025-12-04,STOR0004,PROD00481,364,13,119,46
INV0000375,2025-12-07,STOR0011,PROD00473,380,50,15,12
INV0000376,2025-12-27,STOR0044,PROD00313,247,0,199,46
INV0000377,2025-12-10,STOR0030,PROD00191,749,21,120,29
INV0000378,2025-12-07,STOR0048,PROD00252,179,50,118,120
INV0000379,2025-12-07,STOR0035,PROD00405,99,49,89,54
INV0000380,2025-12-03,STOR0029,PROD00083,503,46,184,98
INV0000381,2025-12-12,STOR0006,PROD00409,198,33,127,56
INV0000382,2025-12-28,STOR0026,PROD00124,124,24,163,69
INV0000383,2025-12-19,STOR0057,PROD00304,11,4,96,86
INV0000384,2025-12-25,STOR0057,PROD00431,688,18,145,102
INV0000385,2025-12-10,STOR0029,PROD00043,605,28,198,67
INV0000386,2025-12-04,STOR0012,PROD00030,786,20,60,93
INV0000387,2025-12-08,STOR0022,PROD00201,192,4,59,54
INV0000388,2025-12-30,STOR0028,PROD00491,455,47,163,117
INV0000389,2025-12-15,STOR0002,PROD00356,29,0,198,117
INV0000390,2025-12-18,STOR0040,PROD00338,536,31,169,110
INV0000391,2025-12-29,STOR0013,PROD00170,306,2,44,58
INV0000392,2025-12-04,STOR0043,PROD00365,184,25,102,113
INV0000393,2025-12-22,STOR0054,PROD00492,678,28,135,57
INV0000394,2025-12-31,STOR0002,PROD00443,60,10,162,44
INV0000395,2025-12-07,STOR0037,PROD00234,271,37,81,79
INV0000396,2026-01-01,STOR0054,PROD00105,699,0,36,95
INV0000397,2025-12-11,STOR0058,PROD00287,72,43,199,40
INV0000398,2026-01-01,STOR0030,PROD00331,30,27,131,64
INV0000399,2025-12-12,STOR0019,PROD00257,362,49,30,56
INV0000400,2025-12-15,STOR0055,PROD00184,597,44,14,34
INV0000401,2025-12-23,STOR0046,PROD00051,71,47,6,84
INV0000402,2025-12-31,STOR0015,PROD00128,765,20,26,48
INV0000403,2025-12-02,STOR0047,PROD00114,728,1,87,10
INV0000404,2025-12-22,STOR0060,PROD00198,642,46,116,32
INV0000405,2025-12-30,STOR0057,PROD00460,460,10,147,39
INV0000406,2025-12-05,STOR0002,PROD00055,80,26,139,34
INV0000407,2025-12-31,STOR0054,PROD00264,471,0,8,117
INV0000408,2025-12-04,STOR0025,PROD00285,255,50,73,58
INV0000409,2025-12-26,STOR0060,PROD00367,138,38,53,87
INV0000410,2025-12-14,STOR0022,PROD00480,374,39,34,109
INV0000411,2025-12-10,STOR0053,PROD00404,651,14,19,95
INV0000412,2025-12-10,STOR0042,PROD00049,66,36,180,52
INV0000413,2025-12-08,STOR0009,PROD00214,444,23,177,17
INV0000414,2025-12-15,STOR0005,PROD00340,514,1,34,84
INV0000415,2025-12-17,STOR0042,PROD00042,209,36,121,86
INV0000416,2025-12-03,STOR0023,PROD00362,517,11,167,27
INV0000417,2025-12-13,STOR0047,PROD00305,430,28,70,100
INV0000418,2025-12-22,STOR0040,PROD00310,417,42,152,51
INV0000419,2025-12-08,STOR0004,PROD00126,130,27,126,23
INV0000420,2025-12-22,STOR0043,PROD00372,257,43,83,113
INV0000421,2025-12-18,STOR0036,PROD00315,477,13,110,39
INV0000422,2025-12-05,STOR0047,PROD00493,427,50,185,96
INV0000423,2025-12-27,STOR0060,PROD00123,175,8,46,77
INV0000424,2025-12-20,STOR0029,PROD00395,60,8,73,103
INV0000425,2025-12-25,STOR0057,PROD00496,39,38,6,57
INV0000426,2025-12-06,STOR0058,PROD00232,640,34,25,89
INV0000427,2025-12-05,STOR0014,PROD00357,111,1,48,55
INV0000428,2025-12-24,STOR0055,PROD00103,432,46,170,24
INV0000429,2025-12-11,STOR0031,PROD00094,359,16,180,82
INV0000430,2025-12-30,STOR0004,PROD00311,131,9,121,63
INV0000431,2025-12-28,STOR0043,PROD00255,648,30,96,36
INV0000432,2025-12-24,STOR0049,PROD00115,605,39,130,31
INV0000433,2025-12-27,STOR0053,PROD00449,73,13,179,56
INV0000434,2025-12-13,STOR0059,PROD00453,190,48,4,36
INV0000435,2025-12-17,STOR0006,PROD00157,210,6,13,15
INV0000436,2025-12-30,STOR0059,PROD00420,491,46,43,44
INV0000437,2025-12-06,STOR0001,PROD00037,662,20,11,107
INV0000438,2025-12-24,STOR0031,PROD00296,292,26,166,65
INV0000439,2025-12-24,STOR0016,PROD00161,366,35,197,103
INV0000440,2025-12-28,STOR0058,PROD00488,573,8,193,32
INV0000441,2025-12-31,STOR0010,PROD00287,777,20,8,48
INV0000442,2025-12-15,STOR0060,PROD00480,739,8,186,92
INV0000443,2025-12-30,STOR0057,PROD00228,159,24,76,94
INV0000444,2025-12-29,STOR0050,PROD00116,755,0,183,65
INV0000445,2025-12-02,STOR0015,PROD00433,67,47,98,102
INV0000446,2025-12-28,STOR0055,PROD00492,244,5,152,16
INV0000447,2025-12-12,STOR0049,PROD00354,623,15,72,28
INV0000448,2025-12-18,STOR0023,PROD00464,594,47,108,42
INV0000449,2025-12-23,STOR0051,PROD00248,751,24,53,36
INV0000450,2025-12-16,STOR0047,PROD00185,520,8,37,104
INV0000451,2025-12-19,STOR0044,PROD00378,582,29,123,78
INV0000452,2025-12-07,STOR0014,PROD00119,256,5,132,46
INV0000453,2025-12-06,STOR0009,PROD00199,350,3,159,10
INV0000454,2025-12-11,STOR0022,PROD00009,574,7,36,99
INV0000455,2025-12-29,STOR0012,PROD00168,448,46,150,78
INV0000456,2025-12-20,STOR0011,PROD00479,191,39,65,107
INV0000457,2025-12-28,STOR0011,PROD00450,187,7,126,62
INV0000458,2025-12-17,STOR0051,PROD00094,370,22,71,82
INV0000459,2025-12-06,STOR0032,PROD00248,497,35,82,65
INV0000460,2025-12-27,STOR0021,PROD00202,760,19,94,111
INV0000461,2025-12-29,STOR0001,PROD00219,494,21,79,25
INV0000462,2025-12-07,STOR0042,PROD00149,573,11,67,12
INV0000463,2025-12-22,STOR0003,PROD00160,245,17,95,29
INV0000464,2025-12-30,STOR0040,PROD00136,351,23,141,68
INV0000465,2025-12-27,STOR0007,PROD00308,657,19,149,101
INV0000466,2025-12-12,STOR0005,PROD00490,557,44,40,31
INV0000467,2025-12-15,STOR0018,PROD00470,492,17,123,71
INV0000468,2025-12-18,STOR0008,PROD00169,175,20,119,52
INV0000469,2025-12-30,STOR0008,PROD00266,498,6,94,108
INV0000470,2025-12-18,STOR0021,PROD00013,476,46,41,63
INV0000471,2025-12-26,STOR0029,PROD00420,534,42,56,64
INV0000472,2025-12-17,STOR0058,PROD00254,636,23,65,101
INV0000473,2025-12-23,STOR0041,PROD00324,633,11,155,78
INV0000474,2025-12-18,STOR0002,PROD00257,726,36,133,45
INV0000475,2025-12-17,STOR0002,PROD00354,153,49,7,94
INV0000476,2025-12-12,STOR0044,PROD00424,159,42,157,63
INV0000477,2025-12-07,STOR0040,PROD00089,509,39,29,20
INV0000478,2025-12-25,STOR0052,PROD00014,60,19,166,95
INV0000479,2025-12-10,STOR0001,PROD00137,0,0,176,67
INV0000480,2025-12-20,STOR0046,PROD00401,614,33,8,71
INV0000481,2025-12-02,STOR0032,PROD00274,747,20,28,43
INV0000482,2025-12-10,STOR0045,PROD00357,100,24,24,104
INV0000483,2025-12-16,STOR0009,PROD00389,800,43,91,93
INV0000484,2025-12-24,STOR0042,PROD00234,309,9,122,40
INV0000485,2025-12-22,STOR0059,PROD00180,483,8,67,97
INV0000486,2025-12-28,STOR0001,PROD00201,473,39,115,37
INV0000487,2025-12-19,STOR0049,PROD00432,686,4,174,55
INV0000488,2025-12-04,STOR0037,PROD00310,706,22,135,40
INV0000489,2026-01-01,STOR0055,PROD00197,705,12,180,70
INV0000490,2025-12-31,STOR0023,PROD00449,268,27,16,92
INV0000491,2025-12-15,STOR0055,PROD00432,235,30,123,22
INV0000492,2025-12-12,STOR0001,PROD00434,358,17,155,115
INV0000493,2025-12-07,STOR0015,PROD00436,47,13,131,23
INV0000494,2025-12-15,STOR0008,PROD00320,771,36,166,46
INV0000495,2025-12-28,STOR0032,PROD00389,458,16,45,23
INV0000496,2025-12-17,STOR0015,PROD00391,318,18,106,37
INV0000497,2025-12-21,STOR0054,PROD00230,106,40,31,79
INV0000498,2025-12-26,STOR0022,PROD00249,252,1,86,87
INV0000499,2025-12-20,STOR0008,PROD00357,228,13,185,27
INV0000500,2025-12-06,STOR0028,PROD00442,207,20,160,59
INV0000501,2025-12-03,STOR0042,PROD00162,794,5,63,99
INV0000502,2025-12-11,STOR0030,PROD00237,83,23,25,96
INV0000503,2025-12-09,STOR0009,PROD00385,8,7,171,50
INV0000504,2025-12-24,STOR0027,PROD00071,95,20,90,81
INV0000505,2025-12-03,STOR0051,PROD00350,666,13,110,12
INV0000506,2025-12-16,STOR0056,PROD00170,504,37,31,114
INV0000507,2025-12-05,STOR0020,PROD00378,91,8,85,47
INV0000508,2025-12-16,STOR0039,PROD00329,690,26,192,10
INV0000509,2025-12-07,STOR0022,PROD00334,23,4,3,116
INV0000510,2025-12-21,STOR0049,PROD00199,680,36,53,85
INV0000511,2025-12-12,STOR0038,PROD00006,326,14,161,56
INV0000512,2025-12-18,STOR0041,PROD00313,438,14,76,14
INV0000513,2025-12-06,STOR0029,PROD00299,103,38,143,57
INV0000514,2025-12-17,STOR0056,PROD00014,236,12,1,18
INV0000515,2025-12-25,STOR0003,PROD00049,290,40,50,99
INV0000516,2025-12-17,STOR0032,PROD00414,602,24,57,50
INV0000517,2025-12-02,STOR0035,PROD00207,503,7,120,90
INV0000518,2025-12-09,STOR0025,PROD00308,632,35,132,64
INV0000519,2025-12-31,STOR0059,PROD00284,785,37,117,12
INV0000520,2025-12-20,STOR0048,PROD00230,777,41,2,22
INV0000521,2025-12-04,STOR0044,PROD00228,743,29,106,59
INV0000522,2025-12-15,STOR0007,PROD00147,57,22,121,34
INV0000523,2025-12-02,STOR0058,PROD00176,545,12,131,107
INV0000524,2025-12-28,STOR0004,PROD00030,122,38,77,26
INV0000525,2025-12-14,STOR0052,PROD00159,434,41,85,102
INV0000526,2025-12-30,STOR0055,PROD00419,255,26,156,82
INV0000527,2026-01-01,STOR0051,PROD00096,361,44,53,16
INV0000528,2025-12-04,STOR0026,PROD00373,703,21,30,93
INV0000529,2025-12-26,STOR0004,PROD00252,391,32,170,28
INV0000530,2025-12-09,STOR0048,PROD00247,625,14,145,114
INV0000531,2025-12-30,STOR0019,PROD00060,380,22,145,82
INV0000532,2025-12-18,STOR0057,PROD00482,417,12,190,119
INV0000533,2025-12-21,STOR0040,PROD00056,741,35,107,44
INV0000534,2025-12-16,STOR0046,PROD00386,142,29,105,21
INV0000535,2025-12-12,STOR0047,PROD00384,484,49,62,21
INV0000536,2025-12-18,STOR0047,PROD00140,281,12,28,56
INV0000537,2025-12-24,STOR0030,PROD00242,320,22,33,111
INV0000538,2025-12-10,STOR0057,PROD00260,669,5,1,40
INV0000539,2025-12-22,STOR0041,PROD00196,202,15,61,28
INV0000540,2025-12-03,STOR0054,PROD00489,380,30,37,56
INV0000541,2025-12-16,STOR0034,PROD00366,399,8,105,12
INV0000542,2025-12-04,STOR0040,PROD00068,459,3,171,69
INV0000543,2025-12-12,STOR0012,PROD00387,314,35,169,120
INV0000544,2025-12-19,STOR0027,PROD00104,462,49,176,36
INV0000545,2025-12-12,STOR0047,PROD00172,438,24,98,61
INV0000546,2026-01-01,STOR0038,PROD00078,250,11,169,82
INV0000547,2025-12-05,STOR0034,PROD00244,642,46,108,111
INV0000548,2025-12-05,STOR0024,PROD00385,111,37,159,73
INV0000549,2025-12-11,STOR0056,PROD00056,173,39,67,99
INV0000550,2025-12-15,STOR0033,PROD00057,210,21,60,39
INV0000551,2025-12-05,STOR0001,PROD00303,574,21,102,98
INV0000552,2025-12-19,STOR0027,PROD00185,665,31,30,76
INV0000553,2025-12-09,STOR0012,PROD00473,589,50,2,108
INV0000554,2025-12-21,STOR0048,PROD00002,656,7,105,50
INV0000555,2025-12-02,STOR0034,PROD00095,93,33,70,14
INV0000556,2025-12-04,STOR0035,PROD00068,534,32,172,58
INV0000557,2025-12-27,STOR0059,PROD00441,10,5,15,64
INV0000558,2025-12-29,STOR0037,PROD00144,285,21,144,103
INV0000559,2025-12-03,STOR0045,PROD00391,260,27,15,85
INV0000560,2025-12-14,STOR0026,PROD00334,69,20,92,53
INV0000561,2025-12-19,STOR0037,PROD00211,495,31,150,26
INV0000562,2025-12-29,STOR0052,PROD00069,464,41,87,62
INV0000563,2025-12-21,STOR0027,PROD00225,681,7,134,69
INV0000564,2025-12-02,STOR0025,PROD00162,173,39,73,120
INV0000565,2025-12-15,STOR0013,PROD00318,615,24,76,11
INV0000566,2025-12-27,STOR0002,PROD00052,400,46,108,120
INV0000567,2025-12-15,STOR0057,PROD00269,332,40,89,47
INV0000568,2025-12-21,STOR0058,PROD00090,441,3,189,83
INV0000569,2025-12-28,STOR0056,PROD00498,426,19,7,120
INV0000570,2025-12-16,STOR0008,PROD00460,550,45,51,52
INV0000571,2025-12-13,STOR0015,PROD00112,130,31,53,28
INV0000572,2025-12-20,STOR0010,PROD00089,26,12,43,59
INV0000573,2025-12-20,STOR0026,PROD00274,133,8,115,46
INV0000574,2025-12-28,STOR0010,PROD00330,743,16,113,29
INV0000575,2025-12-05,STOR0011,PROD00093,130,15,89,87
INV0000576,2025-12-15,STOR0008,PROD00337,115,36,92,107
INV0000577,2025-12-08,STOR0059,PROD00476,316,11,20,62
INV0000578,2025-12-11,STOR0019,PROD00282,471,17,135,91
INV0000579,2025-12-13,STOR0017,PROD00364,667,40,183,79
INV0000580,2025-12-20,STOR0052,PROD00071,774,33,47,106
INV0000581,2025-12-23,STOR0033,PROD00105,514,0,13,71
INV0000582,2025-12-27,STOR0011,PROD00156,216,35,181,40
INV0000583,2025-12-26,STOR0037,PROD00149,487,16,163,18
INV0000584,2025-12-16,STOR0034,PROD00004,776,11,48,52
INV0000585,2025-12-04,STOR0043,PROD00244,410,14,2,96
INV0000586,2025-12-13,STOR0023,PROD00498,435,8,60,24
INV0000587,2025-12-09,STOR0032,PROD00336,54,49,58,15
INV0000588,2025-12-09,STOR0013,PROD00211,196,5,77,111
INV0000589,2025-12-22,STOR0042,PROD00347,663,4,112,84
INV0000590,2025-12-23,STOR0055,PROD00212,718,47,188,51
INV0000591,2025-12-03,STOR0033,PROD00092,587,18,39,41
INV0000592,2025-12-07,STOR0017,PROD00317,357,4,14,86
INV0000593,2025-12-27,STOR0003,PROD00372,796,16,194,105
INV0000594,2025-12-13,STOR0012,PROD00108,581,27,171,41
INV0000595,2025-12-28,STOR0052,PROD00309,306,20,127,12
INV0000596,2025-12-18,STOR0012,PROD00084,176,44,142,65
INV0000597,2025-12-20,STOR0021,PROD00374,129,16,41,58
INV0000598,2025-12-15,STOR0021,PROD00117,364,7,160,24
INV0000599,2025-12-18,STOR0046,PROD00176,186,43,79,71
INV0000600,2026-01-01,STOR0012,PROD00450,60,0,22,64
INV0000601,2025-12-02,STOR0024,PROD00384,606,7,63,16
INV0000602,2025-12-27,STOR0042,PROD00405,328,20,138,44
INV0000603,2025-12-16,STOR0053,PROD00358,630,27,16,78
INV0000604,2025-12-15,STOR0034,PROD00081,212,43,2,37
INV0000605,2026-01-01,STOR0045,PROD00102,600,19,164,120
INV0000606,2025-12-09,STOR0008,PROD00390,346,26,50,33
INV0000607,2025-12-21,STOR0011,PROD00475,71,20,82,79
INV0000608,2025-12-06,STOR0034,PROD00306,544,28,71,113
INV0000609,2025-12-25,STOR0016,PROD00162,338,3,104,77
INV0000610,2025-12-06,STOR0049,PROD00414,651,43,127,61
INV0000611,2025-12-31,STOR0011,PROD00349,789,47,95,21
INV0000612,2025-12-18,STOR0045,PROD00273,510,27,42,95
INV0000613,2025-12-23,STOR0001,PROD00350,357,33,62,23
INV0000614,2025-12-20,STOR0002,PROD00314,305,7,86,41
INV0000615,2025-12-19,STOR0058,PROD00489,573,48,47,39
INV0000616,2025-12-06,STOR0033,PROD00465,559,36,47,70
INV0000617,2025-12-24,STOR0005,PROD00076,42,20,84,35
INV0000618,2025-12-24,STOR0053,PROD00171,455,29,128,80
INV0000619,2025-12-14,STOR0001,PROD00002,106,11,64,11
INV0000620,2025-12-03,STOR0028,PROD00443,648,39,9,40
INV0000621,2025-12-27,STOR0037,PROD00473,144,0,45,117
INV0000622,2025-12-31,STOR0006,PROD00234,704,40,182,16
INV0000623,2025-12-29,STOR0051,PROD00329,742,11,169,67
INV0000624,2025-12-04,STOR0053,PROD00361,298,37,95,119
INV0000625,2025-12-12,STOR0041,PROD00157,531,24,184,12
INV0000626,2025-12-11,STOR0004,PROD00276,306,22,23,111
INV0000627,2025-12-25,STOR0002,PROD00325,645,42,125,81
INV0000628,2026-01-01,STOR0049,PROD00209,370,21,161,33
INV0000629,2025-12-23,STOR0041,PROD00255,98,6,168,108
INV0000630,2025-12-25,STOR0042,PROD00444,529,41,17,41
INV0000631,2025-12-28,STOR0041,PROD00293,500,44,169,113
INV0000632,2025-12-23,STOR0004,PROD00414,608,17,4,18
INV0000633,2025-12-15,STOR0016,PROD00214,1,1,189,17
INV0000634,2025-12-26,STOR0054,PROD00235,218,42,184,29
INV0000635,2025-12-11,STOR0015,PROD00042,701,45,45,70
INV0000636,2025-12-05,STOR0017,PROD00276,11,0,70,57
INV0000637,2025-12-15,STOR0053,PROD00340,566,8,178,87
INV0000638,2025-12-20,STOR0037,PROD00236,701,29,85,72
INV0000639,2025-12-25,STOR0024,PROD00135,571,4,75,38
INV0000640,2025-12-21,STOR0056,PROD00247,301,22,38,24
INV0000641,2025-12-16,STOR0055,PROD00391,274,5,129,115
INV0000642,2025-12-07,STOR0051,PROD00106,54,17,119,29
INV0000643,2025-12-26,STOR0012,PROD00053,381,12,24,90
INV0000644,2025-12-18,STOR0003,PROD00412,252,15,51,100
INV0000645,2025-12-24,STOR0016,PROD00500,298,27,59,64
INV0000646,2025-12-08,STOR0037,PROD00193,746,24,7,43
INV0000647,2025-12-09,STOR0020,PROD00093,630,22,133,119
INV0000648,2025-12-12,STOR0005,PROD00319,731,15,200,56
INV0000649,2025-12-28,STOR0037,PROD00282,30,9,46,17
INV0000650,2025-12-04,STOR0031,PROD00369,424,5,187,94
INV0000651,2025-12-26,STOR0012,PROD00329,177,47,0,97
INV0000652,2025-12-10,STOR0002,PROD00024,53,19,2,15
INV0000653,2025-12-27,STOR0027,PROD00185,221,27,92,48
INV0000654,2025-12-14,STOR0018,PROD00139,101,0,174,113
INV0000655,2025-12-04,STOR0024,PROD00232,418,29,90,40
INV0000656,2025-12-02,STOR0032,PROD00043,569,40,134,54
INV0000657,2025-12-04,STOR0055,PROD00036,180,2,63,83
INV0000658,2025-12-15,STOR0055,PROD00240,47,20,46,47
INV0000659,2025-12-25,STOR0031,PROD00210,331,22,99,93
INV0000660,2025-12-27,STOR0014,PROD00357,312,5,160,42
INV0000661,2025-12-02,STOR0036,PROD00211,5,1,160,10
INV0000662,2025-12-24,STOR0043,PROD00368,340,27,24,110
INV0000663,2025-12-27,STOR0043,PROD00323,29,22,37,70
INV0000664,2025-12-15,STOR0039,PROD00199,715,12,195,30
INV0000665,2025-12-31,STOR0013,PROD00466,475,23,18,13
INV0000666,2025-12-24,STOR0045,PROD00116,548,11,121,28
INV0000667,2025-12-19,STOR0014,PROD00472,66,35,4,13
INV0000668,2025-12-28,STOR0042,PROD00110,210,24,27,111
INV0000669,2025-12-28,STOR0052,PROD00389,513,45,2,71
INV0000670,2025-12-08,STOR0003,PROD00170,700,15,190,90
INV0000671,2025-12-17,STOR0049,PROD00234,593,27,186,31
INV0000672,2025-12-16,STOR0058,PROD00393,666,9,102,14
INV0000673,2025-12-26,STOR0002,PROD00405,195,28,56,76
INV0000674,2025-12-07,STOR0014,PROD00480,278,9,31,105
INV0000675,2025-12-27,STOR0022,PROD00035,472,46,134,61
INV0000676,2025-12-16,STOR0026,PROD00059,118,14,28,58
INV0000677,2025-12-20,STOR0034,PROD00092,209,34,14,93
INV0000678,2025-12-27,STOR0035,PROD00378,26,1,132,109
INV0000679,2025-12-18,STOR0043,PROD00353,663,32,160,67
INV0000680,2025-12-28,STOR0012,PROD00267,236,34,200,68
INV0000681,2025-12-13,STOR0040,PROD00184,699,44,93,86
INV0000682,2025-12-04,STOR0032,PROD00344,79,40,45,104
INV0000683,2025-12-30,STOR0015,PROD00246,22,2,123,55
INV0000684,2025-12-08,STOR0030,PROD00440,655,20,134,89
INV0000685,2025-12-05,STOR0058,PROD00314,422,48,17,109
INV0000686,2025-12-10,STOR0056,PROD00267,23,9,105,26
INV0000687,2025-12-22,STOR0044,PROD00087,274,6,126,67
INV0000688,2025-12-05,STOR0035,PROD00167,625,9,43,50
INV0000689,2025-12-29,STOR0018,PROD00191,578,18,148,87
INV0000690,2025-12-15,STOR0052,PROD00233,203,30,105,73
INV0000691,2025-12-17,STOR0006,PROD00140,517,14,12,71
INV0000692,2025-12-17,STOR0033,PROD00303,614,42,156,25
INV0000693,2025-12-16,STOR0032,PROD00399,535,5,19,18
INV0000694,2025-12-28,STOR0018,PROD00240,339,1,199,29
INV0000695,2025-12-05,STOR0038,PROD00483,541,10,188,79
INV0000696,2025-12-14,STOR0018,PROD00477,204,47,181,44
INV0000697,2025-12-29,STOR0039,PROD00022,564,43,4,78
INV0000698,2025-12-02,STOR0055,PROD00115,762,5,106,29
INV0000699,2025-12-09,STOR0054,PROD00203,191,31,134,14
INV0000700,2025-12-18,STOR0002,PROD00417,157,44,192,112
INV0000701,2025-12-06,STOR0022,PROD00320,491,31,50,94
INV0000702,2025-12-14,STOR0014,PROD00005,562,28,26,49
INV0000703,2025-12-21,STOR0004,PROD00079,768,29,6,39
INV0000704,2025-12-11,STOR0019,PROD00014,64,17,10,120
INV0000705,2025-12-02,STOR0001,PROD00154,38,27,173,24
INV0000706,2025-12-11,STOR0055,PROD00287,182,5,113,24
INV0000707,2025-12-17,STOR0060,PROD00393,434,48,43,111
INV0000708,2025-12-31,STOR0031,PROD00270,743,15,32,38
INV0000709,2025-12-22,STOR0042,PROD00479,666,29,164,36
INV0000710,2025-12-05,STOR0021,PROD00249,561,29,118,24
INV0000711,2025-12-24,STOR0059,PROD00180,550,43,96,45
INV0000712,2025-12-16,STOR0026,PROD00222,61,23,82,87
INV0000713,2025-12-07,STOR0041,PROD00397,276,22,121,78
INV0000714,2025-12-05,STOR0036,PROD00238,88,17,172,111
INV0000715,2025-12-15,STOR0052,PROD00235,721,0,16,47
INV0000716,2025-12-22,STOR0059,PROD00343,157,9,154,22
INV0000717,2025-12-23,STOR0001,PROD00452,688,25,44,26
INV0000718,2025-12-02,STOR0015,PROD00463,318,6,156,34
INV0000719,2025-12-17,STOR0034,PROD00316,619,47,175,72
INV0000720,2025-12-30,STOR0029,PROD00203,635,9,163,62
INV0000721,2025-12-28,STOR0025,PROD00320,456,12,185,69
INV0000722,2025-12-21,STOR0051,PROD00353,642,3,59,31
INV0000723,2025-12-14,STOR0009,PROD00339,516,19,155,95
INV0000724,2025-12-27,STOR0008,PROD00107,432,40,157,75
INV0000725,2025-12-30,STOR0024,PROD00405,712,45,114,69
INV0000726,2025-12-10,STOR0041,PROD00237,670,5,148,33
INV0000727,2025-12-22,STOR0039,PROD00340,505,4,164,11
INV0000728,2025-12-24,STOR0023,PROD00274,328,48,157,118
INV0000729,2025-12-08,STOR0035,PROD00013,287,35,89,112
INV0000730,2025-12-05,STOR0040,PROD00349,628,11,53,62
INV0000731,2025-12-22,STOR0007,PROD00055,467,6,37,21
INV0000732,2025-12-15,STOR0050,PROD00037,747,43,6,14
INV0000733,2025-12-19,STOR0020,PROD00029,367,20,31,111
INV0000734,2025-12-07,STOR0045,PROD00224,366,20,77,102
INV0000735,2025-12-18,STOR0055,PROD00311,32,30,153,66
INV0000736,2025-12-14,STOR0048,PROD00220,390,11,125,88
INV0000737,2025-12-08,STOR0057,PROD00332,205,22,153,56
INV0000738,2025-12-30,STOR0030,PROD00202,253,31,6,40
INV0000739,2025-12-02,STOR0007,PROD00350,94,2,158,43
INV0000740,2025-12-15,STOR0031,PROD00184,517,50,137,64
INV0000741,2025-12-29,STOR0057,PROD00154,798,32,35,13
INV0000742,2025-12-03,STOR0060,PROD00269,36,2,139,26
INV0000743,2025-12-10,STOR0032,PROD00472,42,31,174,119
INV0000744,2025-12-26,STOR0050,PROD00053,249,5,189,59
INV0000745,2025-12-19,STOR0041,PROD00466,460,19,25,56
INV0000746,2026-01-01,STOR0031,PROD00312,504,13,66,47
INV0000747,2025-12-09,STOR0016,PROD00481,751,17,95,10
INV0000748,2025-12-02,STOR0024,PROD00206,24,23,188,78
INV0000749,2025-12-26,STOR0013,PROD00390,581,33,190,12
INV0000750,2025-12-27,STOR0029,PROD00493,513,34,161,85
INV0000751,2025-12-20,STOR0044,PROD00219,158,43,179,71
INV0000752,2025-12-03,STOR0028,PROD00237,128,33,133,115
INV0000753,2025-12-16,STOR0055,PROD00097,760,21,83,16
INV0000754,2025-12-06,STOR0019,PROD00453,473,3,184,120
INV0000755,2025-12-12,STOR0056,PROD00092,278,25,183,87
INV0000756,2025-12-28,STOR0045,PROD00146,601,4,128,92
INV0000757,2025-12-20,STOR0048,PROD00312,784,1,156,11
INV0000758,2025-12-31,STOR0023,PROD00155,181,17,103,100
INV0000759,2025-12-18,STOR0052,PROD00448,417,37,188,106
INV0000760,2025-12-06,STOR0042,PROD00165,195,22,195,65
INV0000761,2025-12-12,STOR0028,PROD00414,261,33,172,84
INV0000762,2025-12-06,STOR0039,PROD00108,312,48,3,65
INV0000763,2025-12-22,STOR0055,PROD00091,591,43,63,47
INV0000764,2025-12-08,STOR0008,PROD00297,343,5,127,42
INV0000765,2025-12-18,STOR0011,PROD00400,555,13,157,49
INV0000766,2025-12-10,STOR0032,PROD00234,500,49,24,67
INV0000767,2026-01-01,STOR0048,PROD00437,435,31,62,27
INV0000768,2025-12-16,STOR0020,PROD00422,0,0,181,99
INV0000769,2025-12-23,STOR0042,PROD00141,229,9,186,38
INV0000770,2025-12-22,STOR0044,PROD00343,643,49,137,46
INV0000771,2025-12-05,STOR0001,PROD00019,724,23,181,65
INV0000772,2025-12-21,STOR0014,PROD00253,440,45,144,64
INV0000773,2025-12-26,STOR0038,PROD00081,327,10,179,49
INV0000774,2025-12-23,STOR0047,PROD00129,183,43,196,114
INV0000775,2025-12-13,STOR0042,PROD00096,555,4,128,62
INV0000776,2025-12-15,STOR0048,PROD00021,314,27,0,98
INV0000777,2025-12-06,STOR0009,PROD00126,772,47,8,40
INV0000778,2026-01-01,STOR0043,PROD00405,189,16,50,27
INV0000779,2025-12-18,STOR0017,PROD00094,32,19,26,115
INV0000780,2025-12-14,STOR0050,PROD00138,338,23,196,33
INV0000781,2025-12-16,STOR0013,PROD00260,44,3,30,119
INV0000782,2025-12-09,STOR0030,PROD00199,134,17,71,68
INV0000783,2025-12-03,STOR0011,PROD00125,46,42,154,23
INV0000784,2026-01-01,STOR0050,PROD00472,781,38,174,49
INV0000785,2025-12-22,STOR0051,PROD00458,789,19,157,30
INV0000786,2025-12-25,STOR0044,PROD00291,396,31,166,41
INV0000787,2025-12-02,STOR0038,PROD00343,56,35,96,83
INV0000788,2025-12-21,STOR0057,PROD00060,110,44,32,116
INV0000789,2025-12-12,STOR0012,PROD00279,687,40,108,50
INV0000790,2025-12-07,STOR0049,PROD00102,116,50,134,64
INV0000791,2025-12-03,STOR0040,PROD00023,576,5,147,80
INV0000792,2025-12-17,STOR0031,PROD00178,671,8,71,38
INV0000793,2025-12-21,STOR0041,PROD00276,302,31,133,44
INV0000794,2025-12-14,STOR0049,PROD00169,362,20,133,15
INV0000795,2025-12-24,STOR0036,PROD00016,124,18,62,26
INV0000796,2025-12-02,STOR0018,PROD00376,454,27,176,94
INV0000797,2025-12-20,STOR0055,PROD00001,744,15,153,115
INV0000798,2025-12-04,STOR0002,PROD00342,773,12,15,30
INV0000799,2025-12-23,STOR0055,PROD00089,289,7,77,56
INV0000800,2025-12-22,STOR0018,PROD00016,14,14,98,54
INV0000801,2025-12-02,STOR0052,PROD00243,37,19,127,35
INV0000802,2025-12-08,STOR0034,PROD00339,458,9,61,115
INV0000803,2025-12-15,STOR0040,PROD00431,144,25,52,41
INV0000804,2025-12-08,STOR0013,PROD00445,25,10,27,120
INV0000805,2025-12-13,STOR0017,PROD00276,7,1,6,110
INV0000806,2025-12-12,STOR0009,PROD00154,799,27,155,90
INV0000807,2025-12-10,STOR0006,PROD00496,493,28,132,20
INV0000808,2025-12-14,STOR0035,PROD00001,52,28,108,20
INV0000809,2025-12-08,STOR0058,PROD00492,47,37,200,41
INV0000810,2025-12-13,STOR0020,PROD00411,726,29,35,53
INV0000811,2025-12-07,STOR0050,PROD00129,282,20,111,48
INV0000812,2026-01-01,STOR0052,PROD00466,443,44,30,44
INV0000813,2025-12-06,STOR0045,PROD00254,460,29,119,66
INV0000814,2025-12-28,STOR0014,PROD00233,670,11,199,100
INV0000815,2025-12-20,STOR0012,PROD00258,222,50,125,71
INV0000816,2025-12-21,STOR0022,PROD00225,747,19,198,17
INV0000817,2025-12-18,STOR0042,PROD00366,774,6,162,120
INV0000818,2025-12-16,STOR0038,PROD00057,239,1,3,46
INV0000819,2025-12-13,STOR0060,PROD00315,618,35,84,41
INV0000820,2025-12-08,STOR0010,PROD00204,124,11,149,118
INV0000821,2025-12-18,STOR0011,PROD00160,415,3,5,116
INV0000822,2025-12-29,STOR0004,PROD00492,246,5,40,69
INV0000823,2025-12-06,STOR0053,PROD00178,607,17,42,101
INV0000824,2025-12-23,STOR0056,PROD00130,555,45,122,28
INV0000825,2025-12-15,STOR0032,PROD00123,488,48,195,66
INV0000826,2025-12-10,STOR0023,PROD00390,36,28,199,79
INV0000827,2025-12-09,STOR0003,PROD00492,535,23,128,108
INV0000828,2025-12-21,STOR0015,PROD00182,449,0,68,53
INV0000829,2026-01-01,STOR0023,PROD00323,54,47,23,12
INV0000830,2025-12-02,STOR0003,PROD00485,469,36,62,77
INV0000831,2025-12-26,STOR0006,PROD00331,347,18,0,90
INV0000832,2025-12-17,STOR0043,PROD00307,479,30,116,76
INV0000833,2025-12-13,STOR0028,PROD00017,591,10,185,55
INV0000834,2025-12-16,STOR0036,PROD00195,392,22,87,89
INV0000835,2025-12-24,STOR0003,PROD00156,517,39,179,61
INV0000836,2025-12-03,STOR0051,PROD00467,769,7,75,24
INV0000837,2025-12-24,STOR0041,PROD00089,57,0,49,96
INV0000838,2025-12-16,STOR0042,PROD00191,563,39,59,17
INV0000839,2025-12-31,STOR0002,PROD00449,548,13,71,100
INV0000840,2025-12-30,STOR0043,PROD00348,437,43,159,92
INV0000841,2025-12-20,STOR0044,PROD00344,403,37,175,74
INV0000842,2025-12-13,STOR0018,PROD00466,796,43,123,16
INV0000843,2025-12-20,STOR0012,PROD00011,560,3,112,66
INV0000844,2025-12-02,STOR0019,PROD00354,197,45,4,61
INV0000845,2025-12-23,STOR0057,PROD00175,782,3,35,68
INV0000846,2026-01-01,STOR0053,PROD00186,85,11,157,105
INV0000847,2025-12-04,STOR0004,PROD00169,441,35,46,17
INV0000848,2025-12-16,STOR0046,PROD00321,357,42,99,86
INV0000849,2025-12-20,STOR0034,PROD00335,162,32,194,101
INV0000850,2025-12-07,STOR0013,PROD00147,681,7,37,58
INV0000851,2025-12-12,STOR0036,PROD00499,595,9,82,41
INV0000852,2025-12-15,STOR0003,PROD00199,648,30,125,88
INV0000853,2025-12-09,STOR0043,PROD00261,550,50,177,73
INV0000854,2025-12-22,STOR0038,PROD00354,274,44,96,14
INV0000855,2026-01-01,STOR0034,PROD00115,492,40,0,29
INV0000856,2025-12-31,STOR0052,PROD00109,497,34,77,44
INV0000857,2025-12-06,STOR0050,PROD00268,608,25,60,49
INV0000858,2025-12-13,STOR0018,PROD00127,593,2,95,74
INV0000859,2025-12-30,STOR0039,PROD00465,532,30,186,90
INV0000860,2025-12-26,STOR0015,PROD00309,283,24,71,105
INV0000861,2025-12-26,STOR0011,PROD00159,277,32,100,107
INV0000862,2026-01-01,STOR0037,PROD00212,479,2,179,29
INV0000863,2025-12-06,STOR0002,PROD00039,132,38,132,98
INV0000864,2025-12-09,STOR0033,PROD00202,269,48,124,49
INV0000865,2025-12-05,STOR0047,PROD00323,559,15,102,37
INV0000866,2025-12-12,STOR0004,PROD00091,315,28,63,26
INV0000867,2025-12-19,STOR0035,PROD00342,198,23,30,97
INV0000868,2025-12-14,STOR0036,PROD00271,335,10,89,15
INV0000869,2025-12-12,STOR0023,PROD00299,418,34,42,99
INV0000870,2025-12-16,STOR0018,PROD00045,556,9,32,68
INV0000871,2025-12-22,STOR0035,PROD00403,782,45,57,19
INV0000872,2025-12-07,STOR0050,PROD00361,245,36,167,48
INV0000873,2025-12-08,STOR0006,PROD00173,2,1,151,51
INV0000874,2025-12-07,STOR0052,PROD00163,483,17,191,13
INV0000875,2025-12-14,STOR0009,PROD00052,346,21,85,66
INV0000876,2025-12-28,STOR0014,PROD00219,528,5,98,113
INV0000877,2025-12-11,STOR0009,PROD00454,59,49,89,56
INV0000878,2025-12-03,STOR0016,PROD00409,340,44,138,23
INV0000879,2025-12-15,STOR0041,PROD00455,655,10,186,21
INV0000880,2025-12-03,STOR0004,PROD00481,56,29,26,76
INV0000881,2025-12-14,STOR0037,PROD00178,398,50,68,77
INV0000882,2025-12-03,STOR0048,PROD00191,305,7,128,95
INV0000883,2025-12-08,STOR0012,PROD00448,193,13,187,108
INV0000884,2025-12-22,STOR0007,PROD00262,749,13,69,119
INV0000885,2026-01-01,STOR0033,PROD00424,562,7,111,46
INV0000886,2025-12-07,STOR0043,PROD00096,530,27,30,66
INV0000887,2025-12-08,STOR0033,PROD00367,396,7,12,28
INV0000888,2025-12-20,STOR0023,PROD00297,774,41,48,81
INV0000889,2025-12-15,STOR0027,PROD00200,759,24,25,27
INV0000890,2025-12-25,STOR0048,PROD00392,430,16,27,95
INV0000891,2025-12-21,STOR0009,PROD00212,248,38,3,117
INV0000892,2025-12-04,STOR0051,PROD00428,523,35,171,25
INV0000893,2025-12-28,STOR0020,PROD00293,143,9,154,50
INV0000894,2025-12-24,STOR0005,PROD00162,92,18,65,38
INV0000895,2025-12-25,STOR0035,PROD00230,630,22,161,34
INV0000896,2025-12-25,STOR0036,PROD00305,320,50,182,109
INV0000897,2025-12-13,STOR0025,PROD00385,424,20,28,71
INV0000898,2025-12-29,STOR0002,PROD00135,718,23,187,108
INV0000899,2025-12-27,STOR0034,PROD00212,321,11,187,19
INV0000900,2025-12-26,STOR0051,PROD00361,771,42,53,38
INV0000901,2025-12-11,STOR0004,PROD00236,663,39,60,20
INV0000902,2025-12-10,STOR0018,PROD00086,551,44,155,53
INV0000903,2025-12-26,STOR0043,PROD00055,111,39,181,83
INV0000904,2025-12-11,STOR0018,PROD00405,629,26,197,53
INV0000905,2025-12-07,STOR0036,PROD00494,794,4,62,45
INV0000906,2026-01-01,STOR0013,PROD00405,382,28,47,64
INV0000907,2025-12-06,STOR0044,PROD00117,185,45,127,101
INV0000908,2025-12-24,STOR0018,PROD00347,765,9,16,39
INV0000909,2025-12-25,STOR0012,PROD00414,615,12,188,93
INV0000910,2025-12-20,STOR0017,PROD00186,81,26,43,68
INV0000911,2025-12-27,STOR0054,PROD00277,172,6,192,111
INV0000912,2025-12-09,STOR0016,PROD00427,245,30,8,103
INV0000913,2025-12-27,STOR0026,PROD00115,622,39,46,48
INV0000914,2025-12-21,STOR0012,PROD00215,654,3,165,18
INV0000915,2025-12-30,STOR0005,PROD00020,79,46,36,97
INV0000916,2025-12-02,STOR0011,PROD00435,253,39,177,70
INV0000917,2025-12-11,STOR0044,PROD00343,196,37,23,104
INV0000918,2025-12-12,STOR0029,PROD00191,277,4,126,76
INV0000919,2025-12-21,STOR0045,PROD00045,501,48,102,111
INV0000920,2025-12-23,STOR0017,PROD00042,57,17,74,15
INV0000921,2025-12-17,STOR0012,PROD00336,89,46,101,98
INV0000922,2025-12-05,STOR0004,PROD00108,143,39,56,50
INV0000923,2025-12-22,STOR0034,PROD00091,361,0,22,77
INV0000924,2025-12-22,STOR0059,PROD00198,106,40,40,19
INV0000925,2025-12-25,STOR0053,PROD00020,754,42,119,84
INV0000926,2025-12-23,STOR0054,PROD00384,684,17,132,14
INV0000927,2025-12-16,STOR0031,PROD00301,570,33,154,32
INV0000928,2025-12-29,STOR0028,PROD00275,132,38,8,113
INV0000929,2025-12-10,STOR0050,PROD00350,47,43,41,110
INV0000930,2025-12-22,STOR0012,PROD00212,19,18,197,58
INV0000931,2025-12-28,STOR0007,PROD00011,199,42,6,61
INV0000932,2026-01-01,STOR0030,PROD00356,677,35,88,118
INV0000933,2025-12-06,STOR0031,PROD00071,363,36,122,25
INV0000934,2025-12-18,STOR0028,PROD00090,411,3,122,90
INV0000935,2025-12-02,STOR0060,PROD00480,377,17,110,87
INV0000936,2025-12-14,STOR0026,PROD00229,433,17,1,60
INV0000937,2025-12-03,STOR0027,PROD00361,715,50,38,41
INV0000938,2025-12-19,STOR0058,PROD00465,520,48,5,72
INV0000939,2025-12-15,STOR0050,PROD00049,317,29,153,46
INV0000940,2025-12-26,STOR0058,PROD00049,107,38,167,55
INV0000941,2025-12-12,STOR0060,PROD00350,128,21,65,101
INV0000942,2025-12-28,STOR0053,PROD00267,315,9,153,103
INV0000943,2025-12-28,STOR0030,PROD00489,89,12,132,53
INV0000944,2025-12-23,STOR0005,PROD00242,750,15,190,104
INV0000945,2025-12-23,STOR0033,PROD00102,475,9,33,73
INV0000946,2025-12-06,STOR0053,PROD00325,478,46,116,108
INV0000947,2025-12-20,STOR0046,PROD00442,570,44,113,67
INV0000948,2025-12-26,STOR0017,PROD00149,617,26,85,88
INV0000949,2025-12-03,STOR0048,PROD00361,266,3,143,102
INV0000950,2025-12-19,STOR0013,PROD00062,37,29,109,32
INV0000951,2025-12-31,STOR0031,PROD00067,46,3,49,82
INV0000952,2025-12-21,STOR0017,PROD00290,494,12,184,118
INV0000953,2025-12-21,STOR0060,PROD00297,477,26,125,55
INV0000954,2025-12-02,STOR0016,PROD00171,404,6,59,55
INV0000955,2025-12-11,STOR0027,PROD00368,333,45,143,82
INV0000956,2025-12-17,STOR0004,PROD00205,15,8,102,118
INV0000957,2025-12-05,STOR0043,PROD00302,747,4,177,100
INV0000958,2025-12-15,STOR0053,PROD00168,660,14,13,72
INV0000959,2025-12-25,STOR0016,PROD00414,629,22,39,58
INV0000960,2026-01-01,STOR0031,PROD00363,421,41,59,57
INV0000961,2025-12-15,STOR0040,PROD00340,56,14,28,39
INV0000962,2025-12-06,STOR0028,PROD00135,182,19,195,11
INV0000963,2025-12-21,STOR0018,PROD00489,735,15,147,98
INV0000964,2025-12-06,STOR0030,PROD00052,535,6,156,29
INV0000965,2025-12-30,STOR0058,PROD00315,300,8,51,83
INV0000966,2025-12-03,STOR0050,PROD00330,299,9,97,89
INV0000967,2025-12-18,STOR0011,PROD00345,715,50,140,111
INV0000968,2025-12-05,STOR0051,PROD00273,90,6,115,81
INV0000969,2026-01-01,STOR0033,PROD00234,420,12,181,69
INV0000970,2025-12-30,STOR0042,PROD00322,573,33,57,30
INV0000971,2025-12-24,STOR0022,PROD00235,349,36,110,30
INV0000972,2025-12-10,STOR0017,PROD00478,514,25,84,99
INV0000973,2025-12-13,STOR0046,PROD00236,618,31,162,54
INV0000974,2025-12-02,STOR0011,PROD00224,344,6,79,113
INV0000975,2025-12-11,STOR0048,PROD00167,45,0,40,117
INV0000976,2025-12-04,STOR0017,PROD00173,755,2,57,15
INV0000977,2025-12-20,STOR0051,PROD00374,575,44,190,36
INV0000978,2025-12-29,STOR0040,PROD00248,237,6,3,107
INV0000979,2025-12-31,STOR0048,PROD00368,378,0,137,64
INV0000980,2025-12-23,STOR0015,PROD00057,640,44,84,70
INV0000981,2025-12-18,STOR0011,PROD00274,271,1,31,92
INV0000982,2025-12-23,STOR0017,PROD00133,24,20,65,94
INV0000983,2025-12-05,STOR0018,PROD00226,495,16,38,60
INV0000984,2025-12-13,STOR0041,PROD00027,737,35,5,16
INV0000985,2025-12-04,STOR0016,PROD00330,579,30,42,54
INV0000986,2025-12-22,STOR0046,PROD00390,421,45,143,98
INV0000987,2025-12-09,STOR0047,PROD00486,85,30,104,14
INV0000988,2025-12-24,STOR0057,PROD00352,181,47,168,65
INV0000989,2025-12-10,STOR0043,PROD00056,17,5,194,66
INV0000990,2025-12-22,STOR0041,PROD00245,506,11,188,120
INV0000991,2025-12-14,STOR0029,PROD00390,622,5,98,26
INV0000992,2025-12-22,STOR0039,PROD00225,586,11,74,119
INV0000993,2025-12-08,STOR0055,PROD00171,478,42,25,81
INV0000994,2025-12-26,STOR0029,PROD00409,305,30,32,111
INV0000995,2025-12-17,STOR0057,PROD00472,426,32,69,118
INV0000996,2025-12-31,STOR0032,PROD00217,396,42,53,50
INV0000997,2025-12-10,STOR0006,PROD00390,500,26,41,65
INV0000998,2025-12-19,STOR0043,PROD00260,532,40,110,56
INV0000999,2025-12-20,STOR0008,PROD00087,798,13,145,45
INV0001000,2025-12-02,STOR0010,PROD00040,250,17,76,80
INV0001001,2025-12-15,STOR0057,PROD00272,425,41,59,69
INV0001002,2025-12-10,STOR0003,PROD00154,40,5,95,23
INV0001003,2026-01-01,STOR0002,PROD00444,392,18,138,63
INV0001004,2025-12-28,STOR0038,PROD00458,189,37,142,62
INV0001005,2025-12-30,STOR0008,PROD00399,649,7,10,66
INV0001006,2025-12-15,STOR0004,PROD00033,429,24,22,18
INV0001007,2025-12-21,STOR0047,PROD00155,748,19,111,102
INV0001008,2025-12-11,STOR0059,PROD00448,121,5,127,28
INV0001009,2025-12-05,STOR0047,PROD00267,176,4,165,11
INV0001010,2025-12-05,STOR0043,PROD00305,755,15,169,91
INV0001011,2025-12-15,STOR0052,PROD00240,434,29,56,84
INV0001012,2025-12-15,STOR0006,PROD00415,669,11,43,32
INV0001013,2025-12-26,STOR0011,PROD00313,535,41,147,76
INV0001014,2025-12-23,STOR0023,PROD00235,9,1,194,58
INV0001015,2025-12-28,STOR0041,PROD00092,31,14,105,39
INV0001016,2025-12-05,STOR0047,PROD00276,567,17,191,104
INV0001017,2025-12-11,STOR0017,PROD00298,580,7,58,75
INV0001018,2025-12-10,STOR0014,PROD00491,177,10,114,20
INV0001019,2025-12-28,STOR0050,PROD00175,172,34,103,64
INV0001020,2025-12-23,STOR0003,PROD00012,123,40,188,58
INV0001021,2025-12-21,STOR0021,PROD00260,469,33,192,40
INV0001022,2025-12-22,STOR0039,PROD00303,148,35,4,78
INV0001023,2025-12-18,STOR0005,PROD00144,786,41,112,28
INV0001024,2025-12-14,STOR0045,PROD00082,462,38,138,51
INV0001025,2025-12-09,STOR0042,PROD00443,552,39,153,100
INV0001026,2025-12-12,STOR0029,PROD00363,414,38,193,82
INV0001027,2025-12-07,STOR0057,PROD00131,309,33,8,13
INV0001028,2025-12-27,STOR0031,PROD00290,108,41,193,58
INV0001029,2025-12-24,STOR0049,PROD00144,794,48,87,90
INV0001030,2025-12-23,STOR0021,PROD00436,647,11,145,103
INV0001031,2026-01-01,STOR0008,PROD00479,349,7,87,30
INV0001032,2025-12-28,STOR0050,PROD00445,451,30,36,46
INV0001033,2025-12-28,STOR0058,PROD00293,794,19,33,16
INV0001034,2025-12-30,STOR0043,PROD00398,287,21,53,88
INV0001035,2025-12-16,STOR0005,PROD00123,785,22,142,107
INV0001036,2025-12-18,STOR0044,PROD00132,459,11,185,35
INV0001037,2025-12-06,STOR0028,PROD00483,313,44,46,92
INV0001038,2025-12-06,STOR0002,PROD00459,514,37,182,109
INV0001039,2025-12-24,STOR0041,PROD00220,793,20,11,20
INV0001040,2025-12-30,STOR0008,PROD00248,380,44,154,17
INV0001041,2025-12-23,STOR0008,PROD00152,124,43,195,112
INV0001042,2025-12-31,STOR0052,PROD00361,575,12,141,94
INV0001043,2025-12-03,STOR0021,PROD00446,84,27,37,41
INV0001044,2025-12-05,STOR0018,PROD00394,95,22,175,107
INV0001045,2025-12-23,STOR0024,PROD00235,177,27,90,38
INV0001046,2025-12-16,STOR0048,PROD00445,33,30,137,53
INV0001047,2025-12-21,STOR0055,PROD00108,332,11,156,27
INV0001048,2025-12-24,STOR0032,PROD00320,399,39,59,91
INV0001049,2025-12-24,STOR0048,PROD00341,408,22,185,117
INV0001050,2025-12-09,STOR0043,PROD00306,103,28,167,114
INV0001051,2025-12-14,STOR0059,PROD00008,645,43,199,103
INV0001052,2025-12-07,STOR0036,PROD00168,656,5,150,29
INV0001053,2025-12-18,STOR0012,PROD00213,549,2,187,101
INV0001054,2025-12-02,STOR0056,PROD00439,665,13,46,65
INV0001055,2025-12-17,STOR0043,PROD00347,333,22,153,22
INV0001056,2025-12-29,STOR0021,PROD00376,415,17,159,24
INV0001057,2025-12-07,STOR0017,PROD00497,439,15,32,25
INV0001058,2025-12-24,STOR0010,PROD00391,501,39,98,52
INV0001059,2025-12-25,STOR0048,PROD00193,696,33,124,44
INV0001060,2025-12-23,STOR0001,PROD00110,566,19,184,55
INV0001061,2025-12-18,STOR0022,PROD00321,62,45,124,35
INV0001062,2025-12-14,STOR0029,PROD00220,232,38,145,101
INV0001063,2025-12-23,STOR0048,PROD00353,402,37,72,86
INV0001064,2026-01-01,STOR0050,PROD00470,330,47,1,73
INV0001065,2025-12-06,STOR0002,PROD00055,634,21,123,29
INV0001066,2025-12-09,STOR0002,PROD00063,238,14,194,112
INV0001067,2025-12-02,STOR0024,PROD00056,282,10,15,95
INV0001068,2025-12-15,STOR0006,PROD00101,78,16,78,95
INV0001069,2025-12-17,STOR0007,PROD00484,464,23,12,62
INV0001070,2025-12-03,STOR0052,PROD00053,287,21,79,54
INV0001071,2025-12-17,STOR0037,PROD00482,292,22,39,53
INV0001072,2025-12-22,STOR0055,PROD00033,686,28,164,23
INV0001073,2025-12-22,STOR0007,PROD00078,737,11,80,28
INV0001074,2025-12-22,STOR0027,PROD00353,287,3,17,97
INV0001075,2025-12-23,STOR0040,PROD00089,260,29,104,106
INV0001076,2025-12-03,STOR0051,PROD00220,272,13,68,10
INV0001077,2025-12-02,STOR0024,PROD00243,326,25,18,111
INV0001078,2025-12-15,STOR0049,PROD00179,24,0,112,88
INV0001079,2025-12-03,STOR0025,PROD00471,437,29,59,13
INV0001080,2025-12-22,STOR0044,PROD00215,203,44,74,115
INV0001081,2025-12-10,STOR0051,PROD00294,175,10,178,34
INV0001082,2025-12-09,STOR0004,PROD00211,567,2,78,92
INV0001083,2025-12-09,STOR0013,PROD00443,600,45,74,46
INV0001084,2025-12-16,STOR0019,PROD00030,449,13,30,70
INV0001085,2025-12-29,STOR0012,PROD00495,375,48,197,89
INV0001086,2025-12-30,STOR0038,PROD00067,201,6,142,88
INV0001087,2025-12-11,STOR0022,PROD00369,554,1,66,37
INV0001088,2025-12-12,STOR0031,PROD00449,313,23,84,83
INV0001089,2025-12-07,STOR0036,PROD00139,16,6,72,50
INV0001090,2025-12-22,STOR0026,PROD00262,689,22,6,88
INV0001091,2025-12-20,STOR0039,PROD00132,303,3,183,88
INV0001092,2025-12-24,STOR0053,PROD00377,403,38,52,49
INV0001093,2025-12-25,STOR0045,PROD00231,314,12,170,55
INV0001094,2025-12-18,STOR0029,PROD00182,513,1,123,39
INV0001095,2026-01-01,STOR0019,PROD00433,788,9,87,89
INV0001096,2025-12-11,STOR0020,PROD00361,662,35,146,45
INV0001097,2025-12-23,STOR0001,PROD00481,386,12,95,60
INV0001098,2025-12-20,STOR0032,PROD00045,428,31,58,41
INV0001099,2025-12-15,STOR0030,PROD00142,675,30,76,28
INV0001100,2025-12-12,STOR0054,PROD00121,188,22,117,71
INV0001101,2026-01-01,STOR0038,PROD00361,268,28,111,76
INV0001102,2025-12-11,STOR0037,PROD00457,405,47,39,20
INV0001103,2025-12-03,STOR0005,PROD00133,604,4,63,51
INV0001104,2025-12-19,STOR0058,PROD00173,740,28,155,107
INV0001105,2025-12-30,STOR0047,PROD00315,639,44,19,62
INV0001106,2025-12-12,STOR0007,PROD00313,30,9,87,72
INV0001107,2025-12-13,STOR0055,PROD00408,625,29,147,19
INV0001108,2025-12-18,STOR0046,PROD00114,376,44,85,114
INV0001109,2025-12-28,STOR0034,PROD00048,545,24,24,114
INV0001110,2025-12-25,STOR0029,PROD00349,181,36,37,18
INV0001111,2025-12-16,STOR0055,PROD00293,338,46,198,81
INV0001112,2025-12-29,STOR0019,PROD00336,115,34,136,109
INV0001113,2025-12-23,STOR0053,PROD00257,470,29,2,75
INV0001114,2025-12-27,STOR0056,PROD00464,354,44,194,88
INV0001115,2025-12-09,STOR0026,PROD00151,403,7,96,86
INV0001116,2025-12-14,STOR0019,PROD00191,83,46,68,41
INV0001117,2025-12-22,STOR0035,PROD00127,405,31,29,105
INV0001118,2025-12-21,STOR0014,PROD00477,719,45,115,54
INV0001119,2025-12-07,STOR0027,PROD00287,373,17,49,62
INV0001120,2025-12-05,STOR0007,PROD00417,326,0,124,34
INV0001121,2025-12-27,STOR0022,PROD00460,501,40,147,26
INV0001122,2025-12-08,STOR0031,PROD00098,161,22,26,77
INV0001123,2025-12-05,STOR0046,PROD00476,487,26,98,54
INV0001124,2026-01-01,STOR0056,PROD00256,770,3,73,13
INV0001125,2025-12-02,STOR0033,PROD00488,251,46,6,45
INV0001126,2025-12-04,STOR0035,PROD00089,153,3,82,69
INV0001127,2025-12-03,STOR0031,PROD00307,388,21,5,15
INV0001128,2025-12-10,STOR0043,PROD00213,559,35,59,26
INV0001129,2025-12-06,STOR0058,PROD00444,237,1,143,68
INV0001130,2025-12-20,STOR0005,PROD00013,526,47,123,45
INV0001131,2025-12-22,STOR0056,PROD00198,419,14,40,47
INV0001132,2025-12-10,STOR0048,PROD00307,270,2,135,45
INV0001133,2025-12-08,STOR0051,PROD00195,255,15,170,27
INV0001134,2025-12-02,STOR0049,PROD00099,218,49,22,76
INV0001135,2025-12-15,STOR0010,PROD00055,729,48,65,92
INV0001136,2025-12-25,STOR0039,PROD00430,288,6,37,49
INV0001137,2025-12-22,STOR0011,PROD00377,264,48,98,45
INV0001138,2025-12-14,STOR0040,PROD00294,638,26,52,86
INV0001139,2025-12-25,STOR0028,PROD00090,463,29,140,97
INV0001140,2025-12-12,STOR0034,PROD00432,415,20,31,18
INV0001141,2025-12-20,STOR0036,PROD00481,778,33,200,61
INV0001142,2025-12-06,STOR0003,PROD00096,38,8,168,83
INV0001143,2025-12-12,STOR0059,PROD00037,476,8,145,113
INV0001144,2025-12-16,STOR0013,PROD00006,554,4,47,106
INV0001145,2025-12-28,STOR0051,PROD00121,415,22,98,24
INV0001146,2025-12-11,STOR0006,PROD00482,41,14,120,74
INV0001147,2025-12-22,STOR0006,PROD00145,739,29,73,29
INV0001148,2025-12-08,STOR0009,PROD00342,712,19,145,85
INV0001149,2025-12-18,STOR0005,PROD00287,82,0,29,15
INV0001150,2025-12-02,STOR0031,PROD00173,170,17,46,94
INV0001151,2025-12-29,STOR0023,PROD00114,655,3,195,91
INV0001152,2025-12-09,STOR0060,PROD00321,398,47,133,52
INV0001153,2025-12-14,STOR0021,PROD00467,412,24,134,46
INV0001154,2025-12-02,STOR0041,PROD00276,183,5,80,57
INV0001155,2025-12-02,STOR0037,PROD00160,759,7,62,60
INV0001156,2025-12-05,STOR0016,PROD00278,542,7,195,20
INV0001157,2025-12-05,STOR0019,PROD00328,365,13,188,93
INV0001158,2025-12-08,STOR0043,PROD00395,201,1,159,71
INV0001159,2025-12-24,STOR0011,PROD00428,168,35,16,66
INV0001160,2026-01-01,STOR0026,PROD00242,609,29,7,10
INV0001161,2025-12-30,STOR0042,PROD00156,314,3,179,117
INV0001162,2025-12-28,STOR0044,PROD00179,432,46,193,79
INV0001163,2025-12-28,STOR0015,PROD00001,352,2,36,31
INV0001164,2025-12-28,STOR0058,PROD00212,733,24,166,104
INV0001165,2025-12-29,STOR0014,PROD00393,467,26,84,36
INV0001166,2025-12-30,STOR0040,PROD00153,274,20,179,89
INV0001167,2025-12-10,STOR0010,PROD00131,85,45,26,68
INV0001168,2025-12-11,STOR0028,PROD00024,409,25,89,12
INV0001169,2025-12-31,STOR0017,PROD00100,260,2,187,76
INV0001170,2025-12-29,STOR0052,PROD00221,214,36,31,32
INV0001171,2025-12-23,STOR0022,PROD00447,443,40,104,20
INV0001172,2025-12-07,STOR0058,PROD00227,313,25,139,78
INV0001173,2025-12-09,STOR0046,PROD00028,349,15,138,60
INV0001174,2025-12-04,STOR0023,PROD00160,669,3,196,120
INV0001175,2025-12-26,STOR0022,PROD00208,388,20,70,50
INV0001176,2025-12-06,STOR0012,PROD00320,778,4,99,17
INV0001177,2025-12-21,STOR0056,PROD00290,535,1,42,41
INV0001178,2025-12-16,STOR0052,PROD00021,291,38,180,15
INV0001179,2025-12-25,STOR0037,PROD00411,18,2,114,88
INV0001180,2025-12-11,STOR0011,PROD00390,537,37,196,101
INV0001181,2025-12-26,STOR0044,PROD00189,9,7,2,37
INV0001182,2025-12-15,STOR0035,PROD00090,786,16,196,94
INV0001183,2025-12-08,STOR0055,PROD00287,176,9,151,34
INV0001184,2025-12-10,STOR0055,PROD00385,670,37,113,21
INV0001185,2025-12-20,STOR0027,PROD00378,521,47,18,12
INV0001186,2025-12-11,STOR0021,PROD00335,680,33,167,63
INV0001187,2025-12-18,STOR0049,PROD00155,514,3,186,46
INV0001188,2025-12-14,STOR0021,PROD00492,168,31,188,114
INV0001189,2025-12-29,STOR0014,PROD00124,463,45,124,11
INV0001190,2025-12-21,STOR0024,PROD00124,439,46,132,100
INV0001191,2025-12-30,STOR0015,PROD00270,294,25,44,103
INV0001192,2025-12-21,STOR0041,PROD00172,402,41,17,84
INV0001193,2025-12-19,STOR0045,PROD00329,329,26,89,72
INV0001194,2025-12-03,STOR0019,PROD00371,126,37,52,59
INV0001195,2025-12-12,STOR0037,PROD00167,245,29,142,74
INV0001196,2025-12-17,STOR0043,PROD00224,561,41,176,10
INV0001197,2026-01-01,STOR0039,PROD00400,482,36,158,59
INV0001198,2025-12-10,STOR0022,PROD00403,219,3,55,47
INV0001199,2025-12-28,STOR0044,PROD00357,180,37,131,104
INV0001200,2025-12-20,STOR0007,PROD00100,166,10,37,76
INV0001201,2025-12-28,STOR0060,PROD00173,376,37,137,118
INV0001202,2025-12-10,STOR0055,PROD00340,678,48,17,85
INV0001203,2025-12-13,STOR0032,PROD00430,671,10,122,101
INV0001204,2025-12-21,STOR0052,PROD00447,58,9,68,70
INV0001205,2025-12-25,STOR0015,PROD00129,333,16,15,80
INV0001206,2025-12-09,STOR0057,PROD00023,533,15,163,66
INV0001207,2025-12-25,STOR0037,PROD00278,128,6,170,52
INV0001208,2025-12-17,STOR0039,PROD00170,592,15,69,79
INV0001209,2025-12-15,STOR0056,PROD00464,360,14,125,77
INV0001210,2025-12-28,STOR0053,PROD00202,587,17,41,22
INV0001211,2025-12-23,STOR0022,PROD00149,447,40,131,74
INV0001212,2025-12-22,STOR0054,PROD00112,737,25,3,30
INV0001213,2025-12-22,STOR0056,PROD00432,155,46,146,81
INV0001214,2025-12-07,STOR0025,PROD00394,203,3,167,25
INV0001215,2025-12-15,STOR0002,PROD00369,527,0,35,109
INV0001216,2025-12-16,STOR0014,PROD00139,612,34,153,107
INV0001217,2025-12-14,STOR0003,PROD00035,282,2,175,88
INV0001218,2025-12-08,STOR0011,PROD00258,354,45,87,119
INV0001219,2025-12-20,STOR0036,PROD00307,211,2,194,56
INV0001220,2025-12-17,STOR0003,PROD00127,643,47,62,61
INV0001221,2025-12-07,STOR0033,PROD00270,799,38,131,12
INV0001222,2025-12-07,STOR0029,PROD00187,785,19,2,43
INV0001223,2025-12-02,STOR0032,PROD00053,479,12,97,66
INV0001224,2025-12-08,STOR0026,PROD00250,314,21,189,89
INV0001225,2025-12-07,STOR0027,PROD00113,90,19,156,86
INV0001226,2025-12-11,STOR0012,PROD00369,30,28,97,80
INV0001227,2025-12-08,STOR0049,PROD00242,753,5,166,52
INV0001228,2025-12-26,STOR0016,PROD00478,45,30,21,49
INV0001229,2025-12-21,STOR0044,PROD00161,622,32,23,31
INV0001230,2025-12-08,STOR0029,PROD00378,78,5,155,70
INV0001231,2025-12-18,STOR0029,PROD00013,785,22,26,82
INV0001232,2025-12-27,STOR0009,PROD00043,407,5,20,72
INV0001233,2025-12-18,STOR0057,PROD00100,157,49,110,108
INV0001234,2025-12-17,STOR0039,PROD00017,756,17,21,102
INV0001235,2025-12-11,STOR0044,PROD00147,651,26,97,27
INV0001236,2025-12-09,STOR0052,PROD00137,309,4,36,12
INV0001237,2025-12-29,STOR0053,PROD00272,222,27,38,76
INV0001238,2025-12-10,STOR0017,PROD00452,756,42,9,19
INV0001239,2025-12-30,STOR0059,PROD00393,135,21,136,32
INV0001240,2025-12-03,STOR0035,PROD00464,759,45,18,67
INV0001241,2025-12-23,STOR0024,PROD00310,321,6,89,68
INV0001242,2025-12-22,STOR0033,PROD00005,630,28,40,58
INV0001243,2025-12-27,STOR0032,PROD00233,669,36,101,104
INV0001244,2025-12-11,STOR0020,PROD00429,385,36,114,72
INV0001245,2025-12-05,STOR0055,PROD00402,307,48,72,95
INV0001246,2025-12-20,STOR0021,PROD00375,526,7,95,70
INV0001247,2025-12-05,STOR0009,PROD00301,728,37,159,86
INV0001248,2025-12-12,STOR0038,PROD00361,98,23,114,98
INV0001249,2025-12-29,STOR0008,PROD00142,375,27,170,71
INV0001250,2025-12-22,STOR0057,PROD00040,625,19,134,112
INV0001251,2025-12-28,STOR0002,PROD00456,791,41,141,57
INV0001252,2025-12-27,STOR0036,PROD00082,751,42,117,15
INV0001253,2025-12-03,STOR0025,PROD00049,5,1,28,32
INV0001254,2025-12-28,STOR0057,PROD00261,375,6,159,65
INV0001255,2025-12-19,STOR0023,PROD00438,792,5,23,23
INV0001256,2026-01-01,STOR0034,PROD00345,386,45,192,71
INV0001257,2025-12-07,STOR0053,PROD00316,659,44,80,24
INV0001258,2025-12-28,STOR0048,PROD00406,597,0,47,17
INV0001259,2025-12-31,STOR0046,PROD00063,306,6,159,57
INV0001260,2025-12-17,STOR0016,PROD00349,705,26,156,65
INV0001261,2025-12-10,STOR0058,PROD00421,528,13,47,36
INV0001262,2025-12-07,STOR0003,PROD00244,83,49,67,91
INV0001263,2025-12-17,STOR0029,PROD00280,454,19,32,20
INV0001264,2025-12-27,STOR0031,PROD00338,253,7,46,94
INV0001265,2025-12-04,STOR0037,PROD00228,715,25,144,91
INV0001266,2025-12-20,STOR0009,PROD00109,542,13,79,48
INV0001267,2025-12-19,STOR0052,PROD00368,75,22,53,42
INV0001268,2025-12-08,STOR0004,PROD00484,425,14,30,31
INV0001269,2025-12-09,STOR0024,PROD00267,247,50,116,76
INV0001270,2025-12-16,STOR0022,PROD00460,281,36,11,78
INV0001271,2025-12-02,STOR0005,PROD00231,588,0,179,76
INV0001272,2025-12-23,STOR0040,PROD00348,705,15,187,37
INV0001273,2025-12-16,STOR0008,PROD00033,714,20,0,49
INV0001274,2025-12-15,STOR0003,PROD00443,96,49,149,101
INV0001275,2025-12-07,STOR0044,PROD00085,560,5,41,19
INV0001276,2025-12-11,STOR0047,PROD00387,68,45,189,39
INV0001277,2025-12-25,STOR0042,PROD00078,16,3,136,118
INV0001278,2025-12-31,STOR0044,PROD00115,517,45,185,57
INV0001279,2025-12-11,STOR0058,PROD00500,280,15,38,63
INV0001280,2025-12-13,STOR0053,PROD00279,148,25,116,109
INV0001281,2025-12-27,STOR0046,PROD00265,23,4,164,62
INV0001282,2025-12-31,STOR0059,PROD00459,418,37,188,62
INV0001283,2025-12-09,STOR0013,PROD00184,386,27,48,98
INV0001284,2025-12-27,STOR0048,PROD00321,654,19,67,98
INV0001285,2025-12-04,STOR0020,PROD00442,533,15,90,10
INV0001286,2025-12-11,STOR0025,PROD00486,781,41,119,57
INV0001287,2025-12-30,STOR0006,PROD00094,163,34,103,79
INV0001288,2025-12-06,STOR0014,PROD00169,484,23,172,46
INV0001289,2025-12-08,STOR0015,PROD00170,68,30,54,90
INV0001290,2025-12-20,STOR0001,PROD00411,15,13,58,103
INV0001291,2025-12-18,STOR0056,PROD00466,355,2,54,52
INV0001292,2025-12-25,STOR0002,PROD00208,742,40,139,99
INV0001293,2025-12-29,STOR0041,PROD00213,738,6,27,83
INV0001294,2025-12-26,STOR0044,PROD00021,701,5,28,64
INV0001295,2025-12-03,STOR0020,PROD00302,667,50,108,34
INV0001296,2025-12-26,STOR0049,PROD00490,568,31,50,71
INV0001297,2025-12-13,STOR0014,PROD00065,31,27,160,40
INV0001298,2025-12-31,STOR0058,PROD00254,302,38,6,117
INV0001299,2025-12-29,STOR0017,PROD00370,337,37,68,94
INV0001300,2025-12-11,STOR0013,PROD00401,630,20,159,114
INV0001301,2025-12-04,STOR0049,PROD00131,460,36,45,73
INV0001302,2025-12-23,STOR0044,PROD00420,777,21,149,55
INV0001303,2025-12-12,STOR0006,PROD00442,71,12,47,11
INV0001304,2025-12-24,STOR0038,PROD00260,659,21,59,96
INV0001305,2025-12-24,STOR0006,PROD00384,786,40,94,115
INV0001306,2025-12-19,STOR0049,PROD00296,102,48,130,114
INV0001307,2025-12-10,STOR0039,PROD00001,401,18,25,25
INV0001308,2025-12-10,STOR0040,PROD00311,68,41,141,16
INV0001309,2025-12-29,STOR0055,PROD00420,605,27,167,69
INV0001310,2025-12-30,STOR0044,PROD00412,583,0,197,86
INV0001311,2025-12-14,STOR0059,PROD00076,107,49,7,28
INV0001312,2025-12-08,STOR0018,PROD00369,725,43,2,33
INV0001313,2025-12-28,STOR0004,PROD00002,270,46,163,91
INV0001314,2025-12-05,STOR0045,PROD00470,604,40,2,86
INV0001315,2025-12-27,STOR0053,PROD00153,663,11,24,109
INV0001316,2025-12-06,STOR0011,PROD00229,762,38,141,10
INV0001317,2025-12-28,STOR0039,PROD00056,233,31,189,93
INV0001318,2025-12-27,STOR0054,PROD00164,720,26,35,39
INV0001319,2025-12-04,STOR0036,PROD00109,276,21,17,96
INV0001320,2025-12-05,STOR0048,PROD00020,192,0,167,11
INV0001321,2025-12-11,STOR0057,PROD00104,523,29,152,90
INV0001322,2025-12-31,STOR0024,PROD00382,479,29,16,43
INV0001323,2025-12-04,STOR0011,PROD00346,385,50,71,102
INV0001324,2025-12-25,STOR0002,PROD00001,776,11,133,27
INV0001325,2025-12-10,STOR0021,PROD00378,770,1,44,92
INV0001326,2025-12-08,STOR0043,PROD00450,770,28,118,100
INV0001327,2025-12-06,STOR0022,PROD00060,798,9,100,100
INV0001328,2025-12-16,STOR0023,PROD00469,205,35,184,114
INV0001329,2025-12-31,STOR0017,PROD00028,188,42,109,83
INV0001330,2025-12-11,STOR0030,PROD00294,746,21,193,40
INV0001331,2025-12-07,STOR0039,PROD00135,437,37,160,52
INV0001332,2025-12-30,STOR0043,PROD00267,540,5,154,49
INV0001333,2025-12-11,STOR0032,PROD00194,796,46,95,14
INV0001334,2025-12-19,STOR0048,PROD00264,94,18,121,37
INV0001335,2025-12-27,STOR0045,PROD00407,574,36,140,44
INV0001336,2025-12-08,STOR0018,PROD00044,536,10,140,45
INV0001337,2025-12-20,STOR0058,PROD00320,54,40,70,46
INV0001338,2025-12-11,STOR0009,PROD00453,284,43,196,31
INV0001339,2025-12-14,STOR0036,PROD00437,626,32,141,34
INV0001340,2025-12-29,STOR0041,PROD00105,657,36,49,51
INV0001341,2025-12-23,STOR0009,PROD00472,798,28,199,54
INV0001342,2025-12-27,STOR0004,PROD00257,202,9,7,31
INV0001343,2025-12-30,STOR0040,PROD00357,67,50,174,63
INV0001344,2025-12-13,STOR0047,PROD00176,666,27,72,110
INV0001345,2025-12-12,STOR0001,PROD00415,657,43,61,104
INV0001346,2025-12-03,STOR0013,PROD00447,554,28,1,31
INV0001347,2025-12-17,STOR0037,PROD00131,292,34,91,103
INV0001348,2025-12-12,STOR0025,PROD00227,614,26,131,67
INV0001349,2025-12-07,STOR0017,PROD00145,192,30,137,74
INV0001350,2025-12-10,STOR0026,PROD00407,293,31,57,111
INV0001351,2025-12-30,STOR0048,PROD00277,23,5,14,37
INV0001352,2025-12-24,STOR0045,PROD00437,680,2,105,46
INV0001353,2025-12-30,STOR0009,PROD00253,703,8,183,94
INV0001354,2025-12-23,STOR0052,PROD00178,169,40,84,102
INV0001355,2026-01-01,STOR0056,PROD00151,428,25,6,51
INV0001356,2025-12-26,STOR0033,PROD00151,122,20,61,69
INV0001357,2025-12-30,STOR0016,PROD00317,428,11,120,56
INV0001358,2026-01-01,STOR0023,PROD00352,227,44,17,115
INV0001359,2025-12-10,STOR0013,PROD00374,351,34,171,120
INV0001360,2025-12-08,STOR0013,PROD00339,21,7,35,103
INV0001361,2025-12-27,STOR0001,PROD00116,563,14,194,30
INV0001362,2025-12-23,STOR0060,PROD00069,492,6,142,12
INV0001363,2025-12-21,STOR0060,PROD00270,18,0,70,35
INV0001364,2025-12-27,STOR0060,PROD00309,323,21,34,110
INV0001365,2025-12-06,STOR0036,PROD00296,660,32,138,99
INV0001366,2025-12-03,STOR0044,PROD00305,17,1,148,84
INV0001367,2025-12-26,STOR0016,PROD00260,236,41,61,17
INV0001368,2025-12-24,STOR0021,PROD00192,416,48,62,103
INV0001369,2025-12-16,STOR0018,PROD00312,97,30,199,60
INV0001370,2025-12-20,STOR0001,PROD00130,395,7,16,109
INV0001371,2025-12-06,STOR0016,PROD00218,131,10,45,82
INV0001372,2025-12-14,STOR0056,PROD00099,421,34,185,42
INV0001373,2025-12-25,STOR0044,PROD00068,540,7,62,73
INV0001374,2025-12-26,STOR0031,PROD00153,552,0,148,36
INV0001375,2025-12-14,STOR0006,PROD00108,185,50,44,71
INV0001376,2025-12-24,STOR0009,PROD00303,571,44,189,113
INV0001377,2025-12-06,STOR0039,PROD00409,101,11,125,103
INV0001378,2025-12-26,STOR0026,PROD00449,542,33,35,103
INV0001379,2025-12-28,STOR0024,PROD00375,451,34,101,87
INV0001380,2025-12-21,STOR0059,PROD00115,146,7,19,18
INV0001381,2025-12-26,STOR0032,PROD00237,564,33,194,74
INV0001382,2025-12-23,STOR0001,PROD00191,325,17,86,116
INV0001383,2025-12-26,STOR0043,PROD00052,78,45,2,17
INV0001384,2025-12-09,STOR0032,PROD00261,619,21,42,67
INV0001385,2025-12-20,STOR0018,PROD00301,565,1,92,71
INV0001386,2025-12-31,STOR0053,PROD00151,313,50,135,80
INV0001387,2025-12-02,STOR0001,PROD00093,540,37,62,33
INV0001388,2025-12-02,STOR0032,PROD00216,786,10,150,120
INV0001389,2025-12-25,STOR0016,PROD00002,153,41,75,42
INV0001390,2025-12-19,STOR0016,PROD00197,512,22,67,50
INV0001391,2025-12-25,STOR0041,PROD00338,741,50,192,15
INV0001392,2025-12-09,STOR0001,PROD00325,150,23,198,32
INV0001393,2025-12-12,STOR0033,PROD00253,723,24,118,61
INV0001394,2025-12-07,STOR0059,PROD00363,11,3,23,82
INV0001395,2025-12-05,STOR0019,PROD00345,629,43,78,47
INV0001396,2025-12-06,STOR0045,PROD00347,494,17,47,16
INV0001397,2025-12-13,STOR0011,PROD00050,195,38,50,25
INV0001398,2025-12-16,STOR0058,PROD00376,122,13,114,11
INV0001399,2025-12-11,STOR0001,PROD00020,717,48,151,101
INV0001400,2025-12-02,STOR0012,PROD00223,222,16,143,70
INV0001401,2025-12-22,STOR0047,PROD00329,29,9,10,60
INV0001402,2025-12-27,STOR0027,PROD00042,157,45,45,82
INV0001403,2025-12-04,STOR0005,PROD00299,104,9,32,16
INV0001404,2025-12-19,STOR0055,PROD00262,551,31,170,85
INV0001405,2025-12-22,STOR0058,PROD00460,133,9,52,118
INV0001406,2025-12-11,STOR0004,PROD00447,678,31,25,105
INV0001407,2025-12-25,STOR0050,PROD00310,535,7,110,98
INV0001408,2025-12-12,STOR0040,PROD00112,553,9,173,40
INV0001409,2025-12-03,STOR0031,PROD00133,694,29,45,45
INV0001410,2025-12-19,STOR0015,PROD00267,493,34,183,110
INV0001411,2025-12-18,STOR0016,PROD00279,423,46,182,77
INV0001412,2025-12-19,STOR0055,PROD00111,695,9,100,43
INV0001413,2025-12-17,STOR0028,PROD00257,454,16,63,86
INV0001414,2025-12-03,STOR0019,PROD00473,531,37,37,75
INV0001415,2025-12-03,STOR0031,PROD00158,192,40,146,53
INV0001416,2025-12-15,STOR0023,PROD00418,395,26,7,101
INV0001417,2025-12-31,STOR0002,PROD00443,398,36,26,10
INV0001418,2025-12-20,STOR0012,PROD00051,736,2,127,78
INV0001419,2025-12-25,STOR0051,PROD00027,328,30,140,60
INV0001420,2025-12-06,STOR0053,PROD00454,254,16,109,113
INV0001421,2025-12-19,STOR0043,PROD00025,222,11,121,94
INV0001422,2025-12-07,STOR0037,PROD00471,400,7,76,108
INV0001423,2025-12-23,STOR0023,PROD00016,705,14,93,36
INV0001424,2025-12-29,STOR0005,PROD00400,32,13,21,74
INV0001425,2025-12-09,STOR0038,PROD00401,220,15,52,28
INV0001426,2025-12-03,STOR0003,PROD00242,294,28,52,50
INV0001427,2025-12-12,STOR0034,PROD00465,755,14,158,73
INV0001428,2025-12-28,STOR0055,PROD00234,52,4,33,12
INV0001429,2025-12-17,STOR0052,PROD00112,253,17,34,105
INV0001430,2025-12-08,STOR0009,PROD00211,170,15,198,102
INV0001431,2025-12-13,STOR0058,PROD00257,459,14,99,42
INV0001432,2025-12-16,STOR0015,PROD00123,89,19,41,14
INV0001433,2026-01-01,STOR0005,PROD00350,71,13,105,77
INV0001434,2025-12-20,STOR0029,PROD00039,673,19,67,71
INV0001435,2025-12-30,STOR0059,PROD00026,182,13,46,90
INV0001436,2025-12-13,STOR0020,PROD00005,525,21,198,25
INV0001437,2025-12-05,STOR0055,PROD00043,176,10,119,94
INV0001438,2025-12-28,STOR0036,PROD00309,151,25,145,94
INV0001439,2025-12-03,STOR0027,PROD00491,559,35,119,110
INV0001440,2025-12-08,STOR0018,PROD00167,506,15,196,111
INV0001441,2025-12-30,STOR0009,PROD00187,79,26,24,87
INV0001442,2025-12-30,STOR0016,PROD00222,189,4,9,95
INV0001443,2025-12-15,STOR0058,PROD00117,477,12,174,66
INV0001444,2025-12-05,STOR0002,PROD00272,234,1,77,10
INV0001445,2025-12-18,STOR0024,PROD00147,534,40,191,112
INV0001446,2025-12-02,STOR0043,PROD00378,191,37,24,113
INV0001447,2025-12-20,STOR0056,PROD00285,668,36,121,62
INV0001448,2025-12-07,STOR0011,PROD00234,512,50,58,58
INV0001449,2025-12-08,STOR0015,PROD00082,735,19,155,40
INV0001450,2025-12-25,STOR0046,PROD00262,745,35,102,93
INV0001451,2025-12-05,STOR0008,PROD00369,117,15,156,110
INV0001452,2025-12-05,STOR0044,PROD00157,124,35,88,55
INV0001453,2025-12-10,STOR0041,PROD00027,583,8,119,96
INV0001454,2025-12-13,STOR0020,PROD00287,75,2,155,108
INV0001455,2025-12-28,STOR0004,PROD00368,698,23,166,94
INV0001456,2025-12-04,STOR0050,PROD00044,422,48,148,30
INV0001457,2025-12-31,STOR0020,PROD00339,212,14,169,64
INV0001458,2025-12-30,STOR0028,PROD00113,502,40,16,66
INV0001459,2025-12-07,STOR0019,PROD00361,244,19,156,114
INV0001460,2025-12-04,STOR0018,PROD00182,449,26,189,30
INV0001461,2025-12-18,STOR0047,PROD00113,582,27,39,64
INV0001462,2025-12-08,STOR0033,PROD00207,417,16,78,50
INV0001463,2025-12-26,STOR0023,PROD00009,744,28,181,101
INV0001464,2025-12-12,STOR0006,PROD00177,678,50,166,35
INV0001465,2025-12-02,STOR0020,PROD00441,430,6,142,46
INV0001466,2025-12-14,STOR0021,PROD00142,11,4,80,112
INV0001467,2025-12-26,STOR0035,PROD00306,22,22,101,114
INV0001468,2025-12-21,STOR0009,PROD00252,380,32,69,113
INV0001469,2025-12-31,STOR0046,PROD00070,696,48,50,12
INV0001470,2025-12-31,STOR0001,PROD00196,729,33,0,30
INV0001471,2025-12-23,STOR0049,PROD00308,443,1,164,58
INV0001472,2025-12-25,STOR0037,PROD00212,44,21,187,15
INV0001473,2025-12-15,STOR0043,PROD00060,399,36,129,25
INV0001474,2025-12-04,STOR0012,PROD00111,29,6,65,106
INV0001475,2025-12-06,STOR0012,PROD00085,497,24,172,54
INV0001476,2025-12-05,STOR0035,PROD00400,233,7,93,90
INV0001477,2025-12-30,STOR0059,PROD00066,725,8,159,116
INV0001478,2025-12-13,STOR0023,PROD00441,93,44,64,39
INV0001479,2025-12-20,STOR0058,PROD00359,577,47,24,85
INV0001480,2025-12-13,STOR0050,PROD00123,285,8,101,18
INV0001481,2025-12-23,STOR0016,PROD00209,276,14,165,24
INV0001482,2025-12-19,STOR0051,PROD00282,16,0,147,67
INV0001483,2025-12-22,STOR0043,PROD00006,100,50,192,48
INV0001484,2025-12-05,STOR0050,PROD00173,74,5,82,96
INV0001485,2025-12-05,STOR0053,PROD00384,41,10,11,19
INV0001486,2025-12-28,STOR0016,PROD00047,121,26,99,20
INV0001487,2025-12-21,STOR0004,PROD00015,420,43,48,82
INV0001488,2025-12-26,STOR0022,PROD00185,488,4,23,58
INV0001489,2025-12-13,STOR0049,PROD00408,637,11,138,63
INV0001490,2025-12-28,STOR0044,PROD00075,74,17,86,64
INV0001491,2025-12-19,STOR0045,PROD00476,338,34,2,97
INV0001492,2025-12-07,STOR0009,PROD00378,56,3,167,17
INV0001493,2025-12-19,STOR0019,PROD00372,395,36,80,92
INV0001494,2025-12-04,STOR0025,PROD00077,687,48,67,94
INV0001495,2025-12-17,STOR0048,PROD00122,247,3,68,70
INV0001496,2025-12-13,STOR0020,PROD00389,571,3,72,92
INV0001497,2025-12-27,STOR0055,PROD00373,448,31,193,46
INV0001498,2025-12-19,STOR0057,PROD00272,70,37,26,41
INV0001499,2025-12-11,STOR0041,PROD00039,310,32,161,46
INV0001500,2025-12-14,STOR0059,PROD00414,661,12,20,100
INV0001501,2025-12-18,STOR0054,PROD00062,782,32,33,39
INV0001502,2025-12-31,STOR0048,PROD00326,428,44,74,60
INV0001503,2025-12-07,STOR0060,PROD00337,180,49,111,52
INV0001504,2025-12-17,STOR0043,PROD00454,376,22,120,68
INV0001505,2025-12-30,STOR0005,PROD00457,144,36,0,28
INV0001506,2026-01-01,STOR0052,PROD00151,619,49,8,98
INV0001507,2025-12-16,STOR0045,PROD00079,353,23,196,89
INV0001508,2025-12-10,STOR0023,PROD00300,665,37,13,78
INV0001509,2025-12-04,STOR0018,PROD00025,705,46,4,113
INV0001510,2026-01-01,STOR0045,PROD00206,661,12,96,54
INV0001511,2025-12-09,STOR0026,PROD00469,461,46,141,97
INV0001512,2025-12-23,STOR0025,PROD00117,231,4,88,18
INV0001513,2025-12-02,STOR0017,PROD00464,276,39,155,32
INV0001514,2025-12-30,STOR0021,PROD00370,722,39,50,39
INV0001515,2025-12-06,STOR0024,PROD00102,489,38,110,119
INV0001516,2025-12-21,STOR0055,PROD00363,192,32,143,15
INV0001517,2025-12-07,STOR0043,PROD00445,412,15,170,108
INV0001518,2025-12-13,STOR0032,PROD00396,631,10,163,52
INV0001519,2025-12-03,STOR0045,PROD00361,36,25,35,84
INV0001520,2025-12-30,STOR0013,PROD00454,626,9,199,74
INV0001521,2025-12-24,STOR0022,PROD00302,421,8,80,75
INV0001522,2025-12-07,STOR0014,PROD00071,168,41,126,77
INV0001523,2025-12-29,STOR0054,PROD00038,258,32,20,39
INV0001524,2025-12-10,STOR0056,PROD00487,320,31,172,104
INV0001525,2025-12-10,STOR0004,PROD00339,596,38,121,97
INV0001526,2025-12-07,STOR0002,PROD00236,448,44,57,66
INV0001527,2025-12-26,STOR0052,PROD00062,705,23,168,14
INV0001528,2025-12-04,STOR0022,PROD00077,673,39,156,66
INV0001529,2025-12-11,STOR0007,PROD00197,611,40,185,26
INV0001530,2025-12-29,STOR0024,PROD00064,98,7,79,71
INV0001531,2025-12-29,STOR0050,PROD00259,799,8,108,77
INV0001532,2025-12-17,STOR0033,PROD00384,264,21,85,52
INV0001533,2025-12-24,STOR0001,PROD00330,150,39,103,75
INV0001534,2025-12-30,STOR0042,PROD00014,675,48,58,92
INV0001535,2025-12-20,STOR0053,PROD00159,568,24,191,80
INV0001536,2025-12-05,STOR0041,PROD00383,232,33,44,17
INV0001537,2025-12-17,STOR0037,PROD00041,319,31,94,95
INV0001538,2025-12-05,STOR0018,PROD00162,86,48,160,96
INV0001539,2025-12-27,STOR0057,PROD00211,398,34,5,45
INV0001540,2025-12-09,STOR0027,PROD00048,333,48,186,28
INV0001541,2025-12-21,STOR0029,PROD00066,159,14,85,107
INV0001542,2025-12-25,STOR0018,PROD00423,742,49,58,20
INV0001543,2025-12-05,STOR0042,PROD00211,168,10,175,87
INV0001544,2025-12-20,STOR0022,PROD00233,449,46,143,51
INV0001545,2026-01-01,STOR0044,PROD00263,750,7,40,42
INV0001546,2025-12-20,STOR0047,PROD00458,309,30,149,66
INV0001547,2025-12-31,STOR0009,PROD00253,547,40,125,101
INV0001548,2025-12-14,STOR0003,PROD00142,435,20,69,99
INV0001549,2025-12-05,STOR0054,PROD00325,436,43,91,10
INV0001550,2025-12-29,STOR0032,PROD00297,746,38,198,93
INV0001551,2025-12-03,STOR0032,PROD00127,0,0,29,84
INV0001552,2025-12-23,STOR0042,PROD00006,130,48,57,58
INV0001553,2025-12-09,STOR0021,PROD00305,2,1,147,67
INV0001554,2025-12-05,STOR0018,PROD00231,770,17,128,36
INV0001555,2025-12-23,STOR0047,PROD00220,747,13,96,22
INV0001556,2025-12-14,STOR0036,PROD00410,590,25,63,104
INV0001557,2025-12-02,STOR0053,PROD00167,619,35,14,58
INV0001558,2025-12-19,STOR0046,PROD00412,103,44,184,111
INV0001559,2025-12-20,STOR0048,PROD00145,428,28,37,68
INV0001560,2025-12-20,STOR0010,PROD00009,723,29,160,110
INV0001561,2025-12-23,STOR0058,PROD00253,707,25,143,78
INV0001562,2025-12-21,STOR0018,PROD00164,381,14,195,92
INV0001563,2025-12-05,STOR0060,PROD00005,301,37,76,42
INV0001564,2025-12-15,STOR0051,PROD00369,175,36,91,72
INV0001565,2025-12-31,STOR0037,PROD00478,132,47,167,13
INV0001566,2025-12-19,STOR0058,PROD00255,440,39,27,116
INV0001567,2025-12-19,STOR0007,PROD00104,294,28,163,44
INV0001568,2025-12-18,STOR0049,PROD00351,359,0,199,75
INV0001569,2025-12-13,STOR0006,PROD00063,766,9,32,63
INV0001570,2025-12-11,STOR0002,PROD00048,668,47,134,119
INV0001571,2026-01-01,STOR0012,PROD00147,170,43,59,40
INV0001572,2025-12-09,STOR0056,PROD00160,641,11,138,86
INV0001573,2025-12-07,STOR0025,PROD00132,662,33,25,73
INV0001574,2025-12-31,STOR0056,PROD00119,250,26,132,69
INV0001575,2025-12-26,STOR0017,PROD00306,98,11,55,47
INV0001576,2025-12-10,STOR0009,PROD00217,599,0,178,95
INV0001577,2025-12-21,STOR0018,PROD00072,600,23,107,49
INV0001578,2025-12-31,STOR0008,PROD00253,369,28,125,55
INV0001579,2025-12-21,STOR0053,PROD00136,20,7,172,99
INV0001580,2025-12-09,STOR0058,PROD00096,728,24,56,75
INV0001581,2026-01-01,STOR0039,PROD00174,710,46,109,56
INV0001582,2025-12-20,STOR0035,PROD00375,133,22,114,15
INV0001583,2025-12-27,STOR0002,PROD00037,351,39,79,50
INV0001584,2025-12-31,STOR0016,PROD00405,408,12,145,108
INV0001585,2025-12-10,STOR0032,PROD00465,723,23,3,87
INV0001586,2025-12-27,STOR0038,PROD00138,263,10,147,43
INV0001587,2025-12-29,STOR0007,PROD00312,147,29,14,50
INV0001588,2025-12-24,STOR0039,PROD00031,229,40,184,20
INV0001589,2026-01-01,STOR0015,PROD00460,357,20,163,90
INV0001590,2025-12-27,STOR0044,PROD00135,763,31,182,26
INV0001591,2025-12-13,STOR0047,PROD00342,152,49,127,22
INV0001592,2025-12-26,STOR0023,PROD00362,203,29,35,73
INV0001593,2025-12-27,STOR0053,PROD00230,284,26,120,54
INV0001594,2025-12-26,STOR0035,PROD00167,297,45,109,103
INV0001595,2025-12-06,STOR0044,PROD00083,40,32,109,69
INV0001596,2025-12-28,STOR0020,PROD00013,431,27,154,58
INV0001597,2025-12-14,STOR0029,PROD00495,544,22,6,62
INV0001598,2025-12-04,STOR0003,PROD00425,167,10,9,56
INV0001599,2025-12-27,STOR0048,PROD00158,368,12,114,21
INV0001600,2025-12-21,STOR0018,PROD00467,620,33,41,47
INV0001601,2025-12-13,STOR0060,PROD00148,168,38,119,46
INV0001602,2025-12-03,STOR0017,PROD00298,330,22,177,64
INV0001603,2025-12-29,STOR0013,PROD00037,15,5,65,71
INV0001604,2025-12-30,STOR0038,PROD00450,547,12,190,65
INV0001605,2025-12-22,STOR0002,PROD00345,509,47,36,61
INV0001606,2025-12-03,STOR0047,PROD00321,721,41,155,48
INV0001607,2025-12-28,STOR0051,PROD00439,521,22,13,19
INV0001608,2025-12-16,STOR0042,PROD00052,274,13,155,31
INV0001609,2025-12-09,STOR0058,PROD00477,239,2,155,109
INV0001610,2025-12-17,STOR0051,PROD00175,230,31,27,64
INV0001611,2025-12-25,STOR0039,PROD00224,196,33,111,60
INV0001612,2026-01-01,STOR0010,PROD00253,613,1,67,12
INV0001613,2025-12-31,STOR0014,PROD00309,346,14,40,96
INV0001614,2025-12-12,STOR0025,PROD00478,432,21,78,70
INV0001615,2025-12-13,STOR0028,PROD00376,276,15,71,102
INV0001616,2025-12-14,STOR0017,PROD00065,75,8,175,12
INV0001617,2025-12-05,STOR0001,PROD00378,250,0,12,76
INV0001618,2025-12-09,STOR0042,PROD00012,358,17,105,99
INV0001619,2025-12-07,STOR0043,PROD00391,568,48,126,58
INV0001620,2025-12-26,STOR0052,PROD00467,173,4,112,85
INV0001621,2025-12-11,STOR0027,PROD00442,499,38,189,62
INV0001622,2025-12-11,STOR0050,PROD00285,173,10,170,28
INV0001623,2025-12-04,STOR0037,PROD00407,4,4,77,107
INV0001624,2025-12-13,STOR0041,PROD00489,481,41,128,107
INV0001625,2025-12-15,STOR0036,PROD00120,290,6,15,19
INV0001626,2025-12-03,STOR0047,PROD00477,467,49,39,34
INV0001627,2025-12-11,STOR0046,PROD00270,641,13,116,17
INV0001628,2025-12-09,STOR0047,PROD00441,782,30,195,40
INV0001629,2025-12-17,STOR0031,PROD00492,414,27,191,102
INV0001630,2025-12-12,STOR0035,PROD00053,170,42,102,28
INV0001631,2025-12-03,STOR0049,PROD00415,98,48,119,75
INV0001632,2025-12-11,STOR0020,PROD00324,452,42,134,41
INV0001633,2025-12-22,STOR0001,PROD00142,629,12,129,90
INV0001634,2026-01-01,STOR0054,PROD00352,744,19,3,61
INV0001635,2025-12-09,STOR0012,PROD00264,753,48,70,89
INV0001636,2025-12-15,STOR0021,PROD00347,16,3,159,94
INV0001637,2025-12-30,STOR0032,PROD00193,354,26,108,61
INV0001638,2025-12-12,STOR0019,PROD00368,330,6,171,114
INV0001639,2025-12-03,STOR0022,PROD00425,243,25,8,48
INV0001640,2025-12-24,STOR0044,PROD00172,659,17,73,73
INV0001641,2025-12-19,STOR0032,PROD00390,482,45,68,21
INV0001642,2025-12-08,STOR0039,PROD00223,77,31,51,63
INV0001643,2025-12-09,STOR0039,PROD00429,787,39,145,98
INV0001644,2025-12-12,STOR0044,PROD00355,225,39,80,44
INV0001645,2025-12-10,STOR0004,PROD00099,670,47,33,16
INV0001646,2025-12-11,STOR0019,PROD00117,315,13,14,51
INV0001647,2025-12-25,STOR0038,PROD00075,196,11,200,11
INV0001648,2025-12-29,STOR0012,PROD00172,785,35,36,30
INV0001649,2025-12-26,STOR0030,PROD00030,78,4,4,76
INV0001650,2025-12-28,STOR0024,PROD00283,82,49,110,63
INV0001651,2025-12-11,STOR0006,PROD00160,75,31,73,15
INV0001652,2025-12-25,STOR0053,PROD00216,305,7,9,37
INV0001653,2025-12-05,STOR0035,PROD00171,272,0,175,50
INV0001654,2025-12-28,STOR0035,PROD00036,99,14,175,105
INV0001655,2025-12-14,STOR0053,PROD00166,216,6,57,22
INV0001656,2025-12-10,STOR0021,PROD00346,554,25,173,30
INV0001657,2025-12-21,STOR0044,PROD00053,569,27,170,102
INV0001658,2025-12-10,STOR0001,PROD00402,758,27,34,54
INV0001659,2025-12-30,STOR0042,PROD00251,66,26,156,112
INV0001660,2025-12-18,STOR0031,PROD00031,626,35,61,106
INV0001661,2025-12-15,STOR0003,PROD00146,765,10,106,116
INV0001662,2025-12-28,STOR0042,PROD00029,285,40,136,91
INV0001663,2025-12-18,STOR0020,PROD00241,587,25,47,66
INV0001664,2025-12-11,STOR0010,PROD00177,493,18,7,61
INV0001665,2025-12-09,STOR0013,PROD00006,83,46,15,28
INV0001666,2025-12-09,STOR0045,PROD00369,488,30,136,66
INV0001667,2025-12-24,STOR0037,PROD00429,628,7,6,61
INV0001668,2025-12-07,STOR0012,PROD00172,57,49,167,24
INV0001669,2025-12-11,STOR0047,PROD00195,774,47,78,99
INV0001670,2025-12-22,STOR0032,PROD00409,553,32,87,98
INV0001671,2025-12-31,STOR0022,PROD00116,366,28,125,12
INV0001672,2025-12-09,STOR0021,PROD00434,308,10,23,101
INV0001673,2025-12-02,STOR0038,PROD00020,8,7,150,19
INV0001674,2025-12-20,STOR0024,PROD00019,250,45,8,72
INV0001675,2025-12-14,STOR0049,PROD00386,744,32,142,29
INV0001676,2025-12-28,STOR0012,PROD00151,543,27,28,109
INV0001677,2025-12-09,STOR0001,PROD00359,464,37,67,93
INV0001678,2025-12-26,STOR0022,PROD00152,669,6,115,118
INV0001679,2025-12-29,STOR0038,PROD00468,42,29,55,107
INV0001680,2025-12-20,STOR0025,PROD00247,401,42,195,49
INV0001681,2026-01-01,STOR0050,PROD00421,555,31,129,24
INV0001682,2026-01-01,STOR0011,PROD00034,117,35,81,108
INV0001683,2025-12-25,STOR0055,PROD00181,6,5,1,46
INV0001684,2025-12-07,STOR0024,PROD00110,363,22,141,28
INV0001685,2025-12-21,STOR0023,PROD00036,51,33,96,45
INV0001686,2025-12-21,STOR0006,PROD00009,127,13,192,30
INV0001687,2025-12-24,STOR0060,PROD00158,357,24,32,95
INV0001688,2025-12-05,STOR0011,PROD00405,338,18,117,108
INV0001689,2025-12-17,STOR0050,PROD00358,537,42,120,42
INV0001690,2025-12-25,STOR0033,PROD00053,83,20,169,23
INV0001691,2025-12-18,STOR0023,PROD00456,547,28,111,63
INV0001692,2025-12-26,STOR0035,PROD00320,185,30,81,88
INV0001693,2025-12-14,STOR0028,PROD00040,520,50,173,30
INV0001694,2026-01-01,STOR0052,PROD00251,59,33,189,41
INV0001695,2025-12-25,STOR0025,PROD00111,147,24,3,69
INV0001696,2025-12-30,STOR0034,PROD00234,672,25,138,23
INV0001697,2025-12-31,STOR0024,PROD00262,14,0,167,23
INV0001698,2025-12-31,STOR0044,PROD00276,448,5,198,84
INV0001699,2025-12-23,STOR0014,PROD00365,675,10,159,68
INV0001700,2025-12-02,STOR0041,PROD00281,276,21,150,65
INV0001701,2025-12-07,STOR0006,PROD00074,468,33,139,109
INV0001702,2025-12-13,STOR0053,PROD00329,101,35,19,25
INV0001703,2025-12-21,STOR0022,PROD00273,671,39,67,55
INV0001704,2025-12-23,STOR0054,PROD00414,393,12,26,28
INV0001705,2025-12-19,STOR0005,PROD00148,113,41,86,77
INV0001706,2025-12-22,STOR0044,PROD00157,557,9,63,84
INV0001707,2025-12-25,STOR0010,PROD00498,228,0,119,43
INV0001708,2025-12-22,STOR0016,PROD00002,774,26,122,90
INV0001709,2025-12-04,STOR0044,PROD00044,60,42,83,78
INV0001710,2025-12-05,STOR0025,PROD00108,715,17,105,108
INV0001711,2025-12-27,STOR0016,PROD00475,781,0,47,98
INV0001712,2025-12-09,STOR0005,PROD00343,379,27,177,70
INV0001713,2025-12-28,STOR0025,PROD00128,94,9,144,113
INV0001714,2025-12-23,STOR0009,PROD00275,288,45,192,69
INV0001715,2025-12-05,STOR0014,PROD00333,530,50,178,27
INV0001716,2025-12-29,STOR0040,PROD00153,473,33,19,99
INV0001717,2025-12-26,STOR0038,PROD00474,54,5,146,95
INV0001718,2025-12-21,STOR0022,PROD00062,313,27,131,80
INV0001719,2025-12-29,STOR0047,PROD00469,771,29,136,92
INV0001720,2025-12-24,STOR0052,PROD00433,141,10,108,89
INV0001721,2025-12-16,STOR0025,PROD00118,655,31,169,88
INV0001722,2025-12-22,STOR0042,PROD00484,374,13,130,109
INV0001723,2025-12-06,STOR0058,PROD00310,575,24,170,48
INV0001724,2025-12-06,STOR0007,PROD00195,3,1,195,111
INV0001725,2025-12-26,STOR0055,PROD00036,462,47,9,68
INV0001726,2025-12-16,STOR0058,PROD00029,40,40,110,99
INV0001727,2025-12-15,STOR0054,PROD00045,477,46,74,68
INV0001728,2025-12-03,STOR0032,PROD00017,651,46,109,88
INV0001729,2025-12-02,STOR0021,PROD00413,247,6,164,109
INV0001730,2025-12-11,STOR0051,PROD00254,242,33,39,114
INV0001731,2025-12-21,STOR0008,PROD00382,505,14,59,94
INV0001732,2025-12-30,STOR0060,PROD00457,219,12,59,17
INV0001733,2026-01-01,STOR0016,PROD00264,412,42,62,35
INV0001734,2025-12-07,STOR0039,PROD00260,291,48,6,104
INV0001735,2025-12-17,STOR0024,PROD00487,509,17,21,88
INV0001736,2025-12-09,STOR0006,PROD00260,138,7,93,23
INV0001737,2025-12-09,STOR0057,PROD00454,38,35,172,117
INV0001738,2025-12-19,STOR0046,PROD00272,422,5,67,21
INV0001739,2025-12-05,STOR0001,PROD00499,7,6,53,112
INV0001740,2025-12-21,STOR0047,PROD00196,106,24,132,114
INV0001741,2025-12-20,STOR0030,PROD00432,796,45,131,93
INV0001742,2025-12-27,STOR0017,PROD00415,713,39,79,96
INV0001743,2025-12-13,STOR0038,PROD00235,698,36,152,70
INV0001744,2025-12-13,STOR0001,PROD00489,181,39,164,87
INV0001745,2025-12-31,STOR0030,PROD00265,475,39,86,52
INV0001746,2025-12-04,STOR0029,PROD00007,474,15,156,31
INV0001747,2025-12-14,STOR0023,PROD00211,464,16,32,103
INV0001748,2025-12-27,STOR0032,PROD00483,244,26,69,43
INV0001749,2025-12-29,STOR0012,PROD00077,783,16,96,23
INV0001750,2025-12-17,STOR0010,PROD00159,31,2,157,37
INV0001751,2025-12-17,STOR0033,PROD00237,175,39,188,69
INV0001752,2025-12-03,STOR0036,PROD00074,758,45,87,107
INV0001753,2025-12-26,STOR0022,PROD00282,309,19,50,119
INV0001754,2025-12-13,STOR0044,PROD00423,144,9,92,103
INV0001755,2025-12-09,STOR0024,PROD00480,56,33,105,17
INV0001756,2025-12-11,STOR0028,PROD00124,84,29,80,100
INV0001757,2025-12-03,STOR0031,PROD00040,733,33,120,96
INV0001758,2025-12-09,STOR0018,PROD00349,66,14,22,85
INV0001759,2025-12-06,STOR0037,PROD00312,278,33,19,93
INV0001760,2025-12-12,STOR0004,PROD00190,711,9,72,66
INV0001761,2025-12-21,STOR0054,PROD00430,681,45,50,67
INV0001762,2025-12-14,STOR0009,PROD00147,80,16,199,93
INV0001763,2025-12-25,STOR0040,PROD00041,174,3,4,85
INV0001764,2025-12-31,STOR0054,PROD00199,352,31,50,20
INV0001765,2025-12-05,STOR0025,PROD00392,739,18,193,86
INV0001766,2025-12-29,STOR0026,PROD00199,379,43,12,15
INV0001767,2025-12-25,STOR0033,PROD00093,771,49,106,110
INV0001768,2025-12-23,STOR0050,PROD00425,785,27,70,51
INV0001769,2025-12-02,STOR0030,PROD00352,309,50,49,62
INV0001770,2025-12-21,STOR0029,PROD00263,12,1,63,65
INV0001771,2025-12-08,STOR0008,PROD00417,630,17,122,78
INV0001772,2025-12-23,STOR0033,PROD00029,587,6,80,56
INV0001773,2025-12-29,STOR0017,PROD00069,795,9,135,111
INV0001774,2025-12-20,STOR0006,PROD00273,122,3,150,44
INV0001775,2025-12-04,STOR0014,PROD00345,586,34,198,83
INV0001776,2025-12-05,STOR0011,PROD00434,577,2,163,19
INV0001777,2025-12-15,STOR0041,PROD00316,683,6,135,89
INV0001778,2025-12-19,STOR0012,PROD00424,238,3,0,36
INV0001779,2025-12-08,STOR0040,PROD00219,0,0,48,103
INV0001780,2025-12-25,STOR0027,PROD00161,169,42,58,101
INV0001781,2025-12-26,STOR0007,PROD00080,614,19,22,22
INV0001782,2025-12-29,STOR0033,PROD00433,641,48,135,82
INV0001783,2025-12-19,STOR0060,PROD00303,595,13,63,24
INV0001784,2025-12-27,STOR0019,PROD00108,253,16,158,119
INV0001785,2025-12-18,STOR0014,PROD00058,19,8,154,105
INV0001786,2025-12-27,STOR0052,PROD00181,787,21,113,110
INV0001787,2025-12-12,STOR0048,PROD00343,101,28,27,38
INV0001788,2025-12-03,STOR0052,PROD00266,486,35,132,92
INV0001789,2025-12-30,STOR0011,PROD00019,419,11,178,70
INV0001790,2025-12-02,STOR0014,PROD00108,352,45,104,17
INV0001791,2025-12-08,STOR0049,PROD00211,450,8,153,79
INV0001792,2025-12-28,STOR0045,PROD00311,438,38,107,52
INV0001793,2025-12-23,STOR0048,PROD00495,616,1,176,79
INV0001794,2025-12-10,STOR0009,PROD00402,326,27,110,27
INV0001795,2025-12-31,STOR0050,PROD00386,741,18,89,92
INV0001796,2025-12-17,STOR0010,PROD00095,408,40,19,23
INV0001797,2025-12-26,STOR0044,PROD00060,402,24,104,106
INV0001798,2025-12-10,STOR0032,PROD00346,598,20,133,75
INV0001799,2025-12-10,STOR0046,PROD00336,799,13,118,40
INV0001800,2025-12-30,STOR0045,PROD00321,558,9,192,98
INV0001801,2025-12-06,STOR0016,PROD00231,34,32,199,71
INV0001802,2025-12-22,STOR0008,PROD00322,269,12,136,113
INV0001803,2025-12-11,STOR0056,PROD00419,720,32,12,71
INV0001804,2025-12-30,STOR0054,PROD00216,254,16,189,54
INV0001805,2025-12-05,STOR0059,PROD00459,95,37,132,63
INV0001806,2025-12-15,STOR0023,PROD00052,461,35,65,42
INV0001807,2025-12-12,STOR0054,PROD00450,555,8,35,17
INV0001808,2026-01-01,STOR0002,PROD00150,437,46,113,67
INV0001809,2025-12-06,STOR0006,PROD00251,710,33,106,46
INV0001810,2025-12-18,STOR0035,PROD00004,14,5,114,66
INV0001811,2025-12-13,STOR0047,PROD00323,86,30,143,93
INV0001812,2025-12-20,STOR0008,PROD00055,643,40,139,68
INV0001813,2025-12-28,STOR0053,PROD00205,305,1,29,90
INV0001814,2025-12-22,STOR0049,PROD00118,623,21,34,92
INV0001815,2025-12-30,STOR0056,PROD00082,185,22,195,51
INV0001816,2025-12-22,STOR0014,PROD00490,765,35,117,27
INV0001817,2025-12-14,STOR0024,PROD00494,426,30,63,52
INV0001818,2025-12-30,STOR0049,PROD00391,547,23,170,40
INV0001819,2025-12-26,STOR0005,PROD00114,3,3,54,39
INV0001820,2025-12-15,STOR0017,PROD00446,99,29,126,91
INV0001821,2025-12-02,STOR0036,PROD00101,735,24,187,109
INV0001822,2025-12-14,STOR0026,PROD00179,392,7,151,31
INV0001823,2025-12-07,STOR0024,PROD00239,166,19,136,26
INV0001824,2025-12-14,STOR0059,PROD00328,569,38,158,38
INV0001825,2025-12-19,STOR0041,PROD00051,364,7,131,68
INV0001826,2025-12-20,STOR0018,PROD00286,145,48,86,20
INV0001827,2025-12-28,STOR0005,PROD00045,755,32,118,98
INV0001828,2025-12-09,STOR0045,PROD00370,264,16,196,44
INV0001829,2025-12-03,STOR0045,PROD00420,167,23,23,113
INV0001830,2025-12-24,STOR0037,PROD00451,777,21,115,90
INV0001831,2025-12-02,STOR0004,PROD00496,668,5,9,50
INV0001832,2025-12-21,STOR0024,PROD00439,748,38,9,15
INV0001833,2025-12-25,STOR0019,PROD00226,698,6,180,53
INV0001834,2025-12-13,STOR0018,PROD00041,1,0,173,66
INV0001835,2025-12-03,STOR0041,PROD00150,590,42,46,19
INV0001836,2025-12-17,STOR0025,PROD00179,474,23,142,68
INV0001837,2025-12-14,STOR0034,PROD00367,711,26,39,59
INV0001838,2025-12-07,STOR0020,PROD00073,309,10,83,101
INV0001839,2025-12-24,STOR0042,PROD00081,604,40,53,12
INV0001840,2025-12-28,STOR0017,PROD00200,272,0,51,61
INV0001841,2025-12-15,STOR0049,PROD00160,449,41,89,120
INV0001842,2025-12-24,STOR0051,PROD00078,758,32,172,13
INV0001843,2025-12-31,STOR0055,PROD00092,787,29,29,48
INV0001844,2025-12-15,STOR0031,PROD00500,404,20,136,114
INV0001845,2025-12-05,STOR0002,PROD00445,519,14,125,19
INV0001846,2025-12-20,STOR0059,PROD00158,736,17,45,61
INV0001847,2025-12-24,STOR0006,PROD00233,248,3,103,94
INV0001848,2025-12-29,STOR0028,PROD00234,674,6,26,20
INV0001849,2025-12-27,STOR0053,PROD00019,385,50,197,39
INV0001850,2025-12-26,STOR0028,PROD00069,775,40,28,89
INV0001851,2025-12-17,STOR0054,PROD00252,97,32,174,110
INV0001852,2025-12-02,STOR0015,PROD00498,49,42,31,98
INV0001853,2025-12-10,STOR0019,PROD00487,193,17,30,107
INV0001854,2025-12-24,STOR0036,PROD00441,402,34,181,21
INV0001855,2025-12-13,STOR0004,PROD00448,420,21,75,100
INV0001856,2025-12-24,STOR0004,PROD00340,251,19,84,55
INV0001857,2025-12-21,STOR0019,PROD00465,2,2,181,27
INV0001858,2025-12-29,STOR0036,PROD00331,204,20,63,48
INV0001859,2026-01-01,STOR0032,PROD00451,521,23,134,56
INV0001860,2025-12-08,STOR0024,PROD00089,713,19,141,19
INV0001861,2025-12-29,STOR0008,PROD00258,433,33,68,78
INV0001862,2025-12-18,STOR0048,PROD00207,244,6,114,107
INV0001863,2025-12-03,STOR0052,PROD00100,421,45,49,57
INV0001864,2025-12-18,STOR0011,PROD00095,8,1,35,46
INV0001865,2025-12-30,STOR0040,PROD00204,382,21,68,43
INV0001866,2025-12-27,STOR0060,PROD00425,313,21,102,73
INV0001867,2026-01-01,STOR0010,PROD00159,39,26,198,51
INV0001868,2025-12-10,STOR0048,PROD00106,102,35,175,79
INV0001869,2025-12-24,STOR0056,PROD00203,347,28,153,102
INV0001870,2025-12-24,STOR0036,PROD00198,652,14,93,62
INV0001871,2025-12-07,STOR0051,PROD00020,725,50,1,43
INV0001872,2025-12-30,STOR0008,PROD00342,180,9,197,15
INV0001873,2025-12-22,STOR0020,PROD00289,414,23,114,77
INV0001874,2025-12-02,STOR0050,PROD00318,166,5,23,41
INV0001875,2025-12-07,STOR0015,PROD00039,268,13,106,29
INV0001876,2025-12-18,STOR0048,PROD00214,60,0,86,43
INV0001877,2025-12-23,STOR0048,PROD00066,640,10,38,113
INV0001878,2025-12-29,STOR0011,PROD00381,466,24,55,47
INV0001879,2025-12-07,STOR0052,PROD00477,555,50,96,49
INV0001880,2025-12-27,STOR0041,PROD00319,746,27,161,82
INV0001881,2026-01-01,STOR0040,PROD00189,755,29,26,47
INV0001882,2025-12-28,STOR0017,PROD00346,406,42,172,80
INV0001883,2025-12-29,STOR0029,PROD00181,223,28,180,76
INV0001884,2025-12-15,STOR0006,PROD00245,6,4,155,71
INV0001885,2025-12-09,STOR0022,PROD00221,540,12,147,31
INV0001886,2025-12-06,STOR0042,PROD00034,300,45,56,76
INV0001887,2025-12-23,STOR0007,PROD00372,509,25,92,60
INV0001888,2025-12-18,STOR0051,PROD00403,23,10,198,104
INV0001889,2025-12-02,STOR0054,PROD00039,124,14,30,33
INV0001890,2025-12-16,STOR0005,PROD00385,397,10,149,73
INV0001891,2025-12-24,STOR0027,PROD00068,359,0,57,61
INV0001892,2025-12-27,STOR0051,PROD00219,734,21,193,43
INV0001893,2025-12-30,STOR0047,PROD00143,727,36,8,50
INV0001894,2026-01-01,STOR0043,PROD00369,14,13,15,116
INV0001895,2025-12-29,STOR0041,PROD00184,49,6,37,22
INV0001896,2025-12-27,STOR0035,PROD00424,168,2,186,109
INV0001897,2025-12-23,STOR0027,PROD00291,686,44,128,101
INV0001898,2025-12-04,STOR0046,PROD00485,555,40,110,58
INV0001899,2025-12-22,STOR0010,PROD00283,323,14,193,103
INV0001900,2025-12-25,STOR0058,PROD00293,668,25,144,92
INV0001901,2025-12-23,STOR0043,PROD00432,160,30,6,27
INV0001902,2025-12-20,STOR0006,PROD00216,754,34,180,98
INV0001903,2025-12-06,STOR0043,PROD00208,491,3,185,37
INV0001904,2025-12-06,STOR0030,PROD00149,231,26,35,119
INV0001905,2025-12-24,STOR0058,PROD00452,127,10,113,115
INV0001906,2025-12-23,STOR0058,PROD00041,70,24,132,16
INV0001907,2025-12-23,STOR0002,PROD00414,104,47,173,66
INV0001908,2026-01-01,STOR0056,PROD00448,403,2,28,64
INV0001909,2025-12-05,STOR0048,PROD00419,497,30,12,94
INV0001910,2025-12-31,STOR0013,PROD00265,609,50,181,30
INV0001911,2025-12-30,STOR0055,PROD00149,545,6,47,100
INV0001912,2025-12-25,STOR0060,PROD00419,183,36,89,107
INV0001913,2025-12-25,STOR0035,PROD00225,707,12,65,60
INV0001914,2025-12-13,STOR0019,PROD00398,648,14,179,45
INV0001915,2025-12-13,STOR0047,PROD00255,91,36,64,34
INV0001916,2025-12-20,STOR0045,PROD00212,516,18,99,51
INV0001917,2025-12-06,STOR0030,PROD00028,764,12,196,89
INV0001918,2025-12-26,STOR0043,PROD00096,328,14,140,117
INV0001919,2025-12-07,STOR0009,PROD00036,154,48,136,35
INV0001920,2025-12-21,STOR0001,PROD00308,770,34,119,102
INV0001921,2025-12-08,STOR0013,PROD00111,520,19,135,97
INV0001922,2025-12-03,STOR0018,PROD00262,336,13,163,53
INV0001923,2025-12-12,STOR0059,PROD00289,24,7,105,43
INV0001924,2025-12-26,STOR0058,PROD00453,732,3,32,88
INV0001925,2025-12-26,STOR0021,PROD00276,126,10,9,115
INV0001926,2025-12-29,STOR0041,PROD00068,250,45,3,15
INV0001927,2025-12-06,STOR0031,PROD00116,657,10,146,25
INV0001928,2025-12-12,STOR0057,PROD00294,168,33,168,60
INV0001929,2025-12-12,STOR0004,PROD00128,36,10,140,112
INV0001930,2025-12-16,STOR0052,PROD00138,71,9,175,82
INV0001931,2025-12-05,STOR0039,PROD00132,606,17,144,107
INV0001932,2025-12-25,STOR0027,PROD00136,581,37,151,14
INV0001933,2025-12-13,STOR0012,PROD00288,207,34,70,49
INV0001934,2025-12-26,STOR0056,PROD00039,18,2,115,115
INV0001935,2025-12-18,STOR0032,PROD00144,557,37,170,70
INV0001936,2025-12-27,STOR0056,PROD00005,682,24,68,92
INV0001937,2025-12-10,STOR0035,PROD00204,389,50,85,70
INV0001938,2025-12-09,STOR0058,PROD00179,535,47,80,26
INV0001939,2025-12-17,STOR0004,PROD00147,527,13,67,98
INV0001940,2025-12-25,STOR0060,PROD00331,370,1,39,14
INV0001941,2025-12-12,STOR0007,PROD00167,308,4,119,91
INV0001942,2025-12-03,STOR0036,PROD00293,437,27,38,45
INV0001943,2025-12-12,STOR0010,PROD00316,226,18,111,66
INV0001944,2025-12-06,STOR0058,PROD00335,176,25,14,116
INV0001945,2025-12-31,STOR0021,PROD00174,417,45,88,34
INV0001946,2025-12-03,STOR0018,PROD00264,613,5,89,83
INV0001947,2025-12-25,STOR0021,PROD00141,650,26,55,74
INV0001948,2025-12-21,STOR0033,PROD00338,687,14,43,111
INV0001949,2025-12-18,STOR0055,PROD00017,245,38,60,51
INV0001950,2025-12-29,STOR0021,PROD00449,195,8,105,67
INV0001951,2025-12-16,STOR0021,PROD00392,186,35,152,111
INV0001952,2025-12-11,STOR0036,PROD00246,343,48,54,114
INV0001953,2025-12-03,STOR0034,PROD00361,781,37,87,23
INV0001954,2025-12-25,STOR0009,PROD00227,234,48,66,91
INV0001955,2025-12-18,STOR0042,PROD00064,763,21,106,27
INV0001956,2025-12-29,STOR0014,PROD00466,765,42,55,103
INV0001957,2025-12-10,STOR0002,PROD00312,652,24,20,118
INV0001958,2025-12-02,STOR0055,PROD00193,191,23,115,33
INV0001959,2025-12-15,STOR0012,PROD00008,727,25,21,55
INV0001960,2025-12-02,STOR0022,PROD00497,278,29,82,30
INV0001961,2025-12-08,STOR0038,PROD00358,514,41,139,69
INV0001962,2025-12-10,STOR0036,PROD00452,535,9,52,111
INV0001963,2025-12-28,STOR0008,PROD00127,212,41,200,52
INV0001964,2025-12-24,STOR0020,PROD00145,596,37,63,71
INV0001965,2025-12-09,STOR0050,PROD00480,125,28,193,102
INV0001966,2025-12-25,STOR0005,PROD00272,455,47,76,55
INV0001967,2025-12-08,STOR0052,PROD00423,159,8,53,102
INV0001968,2025-12-16,STOR0008,PROD00486,427,39,53,68
INV0001969,2025-12-13,STOR0040,PROD00392,108,45,77,15
INV0001970,2025-12-25,STOR0048,PROD00049,346,34,136,32
INV0001971,2025-12-02,STOR0043,PROD00459,446,31,35,43
INV0001972,2025-12-27,STOR0042,PROD00174,545,20,61,107
INV0001973,2025-12-20,STOR0007,PROD00122,277,27,102,108
INV0001974,2025-12-12,STOR0042,PROD00320,618,1,174,14
INV0001975,2025-12-15,STOR0031,PROD00270,330,10,112,37
INV0001976,2025-12-31,STOR0009,PROD00008,80,6,94,16
INV0001977,2025-12-09,STOR0031,PROD00497,331,16,161,65
INV0001978,2025-12-26,STOR0040,PROD00257,31,2,173,102
INV0001979,2025-12-05,STOR0001,PROD00235,780,46,79,60
INV0001980,2025-12-18,STOR0045,PROD00470,667,30,197,96
INV0001981,2025-12-24,STOR0051,PROD00449,264,32,41,86
INV0001982,2026-01-01,STOR0034,PROD00421,419,10,12,11
INV0001983,2025-12-21,STOR0011,PROD00165,638,27,122,59
INV0001984,2025-12-26,STOR0040,PROD00379,617,33,166,10
INV0001985,2025-12-13,STOR0022,PROD00134,761,41,108,56
INV0001986,2025-12-11,STOR0038,PROD00465,435,1,171,108
INV0001987,2025-12-26,STOR0046,PROD00402,639,30,80,40
INV0001988,2025-12-07,STOR0054,PROD00120,626,30,161,95
INV0001989,2025-12-29,STOR0034,PROD00163,479,47,87,120
INV0001990,2025-12-26,STOR0022,PROD00324,266,39,116,62
INV0001991,2025-12-09,STOR0036,PROD00224,639,17,47,53
INV0001992,2025-12-04,STOR0007,PROD00325,143,2,47,47
INV0001993,2025-12-23,STOR0028,PROD00449,142,6,50,10
INV0001994,2025-12-10,STOR0020,PROD00223,617,5,119,36
INV0001995,2025-12-08,STOR0059,PROD00356,394,13,160,87
INV0001996,2025-12-12,STOR0019,PROD00010,454,13,4,51
INV0001997,2025-12-27,STOR0011,PROD00243,60,41,110,107
INV0001998,2025-12-03,STOR0005,PROD00227,388,47,142,79
INV0001999,2025-12-16,STOR0025,PROD00182,590,5,41,44
INV0002000,2025-12-02,STOR0013,PROD00393,692,19,196,91
INV0002001,2025-12-06,STOR0052,PROD00127,746,30,23,44
INV0002002,2025-12-12,STOR0052,PROD00044,524,28,34,107
INV0002003,2025-12-07,STOR0053,PROD00361,70,42,7,77
INV0002004,2025-12-09,STOR0021,PROD00344,231,16,139,65
INV0002005,2025-12-29,STOR0030,PROD00465,204,13,166,98
INV0002006,2025-12-16,STOR0048,PROD00134,13,1,28,64
INV0002007,2025-12-10,STOR0043,PROD00265,398,2,79,97
INV0002008,2025-12-20,STOR0028,PROD00430,535,35,134,19
INV0002009,2026-01-01,STOR0028,PROD00372,73,11,36,73
INV0002010,2025-12-08,STOR0015,PROD00131,222,28,57,68
INV0002011,2025-12-04,STOR0006,PROD00338,94,42,158,30
INV0002012,2025-12-10,STOR0051,PROD00208,630,11,22,40
INV0002013,2025-12-27,STOR0025,PROD00295,490,3,112,44
INV0002014,2025-12-24,STOR0038,PROD00072,321,48,97,59
INV0002015,2025-12-31,STOR0013,PROD00433,166,10,176,48
INV0002016,2025-12-09,STOR0044,PROD00172,415,30,176,56
INV0002017,2025-12-17,STOR0028,PROD00293,107,9,166,39
INV0002018,2025-12-03,STOR0009,PROD00246,202,4,67,10
INV0002019,2025-12-16,STOR0028,PROD00392,482,34,64,10
INV0002020,2025-12-25,STOR0037,PROD00156,575,21,95,20
INV0002021,2025-12-23,STOR0014,PROD00346,437,0,173,94
INV0002022,2025-12-11,STOR0040,PROD00070,301,35,160,56
INV0002023,2025-12-07,STOR0033,PROD00422,302,45,105,54
INV0002024,2025-12-30,STOR0053,PROD00287,243,4,187,80
INV0002025,2025-12-16,STOR0017,PROD00329,161,29,84,60
INV0002026,2025-12-17,STOR0013,PROD00317,72,35,138,11
INV0002027,2025-12-12,STOR0031,PROD00283,697,5,15,94
INV0002028,2025-12-05,STOR0035,PROD00348,208,12,105,35
INV0002029,2025-12-21,STOR0010,PROD00331,435,32,10,47
INV0002030,2025-12-10,STOR0015,PROD00108,570,37,90,73
INV0002031,2025-12-20,STOR0030,PROD00139,414,37,170,51
INV0002032,2025-12-28,STOR0041,PROD00119,613,48,146,84
INV0002033,2025-12-10,STOR0031,PROD00210,458,36,189,33
INV0002034,2025-12-03,STOR0026,PROD00111,710,16,112,42
INV0002035,2025-12-22,STOR0010,PROD00019,174,6,29,55
INV0002036,2025-12-14,STOR0051,PROD00014,226,4,7,36
INV0002037,2025-12-12,STOR0028,PROD00395,597,10,135,62
INV0002038,2025-12-17,STOR0006,PROD00177,668,19,152,24
INV0002039,2025-12-18,STOR0028,PROD00350,146,42,120,37
INV0002040,2025-12-13,STOR0005,PROD00114,537,28,124,32
INV0002041,2025-12-15,STOR0013,PROD00308,165,15,65,115
INV0002042,2025-12-16,STOR0014,PROD00345,10,5,130,120
INV0002043,2026-01-01,STOR0053,PROD00322,235,43,95,33
INV0002044,2025-12-28,STOR0028,PROD00471,734,9,67,50
INV0002045,2025-12-11,STOR0050,PROD00017,114,27,139,28
INV0002046,2025-12-13,STOR0009,PROD00148,673,46,129,62
INV0002047,2025-12-27,STOR0058,PROD00192,128,39,56,88
INV0002048,2025-12-18,STOR0013,PROD00166,50,31,24,47
INV0002049,2025-12-03,STOR0019,PROD00462,22,15,74,39
INV0002050,2025-12-10,STOR0008,PROD00112,718,29,116,35
INV0002051,2025-12-26,STOR0056,PROD00114,128,20,86,79
INV0002052,2025-12-27,STOR0050,PROD00384,442,25,182,56
INV0002053,2025-12-31,STOR0041,PROD00254,441,36,53,92
INV0002054,2025-12-16,STOR0021,PROD00498,533,2,121,14
INV0002055,2025-12-04,STOR0043,PROD00231,446,35,79,118
INV0002056,2025-12-16,STOR0040,PROD00001,162,41,164,74
INV0002057,2025-12-08,STOR0015,PROD00192,174,38,148,65
INV0002058,2025-12-25,STOR0014,PROD00147,449,13,103,34
INV0002059,2025-12-11,STOR0037,PROD00059,581,2,98,65
INV0002060,2025-12-21,STOR0042,PROD00003,791,42,3,86
INV0002061,2025-12-14,STOR0053,PROD00338,132,21,196,39
INV0002062,2026-01-01,STOR0004,PROD00498,315,26,11,26
INV0002063,2025-12-02,STOR0052,PROD00226,727,11,57,20
INV0002064,2025-12-14,STOR0010,PROD00256,65,40,27,63
INV0002065,2025-12-30,STOR0038,PROD00034,21,16,36,25
INV0002066,2025-12-21,STOR0027,PROD00053,140,43,167,115
INV0002067,2025-12-09,STOR0010,PROD00061,429,29,195,49
INV0002068,2025-12-12,STOR0024,PROD00005,54,11,134,50
INV0002069,2025-12-16,STOR0034,PROD00398,569,17,100,21
INV0002070,2025-12-30,STOR0051,PROD00359,327,31,51,49
INV0002071,2025-12-07,STOR0045,PROD00078,26,24,51,15
INV0002072,2025-12-09,STOR0034,PROD00307,736,10,180,106
INV0002073,2025-12-24,STOR0049,PROD00087,159,5,50,106
INV0002074,2025-12-24,STOR0030,PROD00156,665,36,186,38
INV0002075,2025-12-14,STOR0038,PROD00460,23,5,26,29
INV0002076,2025-12-12,STOR0027,PROD00243,786,47,69,77
INV0002077,2026-01-01,STOR0006,PROD00374,667,48,169,73
INV0002078,2025-12-10,STOR0059,PROD00116,512,31,193,21
INV0002079,2025-12-15,STOR0051,PROD00242,473,5,71,15
INV0002080,2025-12-14,STOR0029,PROD00053,334,38,115,36
INV0002081,2025-12-10,STOR0006,PROD00028,322,0,185,50
INV0002082,2025-12-24,STOR0014,PROD00482,141,47,190,59
INV0002083,2025-12-13,STOR0030,PROD00306,468,35,85,106
INV0002084,2025-12-28,STOR0026,PROD00068,111,22,138,38
INV0002085,2025-12-04,STOR0047,PROD00475,75,19,125,93
INV0002086,2025-12-03,STOR0024,PROD00404,31,21,37,36
INV0002087,2025-12-30,STOR0043,PROD00017,43,7,65,67
INV0002088,2025-12-08,STOR0059,PROD00375,472,36,134,79
INV0002089,2026-01-01,STOR0023,PROD00247,77,48,19,117
INV0002090,2025-12-31,STOR0054,PROD00234,388,7,71,69
INV0002091,2025-12-12,STOR0030,PROD00023,619,28,152,19
INV0002092,2025-12-30,STOR0001,PROD00191,75,30,91,86
INV0002093,2025-12-04,STOR0055,PROD00006,609,44,109,60
INV0002094,2025-12-08,STOR0037,PROD00028,786,10,83,10
INV0002095,2026-01-01,STOR0046,PROD00097,618,37,27,93
INV0002096,2025-12-29,STOR0021,PROD00179,482,10,133,33
INV0002097,2025-12-31,STOR0046,PROD00169,506,24,110,33
INV0002098,2025-12-20,STOR0021,PROD00073,225,14,35,79
INV0002099,2025-12-09,STOR0010,PROD00391,419,42,121,85
INV0002100,2025-12-05,STOR0008,PROD00035,418,21,40,117
INV0002101,2025-12-17,STOR0001,PROD00417,58,25,104,57
INV0002102,2025-12-06,STOR0007,PROD00318,281,13,9,50
INV0002103,2025-12-10,STOR0042,PROD00259,539,21,184,12
INV0002104,2025-12-04,STOR0021,PROD00269,271,29,109,102
INV0002105,2025-12-27,STOR0048,PROD00440,275,18,179,76
INV0002106,2025-12-06,STOR0039,PROD00062,335,17,78,98
INV0002107,2025-12-19,STOR0037,PROD00122,348,40,144,73
INV0002108,2025-12-13,STOR0023,PROD00428,778,13,160,10
INV0002109,2025-12-12,STOR0021,PROD00439,502,32,81,56
INV0002110,2025-12-26,STOR0042,PROD00077,106,41,134,80
INV0002111,2025-12-18,STOR0032,PROD00091,598,29,86,71
INV0002112,2025-12-07,STOR0016,PROD00418,205,16,44,83
INV0002113,2025-12-25,STOR0036,PROD00334,644,48,30,115
INV0002114,2025-12-28,STOR0054,PROD00011,491,16,111,99
INV0002115,2025-12-07,STOR0001,PROD00123,108,44,22,83
INV0002116,2025-12-23,STOR0045,PROD00210,0,0,141,36
INV0002117,2025-12-22,STOR0032,PROD00422,708,33,85,55
INV0002118,2025-12-24,STOR0055,PROD00009,665,44,76,40
INV0002119,2025-12-23,STOR0052,PROD00433,321,6,128,47
INV0002120,2025-12-30,STOR0016,PROD00116,266,50,0,18
INV0002121,2025-12-24,STOR0009,PROD00191,598,49,8,74
INV0002122,2025-12-30,STOR0041,PROD00070,211,21,182,68
INV0002123,2025-12-08,STOR0021,PROD00358,218,34,34,113
INV0002124,2025-12-28,STOR0031,PROD00265,715,24,84,98
INV0002125,2025-12-18,STOR0057,PROD00459,475,18,3,119
INV0002126,2025-12-24,STOR0014,PROD00165,597,8,37,36
INV0002127,2025-12-02,STOR0007,PROD00413,14,2,56,81
INV0002128,2025-12-20,STOR0060,PROD00277,752,35,30,92
INV0002129,2025-12-28,STOR0020,PROD00395,217,25,131,78
INV0002130,2025-12-12,STOR0038,PROD00191,546,27,155,97
INV0002131,2026-01-01,STOR0046,PROD00234,727,36,178,26
INV0002132,2025-12-05,STOR0021,PROD00094,525,0,198,13
INV0002133,2025-12-26,STOR0052,PROD00018,739,46,134,43
INV0002134,2025-12-28,STOR0021,PROD00135,362,6,197,32
INV0002135,2025-12-21,STOR0050,PROD00462,560,46,7,103
INV0002136,2025-12-30,STOR0037,PROD00142,486,7,178,25
INV0002137,2025-12-02,STOR0046,PROD00208,430,42,23,114
INV0002138,2025-12-20,STOR0018,PROD00057,789,34,65,105
INV0002139,2025-12-16,STOR0056,PROD00035,786,38,142,60
INV0002140,2025-12-04,STOR0057,PROD00100,662,1,20,73
INV0002141,2025-12-16,STOR0048,PROD00384,800,24,144,69
INV0002142,2025-12-30,STOR0037,PROD00366,229,8,154,117
INV0002143,2025-12-08,STOR0012,PROD00436,635,12,183,85
INV0002144,2025-12-28,STOR0018,PROD00408,657,9,158,66
INV0002145,2025-12-10,STOR0060,PROD00395,670,48,62,98
INV0002146,2025-12-21,STOR0044,PROD00420,682,47,22,65
INV0002147,2025-12-05,STOR0018,PROD00056,109,42,184,14
INV0002148,2025-12-31,STOR0001,PROD00072,40,38,153,112
INV0002149,2025-12-22,STOR0037,PROD00243,675,11,72,71
INV0002150,2025-12-21,STOR0058,PROD00401,758,43,188,119
INV0002151,2025-12-18,STOR0008,PROD00421,766,5,104,32
INV0002152,2025-12-06,STOR0033,PROD00405,759,6,82,22
INV0002153,2025-12-24,STOR0053,PROD00344,98,42,11,114
INV0002154,2025-12-19,STOR0016,PROD00397,226,42,3,119
INV0002155,2025-12-10,STOR0010,PROD00052,553,26,98,47
INV0002156,2025-12-27,STOR0027,PROD00376,662,18,180,117
INV0002157,2025-12-18,STOR0011,PROD00225,319,33,143,54
INV0002158,2025-12-05,STOR0007,PROD00421,307,15,192,71
INV0002159,2025-12-12,STOR0045,PROD00351,680,13,171,68
INV0002160,2025-12-02,STOR0055,PROD00108,33,31,40,96
INV0002161,2025-12-25,STOR0024,PROD00116,181,29,50,48
INV0002162,2025-12-02,STOR0018,PROD00296,714,48,2,98
INV0002163,2025-12-05,STOR0057,PROD00092,256,8,179,32
INV0002164,2025-12-09,STOR0001,PROD00125,97,45,150,65
INV0002165,2025-12-30,STOR0054,PROD00091,165,6,153,94
INV0002166,2025-12-31,STOR0002,PROD00439,726,48,28,112
INV0002167,2025-12-04,STOR0023,PROD00355,302,14,119,27
INV0002168,2025-12-03,STOR0025,PROD00499,761,28,30,84
INV0002169,2025-12-06,STOR0023,PROD00383,129,15,53,12
INV0002170,2025-12-13,STOR0037,PROD00467,74,36,0,76
INV0002171,2025-12-17,STOR0015,PROD00256,395,14,93,47
INV0002172,2025-12-24,STOR0014,PROD00100,391,20,51,38
INV0002173,2025-12-09,STOR0019,PROD00079,516,4,77,34
INV0002174,2025-12-29,STOR0030,PROD00420,385,16,132,94
INV0002175,2025-12-13,STOR0017,PROD00287,431,20,119,44
INV0002176,2025-12-07,STOR0052,PROD00437,421,28,178,83
INV0002177,2025-12-21,STOR0027,PROD00474,588,50,30,117
INV0002178,2025-12-03,STOR0019,PROD00349,788,35,148,68
INV0002179,2025-12-18,STOR0001,PROD00126,533,19,178,68
INV0002180,2025-12-09,STOR0006,PROD00039,556,11,25,81
INV0002181,2025-12-05,STOR0058,PROD00331,770,28,164,73
INV0002182,2025-12-21,STOR0027,PROD00115,188,45,170,31
INV0002183,2025-12-30,STOR0002,PROD00031,716,41,0,41
INV0002184,2025-12-29,STOR0039,PROD00009,80,28,191,79
INV0002185,2025-12-23,STOR0044,PROD00465,116,8,129,69
INV0002186,2025-12-02,STOR0056,PROD00235,390,8,163,32
INV0002187,2025-12-06,STOR0044,PROD00121,231,15,132,96
INV0002188,2025-12-14,STOR0028,PROD00100,167,44,40,118
INV0002189,2025-12-09,STOR0013,PROD00277,441,28,87,29
INV0002190,2025-12-17,STOR0026,PROD00429,217,25,16,114
INV0002191,2026-01-01,STOR0001,PROD00076,296,26,121,15
INV0002192,2025-12-04,STOR0049,PROD00484,564,16,4,61
INV0002193,2025-12-31,STOR0055,PROD00076,642,47,20,120
INV0002194,2025-12-12,STOR0043,PROD00240,411,32,174,47
INV0002195,2025-12-03,STOR0008,PROD00011,642,30,198,29
INV0002196,2025-12-03,STOR0025,PROD00015,695,23,107,90
INV0002197,2025-12-18,STOR0042,PROD00478,425,33,192,28
INV0002198,2025-12-24,STOR0018,PROD00038,787,33,95,110
INV0002199,2025-12-24,STOR0016,PROD00193,155,37,154,76
INV0002200,2025-12-06,STOR0046,PROD00478,598,15,138,32
INV0002201,2025-12-03,STOR0058,PROD00463,751,32,85,36
INV0002202,2025-12-17,STOR0039,PROD00009,693,19,108,50
INV0002203,2025-12-10,STOR0054,PROD00335,514,35,130,39
INV0002204,2025-12-08,STOR0001,PROD00311,35,20,118,46
INV0002205,2025-12-18,STOR0046,PROD00367,643,20,146,40
INV0002206,2025-12-02,STOR0058,PROD00031,179,15,19,58
INV0002207,2025-12-29,STOR0035,PROD00067,282,34,49,24
INV0002208,2025-12-11,STOR0060,PROD00406,47,27,171,82
INV0002209,2025-12-30,STOR0056,PROD00431,680,13,179,86
INV0002210,2025-12-24,STOR0012,PROD00284,247,19,174,19
INV0002211,2025-12-04,STOR0024,PROD00204,776,23,181,108
INV0002212,2025-12-18,STOR0043,PROD00322,627,0,82,44
INV0002213,2025-12-21,STOR0006,PROD00049,28,6,142,34
INV0002214,2025-12-24,STOR0026,PROD00021,61,21,21,103
INV0002215,2025-12-20,STOR0005,PROD00365,461,29,73,18
INV0002216,2025-12-12,STOR0024,PROD00119,193,7,174,19
INV0002217,2025-12-31,STOR0029,PROD00232,301,0,134,12
INV0002218,2025-12-08,STOR0019,PROD00186,199,39,64,109
INV0002219,2025-12-21,STOR0015,PROD00155,90,27,167,115
INV0002220,2025-12-29,STOR0010,PROD00194,95,26,44,78
INV0002221,2025-12-19,STOR0003,PROD00289,385,22,92,52
INV0002222,2025-12-23,STOR0007,PROD00498,511,14,196,12
INV0002223,2025-12-18,STOR0014,PROD00177,525,46,187,16
INV0002224,2025-12-24,STOR0034,PROD00102,7,4,125,105
INV0002225,2025-12-30,STOR0039,PROD00042,367,3,130,49
INV0002226,2025-12-04,STOR0005,PROD00239,508,13,195,63
INV0002227,2025-12-24,STOR0038,PROD00429,38,11,85,92
INV0002228,2025-12-10,STOR0004,PROD00142,767,33,15,93
INV0002229,2025-12-02,STOR0013,PROD00159,179,6,149,58
INV0002230,2025-12-03,STOR0033,PROD00107,71,39,118,93
INV0002231,2025-12-25,STOR0014,PROD00066,39,11,119,117
INV0002232,2025-12-23,STOR0013,PROD00120,11,11,73,114
INV0002233,2025-12-02,STOR0007,PROD00497,153,11,5,119
INV0002234,2025-12-02,STOR0021,PROD00421,605,43,165,78
INV0002235,2025-12-08,STOR0010,PROD00364,683,35,187,23
INV0002236,2025-12-14,STOR0011,PROD00332,259,11,20,17
INV0002237,2025-12-09,STOR0044,PROD00387,408,15,123,56
INV0002238,2025-12-06,STOR0058,PROD00297,286,15,29,71
INV0002239,2025-12-18,STOR0007,PROD00080,50,20,28,85
INV0002240,2025-12-24,STOR0005,PROD00147,582,16,78,92
INV0002241,2025-12-21,STOR0024,PROD00466,420,13,99,11
INV0002242,2025-12-14,STOR0042,PROD00073,777,27,107,100
INV0002243,2025-12-07,STOR0053,PROD00388,172,0,7,24
INV0002244,2025-12-06,STOR0007,PROD00376,325,11,87,47
INV0002245,2025-12-27,STOR0037,PROD00365,757,36,96,102
INV0002246,2026-01-01,STOR0057,PROD00016,648,17,133,44
INV0002247,2025-12-13,STOR0058,PROD00451,103,12,187,10
INV0002248,2025-12-08,STOR0027,PROD00309,15,4,155,44
INV0002249,2025-12-26,STOR0024,PROD00429,660,1,102,110
INV0002250,2025-12-12,STOR0053,PROD00270,587,31,149,82
INV0002251,2025-12-06,STOR0010,PROD00116,481,37,49,88
INV0002252,2025-12-29,STOR0034,PROD00027,709,10,59,15
INV0002253,2025-12-28,STOR0050,PROD00433,35,22,24,42
INV0002254,2025-12-17,STOR0057,PROD00492,27,17,100,103
INV0002255,2025-12-27,STOR0017,PROD00492,551,6,5,76
INV0002256,2025-12-18,STOR0041,PROD00426,572,30,34,36
INV0002257,2025-12-24,STOR0017,PROD00375,597,11,117,96
INV0002258,2025-12-17,STOR0060,PROD00033,621,32,54,105
INV0002259,2025-12-16,STOR0046,PROD00236,404,7,59,74
INV0002260,2025-12-19,STOR0053,PROD00170,374,30,109,22
INV0002261,2025-12-26,STOR0035,PROD00269,41,11,18,35
INV0002262,2025-12-10,STOR0006,PROD00093,430,36,181,43
INV0002263,2025-12-19,STOR0044,PROD00226,302,11,136,96
INV0002264,2025-12-26,STOR0028,PROD00419,738,7,30,48
INV0002265,2025-12-05,STOR0050,PROD00179,799,3,33,118
INV0002266,2025-12-05,STOR0033,PROD00152,508,23,16,64
INV0002267,2025-12-04,STOR0051,PROD00149,700,3,0,19
INV0002268,2025-12-12,STOR0006,PROD00041,782,29,23,35
INV0002269,2025-12-02,STOR0012,PROD00309,198,50,163,89
INV0002270,2025-12-20,STOR0028,PROD00431,157,12,139,75
INV0002271,2025-12-04,STOR0052,PROD00111,38,18,144,41
INV0002272,2025-12-06,STOR0034,PROD00431,525,15,122,112
INV0002273,2025-12-12,STOR0010,PROD00466,394,9,64,32
INV0002274,2025-12-12,STOR0050,PROD00186,628,36,167,16
INV0002275,2025-12-20,STOR0027,PROD00176,398,11,105,71
INV0002276,2025-12-17,STOR0053,PROD00076,455,3,181,84
INV0002277,2025-12-07,STOR0037,PROD00404,144,7,71,23
INV0002278,2025-12-21,STOR0049,PROD00256,611,7,138,16
INV0002279,2025-12-18,STOR0046,PROD00082,324,28,97,120
INV0002280,2025-12-08,STOR0033,PROD00145,536,36,157,17
INV0002281,2025-12-19,STOR0041,PROD00077,649,8,67,31
INV0002282,2025-12-31,STOR0044,PROD00301,42,19,175,71
INV0002283,2025-12-12,STOR0046,PROD00339,331,25,98,10
INV0002284,2025-12-28,STOR0021,PROD00267,578,3,30,96
INV0002285,2025-12-19,STOR0060,PROD00072,147,7,181,39
INV0002286,2025-12-23,STOR0036,PROD00076,593,19,137,46
INV0002287,2025-12-21,STOR0017,PROD00202,334,35,186,79
INV0002288,2025-12-06,STOR0036,PROD00208,455,11,99,19
INV0002289,2025-12-15,STOR0012,PROD00053,556,1,48,11
INV0002290,2025-12-11,STOR0052,PROD00239,333,16,6,17
INV0002291,2025-12-10,STOR0012,PROD00311,649,23,17,41
INV0002292,2025-12-18,STOR0030,PROD00184,574,26,92,35
INV0002293,2025-12-05,STOR0010,PROD00320,640,45,58,77
INV0002294,2025-12-08,STOR0003,PROD00193,466,32,188,37
INV0002295,2025-12-05,STOR0007,PROD00317,36,31,75,109
INV0002296,2025-12-06,STOR0015,PROD00253,663,23,151,102
INV0002297,2025-12-24,STOR0016,PROD00312,757,47,72,13
INV0002298,2025-12-04,STOR0035,PROD00108,430,40,128,99
INV0002299,2025-12-23,STOR0035,PROD00201,437,47,35,85
INV0002300,2025-12-31,STOR0025,PROD00228,452,3,154,105
INV0002301,2025-12-28,STOR0030,PROD00279,757,36,64,95
INV0002302,2025-12-25,STOR0019,PROD00318,582,18,9,63
INV0002303,2025-12-10,STOR0006,PROD00092,558,34,159,13
INV0002304,2025-12-30,STOR0051,PROD00266,752,31,132,10
INV0002305,2025-12-20,STOR0008,PROD00105,489,5,73,51
INV0002306,2025-12-09,STOR0039,PROD00030,507,48,44,44
INV0002307,2025-12-19,STOR0030,PROD00188,460,20,108,44
INV0002308,2025-12-14,STOR0001,PROD00164,749,21,93,79
INV0002309,2025-12-26,STOR0028,PROD00184,539,3,15,24
INV0002310,2025-12-15,STOR0031,PROD00447,203,44,143,40
INV0002311,2025-12-26,STOR0048,PROD00115,482,7,188,13
INV0002312,2025-12-31,STOR0022,PROD00412,462,4,169,33
INV0002313,2025-12-06,STOR0033,PROD00227,365,22,165,24
INV0002314,2025-12-22,STOR0009,PROD00219,11,6,17,110
INV0002315,2026-01-01,STOR0012,PROD00287,584,49,61,23
INV0002316,2025-12-18,STOR0001,PROD00469,56,4,21,119
INV0002317,2025-12-08,STOR0024,PROD00151,531,6,45,15
INV0002318,2025-12-28,STOR0054,PROD00110,425,10,138,77
INV0002319,2025-12-14,STOR0040,PROD00290,275,12,64,27
INV0002320,2025-12-23,STOR0058,PROD00426,1,1,32,10
INV0002321,2025-12-26,STOR0029,PROD00292,333,20,53,94
INV0002322,2025-12-26,STOR0023,PROD00100,499,39,18,110
INV0002323,2025-12-11,STOR0052,PROD00046,305,3,190,66
INV0002324,2025-12-07,STOR0030,PROD00455,289,5,89,73
INV0002325,2025-12-16,STOR0052,PROD00296,693,7,78,60
INV0002326,2025-12-24,STOR0010,PROD00365,359,2,60,75
INV0002327,2025-12-23,STOR0023,PROD00447,485,9,139,61
INV0002328,2025-12-08,STOR0045,PROD00154,349,4,129,75
INV0002329,2025-12-05,STOR0050,PROD00345,425,27,24,60
INV0002330,2025-12-15,STOR0042,PROD00069,646,22,35,14
INV0002331,2025-12-16,STOR0052,PROD00318,470,26,95,55
INV0002332,2025-12-18,STOR0020,PROD00146,257,33,17,120
INV0002333,2025-12-13,STOR0009,PROD00334,417,40,131,18
INV0002334,2025-12-30,STOR0047,PROD00297,766,27,139,44
INV0002335,2025-12-28,STOR0016,PROD00345,63,34,107,35
INV0002336,2025-12-19,STOR0017,PROD00295,777,7,23,27
INV0002337,2025-12-31,STOR0048,PROD00233,381,49,168,97
INV0002338,2025-12-20,STOR0057,PROD00245,637,40,67,86
INV0002339,2025-12-12,STOR0041,PROD00168,227,26,14,54
INV0002340,2026-01-01,STOR0051,PROD00090,555,48,199,18
INV0002341,2025-12-21,STOR0044,PROD00067,577,28,187,82
INV0002342,2025-12-08,STOR0004,PROD00451,141,23,130,57
INV0002343,2025-12-04,STOR0016,PROD00064,306,12,85,49
INV0002344,2025-12-16,STOR0021,PROD00012,157,29,193,120
INV0002345,2025-12-11,STOR0018,PROD00316,111,15,39,108
INV0002346,2025-12-12,STOR0030,PROD00096,769,25,106,105
INV0002347,2025-12-31,STOR0039,PROD00134,371,35,0,113
INV0002348,2025-12-24,STOR0017,PROD00314,653,9,149,84
INV0002349,2025-12-06,STOR0051,PROD00121,383,32,16,71
INV0002350,2025-12-31,STOR0023,PROD00305,527,40,160,11
INV0002351,2025-12-12,STOR0030,PROD00258,99,47,86,45
INV0002352,2025-12-21,STOR0027,PROD00155,595,47,80,28
INV0002353,2025-12-31,STOR0048,PROD00197,740,42,9,47
INV0002354,2025-12-13,STOR0057,PROD00196,143,6,7,93
INV0002355,2025-12-29,STOR0009,PROD00182,289,2,134,50
INV0002356,2025-12-30,STOR0015,PROD00282,782,40,53,106
INV0002357,2025-12-30,STOR0030,PROD00170,557,39,77,35
INV0002358,2025-12-03,STOR0002,PROD00090,70,23,80,17
INV0002359,2025-12-27,STOR0036,PROD00380,144,40,111,98
INV0002360,2025-12-10,STOR0030,PROD00001,570,20,142,15
INV0002361,2025-12-25,STOR0032,PROD00029,200,30,185,102
INV0002362,2025-12-21,STOR0053,PROD00284,177,43,115,84
INV0002363,2025-12-23,STOR0051,PROD00322,545,12,92,10
INV0002364,2025-12-05,STOR0024,PROD00495,376,0,67,88
INV0002365,2025-12-21,STOR0004,PROD00291,324,41,105,29
INV0002366,2025-12-21,STOR0020,PROD00491,708,39,124,110
INV0002367,2025-12-31,STOR0006,PROD00120,707,23,126,26
INV0002368,2025-12-10,STOR0010,PROD00338,613,24,6,103
INV0002369,2025-12-04,STOR0022,PROD00433,55,30,117,37
INV0002370,2025-12-07,STOR0025,PROD00452,796,18,38,116
INV0002371,2025-12-13,STOR0026,PROD00465,667,11,75,101
INV0002372,2025-12-04,STOR0028,PROD00093,142,33,186,99
INV0002373,2025-12-20,STOR0040,PROD00231,53,37,98,120
INV0002374,2026-01-01,STOR0039,PROD00377,221,19,183,79
INV0002375,2025-12-02,STOR0005,PROD00086,422,18,64,68
INV0002376,2025-12-12,STOR0037,PROD00300,338,47,140,93
INV0002377,2025-12-28,STOR0010,PROD00008,683,0,132,53
INV0002378,2025-12-05,STOR0044,PROD00023,586,36,50,82
INV0002379,2025-12-05,STOR0040,PROD00076,366,45,188,105
INV0002380,2025-12-22,STOR0018,PROD00192,478,1,182,96
INV0002381,2025-12-10,STOR0031,PROD00119,706,41,181,18
INV0002382,2025-12-07,STOR0006,PROD00035,203,15,184,107
INV0002383,2025-12-12,STOR0053,PROD00389,725,50,116,96
INV0002384,2025-12-22,STOR0049,PROD00209,11,11,13,76
INV0002385,2025-12-05,STOR0016,PROD00277,231,27,134,118
INV0002386,2025-12-07,STOR0039,PROD00290,64,32,50,116
INV0002387,2025-12-06,STOR0009,PROD00382,721,9,118,27
INV0002388,2025-12-25,STOR0024,PROD00293,436,37,158,100
INV0002389,2025-12-15,STOR0010,PROD00342,356,17,137,26
INV0002390,2025-12-30,STOR0025,PROD00041,676,38,75,11
INV0002391,2025-12-20,STOR0027,PROD00126,67,2,33,77
INV0002392,2025-12-27,STOR0022,PROD00285,515,13,192,46
INV0002393,2025-12-12,STOR0034,PROD00125,441,49,4,88
INV0002394,2025-12-22,STOR0043,PROD00238,279,41,121,72
INV0002395,2025-12-05,STOR0033,PROD00335,323,44,71,103
INV0002396,2025-12-13,STOR0053,PROD00089,528,41,54,65
INV0002397,2025-12-13,STOR0047,PROD00496,123,18,12,83
INV0002398,2025-12-20,STOR0045,PROD00114,500,39,59,97
INV0002399,2025-12-17,STOR0057,PROD00407,720,14,73,120
INV0002400,2025-12-20,STOR0029,PROD00415,332,32,182,28
INV0002401,2025-12-26,STOR0012,PROD00088,592,13,54,67
INV0002402,2025-12-04,STOR0028,PROD00096,501,42,142,68
INV0002403,2025-12-12,STOR0045,PROD00012,612,24,127,117
INV0002404,2025-12-07,STOR0030,PROD00241,198,34,137,35
INV0002405,2025-12-30,STOR0028,PROD00388,768,30,112,51
INV0002406,2025-12-17,STOR0012,PROD00183,632,3,2,82
INV0002407,2025-12-11,STOR0018,PROD00292,274,49,17,92
INV0002408,2025-12-30,STOR0053,PROD00309,596,50,27,62
INV0002409,2025-12-16,STOR0023,PROD00439,515,35,63,42
INV0002410,2026-01-01,STOR0038,PROD00430,390,37,181,16
INV0002411,2025-12-09,STOR0046,PROD00011,318,17,82,52
INV0002412,2025-12-26,STOR0019,PROD00189,126,38,156,86
INV0002413,2025-12-20,STOR0032,PROD00073,738,33,0,26
INV0002414,2025-12-05,STOR0027,PROD00476,352,3,31,40
INV0002415,2025-12-30,STOR0031,PROD00204,170,35,15,61
INV0002416,2025-12-20,STOR0054,PROD00245,655,36,152,76
INV0002417,2025-12-18,STOR0026,PROD00132,369,49,13,30
INV0002418,2025-12-08,STOR0057,PROD00119,91,39,86,52
INV0002419,2025-12-27,STOR0032,PROD00055,54,21,123,110
INV0002420,2025-12-22,STOR0008,PROD00075,596,33,17,61
INV0002421,2025-12-03,STOR0004,PROD00346,105,5,180,87
INV0002422,2025-12-18,STOR0016,PROD00149,463,36,24,107
INV0002423,2025-12-04,STOR0047,PROD00208,333,24,79,49
INV0002424,2025-12-14,STOR0011,PROD00233,791,7,186,93
INV0002425,2025-12-19,STOR0009,PROD00096,430,36,186,34
INV0002426,2025-12-29,STOR0034,PROD00376,7,2,32,12
INV0002427,2025-12-11,STOR0043,PROD00440,124,40,168,26
INV0002428,2025-12-05,STOR0024,PROD00050,312,31,171,103
INV0002429,2025-12-27,STOR0060,PROD00368,378,18,120,99
INV0002430,2025-12-15,STOR0031,PROD00056,736,35,31,41
INV0002431,2025-12-02,STOR0011,PROD00276,619,47,141,94
INV0002432,2025-12-14,STOR0002,PROD00135,160,2,117,109
INV0002433,2025-12-27,STOR0025,PROD00482,501,33,185,70
INV0002434,2025-12-07,STOR0041,PROD00331,170,43,153,41
INV0002435,2025-12-07,STOR0053,PROD00302,348,42,28,10
INV0002436,2025-12-14,STOR0019,PROD00263,40,38,56,116
INV0002437,2025-12-25,STOR0002,PROD00352,314,14,47,60
INV0002438,2025-12-18,STOR0054,PROD00141,447,46,7,108
INV0002439,2025-12-07,STOR0053,PROD00447,351,49,151,76
INV0002440,2025-12-30,STOR0007,PROD00218,183,29,93,88
INV0002441,2025-12-09,STOR0045,PROD00284,3,3,129,36
INV0002442,2025-12-08,STOR0031,PROD00205,251,3,151,63
INV0002443,2025-12-14,STOR0011,PROD00105,321,24,113,93
INV0002444,2025-12-20,STOR0029,PROD00451,491,47,0,111
INV0002445,2025-12-24,STOR0044,PROD00368,101,25,64,114
INV0002446,2026-01-01,STOR0016,PROD00263,287,14,10,72
INV0002447,2025-12-11,STOR0017,PROD00097,390,27,158,58
INV0002448,2025-12-21,STOR0056,PROD00039,576,45,59,107
INV0002449,2025-12-10,STOR0034,PROD00407,691,33,101,101
INV0002450,2025-12-17,STOR0053,PROD00494,750,37,105,74
INV0002451,2025-12-31,STOR0050,PROD00103,27,17,15,106
INV0002452,2025-12-05,STOR0018,PROD00230,262,38,78,51
INV0002453,2025-12-20,STOR0004,PROD00226,611,26,121,98
INV0002454,2025-12-29,STOR0023,PROD00061,319,18,4,43
INV0002455,2025-12-03,STOR0015,PROD00469,321,49,198,38
INV0002456,2025-12-21,STOR0040,PROD00029,551,18,169,80
INV0002457,2025-12-12,STOR0008,PROD00200,276,27,120,12
INV0002458,2025-12-13,STOR0021,PROD00336,794,44,60,37
INV0002459,2025-12-13,STOR0015,PROD00019,765,32,176,76
INV0002460,2025-12-31,STOR0019,PROD00450,223,7,166,96
INV0002461,2025-12-21,STOR0046,PROD00112,318,21,80,79
INV0002462,2025-12-15,STOR0026,PROD00438,179,1,125,24
INV0002463,2025-12-16,STOR0052,PROD00220,254,0,165,36
INV0002464,2025-12-30,STOR0032,PROD00476,687,4,119,99
INV0002465,2025-12-04,STOR0033,PROD00125,155,50,30,84
INV0002466,2025-12-15,STOR0039,PROD00301,10,6,182,60
INV0002467,2025-12-16,STOR0058,PROD00161,77,49,14,13
INV0002468,2025-12-19,STOR0010,PROD00496,121,43,175,22
INV0002469,2025-12-16,STOR0038,PROD00287,114,32,63,69
INV0002470,2025-12-13,STOR0015,PROD00401,158,45,187,80
INV0002471,2025-12-31,STOR0051,PROD00320,359,0,53,14
INV0002472,2026-01-01,STOR0015,PROD00258,529,10,13,26
INV0002473,2025-12-18,STOR0005,PROD00385,222,26,1,117
INV0002474,2025-12-08,STOR0022,PROD00291,155,16,58,16
INV0002475,2025-12-26,STOR0017,PROD00494,606,36,105,115
INV0002476,2025-12-23,STOR0023,PROD00468,548,31,153,19
INV0002477,2025-12-27,STOR0016,PROD00180,179,34,91,30
INV0002478,2025-12-08,STOR0009,PROD00186,580,26,115,14
INV0002479,2025-12-07,STOR0032,PROD00006,473,16,153,53
INV0002480,2026-01-01,STOR0008,PROD00012,258,43,151,49
INV0002481,2025-12-06,STOR0027,PROD00341,272,45,38,27
INV0002482,2025-12-08,STOR0040,PROD00180,794,38,72,75
INV0002483,2025-12-25,STOR0059,PROD00056,66,8,53,93
INV0002484,2025-12-14,STOR0001,PROD00353,27,12,193,104
INV0002485,2025-12-15,STOR0042,PROD00358,613,3,11,29
INV0002486,2025-12-14,STOR0027,PROD00099,748,48,126,92
INV0002487,2025-12-14,STOR0054,PROD00301,248,30,116,49
INV0002488,2025-12-10,STOR0010,PROD00273,512,25,73,72
INV0002489,2025-12-03,STOR0057,PROD00464,582,27,33,86
INV0002490,2025-12-28,STOR0027,PROD00235,26,18,181,83
INV0002491,2025-12-11,STOR0028,PROD00094,432,48,71,62
INV0002492,2025-12-23,STOR0020,PROD00038,695,18,108,40
INV0002493,2025-12-22,STOR0017,PROD00239,312,15,74,70
INV0002494,2025-12-31,STOR0008,PROD00373,289,31,47,28
INV0002495,2026-01-01,STOR0018,PROD00071,594,19,8,84
INV0002496,2025-12-03,STOR0021,PROD00279,472,3,41,33
INV0002497,2025-12-27,STOR0006,PROD00097,158,14,194,31
INV0002498,2025-12-31,STOR0043,PROD00416,562,37,11,46
INV0002499,2025-12-11,STOR0009,PROD00010,398,43,177,115
INV0002500,2025-12-31,STOR0034,PROD00274,195,39,97,116
INV0002501,2025-12-15,STOR0045,PROD00358,430,8,149,30
INV0002502,2025-12-27,STOR0049,PROD00346,298,32,57,119
INV0002503,2025-12-19,STOR0018,PROD00386,601,41,155,24
INV0002504,2025-12-27,STOR0010,PROD00453,50,6,29,39
INV0002505,2025-12-19,STOR0021,PROD00137,602,50,147,104
INV0002506,2025-12-03,STOR0034,PROD00455,459,36,149,100
INV0002507,2026-01-01,STOR0007,PROD00058,556,48,155,117
INV0002508,2025-12-31,STOR0008,PROD00442,687,43,46,30
INV0002509,2026-01-01,STOR0025,PROD00223,784,6,196,62
INV0002510,2025-12-05,STOR0020,PROD00092,109,28,80,61
INV0002511,2025-12-26,STOR0038,PROD00021,670,33,139,88
INV0002512,2025-12-08,STOR0019,PROD00364,3,0,163,54
INV0002513,2025-12-17,STOR0022,PROD00243,464,41,123,90
INV0002514,2025-12-27,STOR0004,PROD00485,534,21,5,104
INV0002515,2025-12-07,STOR0040,PROD00369,242,14,78,56
INV0002516,2025-12-24,STOR0021,PROD00499,680,2,49,79
INV0002517,2025-12-03,STOR0044,PROD00286,705,20,25,20
INV0002518,2025-12-14,STOR0046,PROD00355,653,12,48,111
INV0002519,2025-12-24,STOR0046,PROD00435,158,43,165,120
INV0002520,2025-12-09,STOR0042,PROD00304,645,16,148,42
INV0002521,2025-12-25,STOR0014,PROD00453,198,34,89,84
INV0002522,2025-12-06,STOR0019,PROD00494,318,50,28,90
INV0002523,2025-12-08,STOR0018,PROD00110,547,33,64,72
INV0002524,2025-12-02,STOR0056,PROD00216,281,2,25,83
INV0002525,2025-12-14,STOR0052,PROD00063,742,35,61,60
INV0002526,2025-12-16,STOR0027,PROD00468,294,11,31,105
INV0002527,2025-12-21,STOR0036,PROD00330,771,50,112,23
INV0002528,2025-12-21,STOR0042,PROD00316,607,7,14,59
INV0002529,2025-12-12,STOR0053,PROD00126,108,17,53,108
INV0002530,2025-12-12,STOR0004,PROD00106,141,9,57,29
INV0002531,2025-12-25,STOR0022,PROD00094,380,10,15,112
INV0002532,2025-12-27,STOR0053,PROD00263,70,41,145,95
INV0002533,2025-12-23,STOR0005,PROD00482,174,5,92,64
INV0002534,2025-12-15,STOR0033,PROD00115,504,3,149,113
INV0002535,2025-12-25,STOR0021,PROD00253,639,38,193,103
INV0002536,2025-12-28,STOR0031,PROD00427,619,8,102,33
INV0002537,2025-12-23,STOR0007,PROD00303,232,47,161,102
INV0002538,2025-12-12,STOR0058,PROD00259,764,2,185,118
INV0002539,2025-12-21,STOR0011,PROD00003,573,16,59,37
INV0002540,2025-12-23,STOR0032,PROD00194,516,50,151,78
INV0002541,2025-12-16,STOR0013,PROD00421,612,37,103,49
INV0002542,2025-12-21,STOR0007,PROD00243,232,1,8,37
INV0002543,2025-12-04,STOR0020,PROD00006,73,17,16,57
INV0002544,2025-12-03,STOR0045,PROD00390,655,34,30,33
INV0002545,2025-12-12,STOR0026,PROD00158,676,3,78,74
INV0002546,2025-12-15,STOR0043,PROD00484,600,49,148,36
INV0002547,2025-12-22,STOR0052,PROD00042,285,35,72,56
INV0002548,2025-12-13,STOR0025,PROD00374,232,45,179,114
INV0002549,2025-12-13,STOR0025,PROD00055,42,4,129,92
INV0002550,2025-12-20,STOR0002,PROD00155,90,49,115,59
INV0002551,2025-12-09,STOR0034,PROD00490,640,32,74,31
INV0002552,2025-12-15,STOR0033,PROD00371,676,29,169,70
INV0002553,2025-12-25,STOR0047,PROD00139,671,24,125,45
INV0002554,2025-12-27,STOR0044,PROD00140,711,40,8,80
INV0002555,2025-12-21,STOR0041,PROD00261,318,43,97,44
INV0002556,2025-12-30,STOR0052,PROD00013,482,2,167,30
INV0002557,2025-12-31,STOR0021,PROD00466,391,38,179,65
INV0002558,2025-12-19,STOR0004,PROD00044,719,2,12,93
INV0002559,2025-12-13,STOR0042,PROD00121,380,40,134,56
INV0002560,2025-12-15,STOR0035,PROD00165,105,8,102,101
INV0002561,2025-12-20,STOR0055,PROD00379,92,43,10,91
INV0002562,2025-12-15,STOR0049,PROD00039,351,36,88,13
INV0002563,2025-12-18,STOR0023,PROD00151,34,8,129,51
INV0002564,2025-12-21,STOR0041,PROD00207,202,20,162,117
INV0002565,2025-12-27,STOR0004,PROD00165,394,24,127,21
INV0002566,2025-12-24,STOR0021,PROD00007,655,41,79,20
INV0002567,2025-12-10,STOR0034,PROD00236,763,25,22,10
INV0002568,2025-12-14,STOR0025,PROD00122,275,46,188,116
INV0002569,2025-12-22,STOR0039,PROD00147,639,2,80,53
INV0002570,2025-12-10,STOR0057,PROD00093,276,3,159,76
INV0002571,2025-12-22,STOR0041,PROD00084,84,15,149,70
INV0002572,2025-12-12,STOR0042,PROD00394,663,23,41,39
INV0002573,2025-12-14,STOR0014,PROD00138,9,1,185,115
INV0002574,2025-12-04,STOR0026,PROD00393,75,35,48,79
INV0002575,2025-12-15,STOR0008,PROD00477,484,13,75,36
INV0002576,2025-12-08,STOR0043,PROD00205,469,24,49,57
INV0002577,2025-12-03,STOR0030,PROD00420,633,37,177,86
INV0002578,2025-12-09,STOR0031,PROD00053,575,15,85,49
INV0002579,2025-12-26,STOR0005,PROD00361,275,39,156,61
INV0002580,2025-12-12,STOR0053,PROD00191,344,50,54,47
INV0002581,2025-12-11,STOR0050,PROD00448,391,29,52,32
INV0002582,2025-12-18,STOR0010,PROD00371,238,10,57,84
INV0002583,2025-12-19,STOR0052,PROD00397,379,38,81,29
INV0002584,2025-12-25,STOR0012,PROD00193,794,15,173,72
INV0002585,2025-12-13,STOR0040,PROD00397,481,36,26,109
INV0002586,2025-12-28,STOR0057,PROD00313,76,18,138,32
INV0002587,2025-12-11,STOR0017,PROD00109,149,3,27,119
INV0002588,2025-12-12,STOR0047,PROD00021,159,43,162,16
INV0002589,2025-12-27,STOR0060,PROD00403,122,3,195,18
INV0002590,2025-12-19,STOR0030,PROD00294,400,30,38,101
INV0002591,2025-12-28,STOR0021,PROD00277,176,20,46,19
INV0002592,2025-12-03,STOR0011,PROD00446,567,17,164,80
INV0002593,2025-12-19,STOR0009,PROD00442,607,25,49,118
INV0002594,2025-12-20,STOR0026,PROD00248,298,26,19,74
INV0002595,2026-01-01,STOR0042,PROD00100,767,0,31,62
INV0002596,2025-12-31,STOR0036,PROD00361,238,24,95,30
INV0002597,2025-12-24,STOR0045,PROD00086,491,31,142,14
INV0002598,2025-12-30,STOR0023,PROD00263,427,33,190,87
INV0002599,2025-12-28,STOR0028,PROD00063,539,11,95,90
INV0002600,2025-12-26,STOR0054,PROD00459,397,29,71,65
INV0002601,2025-12-22,STOR0049,PROD00370,648,9,128,30
INV0002602,2025-12-24,STOR0034,PROD00396,671,47,149,45
INV0002603,2026-01-01,STOR0053,PROD00155,589,26,174,118
INV0002604,2025-12-03,STOR0024,PROD00198,502,17,14,70
INV0002605,2025-12-11,STOR0025,PROD00202,580,35,7,21
INV0002606,2025-12-04,STOR0042,PROD00084,656,33,3,77
INV0002607,2025-12-03,STOR0001,PROD00127,128,41,185,96
INV0002608,2025-12-11,STOR0057,PROD00091,527,35,58,29
INV0002609,2025-12-11,STOR0018,PROD00500,523,48,54,86
INV0002610,2026-01-01,STOR0003,PROD00130,535,26,99,97
INV0002611,2025-12-12,STOR0042,PROD00326,489,45,119,83
INV0002612,2025-12-07,STOR0046,PROD00218,622,22,147,84
INV0002613,2025-12-09,STOR0028,PROD00035,514,35,148,107
INV0002614,2025-12-14,STOR0042,PROD00411,84,42,151,85
INV0002615,2025-12-22,STOR0039,PROD00171,356,36,143,76
INV0002616,2025-12-18,STOR0058,PROD00349,706,42,141,80
INV0002617,2025-12-10,STOR0037,PROD00345,792,23,84,10
INV0002618,2025-12-12,STOR0048,PROD00493,370,35,91,83
INV0002619,2025-12-18,STOR0019,PROD00409,26,20,200,68
INV0002620,2025-12-24,STOR0022,PROD00456,511,34,8,20
INV0002621,2025-12-22,STOR0048,PROD00128,709,44,138,60
INV0002622,2025-12-23,STOR0024,PROD00300,446,50,162,77
INV0002623,2025-12-05,STOR0031,PROD00206,101,6,45,80
INV0002624,2025-12-09,STOR0043,PROD00342,490,28,19,63
INV0002625,2025-12-29,STOR0052,PROD00389,289,40,10,84
INV0002626,2026-01-01,STOR0003,PROD00457,50,6,174,22
INV0002627,2025-12-28,STOR0020,PROD00298,765,6,33,52
INV0002628,2025-12-26,STOR0024,PROD00370,283,32,36,32
INV0002629,2025-12-09,STOR0004,PROD00052,56,15,116,99
INV0002630,2025-12-22,STOR0021,PROD00164,41,7,179,55
INV0002631,2025-12-16,STOR0030,PROD00322,154,12,97,88
INV0002632,2025-12-09,STOR0035,PROD00426,178,26,73,110
INV0002633,2025-12-10,STOR0009,PROD00114,598,0,149,87
INV0002634,2025-12-10,STOR0055,PROD00200,614,0,186,24
INV0002635,2025-12-24,STOR0025,PROD00457,279,31,56,105
INV0002636,2025-12-23,STOR0006,PROD00387,453,41,173,61
INV0002637,2025-12-13,STOR0038,PROD00013,619,23,170,12
INV0002638,2025-12-16,STOR0057,PROD00177,793,41,148,17
INV0002639,2025-12-26,STOR0032,PROD00276,444,6,67,109
INV0002640,2025-12-07,STOR0016,PROD00014,226,13,104,120
INV0002641,2025-12-27,STOR0021,PROD00269,697,10,181,75
INV0002642,2025-12-21,STOR0039,PROD00068,139,32,129,95
INV0002643,2025-12-06,STOR0043,PROD00286,135,31,20,15
INV0002644,2025-12-05,STOR0054,PROD00032,163,9,189,49
INV0002645,2025-12-24,STOR0021,PROD00478,787,24,75,23
INV0002646,2025-12-19,STOR0028,PROD00178,86,24,132,50
INV0002647,2025-12-12,STOR0002,PROD00141,462,31,12,79
INV0002648,2025-12-27,STOR0007,PROD00389,651,13,198,83
INV0002649,2025-12-03,STOR0052,PROD00325,319,28,27,19
INV0002650,2025-12-18,STOR0006,PROD00016,114,27,70,94
INV0002651,2025-12-30,STOR0041,PROD00300,335,48,130,64
INV0002652,2025-12-25,STOR0003,PROD00079,228,37,68,70
INV0002653,2025-12-25,STOR0060,PROD00024,288,33,120,51
INV0002654,2025-12-16,STOR0051,PROD00171,416,43,5,67
INV0002655,2025-12-16,STOR0013,PROD00200,407,38,99,15
INV0002656,2025-12-06,STOR0018,PROD00184,660,38,200,92
INV0002657,2026-01-01,STOR0045,PROD00068,72,22,143,58
INV0002658,2025-12-22,STOR0002,PROD00427,743,7,81,39
INV0002659,2025-12-09,STOR0055,PROD00462,339,38,88,10
INV0002660,2025-12-15,STOR0008,PROD00357,83,4,104,75
INV0002661,2025-12-24,STOR0004,PROD00437,7,1,136,20
INV0002662,2025-12-25,STOR0026,PROD00219,267,7,80,81
INV0002663,2026-01-01,STOR0009,PROD00084,706,43,21,40
INV0002664,2025-12-06,STOR0009,PROD00206,151,3,13,109
INV0002665,2025-12-08,STOR0022,PROD00130,519,22,189,67
INV0002666,2025-12-23,STOR0018,PROD00224,509,27,144,37
INV0002667,2025-12-09,STOR0024,PROD00012,123,37,126,117
INV0002668,2025-12-17,STOR0015,PROD00130,593,0,177,23
INV0002669,2025-12-23,STOR0034,PROD00481,432,18,153,116
INV0002670,2026-01-01,STOR0032,PROD00314,338,0,108,111
INV0002671,2025-12-18,STOR0015,PROD00083,455,29,4,101
INV0002672,2025-12-25,STOR0050,PROD00399,245,26,188,92
INV0002673,2025-12-31,STOR0011,PROD00042,619,34,48,11
INV0002674,2025-12-05,STOR0022,PROD00227,511,6,14,102
INV0002675,2025-12-03,STOR0049,PROD00404,792,10,85,80
INV0002676,2025-12-22,STOR0051,PROD00328,145,16,131,35
INV0002677,2025-12-16,STOR0055,PROD00214,102,3,32,101
INV0002678,2025-12-31,STOR0026,PROD00102,285,50,186,98
INV0002679,2025-12-12,STOR0008,PROD00191,145,31,38,13
INV0002680,2025-12-07,STOR0009,PROD00164,236,45,76,28
INV0002681,2025-12-28,STOR0001,PROD00447,577,34,117,43
INV0002682,2025-12-28,STOR0016,PROD00282,466,44,1,55
INV0002683,2025-12-03,STOR0018,PROD00112,89,41,115,85
INV0002684,2026-01-01,STOR0052,PROD00388,313,21,188,36
INV0002685,2025-12-20,STOR0031,PROD00454,210,7,63,114
INV0002686,2025-12-05,STOR0050,PROD00297,688,31,87,55
INV0002687,2025-12-16,STOR0003,PROD00183,532,17,93,74
INV0002688,2025-12-19,STOR0009,PROD00346,191,49,135,114
INV0002689,2025-12-15,STOR0020,PROD00108,517,30,156,23
INV0002690,2025-12-18,STOR0009,PROD00444,427,43,57,51
INV0002691,2025-12-29,STOR0041,PROD00209,640,45,17,84
INV0002692,2025-12-30,STOR0009,PROD00266,208,44,146,36
INV0002693,2025-12-31,STOR0032,PROD00323,55,11,31,71
INV0002694,2025-12-19,STOR0014,PROD00474,585,31,108,106
INV0002695,2025-12-28,STOR0001,PROD00359,489,41,133,98
INV0002696,2025-12-22,STOR0059,PROD00485,235,18,67,41
INV0002697,2025-12-04,STOR0043,PROD00350,378,30,88,84
INV0002698,2025-12-24,STOR0054,PROD00055,386,28,56,92
INV0002699,2025-12-19,STOR0024,PROD00406,366,40,92,116
INV0002700,2025-12-30,STOR0018,PROD00139,251,6,46,33
INV0002701,2025-12-22,STOR0039,PROD00356,659,1,104,10
INV0002702,2025-12-22,STOR0010,PROD00021,262,46,173,115
INV0002703,2025-12-28,STOR0037,PROD00093,560,48,78,112
INV0002704,2025-12-08,STOR0033,PROD00363,439,38,164,120
INV0002705,2025-12-30,STOR0025,PROD00060,634,31,192,114
INV0002706,2025-12-03,STOR0054,PROD00332,680,7,175,42
INV0002707,2025-12-11,STOR0050,PROD00271,418,16,185,120
INV0002708,2025-12-11,STOR0057,PROD00117,522,30,104,72
INV0002709,2025-12-26,STOR0049,PROD00462,434,50,135,116
INV0002710,2025-12-11,STOR0039,PROD00024,722,17,78,119
INV0002711,2025-12-25,STOR0047,PROD00218,790,2,24,60
INV0002712,2025-12-14,STOR0046,PROD00416,727,22,150,76
INV0002713,2025-12-04,STOR0053,PROD00046,284,5,73,78
INV0002714,2026-01-01,STOR0029,PROD00145,719,1,110,100
INV0002715,2025-12-12,STOR0034,PROD00425,550,45,135,73
INV0002716,2025-12-23,STOR0058,PROD00335,544,43,99,12
INV0002717,2025-12-02,STOR0050,PROD00277,696,5,112,112
INV0002718,2025-12-22,STOR0039,PROD00466,221,8,62,94
INV0002719,2025-12-09,STOR0031,PROD00467,525,14,9,60
INV0002720,2025-12-31,STOR0037,PROD00445,528,18,192,113
INV0002721,2025-12-29,STOR0013,PROD00023,522,44,163,41
INV0002722,2025-12-24,STOR0020,PROD00164,457,21,29,30
INV0002723,2025-12-11,STOR0015,PROD00162,690,20,126,104
INV0002724,2025-12-08,STOR0058,PROD00291,84,9,31,103
INV0002725,2025-12-23,STOR0013,PROD00429,793,10,86,17
INV0002726,2025-12-23,STOR0027,PROD00429,704,35,8,95
INV0002727,2025-12-03,STOR0037,PROD00299,717,21,170,76
INV0002728,2026-01-01,STOR0009,PROD00273,363,47,72,39
INV0002729,2025-12-05,STOR0009,PROD00183,471,17,75,40
INV0002730,2025-12-05,STOR0050,PROD00367,68,6,61,31
INV0002731,2025-12-09,STOR0005,PROD00405,154,39,64,96
INV0002732,2025-12-16,STOR0006,PROD00351,189,35,101,106
INV0002733,2025-12-19,STOR0056,PROD00148,576,5,81,79
INV0002734,2025-12-18,STOR0034,PROD00005,764,50,48,61
INV0002735,2025-12-06,STOR0028,PROD00076,402,30,59,85
INV0002736,2025-12-02,STOR0049,PROD00185,275,16,96,96
INV0002737,2026-01-01,STOR0018,PROD00500,221,8,168,35
INV0002738,2025-12-11,STOR0054,PROD00328,661,13,53,15
INV0002739,2025-12-09,STOR0015,PROD00428,198,0,138,93
INV0002740,2025-12-15,STOR0045,PROD00315,407,40,162,76
INV0002741,2025-12-02,STOR0030,PROD00236,330,19,88,48
INV0002742,2025-12-13,STOR0005,PROD00142,795,48,166,25
INV0002743,2026-01-01,STOR0015,PROD00367,748,15,96,12
INV0002744,2025-12-07,STOR0033,PROD00034,669,44,75,100
INV0002745,2025-12-20,STOR0044,PROD00101,708,44,181,75
INV0002746,2025-12-20,STOR0020,PROD00088,1,0,153,77
INV0002747,2025-12-10,STOR0050,PROD00231,567,23,152,98
INV0002748,2025-12-14,STOR0038,PROD00412,77,42,43,81
INV0002749,2025-12-04,STOR0006,PROD00313,797,37,71,112
INV0002750,2025-12-09,STOR0043,PROD00391,498,6,138,70
INV0002751,2025-12-09,STOR0025,PROD00366,568,47,91,107
INV0002752,2025-12-27,STOR0055,PROD00343,707,23,104,46
INV0002753,2025-12-11,STOR0010,PROD00419,346,47,165,22
INV0002754,2025-12-30,STOR0060,PROD00061,288,20,130,89
INV0002755,2025-12-08,STOR0008,PROD00299,548,22,128,76
INV0002756,2025-12-12,STOR0059,PROD00075,518,42,118,44
INV0002757,2025-12-14,STOR0011,PROD00126,793,9,186,109
INV0002758,2025-12-25,STOR0012,PROD00243,669,15,161,100
INV0002759,2025-12-18,STOR0006,PROD00447,128,9,104,90
INV0002760,2025-12-28,STOR0011,PROD00057,120,10,49,116
INV0002761,2026-01-01,STOR0049,PROD00158,576,37,129,32
INV0002762,2025-12-31,STOR0043,PROD00282,645,32,62,67
INV0002763,2026-01-01,STOR0037,PROD00106,501,44,82,15
INV0002764,2025-12-15,STOR0029,PROD00487,91,30,29,15
INV0002765,2025-12-14,STOR0001,PROD00377,475,29,145,106
INV0002766,2025-12-30,STOR0031,PROD00136,482,30,80,80
INV0002767,2025-12-29,STOR0003,PROD00479,684,23,184,18
INV0002768,2025-12-03,STOR0006,PROD00372,372,40,190,63
INV0002769,2025-12-05,STOR0015,PROD00322,754,20,78,22
INV0002770,2025-12-05,STOR0057,PROD00010,175,2,33,26
INV0002771,2025-12-31,STOR0059,PROD00011,31,12,17,22
INV0002772,2025-12-02,STOR0049,PROD00020,406,28,170,30
INV0002773,2025-12-22,STOR0021,PROD00447,488,33,4,116
INV0002774,2025-12-30,STOR0057,PROD00337,191,31,171,21
INV0002775,2025-12-11,STOR0006,PROD00001,97,0,89,106
INV0002776,2025-12-14,STOR0008,PROD00105,647,24,35,29
INV0002777,2025-12-03,STOR0025,PROD00226,510,47,174,109
INV0002778,2025-12-07,STOR0007,PROD00166,742,38,3,81
INV0002779,2025-12-21,STOR0005,PROD00095,31,3,21,65
INV0002780,2025-12-24,STOR0008,PROD00499,505,14,95,111
INV0002781,2025-12-20,STOR0019,PROD00341,30,24,42,45
INV0002782,2025-12-27,STOR0051,PROD00436,613,26,159,83
INV0002783,2025-12-27,STOR0051,PROD00091,736,4,58,105
INV0002784,2025-12-28,STOR0011,PROD00047,369,23,32,63
INV0002785,2025-12-02,STOR0035,PROD00094,621,8,140,19
INV0002786,2025-12-21,STOR0017,PROD00425,756,6,33,71
INV0002787,2025-12-11,STOR0015,PROD00404,335,40,114,62
INV0002788,2025-12-27,STOR0046,PROD00336,738,19,2,71
INV0002789,2025-12-20,STOR0050,PROD00407,591,42,65,118
INV0002790,2025-12-04,STOR0008,PROD00053,695,12,104,73
INV0002791,2025-12-28,STOR0055,PROD00041,645,16,138,110
INV0002792,2025-12-15,STOR0052,PROD00276,613,41,24,52
INV0002793,2025-12-29,STOR0016,PROD00092,172,32,152,100
INV0002794,2025-12-28,STOR0019,PROD00389,348,19,188,43
INV0002795,2025-12-17,STOR0023,PROD00405,783,24,53,26
INV0002796,2025-12-29,STOR0042,PROD00442,425,21,159,71
INV0002797,2025-12-03,STOR0013,PROD00416,49,33,115,87
INV0002798,2025-12-16,STOR0040,PROD00009,364,22,165,20
INV0002799,2025-12-25,STOR0046,PROD00099,422,22,152,80
INV0002800,2025-12-07,STOR0053,PROD00093,117,26,144,72
INV0002801,2025-12-17,STOR0036,PROD00263,690,3,10,68
INV0002802,2025-12-07,STOR0060,PROD00398,38,14,88,120
INV0002803,2025-12-31,STOR0059,PROD00463,575,24,32,12
INV0002804,2025-12-06,STOR0004,PROD00488,256,12,152,76
INV0002805,2025-12-30,STOR0022,PROD00136,642,49,152,92
INV0002806,2025-12-19,STOR0031,PROD00252,604,32,99,53
INV0002807,2025-12-09,STOR0016,PROD00170,709,16,200,115
INV0002808,2025-12-06,STOR0008,PROD00099,653,31,123,36
INV0002809,2025-12-17,STOR0011,PROD00190,533,49,165,117
INV0002810,2025-12-27,STOR0001,PROD00303,432,7,159,111
INV0002811,2025-12-19,STOR0014,PROD00039,350,18,125,98
INV0002812,2025-12-27,STOR0037,PROD00064,722,4,47,79
INV0002813,2025-12-16,STOR0057,PROD00386,111,25,110,104
INV0002814,2026-01-01,STOR0042,PROD00121,604,12,55,118
INV0002815,2025-12-24,STOR0040,PROD00467,701,11,1,36
INV0002816,2025-12-22,STOR0032,PROD00110,558,37,112,11
INV0002817,2025-12-23,STOR0021,PROD00136,386,8,141,24
INV0002818,2025-12-24,STOR0037,PROD00471,752,31,64,99
INV0002819,2025-12-30,STOR0055,PROD00025,108,3,61,118
INV0002820,2025-12-13,STOR0011,PROD00182,587,9,121,46
INV0002821,2025-12-02,STOR0045,PROD00414,792,48,32,65
INV0002822,2025-12-19,STOR0044,PROD00205,83,14,61,34
INV0002823,2025-12-15,STOR0043,PROD00397,748,26,132,117
INV0002824,2025-12-24,STOR0025,PROD00050,370,40,31,94
INV0002825,2025-12-25,STOR0032,PROD00277,743,25,46,51
INV0002826,2025-12-13,STOR0059,PROD00474,785,43,198,98
INV0002827,2025-12-26,STOR0001,PROD00310,249,10,180,81
INV0002828,2025-12-05,STOR0041,PROD00366,648,27,132,52
INV0002829,2025-12-12,STOR0035,PROD00262,499,26,162,68
INV0002830,2025-12-30,STOR0031,PROD00014,365,6,118,17
INV0002831,2025-12-31,STOR0057,PROD00358,749,28,49,19
INV0002832,2025-12-18,STOR0038,PROD00318,54,45,78,117
INV0002833,2026-01-01,STOR0035,PROD00249,714,43,176,105
INV0002834,2025-12-07,STOR0058,PROD00184,203,16,108,25
INV0002835,2025-12-11,STOR0010,PROD00051,217,11,198,105
INV0002836,2025-12-18,STOR0060,PROD00140,677,0,76,31
INV0002837,2025-12-23,STOR0034,PROD00108,672,44,176,71
INV0002838,2025-12-07,STOR0044,PROD00225,504,10,195,111
INV0002839,2025-12-24,STOR0039,PROD00499,259,8,131,95
INV0002840,2025-12-25,STOR0044,PROD00046,382,42,169,100
INV0002841,2025-12-03,STOR0049,PROD00198,380,5,177,26
INV0002842,2025-12-11,STOR0030,PROD00200,14,8,97,59
INV0002843,2025-12-11,STOR0049,PROD00492,795,46,130,84
INV0002844,2025-12-24,STOR0032,PROD00240,38,25,149,111
INV0002845,2025-12-10,STOR0046,PROD00151,398,37,148,36
INV0002846,2025-12-19,STOR0012,PROD00218,166,10,75,65
INV0002847,2025-12-04,STOR0009,PROD00476,13,3,79,17
INV0002848,2025-12-21,STOR0021,PROD00490,25,1,47,80
INV0002849,2025-12-14,STOR0011,PROD00423,141,7,128,20
INV0002850,2025-12-23,STOR0015,PROD00346,286,19,173,75
INV0002851,2025-12-13,STOR0051,PROD00291,158,36,126,24
INV0002852,2025-12-08,STOR0060,PROD00140,20,7,6,61
INV0002853,2025-12-27,STOR0021,PROD00086,4,4,176,28
INV0002854,2025-12-27,STOR0052,PROD00300,211,35,92,26
INV0002855,2025-12-21,STOR0005,PROD00195,739,25,125,85
INV0002856,2025-12-31,STOR0037,PROD00180,140,44,150,22
INV0002857,2025-12-27,STOR0059,PROD00096,288,39,101,79
INV0002858,2025-12-22,STOR0017,PROD00073,4,2,197,49
INV0002859,2025-12-02,STOR0007,PROD00401,79,21,64,48
INV0002860,2025-12-09,STOR0012,PROD00011,569,10,172,10
INV0002861,2025-12-17,STOR0052,PROD00021,308,30,196,21
INV0002862,2025-12-14,STOR0040,PROD00032,3,1,159,81
INV0002863,2025-12-25,STOR0029,PROD00447,348,45,112,83
INV0002864,2025-12-18,STOR0010,PROD00034,665,12,117,12
INV0002865,2025-12-02,STOR0012,PROD00340,434,5,141,76
INV0002866,2025-12-17,STOR0054,PROD00272,319,47,5,51
INV0002867,2025-12-21,STOR0040,PROD00454,190,22,73,83
INV0002868,2025-12-17,STOR0041,PROD00101,375,44,84,63
INV0002869,2025-12-07,STOR0040,PROD00107,759,43,42,102
INV0002870,2025-12-12,STOR0025,PROD00194,276,13,136,116
INV0002871,2025-12-07,STOR0008,PROD00062,480,31,71,17
INV0002872,2025-12-18,STOR0050,PROD00345,603,31,87,78
INV0002873,2026-01-01,STOR0008,PROD00257,252,16,74,116
INV0002874,2025-12-15,STOR0028,PROD00021,372,20,149,12
INV0002875,2025-12-12,STOR0059,PROD00363,578,9,91,110
INV0002876,2025-12-18,STOR0042,PROD00023,221,25,61,91
INV0002877,2025-12-21,STOR0036,PROD00016,32,32,159,50
INV0002878,2025-12-12,STOR0056,PROD00247,501,2,43,33
INV0002879,2025-12-17,STOR0055,PROD00100,686,50,152,102
INV0002880,2025-12-28,STOR0027,PROD00135,313,12,103,93
INV0002881,2025-12-14,STOR0044,PROD00389,274,35,151,98
INV0002882,2025-12-13,STOR0012,PROD00161,241,35,25,99
INV0002883,2025-12-03,STOR0042,PROD00050,132,13,38,86
INV0002884,2025-12-08,STOR0056,PROD00001,124,32,127,16
INV0002885,2025-12-20,STOR0050,PROD00446,769,20,9,24
INV0002886,2025-12-15,STOR0019,PROD00468,627,15,74,100
INV0002887,2025-12-03,STOR0051,PROD00364,547,39,175,115
INV0002888,2025-12-02,STOR0060,PROD00392,697,42,197,21
INV0002889,2025-12-13,STOR0003,PROD00042,23,10,22,115
INV0002890,2025-12-05,STOR0052,PROD00410,657,5,193,110
INV0002891,2025-12-02,STOR0038,PROD00249,12,6,107,16
INV0002892,2025-12-20,STOR0050,PROD00383,289,37,30,37
INV0002893,2025-12-23,STOR0048,PROD00329,141,45,184,47
INV0002894,2025-12-24,STOR0016,PROD00125,658,20,88,68
INV0002895,2025-12-04,STOR0046,PROD00423,196,8,186,19
INV0002896,2025-12-23,STOR0053,PROD00069,279,50,91,96
INV0002897,2025-12-22,STOR0002,PROD00274,85,32,30,79
INV0002898,2025-12-24,STOR0010,PROD00307,677,31,198,79
INV0002899,2025-12-16,STOR0042,PROD00436,358,10,198,21
INV0002900,2025-12-27,STOR0050,PROD00398,371,0,26,69
INV0002901,2025-12-15,STOR0044,PROD00249,341,25,74,28
INV0002902,2025-12-12,STOR0031,PROD00047,323,47,103,52
INV0002903,2025-12-05,STOR0024,PROD00464,42,33,102,71
INV0002904,2025-12-13,STOR0048,PROD00343,51,36,178,98
INV0002905,2025-12-05,STOR0036,PROD00167,272,26,18,73
INV0002906,2025-12-04,STOR0025,PROD00191,34,0,102,70
INV0002907,2025-12-28,STOR0014,PROD00222,653,36,6,23
INV0002908,2025-12-12,STOR0016,PROD00178,266,37,30,59
INV0002909,2025-12-09,STOR0007,PROD00375,299,5,146,78
INV0002910,2025-12-22,STOR0004,PROD00281,646,48,84,105
INV0002911,2026-01-01,STOR0012,PROD00154,390,10,62,64
INV0002912,2025-12-19,STOR0054,PROD00204,573,7,84,29
INV0002913,2025-12-24,STOR0054,PROD00120,233,47,15,24
INV0002914,2025-12-07,STOR0005,PROD00073,783,35,164,42
INV0002915,2025-12-02,STOR0029,PROD00252,342,11,140,94
INV0002916,2025-12-20,STOR0043,PROD00425,354,38,37,51
INV0002917,2025-12-28,STOR0047,PROD00131,131,9,72,51
INV0002918,2025-12-08,STOR0034,PROD00379,235,0,184,109
INV0002919,2025-12-05,STOR0059,PROD00154,66,24,127,73
INV0002920,2025-12-26,STOR0055,PROD00240,315,28,94,58
INV0002921,2025-12-27,STOR0037,PROD00087,741,11,184,17
INV0002922,2025-12-04,STOR0010,PROD00323,766,39,6,114
INV0002923,2025-12-11,STOR0041,PROD00078,54,39,13,82
INV0002924,2025-12-31,STOR0046,PROD00385,755,27,10,69
INV0002925,2025-12-30,STOR0017,PROD00263,203,2,112,116
INV0002926,2025-12-06,STOR0010,PROD00288,389,50,130,112
INV0002927,2025-12-22,STOR0002,PROD00111,176,3,116,40
INV0002928,2025-12-18,STOR0032,PROD00481,247,15,17,62
INV0002929,2025-12-17,STOR0008,PROD00499,495,50,8,103
INV0002930,2025-12-18,STOR0044,PROD00287,372,28,14,71
INV0002931,2025-12-30,STOR0009,PROD00334,798,7,186,107
INV0002932,2025-12-30,STOR0010,PROD00359,435,0,192,61
INV0002933,2025-12-23,STOR0031,PROD00234,514,46,135,65
INV0002934,2025-12-29,STOR0020,PROD00001,735,42,20,77
INV0002935,2025-12-19,STOR0049,PROD00131,709,36,44,99
INV0002936,2025-12-06,STOR0022,PROD00429,67,14,40,34
INV0002937,2025-12-21,STOR0018,PROD00357,217,12,112,62
INV0002938,2025-12-25,STOR0059,PROD00392,728,5,25,47
INV0002939,2025-12-26,STOR0007,PROD00065,15,15,27,15
INV0002940,2025-12-24,STOR0056,PROD00030,520,11,98,57
INV0002941,2025-12-19,STOR0007,PROD00390,342,19,163,16
INV0002942,2025-12-27,STOR0033,PROD00220,544,8,113,73
INV0002943,2025-12-20,STOR0058,PROD00371,44,40,144,35
INV0002944,2025-12-24,STOR0049,PROD00222,721,48,24,50
INV0002945,2025-12-04,STOR0058,PROD00148,217,29,78,49
INV0002946,2025-12-10,STOR0001,PROD00321,229,45,44,58
INV0002947,2025-12-23,STOR0008,PROD00270,118,20,177,90
INV0002948,2025-12-11,STOR0017,PROD00047,121,48,195,104
INV0002949,2025-12-27,STOR0032,PROD00286,576,29,52,56
INV0002950,2025-12-31,STOR0012,PROD00095,223,42,139,28
INV0002951,2025-12-22,STOR0034,PROD00256,751,11,83,11
INV0002952,2025-12-31,STOR0017,PROD00223,143,9,66,63
INV0002953,2025-12-05,STOR0034,PROD00369,406,0,114,62
INV0002954,2025-12-12,STOR0015,PROD00364,95,49,188,76
INV0002955,2025-12-10,STOR0022,PROD00025,221,50,77,41
INV0002956,2025-12-02,STOR0015,PROD00015,447,31,64,50
INV0002957,2025-12-16,STOR0004,PROD00013,612,14,112,96
INV0002958,2025-12-15,STOR0006,PROD00484,491,28,26,110
INV0002959,2025-12-03,STOR0037,PROD00075,375,32,95,14
INV0002960,2025-12-24,STOR0029,PROD00083,325,24,162,15
INV0002961,2025-12-31,STOR0007,PROD00322,628,0,136,71
INV0002962,2025-12-11,STOR0057,PROD00256,575,28,14,65
INV0002963,2025-12-07,STOR0005,PROD00479,722,21,132,25
INV0002964,2026-01-01,STOR0014,PROD00089,687,8,58,65
INV0002965,2025-12-10,STOR0018,PROD00428,275,39,160,105
INV0002966,2025-12-16,STOR0014,PROD00429,457,0,27,29
INV0002967,2025-12-29,STOR0039,PROD00183,243,10,70,86
INV0002968,2025-12-04,STOR0049,PROD00170,134,4,64,76
INV0002969,2025-12-24,STOR0042,PROD00478,655,30,195,54
INV0002970,2025-12-02,STOR0058,PROD00413,667,4,8,105
INV0002971,2025-12-19,STOR0013,PROD00003,541,17,145,65
INV0002972,2025-12-25,STOR0043,PROD00301,738,32,155,45
INV0002973,2025-12-06,STOR0009,PROD00071,173,23,93,86
INV0002974,2025-12-21,STOR0027,PROD00075,99,28,199,108
INV0002975,2025-12-20,STOR0020,PROD00148,646,49,96,101
INV0002976,2025-12-31,STOR0006,PROD00331,756,30,85,105
INV0002977,2025-12-20,STOR0051,PROD00301,264,25,105,62
INV0002978,2025-12-11,STOR0018,PROD00118,482,15,134,88
INV0002979,2025-12-14,STOR0033,PROD00038,454,50,39,89
INV0002980,2025-12-17,STOR0010,PROD00366,473,5,117,56
INV0002981,2025-12-06,STOR0028,PROD00470,783,41,107,80
INV0002982,2025-12-27,STOR0037,PROD00075,365,27,91,80
INV0002983,2025-12-23,STOR0006,PROD00457,455,33,23,97
INV0002984,2025-12-31,STOR0028,PROD00015,469,50,38,103
INV0002985,2025-12-14,STOR0006,PROD00475,467,2,5,56
INV0002986,2025-12-13,STOR0034,PROD00468,554,45,196,34
INV0002987,2025-12-21,STOR0045,PROD00407,557,29,27,115
INV0002988,2025-12-02,STOR0034,PROD00118,108,31,158,55
INV0002989,2025-12-08,STOR0034,PROD00256,221,21,198,61
INV0002990,2025-12-07,STOR0038,PROD00130,754,44,85,92
INV0002991,2025-12-18,STOR0004,PROD00271,550,47,79,29
INV0002992,2025-12-04,STOR0043,PROD00060,297,36,164,16
INV0002993,2025-12-20,STOR0042,PROD00200,605,13,126,64
INV0002994,2025-12-08,STOR0016,PROD00498,85,34,195,25
INV0002995,2025-12-31,STOR0057,PROD00379,628,0,2,95
INV0002996,2025-12-17,STOR0007,PROD00161,467,27,13,107
INV0002997,2025-12-19,STOR0031,PROD00017,6,5,153,97
INV0002998,2025-12-26,STOR0018,PROD00289,672,45,98,12
INV0002999,2025-12-06,STOR0044,PROD00001,610,7,19,26
INV0003000,2025-12-24,STOR0009,PROD00495,515,35,44,74
