order_line_id,order_id,line_number,product_id,quantity,unit_price,discount_amount,line_total
LINE00000001,ORD0000001,1,PROD00442,6,977.87,0.0,5867.22
LINE00000002,ORD0000001,2,PROD00264,3,139.1,20.86,396.44
LINE00000003,ORD0000001,3,PROD00301,5,122.22,0.0,611.1
LINE00000004,ORD0000002,1,PROD00411,4,138.13,0.0,552.52
LINE00000005,ORD0000002,2,PROD00446,3,1167.01,700.21,2800.82
LINE00000006,ORD0000002,3,PROD00009,3,1190.0,357.0,3213.0
LINE00000007,ORD0000003,1,PROD00096,6,939.18,1127.02,4508.06
LINE00000008,ORD0000004,1,PROD00392,3,201.05,0.0,603.15
LINE00000009,ORD0000004,2,PROD00064,1,600.78,120.16,480.62
LINE00000010,ORD0000004,3,PROD00425,5,961.86,961.86,3847.44
LINE00000011,ORD0000004,4,PROD00123,2,1022.96,0.0,2045.92
LINE00000012,ORD0000004,5,PROD00108,4,593.17,0.0,2372.68
LINE00000013,ORD0000005,1,PROD00430,1,272.88,0.0,272.88
LINE00000014,ORD0000005,2,PROD00294,3,887.94,133.19,2530.63
LINE00000015,ORD0000005,3,PROD00047,2,401.85,160.74,642.96
LINE00000016,ORD0000006,1,PROD00267,2,271.44,0.0,542.88
LINE00000017,ORD0000006,2,PROD00084,1,283.01,28.3,254.71
LINE00000018,ORD0000006,3,PROD00450,2,61.02,24.41,97.63
LINE00000019,ORD0000006,4,PROD00490,3,1028.72,308.62,2777.54
LINE00000020,ORD0000007,1,PROD00148,5,505.05,0.0,2525.25
LINE00000021,ORD0000007,2,PROD00198,4,214.94,0.0,859.76
LINE00000022,ORD0000007,3,PROD00214,4,15.39,0.0,61.56
LINE00000023,ORD0000007,4,PROD00484,2,57.05,0.0,114.1
LINE00000024,ORD0000008,1,PROD00430,2,325.05,32.51,617.59
LINE00000025,ORD0000009,1,PROD00326,4,344.95,275.96,1103.84
LINE00000026,ORD0000009,2,PROD00200,3,803.04,0.0,2409.12
LINE00000027,ORD0000009,3,PROD00060,2,994.62,0.0,1989.24
LINE00000028,ORD0000009,4,PROD00171,6,298.06,357.67,1430.69
LINE00000029,ORD0000010,1,PROD00123,6,1025.15,0.0,6150.9
LINE00000030,ORD0000011,1,PROD00278,3,1109.2,166.38,3161.22
LINE00000031,ORD0000011,2,PROD00168,6,1174.69,704.81,6343.33
LINE00000032,ORD0000011,3,PROD00043,1,709.93,70.99,638.94
LINE00000033,ORD0000012,1,PROD00477,3,612.94,183.88,1654.94
LINE00000034,ORD0000012,2,PROD00343,5,311.61,0.0,1558.05
LINE00000035,ORD0000012,3,PROD00305,6,702.82,843.38,3373.54
LINE00000036,ORD0000012,4,PROD00239,4,173.26,0.0,693.04
LINE00000037,ORD0000012,5,PROD00148,2,792.16,0.0,1584.32
LINE00000038,ORD0000013,1,PROD00065,3,945.33,0.0,2835.99
LINE00000039,ORD0000013,2,PROD00211,6,133.77,0.0,802.62
LINE00000040,ORD0000013,3,PROD00001,2,684.96,136.99,1232.93
LINE00000041,ORD0000013,4,PROD00052,3,976.9,0.0,2930.7
LINE00000042,ORD0000014,1,PROD00356,3,314.02,47.1,894.96
LINE00000043,ORD0000014,2,PROD00035,3,584.56,175.37,1578.31
LINE00000044,ORD0000014,3,PROD00163,3,888.4,0.0,2665.2
LINE00000045,ORD0000015,1,PROD00274,6,1065.42,639.25,5753.27
LINE00000046,ORD0000015,2,PROD00195,6,957.67,0.0,5746.02
LINE00000047,ORD0000016,1,PROD00118,1,1062.31,106.23,956.08
LINE00000048,ORD0000016,2,PROD00244,1,303.75,0.0,303.75
LINE00000049,ORD0000016,3,PROD00122,5,356.03,0.0,1780.15
LINE00000050,ORD0000017,1,PROD00360,1,272.45,13.62,258.83
LINE00000051,ORD0000017,2,PROD00175,5,742.86,185.72,3528.58
LINE00000052,ORD0000017,3,PROD00110,3,634.69,190.41,1713.66
LINE00000053,ORD0000017,4,PROD00384,4,584.45,0.0,2337.8
LINE00000054,ORD0000017,5,PROD00129,4,886.69,0.0,3546.76
LINE00000055,ORD0000018,1,PROD00163,2,312.58,0.0,625.16
LINE00000056,ORD0000018,2,PROD00347,1,861.31,86.13,775.18
LINE00000057,ORD0000019,1,PROD00148,3,909.94,0.0,2729.82
LINE00000058,ORD0000019,2,PROD00500,4,169.25,0.0,677.0
LINE00000059,ORD0000020,1,PROD00468,2,57.06,0.0,114.12
LINE00000060,ORD0000020,2,PROD00111,1,721.04,0.0,721.04
LINE00000061,ORD0000020,3,PROD00027,4,63.91,51.13,204.51
LINE00000062,ORD0000020,4,PROD00306,4,287.27,0.0,1149.08
LINE00000063,ORD0000021,1,PROD00463,5,798.53,399.26,3593.39
LINE00000064,ORD0000021,2,PROD00116,4,1125.92,0.0,4503.68
LINE00000065,ORD0000021,3,PROD00272,3,195.36,0.0,586.08
LINE00000066,ORD0000021,4,PROD00496,3,1099.7,0.0,3299.1
LINE00000067,ORD0000021,5,PROD00350,6,554.75,0.0,3328.5
LINE00000068,ORD0000022,1,PROD00082,2,1163.36,0.0,2326.72
LINE00000069,ORD0000022,2,PROD00410,1,635.3,0.0,635.3
LINE00000070,ORD0000022,3,PROD00032,3,1055.43,633.26,2533.03
LINE00000071,ORD0000022,4,PROD00289,5,630.37,315.19,2836.66
LINE00000072,ORD0000022,5,PROD00499,6,828.44,497.06,4473.58
LINE00000073,ORD0000023,1,PROD00410,5,151.35,0.0,756.75
LINE00000074,ORD0000024,1,PROD00062,5,327.97,163.99,1475.86
LINE00000075,ORD0000024,2,PROD00287,4,982.39,785.91,3143.65
LINE00000076,ORD0000024,3,PROD00002,2,345.94,138.38,553.5
LINE00000077,ORD0000024,4,PROD00337,4,309.97,0.0,1239.88
LINE00000078,ORD0000024,5,PROD00174,5,895.52,0.0,4477.6
LINE00000079,ORD0000025,1,PROD00289,3,238.58,0.0,715.74
LINE00000080,ORD0000025,2,PROD00394,6,547.22,0.0,3283.32
LINE00000081,ORD0000026,1,PROD00139,4,157.5,0.0,630.0
LINE00000082,ORD0000026,2,PROD00346,1,995.24,99.52,895.72
LINE00000083,ORD0000026,3,PROD00142,2,226.37,0.0,452.74
LINE00000084,ORD0000026,4,PROD00444,2,994.41,0.0,1988.82
LINE00000085,ORD0000026,5,PROD00349,1,737.43,0.0,737.43
LINE00000086,ORD0000027,1,PROD00114,2,138.35,0.0,276.7
LINE00000087,ORD0000027,2,PROD00002,2,355.6,0.0,711.2
LINE00000088,ORD0000027,3,PROD00255,6,621.35,745.62,2982.48
LINE00000089,ORD0000027,4,PROD00258,2,370.41,37.04,703.78
LINE00000090,ORD0000028,1,PROD00061,5,885.4,221.35,4205.65
LINE00000091,ORD0000028,2,PROD00188,2,104.86,0.0,209.72
LINE00000092,ORD0000029,1,PROD00222,5,974.36,487.18,4384.62
LINE00000093,ORD0000029,2,PROD00076,5,1181.68,0.0,5908.4
LINE00000094,ORD0000029,3,PROD00258,3,1022.44,306.73,2760.59
LINE00000095,ORD0000029,4,PROD00144,6,219.1,0.0,1314.6
LINE00000096,ORD0000030,1,PROD00020,6,750.07,0.0,4500.42
LINE00000097,ORD0000030,2,PROD00322,4,463.76,185.5,1669.54
LINE00000098,ORD0000030,3,PROD00108,1,430.02,43.0,387.02
LINE00000099,ORD0000031,1,PROD00238,1,1121.11,112.11,1009.0
LINE00000100,ORD0000032,1,PROD00219,5,693.63,0.0,3468.15
LINE00000101,ORD0000032,2,PROD00477,4,433.14,0.0,1732.56
LINE00000102,ORD0000032,3,PROD00027,1,1055.68,0.0,1055.68
LINE00000103,ORD0000032,4,PROD00385,3,334.87,0.0,1004.61
LINE00000104,ORD0000033,1,PROD00060,4,527.9,0.0,2111.6
LINE00000105,ORD0000033,2,PROD00050,6,1039.03,0.0,6234.18
LINE00000106,ORD0000034,1,PROD00189,2,410.71,41.07,780.35
LINE00000107,ORD0000034,2,PROD00010,1,34.28,0.0,34.28
LINE00000108,ORD0000034,3,PROD00385,2,466.19,46.62,885.76
LINE00000109,ORD0000034,4,PROD00123,5,421.83,0.0,2109.15
LINE00000110,ORD0000035,1,PROD00281,4,1192.5,0.0,4770.0
LINE00000111,ORD0000035,2,PROD00498,3,1029.85,154.48,2935.07
LINE00000112,ORD0000035,3,PROD00382,6,981.37,0.0,5888.22
LINE00000113,ORD0000035,4,PROD00258,6,658.41,0.0,3950.46
LINE00000114,ORD0000035,5,PROD00441,1,1039.61,0.0,1039.61
LINE00000115,ORD0000036,1,PROD00413,2,133.05,26.61,239.49
LINE00000116,ORD0000037,1,PROD00100,5,194.93,48.73,925.92
LINE00000117,ORD0000038,1,PROD00048,2,399.59,0.0,799.18
LINE00000118,ORD0000038,2,PROD00479,2,716.93,143.39,1290.47
LINE00000119,ORD0000038,3,PROD00489,1,894.0,0.0,894.0
LINE00000120,ORD0000038,4,PROD00195,6,108.29,0.0,649.74
LINE00000121,ORD0000039,1,PROD00019,2,531.59,0.0,1063.18
LINE00000122,ORD0000039,2,PROD00151,4,939.88,751.9,3007.62
LINE00000123,ORD0000040,1,PROD00180,6,1119.56,1343.47,5373.89
LINE00000124,ORD0000040,2,PROD00295,2,1037.21,0.0,2074.42
LINE00000125,ORD0000040,3,PROD00173,2,394.58,39.46,749.7
LINE00000126,ORD0000040,4,PROD00193,6,808.52,242.56,4608.56
LINE00000127,ORD0000040,5,PROD00309,2,975.04,97.5,1852.58
LINE00000128,ORD0000041,1,PROD00488,3,447.85,134.36,1209.19
LINE00000129,ORD0000042,1,PROD00182,2,464.93,0.0,929.86
LINE00000130,ORD0000043,1,PROD00226,2,1000.45,0.0,2000.9
LINE00000131,ORD0000043,2,PROD00224,2,1185.86,0.0,2371.72
LINE00000132,ORD0000043,3,PROD00382,4,545.02,109.0,2071.08
LINE00000133,ORD0000044,1,PROD00247,2,494.17,197.67,790.67
LINE00000134,ORD0000044,2,PROD00330,4,93.28,0.0,373.12
LINE00000135,ORD0000045,1,PROD00385,5,19.18,0.0,95.9
LINE00000136,ORD0000045,2,PROD00151,3,1127.93,0.0,3383.79
LINE00000137,ORD0000045,3,PROD00023,6,909.39,1091.27,4365.07
LINE00000138,ORD0000045,4,PROD00134,3,718.86,107.83,2048.75
LINE00000139,ORD0000046,1,PROD00273,3,350.32,52.55,998.41
LINE00000140,ORD0000046,2,PROD00247,1,453.65,0.0,453.65
LINE00000141,ORD0000047,1,PROD00475,5,1011.15,1011.15,4044.6
LINE00000142,ORD0000048,1,PROD00149,1,835.05,0.0,835.05
LINE00000143,ORD0000048,2,PROD00036,5,748.73,0.0,3743.65
LINE00000144,ORD0000048,3,PROD00179,1,516.7,0.0,516.7
LINE00000145,ORD0000048,4,PROD00455,4,1015.82,0.0,4063.28
LINE00000146,ORD0000049,1,PROD00050,5,447.77,0.0,2238.85
LINE00000147,ORD0000049,2,PROD00163,6,768.82,922.58,3690.34
LINE00000148,ORD0000049,3,PROD00003,3,975.07,0.0,2925.21
LINE00000149,ORD0000049,4,PROD00380,1,420.01,84.0,336.01
LINE00000150,ORD0000049,5,PROD00239,3,260.34,156.2,624.82
LINE00000151,ORD0000050,1,PROD00429,1,845.98,42.3,803.68
LINE00000152,ORD0000050,2,PROD00124,5,36.97,18.48,166.37
LINE00000153,ORD0000050,3,PROD00190,3,635.13,381.08,1524.31
LINE00000154,ORD0000050,4,PROD00486,3,1183.31,709.99,2839.94
LINE00000155,ORD0000050,5,PROD00135,2,515.45,0.0,1030.9
LINE00000156,ORD0000051,1,PROD00230,4,450.8,180.32,1622.88
LINE00000157,ORD0000051,2,PROD00248,5,680.36,680.36,2721.44
LINE00000158,ORD0000051,3,PROD00150,3,163.92,98.35,393.41
LINE00000159,ORD0000051,4,PROD00030,2,760.3,304.12,1216.48
LINE00000160,ORD0000051,5,PROD00110,6,923.54,0.0,5541.24
LINE00000161,ORD0000052,1,PROD00168,5,205.25,51.31,974.94
LINE00000162,ORD0000052,2,PROD00254,4,620.58,248.23,2234.09
LINE00000163,ORD0000052,3,PROD00414,6,635.96,0.0,3815.76
LINE00000164,ORD0000052,4,PROD00268,6,1068.35,320.5,6089.6
LINE00000165,ORD0000053,1,PROD00120,4,1112.06,0.0,4448.24
LINE00000166,ORD0000053,2,PROD00171,1,912.45,0.0,912.45
LINE00000167,ORD0000053,3,PROD00494,5,11.82,2.96,56.14
LINE00000168,ORD0000053,4,PROD00134,4,629.31,251.72,2265.52
LINE00000169,ORD0000054,1,PROD00463,1,133.49,13.35,120.14
LINE00000170,ORD0000054,2,PROD00412,2,816.79,0.0,1633.58
LINE00000171,ORD0000054,3,PROD00331,3,498.21,0.0,1494.63
LINE00000172,ORD0000055,1,PROD00173,5,714.13,178.53,3392.12
LINE00000173,ORD0000055,2,PROD00011,2,263.55,0.0,527.1
LINE00000174,ORD0000055,3,PROD00408,1,870.01,174.0,696.01
LINE00000175,ORD0000055,4,PROD00445,5,1153.8,0.0,5769.0
LINE00000176,ORD0000055,5,PROD00163,5,770.55,0.0,3852.75
LINE00000177,ORD0000056,1,PROD00232,5,1017.47,0.0,5087.35
LINE00000178,ORD0000057,1,PROD00022,3,248.67,0.0,746.01
LINE00000179,ORD0000058,1,PROD00114,6,298.59,0.0,1791.54
LINE00000180,ORD0000058,2,PROD00148,6,759.29,0.0,4555.74
LINE00000181,ORD0000058,3,PROD00405,3,969.36,0.0,2908.08
LINE00000182,ORD0000058,4,PROD00081,1,748.02,37.4,710.62
LINE00000183,ORD0000058,5,PROD00148,6,679.45,815.34,3261.36
LINE00000184,ORD0000059,1,PROD00253,6,73.52,22.06,419.06
LINE00000185,ORD0000060,1,PROD00291,5,1143.79,285.95,5433.0
LINE00000186,ORD0000060,2,PROD00374,6,270.45,324.54,1298.16
LINE00000187,ORD0000060,3,PROD00137,6,631.55,378.93,3410.37
LINE00000188,ORD0000061,1,PROD00040,1,1152.54,57.63,1094.91
LINE00000189,ORD0000062,1,PROD00249,1,901.75,180.35,721.4
LINE00000190,ORD0000062,2,PROD00271,1,744.84,0.0,744.84
LINE00000191,ORD0000063,1,PROD00030,4,1001.04,400.42,3603.74
LINE00000192,ORD0000063,2,PROD00120,5,560.99,560.99,2243.96
LINE00000193,ORD0000063,3,PROD00055,4,263.29,210.63,842.53
LINE00000194,ORD0000064,1,PROD00177,5,954.61,238.65,4534.4
LINE00000195,ORD0000064,2,PROD00212,5,207.42,0.0,1037.1
LINE00000196,ORD0000064,3,PROD00497,1,105.78,0.0,105.78
LINE00000197,ORD0000064,4,PROD00418,4,766.53,613.22,2452.9
LINE00000198,ORD0000065,1,PROD00305,4,354.01,0.0,1416.04
LINE00000199,ORD0000065,2,PROD00263,6,557.03,0.0,3342.18
LINE00000200,ORD0000065,3,PROD00346,2,163.06,65.22,260.9
LINE00000201,ORD0000065,4,PROD00381,6,940.08,282.02,5358.46
LINE00000202,ORD0000066,1,PROD00002,5,15.38,0.0,76.9
LINE00000203,ORD0000067,1,PROD00021,3,944.8,141.72,2692.68
LINE00000204,ORD0000067,2,PROD00052,1,602.05,0.0,602.05
LINE00000205,ORD0000067,3,PROD00068,1,1103.46,0.0,1103.46
LINE00000206,ORD0000067,4,PROD00203,6,144.48,173.38,693.5
LINE00000207,ORD0000067,5,PROD00022,5,995.38,497.69,4479.21
LINE00000208,ORD0000068,1,PROD00063,1,1014.62,0.0,1014.62
LINE00000209,ORD0000068,2,PROD00466,1,914.84,91.48,823.36
LINE00000210,ORD0000068,3,PROD00101,1,882.06,88.21,793.85
LINE00000211,ORD0000069,1,PROD00401,6,707.69,0.0,4246.14
LINE00000212,ORD0000069,2,PROD00316,4,1099.49,219.9,4178.06
LINE00000213,ORD0000069,3,PROD00021,5,1081.69,0.0,5408.45
LINE00000214,ORD0000070,1,PROD00042,3,738.58,0.0,2215.74
LINE00000215,ORD0000071,1,PROD00077,2,1003.96,200.79,1807.13
LINE00000216,ORD0000071,2,PROD00291,6,186.41,0.0,1118.46
LINE00000217,ORD0000071,3,PROD00467,4,312.46,0.0,1249.84
LINE00000218,ORD0000071,4,PROD00324,5,1124.59,562.29,5060.66
LINE00000219,ORD0000072,1,PROD00056,1,522.0,0.0,522.0
LINE00000220,ORD0000072,2,PROD00011,1,1078.4,53.92,1024.48
LINE00000221,ORD0000072,3,PROD00438,2,976.23,0.0,1952.46
LINE00000222,ORD0000072,4,PROD00200,3,945.1,283.53,2551.77
LINE00000223,ORD0000073,1,PROD00362,3,48.06,0.0,144.18
LINE00000224,ORD0000073,2,PROD00462,3,1108.64,0.0,3325.92
LINE00000225,ORD0000073,3,PROD00340,6,104.94,62.96,566.68
LINE00000226,ORD0000074,1,PROD00326,3,1001.43,0.0,3004.29
LINE00000227,ORD0000074,2,PROD00239,5,65.23,65.23,260.92
LINE00000228,ORD0000075,1,PROD00002,5,1005.36,0.0,5026.8
LINE00000229,ORD0000075,2,PROD00334,2,356.81,0.0,713.62
LINE00000230,ORD0000075,3,PROD00495,2,505.62,0.0,1011.24
LINE00000231,ORD0000076,1,PROD00238,2,276.44,110.58,442.3
LINE00000232,ORD0000076,2,PROD00227,6,387.81,232.69,2094.17
LINE00000233,ORD0000076,3,PROD00493,4,1131.91,905.53,3622.11
LINE00000234,ORD0000077,1,PROD00206,2,7.85,0.0,15.7
LINE00000235,ORD0000077,2,PROD00411,1,829.8,82.98,746.82
LINE00000236,ORD0000078,1,PROD00213,1,285.95,28.59,257.36
LINE00000237,ORD0000078,2,PROD00403,4,513.25,410.6,1642.4
LINE00000238,ORD0000079,1,PROD00092,3,372.13,0.0,1116.39
LINE00000239,ORD0000079,2,PROD00006,5,895.94,447.97,4031.73
LINE00000240,ORD0000079,3,PROD00032,4,1094.86,437.94,3941.5
LINE00000241,ORD0000079,4,PROD00314,1,1105.8,0.0,1105.8
LINE00000242,ORD0000080,1,PROD00469,2,42.39,8.48,76.3
LINE00000243,ORD0000080,2,PROD00388,4,503.82,100.76,1914.52
LINE00000244,ORD0000080,3,PROD00017,4,213.69,42.74,812.02
LINE00000245,ORD0000080,4,PROD00312,6,192.21,230.65,922.61
LINE00000246,ORD0000081,1,PROD00307,6,377.7,226.62,2039.58
LINE00000247,ORD0000081,2,PROD00022,1,1088.78,217.76,871.02
LINE00000248,ORD0000081,3,PROD00063,3,951.45,142.72,2711.63
LINE00000249,ORD0000081,4,PROD00168,4,360.88,144.35,1299.17
LINE00000250,ORD0000082,1,PROD00376,3,767.35,0.0,2302.05
LINE00000251,ORD0000082,2,PROD00240,3,1091.6,0.0,3274.8
LINE00000252,ORD0000082,3,PROD00126,4,861.77,0.0,3447.08
LINE00000253,ORD0000083,1,PROD00086,1,416.76,0.0,416.76
LINE00000254,ORD0000083,2,PROD00109,4,604.87,241.95,2177.53
LINE00000255,ORD0000083,3,PROD00466,6,1011.58,606.95,5462.53
LINE00000256,ORD0000083,4,PROD00480,4,924.85,0.0,3699.4
LINE00000257,ORD0000084,1,PROD00492,4,922.18,184.44,3504.28
LINE00000258,ORD0000084,2,PROD00274,3,312.19,187.31,749.26
LINE00000259,ORD0000085,1,PROD00394,2,602.05,0.0,1204.1
LINE00000260,ORD0000085,2,PROD00220,5,925.68,0.0,4628.4
LINE00000261,ORD0000085,3,PROD00141,6,369.9,443.88,1775.52
LINE00000262,ORD0000086,1,PROD00369,2,1071.22,0.0,2142.44
LINE00000263,ORD0000087,1,PROD00120,2,773.62,0.0,1547.24
LINE00000264,ORD0000088,1,PROD00151,4,395.0,158.0,1422.0
LINE00000265,ORD0000088,2,PROD00284,3,1079.45,0.0,3238.35
LINE00000266,ORD0000088,3,PROD00070,5,210.78,0.0,1053.9
LINE00000267,ORD0000088,4,PROD00371,2,370.26,0.0,740.52
LINE00000268,ORD0000089,1,PROD00264,2,422.19,42.22,802.16
LINE00000269,ORD0000089,2,PROD00307,2,1183.09,236.62,2129.56
LINE00000270,ORD0000090,1,PROD00189,3,925.59,555.35,2221.42
LINE00000271,ORD0000090,2,PROD00077,3,727.73,436.64,1746.55
LINE00000272,ORD0000090,3,PROD00431,6,11.33,0.0,67.98
LINE00000273,ORD0000090,4,PROD00058,6,739.62,0.0,4437.72
LINE00000274,ORD0000091,1,PROD00328,2,972.32,97.23,1847.41
LINE00000275,ORD0000091,2,PROD00040,4,92.5,37.0,333.0
LINE00000276,ORD0000092,1,PROD00051,6,551.03,0.0,3306.18
LINE00000277,ORD0000092,2,PROD00474,3,1052.59,0.0,3157.77
LINE00000278,ORD0000092,3,PROD00056,1,430.58,43.06,387.52
LINE00000279,ORD0000093,1,PROD00125,2,258.18,0.0,516.36
LINE00000280,ORD0000093,2,PROD00038,5,331.63,165.82,1492.33
LINE00000281,ORD0000093,3,PROD00449,1,433.04,21.65,411.39
LINE00000282,ORD0000093,4,PROD00020,6,1103.75,0.0,6622.5
LINE00000283,ORD0000094,1,PROD00230,1,454.77,45.48,409.29
LINE00000284,ORD0000094,2,PROD00455,6,440.33,0.0,2641.98
LINE00000285,ORD0000094,3,PROD00386,4,985.23,394.09,3546.83
LINE00000286,ORD0000094,4,PROD00033,2,149.32,0.0,298.64
LINE00000287,ORD0000094,5,PROD00286,1,788.37,78.84,709.53
LINE00000288,ORD0000095,1,PROD00438,1,41.36,4.14,37.22
LINE00000289,ORD0000096,1,PROD00072,3,269.05,0.0,807.15
LINE00000290,ORD0000096,2,PROD00385,4,588.31,0.0,2353.24
LINE00000291,ORD0000096,3,PROD00204,1,814.42,0.0,814.42
LINE00000292,ORD0000097,1,PROD00212,3,179.51,107.71,430.82
LINE00000293,ORD0000097,2,PROD00428,6,230.49,0.0,1382.94
LINE00000294,ORD0000097,3,PROD00443,6,633.74,190.12,3612.32
LINE00000295,ORD0000097,4,PROD00415,2,1121.42,112.14,2130.7
LINE00000296,ORD0000097,5,PROD00356,4,503.53,0.0,2014.12
LINE00000297,ORD0000098,1,PROD00383,1,374.73,0.0,374.73
LINE00000298,ORD0000099,1,PROD00258,4,410.95,164.38,1479.42
LINE00000299,ORD0000100,1,PROD00436,1,335.2,0.0,335.2
LINE00000300,ORD0000100,2,PROD00069,2,521.09,0.0,1042.18
LINE00000301,ORD0000100,3,PROD00344,5,268.79,67.2,1276.75
LINE00000302,ORD0000100,4,PROD00145,3,877.99,0.0,2633.97
LINE00000303,ORD0000101,1,PROD00260,5,881.77,881.77,3527.08
LINE00000304,ORD0000101,2,PROD00154,6,80.57,24.17,459.25
LINE00000305,ORD0000102,1,PROD00427,6,650.56,390.34,3513.02
LINE00000306,ORD0000102,2,PROD00183,3,1090.39,0.0,3271.17
LINE00000307,ORD0000103,1,PROD00127,3,789.69,0.0,2369.07
LINE00000308,ORD0000103,2,PROD00251,5,949.64,0.0,4748.2
LINE00000309,ORD0000103,3,PROD00486,3,164.63,49.39,444.5
LINE00000310,ORD0000103,4,PROD00334,5,583.77,0.0,2918.85
LINE00000311,ORD0000103,5,PROD00235,3,403.81,121.14,1090.29
LINE00000312,ORD0000104,1,PROD00092,5,1131.42,565.71,5091.39
LINE00000313,ORD0000104,2,PROD00175,2,1111.29,0.0,2222.58
LINE00000314,ORD0000104,3,PROD00373,3,831.86,0.0,2495.58
LINE00000315,ORD0000104,4,PROD00063,6,1125.62,0.0,6753.72
LINE00000316,ORD0000104,5,PROD00326,1,16.26,0.0,16.26
LINE00000317,ORD0000105,1,PROD00390,5,482.35,0.0,2411.75
LINE00000318,ORD0000105,2,PROD00410,4,537.4,0.0,2149.6
LINE00000319,ORD0000105,3,PROD00379,3,449.26,134.78,1213.0
LINE00000320,ORD0000105,4,PROD00226,6,42.46,0.0,254.76
LINE00000321,ORD0000105,5,PROD00197,6,745.84,223.75,4251.29
LINE00000322,ORD0000106,1,PROD00435,6,520.18,0.0,3121.08
LINE00000323,ORD0000106,2,PROD00411,2,288.11,0.0,576.22
LINE00000324,ORD0000107,1,PROD00382,6,1002.87,0.0,6017.22
LINE00000325,ORD0000107,2,PROD00336,6,756.46,0.0,4538.76
LINE00000326,ORD0000108,1,PROD00305,6,424.74,0.0,2548.44
LINE00000327,ORD0000108,2,PROD00444,3,1033.48,0.0,3100.44
LINE00000328,ORD0000108,3,PROD00106,6,446.23,535.48,2141.9
LINE00000329,ORD0000109,1,PROD00055,4,803.49,0.0,3213.96
LINE00000330,ORD0000109,2,PROD00160,2,981.48,0.0,1962.96
LINE00000331,ORD0000109,3,PROD00414,3,639.35,95.9,1822.15
LINE00000332,ORD0000109,4,PROD00378,1,152.0,0.0,152.0
LINE00000333,ORD0000110,1,PROD00252,1,536.67,0.0,536.67
LINE00000334,ORD0000111,1,PROD00101,6,251.46,150.88,1357.88
LINE00000335,ORD0000111,2,PROD00427,4,174.77,0.0,699.08
LINE00000336,ORD0000112,1,PROD00045,6,215.75,0.0,1294.5
LINE00000337,ORD0000112,2,PROD00160,3,517.34,0.0,1552.02
LINE00000338,ORD0000112,3,PROD00244,2,666.07,133.21,1198.93
LINE00000339,ORD0000112,4,PROD00119,1,551.84,0.0,551.84
LINE00000340,ORD0000112,5,PROD00111,3,1141.35,342.4,3081.65
LINE00000341,ORD0000113,1,PROD00300,6,804.51,965.41,3861.65
LINE00000342,ORD0000113,2,PROD00402,1,1096.02,0.0,1096.02
LINE00000343,ORD0000113,3,PROD00170,3,648.53,0.0,1945.59
LINE00000344,ORD0000114,1,PROD00110,2,867.29,86.73,1647.85
LINE00000345,ORD0000114,2,PROD00102,5,512.31,0.0,2561.55
LINE00000346,ORD0000114,3,PROD00221,6,935.6,0.0,5613.6
LINE00000347,ORD0000114,4,PROD00330,1,921.86,0.0,921.86
LINE00000348,ORD0000115,1,PROD00216,5,173.73,86.87,781.78
LINE00000349,ORD0000115,2,PROD00361,6,642.57,771.08,3084.34
LINE00000350,ORD0000115,3,PROD00342,4,672.23,0.0,2688.92
LINE00000351,ORD0000115,4,PROD00053,6,569.18,0.0,3415.08
LINE00000352,ORD0000115,5,PROD00226,3,270.57,162.34,649.37
LINE00000353,ORD0000116,1,PROD00441,1,833.14,41.66,791.48
LINE00000354,ORD0000116,2,PROD00424,6,1134.09,0.0,6804.54
LINE00000355,ORD0000117,1,PROD00351,4,741.07,0.0,2964.28
LINE00000356,ORD0000117,2,PROD00280,6,158.48,190.18,760.7
LINE00000357,ORD0000117,3,PROD00203,3,1159.14,695.48,2781.94
LINE00000358,ORD0000117,4,PROD00150,5,398.91,0.0,1994.55
LINE00000359,ORD0000118,1,PROD00122,4,346.33,138.53,1246.79
LINE00000360,ORD0000119,1,PROD00045,1,920.2,0.0,920.2
LINE00000361,ORD0000119,2,PROD00363,3,460.92,276.55,1106.21
LINE00000362,ORD0000120,1,PROD00088,3,378.05,0.0,1134.15
LINE00000363,ORD0000120,2,PROD00051,4,899.48,0.0,3597.92
LINE00000364,ORD0000120,3,PROD00355,5,54.34,54.34,217.36
LINE00000365,ORD0000120,4,PROD00126,6,943.03,1131.64,4526.54
LINE00000366,ORD0000120,5,PROD00351,4,303.54,0.0,1214.16
LINE00000367,ORD0000121,1,PROD00444,6,151.27,0.0,907.62
LINE00000368,ORD0000121,2,PROD00046,2,177.81,71.12,284.5
LINE00000369,ORD0000121,3,PROD00048,4,983.89,196.78,3738.78
LINE00000370,ORD0000122,1,PROD00377,6,1074.55,322.37,6124.93
LINE00000371,ORD0000122,2,PROD00489,2,960.41,192.08,1728.74
LINE00000372,ORD0000123,1,PROD00262,1,779.34,0.0,779.34
LINE00000373,ORD0000123,2,PROD00158,3,819.53,0.0,2458.59
LINE00000374,ORD0000123,3,PROD00331,2,40.44,4.04,76.84
LINE00000375,ORD0000123,4,PROD00391,3,940.16,564.1,2256.38
LINE00000376,ORD0000124,1,PROD00063,6,588.94,0.0,3533.64
LINE00000377,ORD0000124,2,PROD00421,6,1066.93,320.08,6081.5
LINE00000378,ORD0000124,3,PROD00445,6,990.93,0.0,5945.58
LINE00000379,ORD0000124,4,PROD00206,1,604.2,0.0,604.2
LINE00000380,ORD0000125,1,PROD00114,2,910.53,0.0,1821.06
LINE00000381,ORD0000125,2,PROD00021,2,848.42,0.0,1696.84
LINE00000382,ORD0000126,1,PROD00353,4,882.84,176.57,3354.79
LINE00000383,ORD0000126,2,PROD00448,5,977.29,244.32,4642.13
LINE00000384,ORD0000126,3,PROD00096,1,546.59,0.0,546.59
LINE00000385,ORD0000127,1,PROD00219,1,550.5,27.53,522.97
LINE00000386,ORD0000127,2,PROD00295,4,58.31,11.66,221.58
LINE00000387,ORD0000127,3,PROD00264,6,810.17,0.0,4861.02
LINE00000388,ORD0000128,1,PROD00486,6,181.84,0.0,1091.04
LINE00000389,ORD0000128,2,PROD00210,1,507.93,50.79,457.14
LINE00000390,ORD0000128,3,PROD00108,3,418.64,251.18,1004.74
LINE00000391,ORD0000129,1,PROD00255,4,917.08,0.0,3668.32
LINE00000392,ORD0000129,2,PROD00364,3,1039.45,623.67,2494.68
LINE00000393,ORD0000130,1,PROD00008,1,220.86,0.0,220.86
LINE00000394,ORD0000130,2,PROD00101,6,904.31,0.0,5425.86
LINE00000395,ORD0000130,3,PROD00264,5,525.96,0.0,2629.8
LINE00000396,ORD0000131,1,PROD00026,3,701.77,105.27,2000.04
LINE00000397,ORD0000131,2,PROD00283,1,11.39,0.0,11.39
LINE00000398,ORD0000132,1,PROD00055,1,1082.5,54.12,1028.38
LINE00000399,ORD0000132,2,PROD00455,4,760.45,304.18,2737.62
LINE00000400,ORD0000133,1,PROD00347,1,712.94,142.59,570.35
LINE00000401,ORD0000133,2,PROD00245,5,759.53,0.0,3797.65
LINE00000402,ORD0000133,3,PROD00304,1,681.83,68.18,613.65
LINE00000403,ORD0000133,4,PROD00431,5,969.11,484.56,4360.99
LINE00000404,ORD0000133,5,PROD00245,1,1144.54,114.45,1030.09
LINE00000405,ORD0000134,1,PROD00002,2,120.11,0.0,240.22
LINE00000406,ORD0000134,2,PROD00239,1,1017.96,0.0,1017.96
LINE00000407,ORD0000134,3,PROD00382,6,437.64,131.29,2494.55
LINE00000408,ORD0000134,4,PROD00495,1,127.54,0.0,127.54
LINE00000409,ORD0000134,5,PROD00351,5,520.09,130.02,2470.43
LINE00000410,ORD0000135,1,PROD00068,6,154.52,46.36,880.76
LINE00000411,ORD0000135,2,PROD00171,3,718.54,0.0,2155.62
LINE00000412,ORD0000135,3,PROD00116,2,824.92,164.98,1484.86
LINE00000413,ORD0000136,1,PROD00447,5,133.29,33.32,633.13
LINE00000414,ORD0000136,2,PROD00042,4,407.71,326.17,1304.67
LINE00000415,ORD0000137,1,PROD00043,4,245.09,0.0,980.36
LINE00000416,ORD0000137,2,PROD00462,5,922.46,230.62,4381.68
LINE00000417,ORD0000137,3,PROD00123,3,685.38,0.0,2056.14
LINE00000418,ORD0000137,4,PROD00251,3,169.46,101.68,406.7
LINE00000419,ORD0000138,1,PROD00176,2,941.19,0.0,1882.38
LINE00000420,ORD0000138,2,PROD00217,5,300.21,75.05,1426.0
LINE00000421,ORD0000138,3,PROD00442,6,447.02,0.0,2682.12
LINE00000422,ORD0000138,4,PROD00224,5,1054.39,0.0,5271.95
LINE00000423,ORD0000139,1,PROD00197,6,929.91,0.0,5579.46
LINE00000424,ORD0000139,2,PROD00087,2,717.39,71.74,1363.04
LINE00000425,ORD0000139,3,PROD00129,4,119.29,0.0,477.16
LINE00000426,ORD0000139,4,PROD00089,5,833.41,208.35,3958.7
LINE00000427,ORD0000140,1,PROD00148,1,1042.8,0.0,1042.8
LINE00000428,ORD0000140,2,PROD00013,1,284.96,0.0,284.96
LINE00000429,ORD0000140,3,PROD00007,2,246.01,24.6,467.42
LINE00000430,ORD0000140,4,PROD00213,6,570.7,342.42,3081.78
LINE00000431,ORD0000140,5,PROD00167,6,1153.64,346.09,6575.75
LINE00000432,ORD0000141,1,PROD00220,3,776.64,0.0,2329.92
LINE00000433,ORD0000141,2,PROD00130,6,381.79,458.15,1832.59
LINE00000434,ORD0000141,3,PROD00434,5,175.18,87.59,788.31
LINE00000435,ORD0000141,4,PROD00338,4,265.12,106.05,954.43
LINE00000436,ORD0000142,1,PROD00464,1,910.98,0.0,910.98
LINE00000437,ORD0000142,2,PROD00491,3,614.57,92.19,1751.52
LINE00000438,ORD0000143,1,PROD00030,3,986.59,0.0,2959.77
LINE00000439,ORD0000143,2,PROD00034,2,924.59,0.0,1849.18
LINE00000440,ORD0000143,3,PROD00195,2,375.86,150.34,601.38
LINE00000441,ORD0000143,4,PROD00340,3,69.39,41.63,166.54
LINE00000442,ORD0000144,1,PROD00289,3,833.5,250.05,2250.45
LINE00000443,ORD0000144,2,PROD00280,4,829.23,0.0,3316.92
LINE00000444,ORD0000144,3,PROD00246,4,948.1,0.0,3792.4
LINE00000445,ORD0000144,4,PROD00045,4,98.46,0.0,393.84
LINE00000446,ORD0000145,1,PROD00411,3,894.4,536.64,2146.56
LINE00000447,ORD0000145,2,PROD00128,5,1003.83,1003.83,4015.32
LINE00000448,ORD0000146,1,PROD00398,1,35.49,0.0,35.49
LINE00000449,ORD0000146,2,PROD00313,4,993.28,0.0,3973.12
LINE00000450,ORD0000146,3,PROD00484,6,871.31,522.79,4705.07
LINE00000451,ORD0000147,1,PROD00216,4,1007.45,0.0,4029.8
LINE00000452,ORD0000147,2,PROD00449,2,1139.35,0.0,2278.7
LINE00000453,ORD0000147,3,PROD00026,4,982.5,786.0,3144.0
LINE00000454,ORD0000147,4,PROD00110,2,1070.9,0.0,2141.8
LINE00000455,ORD0000148,1,PROD00233,4,1026.68,205.34,3901.38
LINE00000456,ORD0000148,2,PROD00018,3,377.12,0.0,1131.36
LINE00000457,ORD0000148,3,PROD00287,6,1075.71,1290.85,5163.41
LINE00000458,ORD0000148,4,PROD00462,3,247.55,37.13,705.52
LINE00000459,ORD0000149,1,PROD00267,6,927.62,0.0,5565.72
LINE00000460,ORD0000150,1,PROD00112,6,70.69,0.0,424.14
LINE00000461,ORD0000150,2,PROD00019,6,1100.95,0.0,6605.7
LINE00000462,ORD0000151,1,PROD00387,6,298.38,358.06,1432.22
LINE00000463,ORD0000151,2,PROD00351,5,223.9,223.9,895.6
LINE00000464,ORD0000151,3,PROD00102,1,1103.81,55.19,1048.62
LINE00000465,ORD0000151,4,PROD00418,6,877.22,0.0,5263.32
LINE00000466,ORD0000151,5,PROD00006,1,257.34,51.47,205.87
LINE00000467,ORD0000152,1,PROD00360,4,476.51,95.3,1810.74
LINE00000468,ORD0000152,2,PROD00478,3,120.25,36.08,324.67
LINE00000469,ORD0000152,3,PROD00256,3,572.49,171.75,1545.72
LINE00000470,ORD0000152,4,PROD00240,6,1087.63,652.58,5873.2
LINE00000471,ORD0000153,1,PROD00180,5,616.83,0.0,3084.15
LINE00000472,ORD0000153,2,PROD00252,5,752.74,752.74,3010.96
LINE00000473,ORD0000153,3,PROD00239,5,880.29,0.0,4401.45
LINE00000474,ORD0000153,4,PROD00051,6,699.26,0.0,4195.56
LINE00000475,ORD0000153,5,PROD00235,3,1049.19,0.0,3147.57
LINE00000476,ORD0000154,1,PROD00445,3,503.0,301.8,1207.2
LINE00000477,ORD0000154,2,PROD00302,5,69.72,17.43,331.17
LINE00000478,ORD0000154,3,PROD00410,6,1089.94,0.0,6539.64
LINE00000479,ORD0000154,4,PROD00412,2,768.15,153.63,1382.67
LINE00000480,ORD0000154,5,PROD00441,3,120.24,36.07,324.65
LINE00000481,ORD0000155,1,PROD00265,2,915.5,366.2,1464.8
LINE00000482,ORD0000155,2,PROD00278,4,474.02,94.8,1801.28
LINE00000483,ORD0000156,1,PROD00010,5,632.56,0.0,3162.8
LINE00000484,ORD0000156,2,PROD00481,1,278.63,13.93,264.7
LINE00000485,ORD0000156,3,PROD00026,3,77.26,0.0,231.78
LINE00000486,ORD0000156,4,PROD00049,3,1099.46,0.0,3298.38
LINE00000487,ORD0000156,5,PROD00021,1,330.73,0.0,330.73
LINE00000488,ORD0000157,1,PROD00413,4,451.83,0.0,1807.32
LINE00000489,ORD0000157,2,PROD00430,2,263.12,0.0,526.24
LINE00000490,ORD0000157,3,PROD00244,5,342.27,0.0,1711.35
LINE00000491,ORD0000157,4,PROD00323,4,68.39,54.71,218.85
LINE00000492,ORD0000158,1,PROD00016,4,1036.14,0.0,4144.56
LINE00000493,ORD0000158,2,PROD00349,5,328.22,328.22,1312.88
LINE00000494,ORD0000158,3,PROD00303,5,201.68,201.68,806.72
LINE00000495,ORD0000158,4,PROD00106,4,69.22,0.0,276.88
LINE00000496,ORD0000158,5,PROD00228,5,1148.51,574.25,5168.3
LINE00000497,ORD0000159,1,PROD00230,1,176.46,17.65,158.81
LINE00000498,ORD0000159,2,PROD00059,4,591.64,0.0,2366.56
LINE00000499,ORD0000159,3,PROD00172,-3,1128.34,-0.0,-3385.02
LINE00000500,ORD0000159,4,PROD00385,3,759.07,113.86,2163.35
LINE00000501,ORD0000160,1,PROD00177,3,866.9,0.0,2600.7
LINE00000502,ORD0000161,1,PROD00098,6,1099.78,1319.74,5278.94
LINE00000503,ORD0000161,2,PROD00422,6,1055.88,633.53,5701.75
LINE00000504,ORD0000162,1,PROD00126,5,857.3,0.0,4286.5
LINE00000505,ORD0000162,2,PROD00017,1,218.01,0.0,218.01
LINE00000506,ORD0000162,3,PROD00473,5,920.33,460.17,4141.48
LINE00000507,ORD0000162,4,PROD00445,1,377.62,0.0,377.62
LINE00000508,ORD0000162,5,PROD00231,2,339.2,135.68,542.72
LINE00000509,ORD0000163,1,PROD00094,2,488.32,0.0,976.64
LINE00000510,ORD0000164,1,PROD00040,4,868.79,0.0,3475.16
LINE00000511,ORD0000164,2,PROD00077,2,362.23,144.89,579.57
LINE00000512,ORD0000165,1,PROD00226,1,354.36,70.87,283.49
LINE00000513,ORD0000165,2,PROD00461,1,963.24,96.32,866.92
LINE00000514,ORD0000165,3,PROD00084,4,1045.99,209.2,3974.76
LINE00000515,ORD0000166,1,PROD00311,4,941.48,188.3,3577.62
LINE00000516,ORD0000167,1,PROD00313,6,173.63,208.36,833.42
LINE00000517,ORD0000167,2,PROD00254,2,122.76,0.0,245.52
LINE00000518,ORD0000167,3,PROD00278,2,597.4,0.0,1194.8
LINE00000519,ORD0000168,1,PROD00463,1,851.7,0.0,851.7
LINE00000520,ORD0000168,2,PROD00375,4,921.12,0.0,3684.48
LINE00000521,ORD0000169,1,PROD00042,6,683.08,0.0,4098.48
LINE00000522,ORD0000169,2,PROD00031,2,176.81,70.72,282.9
LINE00000523,ORD0000169,3,PROD00301,6,1040.29,0.0,6241.74
LINE00000524,ORD0000169,4,PROD00461,4,980.68,392.27,3530.45
LINE00000525,ORD0000170,1,PROD00164,6,774.43,929.32,3717.26
LINE00000526,ORD0000170,2,PROD00088,1,734.34,36.72,697.62
LINE00000527,ORD0000170,3,PROD00248,4,114.83,0.0,459.32
LINE00000528,ORD0000170,4,PROD00475,1,1186.95,0.0,1186.95
LINE00000529,ORD0000171,1,PROD00224,6,523.02,313.81,2824.31
LINE00000530,ORD0000171,2,PROD00227,2,1003.89,0.0,2007.78
LINE00000531,ORD0000171,3,PROD00237,5,449.58,112.4,2135.5
LINE00000532,ORD0000171,4,PROD00063,1,812.93,40.65,772.28
LINE00000533,ORD0000171,5,PROD00293,2,83.67,16.73,150.61
LINE00000534,ORD0000172,1,PROD00404,6,788.6,473.16,4258.44
LINE00000535,ORD0000172,2,PROD00381,1,593.72,118.74,474.98
LINE00000536,ORD0000173,1,PROD00327,1,800.7,40.04,760.66
LINE00000537,ORD0000173,2,PROD00332,1,6.73,0.0,6.73
LINE00000538,ORD0000173,3,PROD00397,4,695.02,139.0,2641.08
LINE00000539,ORD0000173,4,PROD00173,2,885.19,0.0,1770.38
LINE00000540,ORD0000174,1,PROD00486,4,609.4,0.0,2437.6
LINE00000541,ORD0000174,2,PROD00113,2,5.09,0.0,10.18
LINE00000542,ORD0000175,1,PROD00387,5,598.89,598.89,2395.56
LINE00000543,ORD0000175,2,PROD00217,1,506.95,0.0,506.95
LINE00000544,ORD0000175,3,PROD00378,3,1001.03,0.0,3003.09
LINE00000545,ORD0000175,4,PROD00213,5,109.78,54.89,494.01
LINE00000546,ORD0000175,5,PROD00308,5,776.41,0.0,3882.05
LINE00000547,ORD0000176,1,PROD00364,4,837.86,335.14,3016.3
LINE00000548,ORD0000176,2,PROD00108,2,840.04,0.0,1680.08
LINE00000549,ORD0000176,3,PROD00194,6,699.66,0.0,4197.96
LINE00000550,ORD0000176,4,PROD00257,5,1031.48,257.87,4899.53
LINE00000551,ORD0000176,5,PROD00106,4,35.63,28.5,114.02
LINE00000552,ORD0000177,1,PROD00406,3,449.73,269.84,1079.35
LINE00000553,ORD0000177,2,PROD00168,4,639.9,0.0,2559.6
LINE00000554,ORD0000177,3,PROD00455,4,847.68,169.54,3221.18
LINE00000555,ORD0000177,4,PROD00074,3,261.16,78.35,705.13
LINE00000556,ORD0000178,1,PROD00106,6,1144.21,0.0,6865.26
LINE00000557,ORD0000178,2,PROD00114,1,1093.67,0.0,1093.67
LINE00000558,ORD0000178,3,PROD00236,2,184.36,0.0,368.72
LINE00000559,ORD0000179,1,PROD00084,1,314.13,0.0,314.13
LINE00000560,ORD0000179,2,PROD00355,4,474.92,0.0,1899.68
LINE00000561,ORD0000179,3,PROD00293,3,878.45,0.0,2635.35
LINE00000562,ORD0000180,1,PROD00332,3,446.99,268.19,1072.78
LINE00000563,ORD0000180,2,PROD00147,6,535.02,0.0,3210.12
LINE00000564,ORD0000180,3,PROD00217,5,185.08,46.27,879.13
LINE00000565,ORD0000181,1,PROD00252,2,970.5,0.0,1941.0
LINE00000566,ORD0000181,2,PROD00285,4,517.02,0.0,2068.08
LINE00000567,ORD0000182,1,PROD00247,6,1160.3,0.0,6961.8
LINE00000568,ORD0000182,2,PROD00131,1,77.73,0.0,77.73
LINE00000569,ORD0000183,1,PROD00271,5,928.17,928.17,3712.68
LINE00000570,ORD0000183,2,PROD00058,6,910.68,0.0,5464.08
LINE00000571,ORD0000183,3,PROD00123,6,554.49,332.69,2994.25
LINE00000572,ORD0000184,1,PROD00245,5,1006.34,503.17,4528.53
LINE00000573,ORD0000184,2,PROD00115,5,297.31,297.31,1189.24
LINE00000574,ORD0000184,3,PROD00259,5,920.13,0.0,4600.65
LINE00000575,ORD0000184,4,PROD00229,2,870.71,174.14,1567.28
LINE00000576,ORD0000184,5,PROD00283,4,666.93,0.0,2667.72
LINE00000577,ORD0000185,1,PROD00077,5,699.12,349.56,3146.04
LINE00000578,ORD0000185,2,PROD00108,3,617.71,92.66,1760.47
LINE00000579,ORD0000185,3,PROD00495,5,1045.31,261.33,4965.22
LINE00000580,ORD0000185,4,PROD00179,5,127.48,31.87,605.53
LINE00000581,ORD0000186,1,PROD00020,6,174.75,0.0,1048.5
LINE00000582,ORD0000186,2,PROD00309,4,970.88,776.7,3106.82
LINE00000583,ORD0000187,1,PROD00120,2,578.51,57.85,1099.17
LINE00000584,ORD0000187,2,PROD00059,6,760.0,0.0,4560.0
LINE00000585,ORD0000187,3,PROD00193,5,726.34,0.0,3631.7
LINE00000586,ORD0000187,4,PROD00207,5,310.5,155.25,1397.25
LINE00000587,ORD0000187,5,PROD00476,1,801.94,0.0,801.94
LINE00000588,ORD0000188,1,PROD00372,2,715.14,143.03,1287.25
LINE00000589,ORD0000188,2,PROD00238,3,73.73,11.06,210.13
LINE00000590,ORD0000188,3,PROD00210,2,1197.13,0.0,2394.26
LINE00000591,ORD0000189,1,PROD00231,2,643.85,0.0,1287.7
LINE00000592,ORD0000189,2,PROD00228,4,531.24,424.99,1699.97
LINE00000593,ORD0000189,3,PROD00344,5,1024.78,256.19,4867.71
LINE00000594,ORD0000189,4,PROD00247,6,278.56,167.14,1504.22
LINE00000595,ORD0000190,1,PROD00024,5,1195.07,597.53,5377.82
LINE00000596,ORD0000191,1,PROD00465,6,693.59,0.0,4161.54
LINE00000597,ORD0000191,2,PROD00459,4,604.15,241.66,2174.94
LINE00000598,ORD0000191,3,PROD00186,5,277.07,0.0,1385.35
LINE00000599,ORD0000192,1,PROD00343,6,585.66,0.0,3513.96
LINE00000600,ORD0000192,2,PROD00072,4,193.61,0.0,774.44
LINE00000601,ORD0000193,1,PROD00124,1,71.12,0.0,71.12
LINE00000602,ORD0000193,2,PROD00355,2,339.19,67.84,610.54
LINE00000603,ORD0000193,3,PROD00180,4,600.23,120.05,2280.87
LINE00000604,ORD0000193,4,PROD00400,1,636.14,0.0,636.14
LINE00000605,ORD0000194,1,PROD00387,1,738.86,36.94,701.92
LINE00000606,ORD0000194,2,PROD00298,4,101.87,0.0,407.48
LINE00000607,ORD0000194,3,PROD00484,3,30.62,0.0,91.86
LINE00000608,ORD0000194,4,PROD00136,3,1166.23,0.0,3498.69
LINE00000609,ORD0000194,5,PROD00307,4,486.53,0.0,1946.12
LINE00000610,ORD0000195,1,PROD00414,3,573.58,0.0,1720.74
LINE00000611,ORD0000195,2,PROD00166,4,794.32,317.73,2859.55
LINE00000612,ORD0000195,3,PROD00284,1,18.44,0.0,18.44
LINE00000613,ORD0000195,4,PROD00261,6,849.76,0.0,5098.56
LINE00000614,ORD0000195,5,PROD00269,6,855.9,0.0,5135.4
LINE00000615,ORD0000196,1,PROD00468,1,696.84,69.68,627.16
LINE00000616,ORD0000197,1,PROD00478,4,523.26,418.61,1674.43
LINE00000617,ORD0000197,2,PROD00500,6,684.29,821.15,3284.59
LINE00000618,ORD0000197,3,PROD00354,3,775.62,0.0,2326.86
LINE00000619,ORD0000197,4,PROD00447,1,1116.08,0.0,1116.08
LINE00000620,ORD0000197,5,PROD00258,3,741.53,0.0,2224.59
LINE00000621,ORD0000198,1,PROD00311,6,272.07,326.48,1305.94
LINE00000622,ORD0000198,2,PROD00429,4,452.78,0.0,1811.12
LINE00000623,ORD0000198,3,PROD00121,3,1141.82,0.0,3425.46
LINE00000624,ORD0000198,4,PROD00290,4,1009.85,403.94,3635.46
LINE00000625,ORD0000199,1,PROD00256,1,860.4,43.02,817.38
LINE00000626,ORD0000199,2,PROD00326,6,1102.07,661.24,5951.18
LINE00000627,ORD0000199,3,PROD00083,4,550.55,0.0,2202.2
LINE00000628,ORD0000199,4,PROD00446,2,838.67,0.0,1677.34
LINE00000629,ORD0000200,1,PROD00479,6,811.58,0.0,4869.48
LINE00000630,ORD0000200,2,PROD00006,2,288.15,0.0,576.3
LINE00000631,ORD0000200,3,PROD00236,2,598.65,0.0,1197.3
LINE00000632,ORD0000200,4,PROD00432,3,891.87,133.78,2541.83
LINE00000633,ORD0000201,1,PROD00224,5,567.09,567.09,2268.36
LINE00000634,ORD0000201,2,PROD00355,6,677.79,406.67,3660.07
LINE00000635,ORD0000201,3,PROD00130,1,1077.06,0.0,1077.06
LINE00000636,ORD0000201,4,PROD00194,3,292.18,87.65,788.89
LINE00000637,ORD0000202,1,PROD00265,6,16.67,5.0,95.02
LINE00000638,ORD0000202,2,PROD00255,1,190.16,0.0,190.16
LINE00000639,ORD0000202,3,PROD00013,3,1047.46,0.0,3142.38
LINE00000640,ORD0000202,4,PROD00351,4,736.18,294.47,2650.25
LINE00000641,ORD0000202,5,PROD00272,1,1141.36,0.0,1141.36
LINE00000642,ORD0000203,1,PROD00458,5,266.76,133.38,1200.42
LINE00000643,ORD0000203,2,PROD00444,6,192.35,0.0,1154.1
LINE00000644,ORD0000203,3,PROD00484,3,311.08,0.0,933.24
LINE00000645,ORD0000204,1,PROD00066,3,223.37,0.0,670.11
LINE00000646,ORD0000204,2,PROD00315,1,367.93,36.79,331.14
LINE00000647,ORD0000204,3,PROD00098,3,339.17,0.0,1017.51
LINE00000648,ORD0000204,4,PROD00295,5,963.03,481.51,4333.64
LINE00000649,ORD0000205,1,PROD00206,6,107.05,32.12,610.18
LINE00000650,ORD0000205,2,PROD00481,5,721.64,0.0,3608.2
LINE00000651,ORD0000205,3,PROD00163,1,289.97,0.0,289.97
LINE00000652,ORD0000206,1,PROD00247,5,395.94,0.0,1979.7
LINE00000653,ORD0000206,2,PROD00345,1,422.33,84.47,337.86
LINE00000654,ORD0000206,3,PROD00034,4,719.3,575.44,2301.76
LINE00000655,ORD0000206,4,PROD00211,1,1008.18,0.0,1008.18
LINE00000656,ORD0000207,1,PROD00266,6,943.4,0.0,5660.4
LINE00000657,ORD0000208,1,PROD00332,3,54.04,16.21,145.91
LINE00000658,ORD0000208,2,PROD00013,1,81.3,0.0,81.3
LINE00000659,ORD0000208,3,PROD00118,6,454.03,272.42,2451.76
LINE00000660,ORD0000208,4,PROD00161,5,178.59,0.0,892.95
LINE00000661,ORD0000209,1,PROD00299,5,531.76,265.88,2392.92
LINE00000662,ORD0000209,2,PROD00204,5,910.46,455.23,4097.07
LINE00000663,ORD0000210,1,PROD00004,5,693.66,0.0,3468.3
LINE00000664,ORD0000210,2,PROD00029,6,228.58,0.0,1371.48
LINE00000665,ORD0000211,1,PROD00025,2,94.29,0.0,188.58
LINE00000666,ORD0000211,2,PROD00287,3,463.07,0.0,1389.21
LINE00000667,ORD0000211,3,PROD00050,2,894.14,178.83,1609.45
LINE00000668,ORD0000212,1,PROD00360,6,493.03,0.0,2958.18
LINE00000669,ORD0000212,2,PROD00271,6,657.83,789.4,3157.58
LINE00000670,ORD0000213,1,PROD00480,4,394.51,157.8,1420.24
LINE00000671,ORD0000213,2,PROD00140,5,86.21,0.0,431.05
LINE00000672,ORD0000213,3,PROD00279,1,715.11,0.0,715.11
LINE00000673,ORD0000213,4,PROD00236,4,427.08,0.0,1708.32
LINE00000674,ORD0000213,5,PROD00464,1,748.54,0.0,748.54
LINE00000675,ORD0000214,1,PROD00352,6,1014.12,0.0,6084.72
LINE00000676,ORD0000214,2,PROD00157,3,307.92,46.19,877.57
LINE00000677,ORD0000214,3,PROD00205,5,568.95,0.0,2844.75
LINE00000678,ORD0000214,4,PROD00440,4,188.04,0.0,752.16
LINE00000679,ORD0000215,1,PROD00300,3,474.03,0.0,1422.09
LINE00000680,ORD0000216,1,PROD00185,3,753.25,0.0,2259.75
LINE00000681,ORD0000216,2,PROD00431,1,1031.58,0.0,1031.58
LINE00000682,ORD0000216,3,PROD00470,6,935.48,0.0,5612.88
LINE00000683,ORD0000217,1,PROD00192,1,503.37,100.67,402.7
LINE00000684,ORD0000217,2,PROD00434,4,522.15,0.0,2088.6
LINE00000685,ORD0000217,3,PROD00317,3,39.77,0.0,119.31
LINE00000686,ORD0000218,1,PROD00191,5,1023.82,1023.82,4095.28
LINE00000687,ORD0000219,1,PROD00457,4,399.15,159.66,1436.94
LINE00000688,ORD0000219,2,PROD00294,5,259.25,64.81,1231.44
LINE00000689,ORD0000219,3,PROD00050,6,1161.0,696.6,6269.4
LINE00000690,ORD0000219,4,PROD00116,5,373.52,0.0,1867.6
LINE00000691,ORD0000220,1,PROD00022,2,1052.23,210.45,1894.01
LINE00000692,ORD0000220,2,PROD00043,6,232.88,0.0,1397.28
LINE00000693,ORD0000220,3,PROD00375,6,949.94,569.96,5129.68
LINE00000694,ORD0000220,4,PROD00304,4,970.59,0.0,3882.36
LINE00000695,ORD0000221,1,PROD00465,1,170.01,8.5,161.51
LINE00000696,ORD0000222,1,PROD00096,4,90.14,0.0,360.56
LINE00000697,ORD0000222,2,PROD00087,3,812.31,0.0,2436.93
LINE00000698,ORD0000222,3,PROD00298,1,125.35,25.07,100.28
LINE00000699,ORD0000223,1,PROD00391,2,527.04,52.7,1001.38
LINE00000700,ORD0000224,1,PROD00324,2,584.53,0.0,1169.06
LINE00000701,ORD0000224,2,PROD00486,5,135.34,0.0,676.7
LINE00000702,ORD0000225,1,PROD00125,1,736.43,73.64,662.79
LINE00000703,ORD0000225,2,PROD00084,1,1196.06,0.0,1196.06
LINE00000704,ORD0000226,1,PROD00107,4,643.14,0.0,2572.56
LINE00000705,ORD0000226,2,PROD00378,3,466.12,0.0,1398.36
LINE00000706,ORD0000227,1,PROD00079,5,534.35,534.35,2137.4
LINE00000707,ORD0000227,2,PROD00494,3,503.13,75.47,1433.92
LINE00000708,ORD0000228,1,PROD00018,4,499.65,199.86,1798.74
LINE00000709,ORD0000228,2,PROD00472,6,791.78,0.0,4750.68
LINE00000710,ORD0000228,3,PROD00367,5,53.68,0.0,268.4
LINE00000711,ORD0000228,4,PROD00337,3,1089.37,326.81,2941.3
LINE00000712,ORD0000228,5,PROD00386,3,1105.29,663.17,2652.7
LINE00000713,ORD0000229,1,PROD00427,5,143.43,35.86,681.29
LINE00000714,ORD0000229,2,PROD00468,3,1038.86,0.0,3116.58
LINE00000715,ORD0000230,1,PROD00279,3,327.12,196.27,785.09
LINE00000716,ORD0000231,1,PROD00326,4,650.84,260.34,2343.02
LINE00000717,ORD0000231,2,PROD00318,1,1153.85,57.69,1096.16
LINE00000718,ORD0000231,3,PROD00475,6,961.25,576.75,5190.75
LINE00000719,ORD0000232,1,PROD00447,3,1056.5,316.95,2852.55
LINE00000720,ORD0000233,1,PROD00403,3,805.3,483.18,1932.72
LINE00000721,ORD0000234,1,PROD00048,3,328.96,49.34,937.54
LINE00000722,ORD0000235,1,PROD00057,6,714.73,0.0,4288.38
LINE00000723,ORD0000235,2,PROD00445,4,116.38,0.0,465.52
LINE00000724,ORD0000235,3,PROD00432,4,1102.86,220.57,4190.87
LINE00000725,ORD0000235,4,PROD00220,2,1093.29,109.33,2077.25
LINE00000726,ORD0000235,5,PROD00439,5,666.18,0.0,3330.9
LINE00000727,ORD0000236,1,PROD00351,6,402.37,482.84,1931.38
LINE00000728,ORD0000236,2,PROD00218,4,267.7,53.54,1017.26
LINE00000729,ORD0000236,3,PROD00456,4,435.89,174.36,1569.2
LINE00000730,ORD0000237,1,PROD00340,5,721.43,0.0,3607.15
LINE00000731,ORD0000237,2,PROD00120,2,334.26,0.0,668.52
LINE00000732,ORD0000237,3,PROD00093,5,127.23,31.81,604.34
LINE00000733,ORD0000238,1,PROD00262,4,517.7,0.0,2070.8
LINE00000734,ORD0000238,2,PROD00270,3,738.61,0.0,2215.83
LINE00000735,ORD0000239,1,PROD00281,1,377.9,0.0,377.9
LINE00000736,ORD0000239,2,PROD00365,5,284.27,0.0,1421.35
LINE00000737,ORD0000239,3,PROD00338,3,647.31,0.0,1941.93
LINE00000738,ORD0000239,4,PROD00045,3,903.48,0.0,2710.44
LINE00000739,ORD0000240,1,PROD00347,1,757.79,0.0,757.79
LINE00000740,ORD0000240,2,PROD00418,2,417.88,0.0,835.76
LINE00000741,ORD0000240,3,PROD00084,1,1135.76,0.0,1135.76
LINE00000742,ORD0000241,1,PROD00153,5,350.99,0.0,1754.95
LINE00000743,ORD0000241,2,PROD00404,3,550.21,165.06,1485.57
LINE00000744,ORD0000241,3,PROD00090,2,537.51,215.0,860.02
LINE00000745,ORD0000241,4,PROD00057,2,924.93,369.97,1479.89
LINE00000746,ORD0000242,1,PROD00498,4,95.99,76.79,307.17
LINE00000747,ORD0000242,2,PROD00178,4,671.29,0.0,2685.16
LINE00000748,ORD0000242,3,PROD00485,5,657.81,657.81,2631.24
LINE00000749,ORD0000242,4,PROD00339,5,1187.04,0.0,5935.2
LINE00000750,ORD0000243,1,PROD00385,1,262.48,52.5,209.98
LINE00000751,ORD0000243,2,PROD00254,3,836.98,502.19,2008.75
LINE00000752,ORD0000244,1,PROD00229,1,635.63,0.0,635.63
LINE00000753,ORD0000244,2,PROD00100,3,37.99,5.7,108.27
LINE00000754,ORD0000244,3,PROD00322,5,574.62,287.31,2585.79
LINE00000755,ORD0000245,1,PROD00209,1,896.3,0.0,896.3
LINE00000756,ORD0000245,2,PROD00293,3,529.95,158.99,1430.86
LINE00000757,ORD0000245,3,PROD00460,1,464.91,46.49,418.42
LINE00000758,ORD0000245,4,PROD00077,2,890.23,0.0,1780.46
LINE00000759,ORD0000246,1,PROD00306,1,108.16,0.0,108.16
LINE00000760,ORD0000246,2,PROD00040,3,316.54,0.0,949.62
LINE00000761,ORD0000246,3,PROD00065,5,1077.99,1077.99,4311.96
LINE00000762,ORD0000247,1,PROD00264,1,446.11,0.0,446.11
LINE00000763,ORD0000247,2,PROD00129,4,288.09,115.24,1037.12
LINE00000764,ORD0000247,3,PROD00433,1,84.67,4.23,80.44
LINE00000765,ORD0000248,1,PROD00342,6,544.44,653.33,2613.31
LINE00000766,ORD0000249,1,PROD00156,3,730.17,0.0,2190.51
LINE00000767,ORD0000249,2,PROD00253,3,393.88,0.0,1181.64
LINE00000768,ORD0000249,3,PROD00011,6,1152.63,0.0,6915.78
LINE00000769,ORD0000249,4,PROD00314,1,983.7,49.19,934.51
LINE00000770,ORD0000250,1,PROD00056,3,525.28,315.17,1260.67
LINE00000771,ORD0000251,1,PROD00180,6,1134.4,0.0,6806.4
LINE00000772,ORD0000251,2,PROD00218,4,277.34,55.47,1053.89
LINE00000773,ORD0000251,3,PROD00317,5,327.8,327.8,1311.2
LINE00000774,ORD0000251,4,PROD00323,1,245.92,0.0,245.92
LINE00000775,ORD0000252,1,PROD00003,5,87.21,43.6,392.45
LINE00000776,ORD0000252,2,PROD00247,4,137.97,0.0,551.88
LINE00000777,ORD0000252,3,PROD00463,6,127.05,0.0,762.3
LINE00000778,ORD0000252,4,PROD00184,3,126.49,37.95,341.52
LINE00000779,ORD0000253,1,PROD00334,3,700.99,420.59,1682.38
LINE00000780,ORD0000254,1,PROD00278,3,641.0,0.0,1923.0
LINE00000781,ORD0000254,2,PROD00282,4,1029.68,205.94,3912.78
LINE00000782,ORD0000254,3,PROD00090,1,1147.05,57.35,1089.7
LINE00000783,ORD0000255,1,PROD00433,4,514.48,0.0,2057.92
LINE00000784,ORD0000255,2,PROD00124,5,64.29,0.0,321.45
LINE00000785,ORD0000255,3,PROD00196,5,624.7,0.0,3123.5
LINE00000786,ORD0000255,4,PROD00440,5,376.57,0.0,1882.85
LINE00000787,ORD0000255,5,PROD00334,4,857.65,0.0,3430.6
LINE00000788,ORD0000256,1,PROD00476,5,726.95,181.74,3453.01
LINE00000789,ORD0000257,1,PROD00142,3,869.54,130.43,2478.19
LINE00000790,ORD0000258,1,PROD00340,3,8.83,0.0,26.49
LINE00000791,ORD0000258,2,PROD00134,1,456.3,0.0,456.3
LINE00000792,ORD0000258,3,PROD00346,3,857.28,0.0,2571.84
LINE00000793,ORD0000259,1,PROD00430,5,61.86,0.0,309.3
LINE00000794,ORD0000259,2,PROD00028,5,577.89,0.0,2889.45
LINE00000795,ORD0000259,3,PROD00422,1,216.93,43.39,173.54
LINE00000796,ORD0000259,4,PROD00414,4,290.8,0.0,1163.2
LINE00000797,ORD0000259,5,PROD00401,4,224.1,0.0,896.4
LINE00000798,ORD0000260,1,PROD00439,2,1000.11,200.02,1800.2
LINE00000799,ORD0000260,2,PROD00075,3,75.8,0.0,227.4
LINE00000800,ORD0000260,3,PROD00170,6,466.08,0.0,2796.48
LINE00000801,ORD0000260,4,PROD00120,5,62.45,15.61,296.64
LINE00000802,ORD0000261,1,PROD00085,2,396.21,0.0,792.42
LINE00000803,ORD0000261,2,PROD00467,4,910.36,728.29,2913.15
LINE00000804,ORD0000261,3,PROD00027,3,315.91,0.0,947.73
LINE00000805,ORD0000262,1,PROD00240,2,1153.85,230.77,2076.93
LINE00000806,ORD0000262,2,PROD00050,2,923.8,0.0,1847.6
LINE00000807,ORD0000262,3,PROD00415,2,814.07,0.0,1628.14
LINE00000808,ORD0000263,1,PROD00216,5,524.04,0.0,2620.2
LINE00000809,ORD0000263,2,PROD00367,1,761.98,0.0,761.98
LINE00000810,ORD0000263,3,PROD00362,1,734.03,73.4,660.63
LINE00000811,ORD0000263,4,PROD00452,4,191.82,0.0,767.28
LINE00000812,ORD0000263,5,PROD00133,1,842.29,0.0,842.29
LINE00000813,ORD0000264,1,PROD00149,1,1100.65,55.03,1045.62
LINE00000814,ORD0000264,2,PROD00315,1,950.4,95.04,855.36
LINE00000815,ORD0000265,1,PROD00215,6,244.14,0.0,1464.84
LINE00000816,ORD0000266,1,PROD00390,6,64.01,76.81,307.25
LINE00000817,ORD0000266,2,PROD00454,2,839.27,0.0,1678.54
LINE00000818,ORD0000266,3,PROD00212,2,516.48,0.0,1032.96
LINE00000819,ORD0000267,1,PROD00338,5,904.21,452.11,4068.94
LINE00000820,ORD0000267,2,PROD00133,2,204.87,40.97,368.77
LINE00000821,ORD0000268,1,PROD00468,3,1021.87,306.56,2759.05
LINE00000822,ORD0000268,2,PROD00306,5,229.21,229.21,916.84
LINE00000823,ORD0000269,1,PROD00290,5,364.23,182.12,1639.03
LINE00000824,ORD0000269,2,PROD00329,2,190.95,0.0,381.9
LINE00000825,ORD0000269,3,PROD00165,4,338.08,67.62,1284.7
LINE00000826,ORD0000270,1,PROD00235,5,328.59,82.15,1560.8
LINE00000827,ORD0000270,2,PROD00053,3,480.79,0.0,1442.37
LINE00000828,ORD0000271,1,PROD00345,5,1015.97,507.99,4571.86
LINE00000829,ORD0000271,2,PROD00104,5,807.18,201.79,3834.11
LINE00000830,ORD0000272,1,PROD00217,2,516.65,51.66,981.64
LINE00000831,ORD0000272,2,PROD00108,3,928.11,0.0,2784.33
LINE00000832,ORD0000272,3,PROD00086,1,883.56,0.0,883.56
LINE00000833,ORD0000272,4,PROD00115,2,754.75,0.0,1509.5
LINE00000834,ORD0000272,5,PROD00495,6,913.4,1096.08,4384.32
LINE00000835,ORD0000273,1,PROD00329,4,430.94,0.0,1723.76
LINE00000836,ORD0000273,2,PROD00038,6,943.27,0.0,5659.62
LINE00000837,ORD0000273,3,PROD00110,3,348.26,104.48,940.3
LINE00000838,ORD0000273,4,PROD00387,3,349.78,0.0,1049.34
LINE00000839,ORD0000273,5,PROD00270,4,349.8,139.92,1259.28
LINE00000840,ORD0000274,1,PROD00497,5,512.81,256.4,2307.65
LINE00000841,ORD0000274,2,PROD00186,2,676.5,0.0,1353.0
LINE00000842,ORD0000275,1,PROD00019,3,1041.77,0.0,3125.31
LINE00000843,ORD0000275,2,PROD00353,5,1029.26,0.0,5146.3
LINE00000844,ORD0000276,1,PROD00181,3,211.59,0.0,634.77
LINE00000845,ORD0000276,2,PROD00147,1,590.77,118.15,472.62
LINE00000846,ORD0000277,1,PROD00482,4,1134.94,0.0,4539.76
LINE00000847,ORD0000277,2,PROD00294,4,1143.66,914.93,3659.71
LINE00000848,ORD0000277,3,PROD00377,6,680.26,816.31,3265.25
LINE00000849,ORD0000277,4,PROD00241,2,1166.69,0.0,2333.38
LINE00000850,ORD0000278,1,PROD00213,3,573.61,0.0,1720.83
LINE00000851,ORD0000279,1,PROD00466,1,656.92,131.38,525.54
LINE00000852,ORD0000280,1,PROD00084,1,961.98,0.0,961.98
LINE00000853,ORD0000281,1,PROD00299,1,860.31,0.0,860.31
LINE00000854,ORD0000281,2,PROD00092,3,1153.61,0.0,3460.83
LINE00000855,ORD0000282,1,PROD00070,4,717.59,0.0,2870.36
LINE00000856,ORD0000283,1,PROD00051,2,668.81,0.0,1337.62
LINE00000857,ORD0000283,2,PROD00210,3,1171.54,0.0,3514.62
LINE00000858,ORD0000284,1,PROD00383,6,164.01,196.81,787.25
LINE00000859,ORD0000284,2,PROD00164,2,140.98,0.0,281.96
LINE00000860,ORD0000285,1,PROD00019,4,132.15,105.72,422.88
LINE00000861,ORD0000285,2,PROD00202,3,389.61,116.88,1051.95
LINE00000862,ORD0000286,1,PROD00282,5,1034.94,258.74,4915.96
LINE00000863,ORD0000286,2,PROD00348,5,972.71,0.0,4863.55
LINE00000864,ORD0000286,3,PROD00052,1,768.45,76.85,691.6
LINE00000865,ORD0000286,4,PROD00153,2,218.44,43.69,393.19
LINE00000866,ORD0000287,1,PROD00352,2,1088.11,435.24,1740.98
LINE00000867,ORD0000287,2,PROD00407,4,232.26,0.0,929.04
LINE00000868,ORD0000288,1,PROD00107,4,734.94,0.0,2939.76
LINE00000869,ORD0000288,2,PROD00289,2,862.13,344.85,1379.41
LINE00000870,ORD0000288,3,PROD00449,6,229.99,0.0,1379.94
LINE00000871,ORD0000289,1,PROD00127,4,104.02,20.8,395.28
LINE00000872,ORD0000289,2,PROD00052,2,244.3,48.86,439.74
LINE00000873,ORD0000289,3,PROD00071,3,355.47,0.0,1066.41
LINE00000874,ORD0000290,1,PROD00328,5,876.85,219.21,4165.04
LINE00000875,ORD0000290,2,PROD00451,2,757.85,0.0,1515.7
LINE00000876,ORD0000290,3,PROD00220,2,1055.22,0.0,2110.44
LINE00000877,ORD0000290,4,PROD00299,3,31.17,18.7,74.81
LINE00000878,ORD0000291,1,PROD00274,1,748.93,74.89,674.04
LINE00000879,ORD0000291,2,PROD00308,4,613.05,0.0,2452.2
LINE00000880,ORD0000292,1,PROD00224,1,580.63,58.06,522.57
LINE00000881,ORD0000292,2,PROD00292,4,1125.9,225.18,4278.42
LINE00000882,ORD0000292,3,PROD00342,5,730.01,0.0,3650.05
LINE00000883,ORD0000293,1,PROD00064,1,1198.3,239.66,958.64
LINE00000884,ORD0000293,2,PROD00497,6,683.94,410.36,3693.28
LINE00000885,ORD0000293,3,PROD00061,6,554.85,166.46,3162.64
LINE00000886,ORD0000293,4,PROD00043,2,285.21,114.08,456.34
LINE00000887,ORD0000293,5,PROD00019,5,836.64,0.0,4183.2
LINE00000888,ORD0000294,1,PROD00058,3,113.8,0.0,341.4
LINE00000889,ORD0000294,2,PROD00267,4,1018.46,0.0,4073.84
LINE00000890,ORD0000295,1,PROD00108,2,1078.88,107.89,2049.87
LINE00000891,ORD0000295,2,PROD00451,3,249.22,0.0,747.66
LINE00000892,ORD0000295,3,PROD00397,4,45.94,18.38,165.38
LINE00000893,ORD0000295,4,PROD00493,5,727.42,181.86,3455.24
LINE00000894,ORD0000296,1,PROD00189,5,522.15,261.07,2349.68
LINE00000895,ORD0000296,2,PROD00109,5,1000.83,0.0,5004.15
LINE00000896,ORD0000296,3,PROD00468,1,111.23,0.0,111.23
LINE00000897,ORD0000296,4,PROD00356,1,75.95,15.19,60.76
LINE00000898,ORD0000297,1,PROD00157,3,1036.56,0.0,3109.68
LINE00000899,ORD0000297,2,PROD00106,6,740.82,222.25,4222.67
LINE00000900,ORD0000297,3,PROD00187,5,1122.18,1122.18,4488.72
LINE00000901,ORD0000297,4,PROD00103,6,949.57,1139.48,4557.94
LINE00000902,ORD0000298,1,PROD00254,1,411.2,20.56,390.64
LINE00000903,ORD0000299,1,PROD00349,6,59.0,0.0,354.0
LINE00000904,ORD0000300,1,PROD00170,6,928.19,278.46,5290.68
LINE00000905,ORD0000301,1,PROD00280,4,54.58,43.66,174.66
LINE00000906,ORD0000301,2,PROD00197,5,917.17,458.58,4127.27
LINE00000907,ORD0000301,3,PROD00170,5,544.38,0.0,2721.9
LINE00000908,ORD0000301,4,PROD00462,5,362.77,0.0,1813.85
LINE00000909,ORD0000301,5,PROD00291,2,230.07,0.0,460.14
LINE00000910,ORD0000302,1,PROD00087,3,204.65,0.0,613.95
LINE00000911,ORD0000302,2,PROD00222,3,850.11,255.03,2295.3
LINE00000912,ORD0000302,3,PROD00497,1,511.99,102.4,409.59
LINE00000913,ORD0000303,1,PROD00283,5,1074.98,0.0,5374.9
LINE00000914,ORD0000304,1,PROD00295,6,330.68,396.82,1587.26
LINE00000915,ORD0000305,1,PROD00409,5,142.94,0.0,714.7
LINE00000916,ORD0000305,2,PROD00002,3,895.46,0.0,2686.38
LINE00000917,ORD0000305,3,PROD00179,3,946.13,283.84,2554.55
LINE00000918,ORD0000305,4,PROD00124,1,799.95,159.99,639.96
LINE00000919,ORD0000305,5,PROD00140,6,323.16,387.79,1551.17
LINE00000920,ORD0000306,1,PROD00402,5,827.22,0.0,4136.1
LINE00000921,ORD0000306,2,PROD00088,4,309.32,0.0,1237.28
LINE00000922,ORD0000307,1,PROD00355,3,545.42,0.0,1636.26
LINE00000923,ORD0000307,2,PROD00295,3,828.73,497.24,1988.95
LINE00000924,ORD0000307,3,PROD00175,6,1036.49,0.0,6218.94
LINE00000925,ORD0000307,4,PROD00204,2,721.64,288.66,1154.62
LINE00000926,ORD0000308,1,PROD00275,3,156.16,0.0,468.48
LINE00000927,ORD0000309,1,PROD00142,4,343.39,274.71,1098.85
LINE00000928,ORD0000310,1,PROD00359,3,808.87,242.66,2183.95
LINE00000929,ORD0000310,2,PROD00271,6,987.92,296.38,5631.14
LINE00000930,ORD0000311,1,PROD00258,6,226.96,68.09,1293.67
LINE00000931,ORD0000311,2,PROD00281,2,27.9,0.0,55.8
LINE00000932,ORD0000311,3,PROD00079,6,660.97,0.0,3965.82
LINE00000933,ORD0000312,1,PROD00453,4,470.81,0.0,1883.24
LINE00000934,ORD0000312,2,PROD00021,2,936.32,187.26,1685.38
LINE00000935,ORD0000312,3,PROD00083,5,966.02,0.0,4830.1
LINE00000936,ORD0000313,1,PROD00301,5,915.41,228.85,4348.2
LINE00000937,ORD0000314,1,PROD00184,5,525.21,0.0,2626.05
LINE00000938,ORD0000315,1,PROD00039,6,385.2,0.0,2311.2
LINE00000939,ORD0000316,1,PROD00061,3,781.02,0.0,2343.06
LINE00000940,ORD0000316,2,PROD00433,4,70.58,56.46,225.86
LINE00000941,ORD0000316,3,PROD00256,3,1074.9,0.0,3224.7
LINE00000942,ORD0000316,4,PROD00200,5,571.38,285.69,2571.21
LINE00000943,ORD0000317,1,PROD00240,3,1078.25,0.0,3234.75
LINE00000944,ORD0000318,1,PROD00394,3,662.66,0.0,1987.98
LINE00000945,ORD0000318,2,PROD00253,3,241.98,0.0,725.94
LINE00000946,ORD0000318,3,PROD00166,2,47.4,0.0,94.8
LINE00000947,ORD0000318,4,PROD00004,2,291.95,0.0,583.9
LINE00000948,ORD0000319,1,PROD00295,2,407.31,40.73,773.89
LINE00000949,ORD0000319,2,PROD00470,4,329.57,0.0,1318.28
LINE00000950,ORD0000320,1,PROD00036,2,1109.13,0.0,2218.26
LINE00000951,ORD0000321,1,PROD00258,3,114.27,17.14,325.67
LINE00000952,ORD0000322,1,PROD00385,5,352.36,176.18,1585.62
LINE00000953,ORD0000322,2,PROD00212,6,364.86,0.0,2189.16
LINE00000954,ORD0000323,1,PROD00453,2,108.86,0.0,217.72
LINE00000955,ORD0000323,2,PROD00016,2,26.05,5.21,46.89
LINE00000956,ORD0000323,3,PROD00484,2,772.23,308.89,1235.57
LINE00000957,ORD0000323,4,PROD00127,3,831.25,0.0,2493.75
LINE00000958,ORD0000324,1,PROD00176,3,986.05,591.63,2366.52
LINE00000959,ORD0000325,1,PROD00046,6,458.1,137.43,2611.17
LINE00000960,ORD0000325,2,PROD00452,2,484.12,48.41,919.83
LINE00000961,ORD0000326,1,PROD00167,3,104.75,0.0,314.25
LINE00000962,ORD0000326,2,PROD00070,2,224.58,89.83,359.33
LINE00000963,ORD0000327,1,PROD00111,2,1058.22,423.29,1693.15
LINE00000964,ORD0000327,2,PROD00372,3,616.26,0.0,1848.78
LINE00000965,ORD0000328,1,PROD00291,6,716.73,430.04,3870.34
LINE00000966,ORD0000328,2,PROD00435,2,855.88,171.18,1540.58
LINE00000967,ORD0000329,1,PROD00162,3,1168.36,175.25,3329.83
LINE00000968,ORD0000329,2,PROD00114,5,291.68,291.68,1166.72
LINE00000969,ORD0000329,3,PROD00312,3,215.66,129.4,517.58
LINE00000970,ORD0000329,4,PROD00199,4,5.15,4.12,16.48
LINE00000971,ORD0000330,1,PROD00046,1,1145.75,0.0,1145.75
LINE00000972,ORD0000330,2,PROD00484,2,239.55,95.82,383.28
LINE00000973,ORD0000330,3,PROD00144,6,770.59,0.0,4623.54
LINE00000974,ORD0000331,1,PROD00258,2,373.26,37.33,709.19
LINE00000975,ORD0000332,1,PROD00456,1,1060.8,53.04,1007.76
LINE00000976,ORD0000332,2,PROD00101,3,22.37,3.36,63.75
LINE00000977,ORD0000333,1,PROD00334,4,763.1,0.0,3052.4
LINE00000978,ORD0000333,2,PROD00053,3,687.49,0.0,2062.47
LINE00000979,ORD0000334,1,PROD00486,6,418.77,125.63,2386.99
LINE00000980,ORD0000335,1,PROD00479,6,479.25,143.78,2731.72
LINE00000981,ORD0000335,2,PROD00374,3,204.72,0.0,614.16
LINE00000982,ORD0000335,3,PROD00485,1,229.06,11.45,217.61
LINE00000983,ORD0000335,4,PROD00104,3,822.63,0.0,2467.89
LINE00000984,ORD0000335,5,PROD00332,4,586.31,234.52,2110.72
LINE00000985,ORD0000336,1,PROD00338,5,1147.72,286.93,5451.67
LINE00000986,ORD0000336,2,PROD00439,3,470.89,282.53,1130.14
LINE00000987,ORD0000336,3,PROD00210,2,466.75,93.35,840.15
LINE00000988,ORD0000336,4,PROD00354,6,237.41,0.0,1424.46
LINE00000989,ORD0000337,1,PROD00315,2,268.62,26.86,510.38
LINE00000990,ORD0000337,2,PROD00282,5,885.3,885.3,3541.2
LINE00000991,ORD0000338,1,PROD00088,1,996.68,0.0,996.68
LINE00000992,ORD0000338,2,PROD00441,6,1140.25,1368.3,5473.2
LINE00000993,ORD0000339,1,PROD00037,1,725.62,36.28,689.34
LINE00000994,ORD0000339,2,PROD00320,3,1028.79,0.0,3086.37
LINE00000995,ORD0000339,3,PROD00062,1,1029.24,0.0,1029.24
LINE00000996,ORD0000339,4,PROD00217,3,883.02,0.0,2649.06
LINE00000997,ORD0000340,1,PROD00279,4,888.12,0.0,3552.48
LINE00000998,ORD0000341,1,PROD00077,-3,1138.52,-683.11,-2732.45
LINE00000999,ORD0000341,2,PROD00264,4,39.95,7.99,151.81
LINE00001000,ORD0000341,3,PROD00235,2,1009.61,201.92,1817.3
LINE00001001,ORD0000342,1,PROD00158,3,854.28,0.0,2562.84
LINE00001002,ORD0000342,2,PROD00468,1,905.22,90.52,814.7
LINE00001003,ORD0000342,3,PROD00480,4,462.13,369.7,1478.82
LINE00001004,ORD0000342,4,PROD00451,3,739.94,221.98,1997.84
LINE00001005,ORD0000342,5,PROD00489,2,193.84,0.0,387.68
LINE00001006,ORD0000343,1,PROD00259,5,720.92,360.46,3244.14
LINE00001007,ORD0000343,2,PROD00217,3,957.24,0.0,2871.72
LINE00001008,ORD0000343,3,PROD00417,5,22.84,0.0,114.2
LINE00001009,ORD0000343,4,PROD00147,6,1054.75,0.0,6328.5
LINE00001010,ORD0000344,1,PROD00492,6,1005.15,1206.18,4824.72
LINE00001011,ORD0000344,2,PROD00026,6,90.07,0.0,540.42
LINE00001012,ORD0000344,3,PROD00426,2,565.16,0.0,1130.32
LINE00001013,ORD0000344,4,PROD00448,6,171.07,0.0,1026.42
LINE00001014,ORD0000345,1,PROD00327,6,979.14,0.0,5874.84
LINE00001015,ORD0000345,2,PROD00447,5,999.72,999.72,3998.88
LINE00001016,ORD0000345,3,PROD00304,1,834.61,0.0,834.61
LINE00001017,ORD0000345,4,PROD00238,6,189.1,0.0,1134.6
LINE00001018,ORD0000345,5,PROD00405,2,180.87,0.0,361.74
LINE00001019,ORD0000346,1,PROD00077,2,449.18,89.84,808.52
LINE00001020,ORD0000346,2,PROD00317,2,273.05,54.61,491.49
LINE00001021,ORD0000347,1,PROD00491,1,131.15,0.0,131.15
LINE00001022,ORD0000347,2,PROD00299,2,753.64,150.73,1356.55
LINE00001023,ORD0000347,3,PROD00471,4,916.9,183.38,3484.22
LINE00001024,ORD0000348,1,PROD00309,5,989.33,247.33,4699.32
LINE00001025,ORD0000348,2,PROD00200,2,529.61,52.96,1006.26
LINE00001026,ORD0000349,1,PROD00201,5,986.84,0.0,4934.2
LINE00001027,ORD0000349,2,PROD00151,1,763.61,152.72,610.89
LINE00001028,ORD0000349,3,PROD00415,2,160.63,16.06,305.2
LINE00001029,ORD0000349,4,PROD00131,4,398.2,0.0,1592.8
LINE00001030,ORD0000350,1,PROD00139,5,455.28,113.82,2162.58
LINE00001031,ORD0000350,2,PROD00080,2,33.25,3.33,63.17
LINE00001032,ORD0000350,3,PROD00159,1,461.64,0.0,461.64
LINE00001033,ORD0000351,1,PROD00315,6,362.02,217.21,1954.91
LINE00001034,ORD0000351,2,PROD00360,6,152.42,91.45,823.07
LINE00001035,ORD0000351,3,PROD00432,4,173.76,0.0,695.04
LINE00001036,ORD0000351,4,PROD00107,5,619.15,0.0,3095.75
LINE00001037,ORD0000351,5,PROD00140,1,912.25,91.23,821.02
LINE00001038,ORD0000352,1,PROD00149,6,266.05,0.0,1596.3
LINE00001039,ORD0000352,2,PROD00060,1,697.15,69.72,627.43
LINE00001040,ORD0000353,1,PROD00303,6,1152.32,345.7,6568.22
LINE00001041,ORD0000354,1,PROD00321,2,1071.92,0.0,2143.84
LINE00001042,ORD0000354,2,PROD00386,3,1194.87,179.23,3405.38
LINE00001043,ORD0000354,3,PROD00028,3,687.89,0.0,2063.67
LINE00001044,ORD0000354,4,PROD00226,3,343.03,0.0,1029.09
LINE00001045,ORD0000355,1,PROD00455,5,203.48,101.74,915.66
LINE00001046,ORD0000356,1,PROD00500,2,848.86,0.0,1697.72
LINE00001047,ORD0000357,1,PROD00045,1,956.44,47.82,908.62
LINE00001048,ORD0000357,2,PROD00351,6,456.43,0.0,2738.58
LINE00001049,ORD0000357,3,PROD00426,4,971.65,0.0,3886.6
LINE00001050,ORD0000358,1,PROD00443,5,890.47,0.0,4452.35
LINE00001051,ORD0000359,1,PROD00068,6,783.77,0.0,4702.62
LINE00001052,ORD0000360,1,PROD00008,5,129.0,32.25,612.75
LINE00001053,ORD0000360,2,PROD00341,6,387.56,465.07,1860.29
LINE00001054,ORD0000361,1,PROD00211,1,50.0,2.5,47.5
LINE00001055,ORD0000361,2,PROD00172,2,214.38,85.75,343.01
LINE00001056,ORD0000361,3,PROD00168,5,324.96,324.96,1299.84
LINE00001057,ORD0000362,1,PROD00108,3,1117.68,335.3,3017.74
LINE00001058,ORD0000362,2,PROD00120,5,423.16,105.79,2010.01
LINE00001059,ORD0000363,1,PROD00211,4,622.84,0.0,2491.36
LINE00001060,ORD0000363,2,PROD00366,3,945.91,0.0,2837.73
LINE00001061,ORD0000363,3,PROD00141,4,495.6,198.24,1784.16
LINE00001062,ORD0000364,1,PROD00351,1,988.6,0.0,988.6
LINE00001063,ORD0000364,2,PROD00398,5,75.15,0.0,375.75
LINE00001064,ORD0000364,3,PROD00333,1,1065.4,106.54,958.86
LINE00001065,ORD0000364,4,PROD00396,1,1128.18,112.82,1015.36
LINE00001066,ORD0000365,1,PROD00283,6,149.33,0.0,895.98
LINE00001067,ORD0000365,2,PROD00424,3,633.15,0.0,1899.45
LINE00001068,ORD0000365,3,PROD00024,1,117.03,5.85,111.18
LINE00001069,ORD0000366,1,PROD00128,2,920.25,0.0,1840.5
LINE00001070,ORD0000366,2,PROD00498,3,762.45,228.74,2058.61
LINE00001071,ORD0000367,1,PROD00008,5,199.8,99.9,899.1
LINE00001072,ORD0000367,2,PROD00276,1,942.59,0.0,942.59
LINE00001073,ORD0000367,3,PROD00125,1,1019.69,203.94,815.75
LINE00001074,ORD0000367,4,PROD00205,3,517.41,0.0,1552.23
LINE00001075,ORD0000368,1,PROD00232,4,477.28,0.0,1909.12
LINE00001076,ORD0000368,2,PROD00093,1,479.47,47.95,431.52
LINE00001077,ORD0000368,3,PROD00285,4,636.77,509.42,2037.66
LINE00001078,ORD0000368,4,PROD00263,5,333.21,83.3,1582.75
LINE00001079,ORD0000369,1,PROD00102,1,656.61,65.66,590.95
LINE00001080,ORD0000369,2,PROD00343,5,279.31,69.83,1326.72
LINE00001081,ORD0000369,3,PROD00500,4,897.87,0.0,3591.48
LINE00001082,ORD0000369,4,PROD00367,1,20.09,4.02,16.07
LINE00001083,ORD0000370,1,PROD00322,4,282.95,0.0,1131.8
LINE00001084,ORD0000370,2,PROD00085,5,41.61,20.81,187.24
LINE00001085,ORD0000370,3,PROD00041,1,262.61,52.52,210.09
LINE00001086,ORD0000371,1,PROD00454,5,211.38,211.38,845.52
LINE00001087,ORD0000371,2,PROD00378,1,998.06,0.0,998.06
LINE00001088,ORD0000371,3,PROD00159,2,29.99,0.0,59.98
LINE00001089,ORD0000372,1,PROD00302,5,560.01,560.01,2240.04
LINE00001090,ORD0000372,2,PROD00289,3,180.29,0.0,540.87
LINE00001091,ORD0000372,3,PROD00478,4,269.17,107.67,969.01
LINE00001092,ORD0000372,4,PROD00303,1,914.07,0.0,914.07
LINE00001093,ORD0000373,1,PROD00312,4,633.52,506.82,2027.26
LINE00001094,ORD0000373,2,PROD00004,2,299.86,0.0,599.72
LINE00001095,ORD0000373,3,PROD00187,1,313.69,31.37,282.32
LINE00001096,ORD0000373,4,PROD00323,1,801.61,0.0,801.61
LINE00001097,ORD0000374,1,PROD00440,2,36.46,3.65,69.27
LINE00001098,ORD0000375,1,PROD00360,1,574.67,28.73,545.94
LINE00001099,ORD0000375,2,PROD00206,1,468.36,93.67,374.69
LINE00001100,ORD0000375,3,PROD00160,5,881.79,220.45,4188.5
LINE00001101,ORD0000375,4,PROD00408,6,648.47,0.0,3890.82
LINE00001102,ORD0000376,1,PROD00272,5,629.04,0.0,3145.2
LINE00001103,ORD0000377,1,PROD00263,5,1102.76,0.0,5513.8
LINE00001104,ORD0000377,2,PROD00202,1,643.79,64.38,579.41
LINE00001105,ORD0000377,3,PROD00131,5,171.93,0.0,859.65
LINE00001106,ORD0000378,1,PROD00073,1,395.25,19.76,375.49
LINE00001107,ORD0000378,2,PROD00088,3,600.66,90.1,1711.88
LINE00001108,ORD0000378,3,PROD00210,1,950.1,95.01,855.09
LINE00001109,ORD0000379,1,PROD00014,6,1158.25,0.0,6949.5
LINE00001110,ORD0000379,2,PROD00209,6,1166.52,0.0,6999.12
LINE00001111,ORD0000380,1,PROD00347,6,1162.42,697.45,6277.07
LINE00001112,ORD0000381,1,PROD00081,1,575.1,115.02,460.08
LINE00001113,ORD0000381,2,PROD00015,2,86.59,17.32,155.86
LINE00001114,ORD0000381,3,PROD00411,1,529.46,105.89,423.57
LINE00001115,ORD0000382,1,PROD00472,4,1186.44,474.58,4271.18
LINE00001116,ORD0000382,2,PROD00069,4,295.13,59.03,1121.49
LINE00001117,ORD0000382,3,PROD00403,1,838.58,0.0,838.58
LINE00001118,ORD0000382,4,PROD00263,5,693.28,0.0,3466.4
LINE00001119,ORD0000383,1,PROD00027,6,864.94,1037.93,4151.71
LINE00001120,ORD0000383,2,PROD00356,3,580.3,0.0,1740.9
LINE00001121,ORD0000383,3,PROD00426,4,110.58,0.0,442.32
LINE00001122,ORD0000384,1,PROD00197,3,468.99,0.0,1406.97
LINE00001123,ORD0000384,2,PROD00220,6,337.52,405.02,1620.1
LINE00001124,ORD0000384,3,PROD00235,3,477.07,71.56,1359.65
LINE00001125,ORD0000384,4,PROD00498,1,405.53,0.0,405.53
LINE00001126,ORD0000385,1,PROD00010,1,172.72,8.64,164.08
LINE00001127,ORD0000386,1,PROD00355,5,828.07,0.0,4140.35
LINE00001128,ORD0000387,1,PROD00099,6,634.13,380.48,3424.3
LINE00001129,ORD0000387,2,PROD00324,3,685.77,102.87,1954.44
LINE00001130,ORD0000387,3,PROD00094,5,970.94,242.74,4611.96
LINE00001131,ORD0000388,1,PROD00177,6,1046.32,0.0,6277.92
LINE00001132,ORD0000388,2,PROD00015,4,508.13,0.0,2032.52
LINE00001133,ORD0000388,3,PROD00097,6,856.28,0.0,5137.68
LINE00001134,ORD0000389,1,PROD00331,5,958.73,479.37,4314.28
LINE00001135,ORD0000389,2,PROD00214,3,644.94,193.48,1741.34
LINE00001136,ORD0000389,3,PROD00390,1,607.26,121.45,485.81
LINE00001137,ORD0000390,1,PROD00420,6,1147.76,0.0,6886.56
LINE00001138,ORD0000390,2,PROD00083,3,248.96,0.0,746.88
LINE00001139,ORD0000390,3,PROD00431,5,725.49,725.49,2901.96
LINE00001140,ORD0000390,4,PROD00067,4,650.52,0.0,2602.08
LINE00001141,ORD0000390,5,PROD00034,1,830.67,0.0,830.67
LINE00001142,ORD0000391,1,PROD00290,2,1081.72,216.34,1947.1
LINE00001143,ORD0000391,2,PROD00144,2,16.47,0.0,32.94
LINE00001144,ORD0000392,1,PROD00177,1,300.5,15.03,285.47
LINE00001145,ORD0000393,1,PROD00291,3,1001.28,600.77,2403.07
LINE00001146,ORD0000393,2,PROD00457,6,1000.21,0.0,6001.26
LINE00001147,ORD0000393,3,PROD00222,3,55.65,0.0,166.95
LINE00001148,ORD0000393,4,PROD00428,3,884.26,0.0,2652.78
LINE00001149,ORD0000393,5,PROD00020,3,542.87,81.43,1547.18
LINE00001150,ORD0000394,1,PROD00029,1,734.78,73.48,661.3
LINE00001151,ORD0000394,2,PROD00377,2,820.22,82.02,1558.42
LINE00001152,ORD0000394,3,PROD00201,5,678.54,0.0,3392.7
LINE00001153,ORD0000394,4,PROD00399,2,476.94,0.0,953.88
LINE00001154,ORD0000394,5,PROD00265,5,916.43,0.0,4582.15
LINE00001155,ORD0000395,1,PROD00272,5,506.87,0.0,2534.35
LINE00001156,ORD0000395,2,PROD00210,5,229.28,0.0,1146.4
LINE00001157,ORD0000396,1,PROD00100,4,100.03,80.02,320.1
LINE00001158,ORD0000396,2,PROD00495,4,1144.53,915.62,3662.5
LINE00001159,ORD0000396,3,PROD00470,4,1063.13,212.63,4039.89
LINE00001160,ORD0000396,4,PROD00307,6,551.94,0.0,3311.64
LINE00001161,ORD0000396,5,PROD00293,4,860.45,688.36,2753.44
LINE00001162,ORD0000397,1,PROD00197,6,947.36,1136.83,4547.33
LINE00001163,ORD0000397,2,PROD00363,5,123.63,0.0,618.15
LINE00001164,ORD0000397,3,PROD00474,5,760.86,190.22,3614.08
LINE00001165,ORD0000398,1,PROD00326,5,876.03,876.03,3504.12
LINE00001166,ORD0000398,2,PROD00133,3,120.07,0.0,360.21
LINE00001167,ORD0000398,3,PROD00386,3,999.74,149.96,2849.26
LINE00001168,ORD0000398,4,PROD00406,4,47.36,0.0,189.44
LINE00001169,ORD0000398,5,PROD00173,5,966.54,241.63,4591.07
LINE00001170,ORD0000399,1,PROD00136,1,389.92,0.0,389.92
LINE00001171,ORD0000399,2,PROD00042,3,1011.9,303.57,2732.13
LINE00001172,ORD0000399,3,PROD00448,5,892.65,892.65,3570.6
LINE00001173,ORD0000400,1,PROD00227,5,792.82,198.21,3765.89
LINE00001174,ORD0000400,2,PROD00189,5,1153.32,1153.32,4613.28
LINE00001175,ORD0000400,3,PROD00058,1,126.2,12.62,113.58
LINE00001176,ORD0000400,4,PROD00032,5,245.08,61.27,1164.13
LINE00001177,ORD0000400,5,PROD00042,4,1105.55,884.44,3537.76
LINE00001178,ORD0000401,1,PROD00142,2,31.23,0.0,62.46
LINE00001179,ORD0000401,2,PROD00440,5,979.59,489.8,4408.15
LINE00001180,ORD0000401,3,PROD00090,3,258.09,154.85,619.42
LINE00001181,ORD0000402,1,PROD00480,6,918.3,0.0,5509.8
LINE00001182,ORD0000402,2,PROD00091,3,24.9,3.73,70.97
LINE00001183,ORD0000402,3,PROD00352,3,572.33,85.85,1631.14
LINE00001184,ORD0000402,4,PROD00431,6,239.24,0.0,1435.44
LINE00001185,ORD0000402,5,PROD00111,4,1112.75,0.0,4451.0
LINE00001186,ORD0000403,1,PROD00120,6,199.26,0.0,1195.56
LINE00001187,ORD0000403,2,PROD00006,1,604.35,60.44,543.91
LINE00001188,ORD0000403,3,PROD00159,2,370.44,0.0,740.88
LINE00001189,ORD0000403,4,PROD00412,4,788.09,0.0,3152.36
LINE00001190,ORD0000404,1,PROD00483,2,1002.94,401.18,1604.7
LINE00001191,ORD0000404,2,PROD00165,1,1039.01,103.9,935.11
LINE00001192,ORD0000405,1,PROD00053,5,467.5,116.88,2220.62
LINE00001193,ORD0000405,2,PROD00341,4,555.29,444.23,1776.93
LINE00001194,ORD0000405,3,PROD00290,2,73.4,7.34,139.46
LINE00001195,ORD0000406,1,PROD00446,5,746.37,746.37,2985.48
LINE00001196,ORD0000407,1,PROD00334,5,771.01,771.01,3084.04
LINE00001197,ORD0000407,2,PROD00204,5,1015.0,0.0,5075.0
LINE00001198,ORD0000407,3,PROD00010,4,506.15,101.23,1923.37
LINE00001199,ORD0000407,4,PROD00048,5,691.25,0.0,3456.25
LINE00001200,ORD0000407,5,PROD00207,1,262.39,0.0,262.39
LINE00001201,ORD0000408,1,PROD00069,3,581.51,87.23,1657.3
LINE00001202,ORD0000408,2,PROD00321,1,72.82,14.56,58.26
LINE00001203,ORD0000409,1,PROD00178,1,175.28,0.0,175.28
LINE00001204,ORD0000409,2,PROD00499,4,910.94,364.38,3279.38
LINE00001205,ORD0000409,3,PROD00013,6,415.4,0.0,2492.4
LINE00001206,ORD0000409,4,PROD00141,1,919.36,0.0,919.36
LINE00001207,ORD0000409,5,PROD00349,1,416.54,20.83,395.71
LINE00001208,ORD0000410,1,PROD00373,1,1134.41,0.0,1134.41
LINE00001209,ORD0000410,2,PROD00191,4,1075.69,215.14,4087.62
LINE00001210,ORD0000411,1,PROD00012,2,963.32,0.0,1926.64
LINE00001211,ORD0000411,2,PROD00277,2,140.77,0.0,281.54
LINE00001212,ORD0000411,3,PROD00109,5,218.75,109.38,984.37
LINE00001213,ORD0000411,4,PROD00100,5,842.13,0.0,4210.65
LINE00001214,ORD0000412,1,PROD00329,1,145.45,0.0,145.45
LINE00001215,ORD0000412,2,PROD00380,4,852.09,681.67,2726.69
LINE00001216,ORD0000412,3,PROD00234,1,1160.12,232.02,928.1
LINE00001217,ORD0000412,4,PROD00079,2,10.75,0.0,21.5
LINE00001218,ORD0000413,1,PROD00426,5,1176.55,0.0,5882.75
LINE00001219,ORD0000413,2,PROD00457,2,276.77,27.68,525.86
LINE00001220,ORD0000413,3,PROD00252,4,1100.31,220.06,4181.18
LINE00001221,ORD0000414,1,PROD00199,5,1109.19,277.3,5268.65
LINE00001222,ORD0000414,2,PROD00142,5,393.6,0.0,1968.0
LINE00001223,ORD0000414,3,PROD00259,1,1161.29,0.0,1161.29
LINE00001224,ORD0000414,4,PROD00288,3,191.67,115.0,460.01
LINE00001225,ORD0000415,1,PROD00019,5,1167.2,1167.2,4668.8
LINE00001226,ORD0000415,2,PROD00445,4,532.36,106.47,2022.97
LINE00001227,ORD0000415,3,PROD00407,6,1122.7,336.81,6399.39
LINE00001228,ORD0000415,4,PROD00384,3,637.94,382.76,1531.06
LINE00001229,ORD0000415,5,PROD00421,4,661.23,132.25,2512.67
LINE00001230,ORD0000416,1,PROD00298,3,109.87,65.92,263.69
LINE00001231,ORD0000416,2,PROD00291,2,336.06,33.61,638.51
LINE00001232,ORD0000416,3,PROD00349,2,322.11,64.42,579.8
LINE00001233,ORD0000417,1,PROD00488,6,742.22,445.33,4007.99
LINE00001234,ORD0000417,2,PROD00074,3,113.99,0.0,341.97
LINE00001235,ORD0000418,1,PROD00168,6,628.04,0.0,3768.24
LINE00001236,ORD0000418,2,PROD00247,1,108.35,5.42,102.93
LINE00001237,ORD0000419,1,PROD00035,4,292.43,233.94,935.78
LINE00001238,ORD0000419,2,PROD00341,3,345.15,51.77,983.68
LINE00001239,ORD0000419,3,PROD00482,4,532.38,106.48,2023.04
LINE00001240,ORD0000419,4,PROD00229,4,934.18,373.67,3363.05
LINE00001241,ORD0000419,5,PROD00099,6,866.67,0.0,5200.02
LINE00001242,ORD0000420,1,PROD00255,5,646.57,0.0,3232.85
LINE00001243,ORD0000421,1,PROD00448,5,1139.0,0.0,5695.0
LINE00001244,ORD0000421,2,PROD00407,4,802.5,321.0,2889.0
LINE00001245,ORD0000421,3,PROD00342,5,805.5,201.38,3826.12
LINE00001246,ORD0000421,4,PROD00471,6,940.38,1128.46,4513.82
LINE00001247,ORD0000422,1,PROD00016,1,399.96,79.99,319.97
LINE00001248,ORD0000422,2,PROD00241,6,985.52,0.0,5913.12
LINE00001249,ORD0000423,1,PROD00422,3,487.11,0.0,1461.33
LINE00001250,ORD0000423,2,PROD00396,1,489.27,0.0,489.27
LINE00001251,ORD0000423,3,PROD00370,4,399.9,159.96,1439.64
LINE00001252,ORD0000423,4,PROD00178,4,1029.78,0.0,4119.12
LINE00001253,ORD0000423,5,PROD00151,2,107.64,0.0,215.28
LINE00001254,ORD0000424,1,PROD00267,6,1031.09,1237.31,4949.23
LINE00001255,ORD0000425,1,PROD00431,6,740.83,889.0,3555.98
LINE00001256,ORD0000425,2,PROD00384,4,750.11,300.04,2700.4
LINE00001257,ORD0000426,1,PROD00404,6,613.26,0.0,3679.56
LINE00001258,ORD0000426,2,PROD00224,1,1105.27,0.0,1105.27
LINE00001259,ORD0000426,3,PROD00254,4,970.29,0.0,3881.16
LINE00001260,ORD0000426,4,PROD00180,1,960.84,192.17,768.67
LINE00001261,ORD0000427,1,PROD00019,2,738.83,73.88,1403.78
LINE00001262,ORD0000427,2,PROD00172,1,1194.92,238.98,955.94
LINE00001263,ORD0000427,3,PROD00095,3,831.95,0.0,2495.85
LINE00001264,ORD0000427,4,PROD00069,4,373.35,298.68,1194.72
LINE00001265,ORD0000427,5,PROD00172,3,1193.89,0.0,3581.67
LINE00001266,ORD0000428,1,PROD00308,6,791.42,949.7,3798.82
LINE00001267,ORD0000428,2,PROD00232,3,863.32,259.0,2330.96
LINE00001268,ORD0000429,1,PROD00123,3,142.12,42.64,383.72
LINE00001269,ORD0000429,2,PROD00082,2,11.79,0.0,23.58
LINE00001270,ORD0000430,1,PROD00335,6,153.58,0.0,921.48
LINE00001271,ORD0000430,2,PROD00074,1,603.08,0.0,603.08
LINE00001272,ORD0000430,3,PROD00266,1,897.33,89.73,807.6
LINE00001273,ORD0000430,4,PROD00131,1,43.09,4.31,38.78
LINE00001274,ORD0000431,1,PROD00185,6,381.48,0.0,2288.88
LINE00001275,ORD0000431,2,PROD00149,4,822.9,0.0,3291.6
LINE00001276,ORD0000431,3,PROD00287,6,776.01,0.0,4656.06
LINE00001277,ORD0000431,4,PROD00035,2,278.52,55.7,501.34
LINE00001278,ORD0000432,1,PROD00034,2,1193.13,477.25,1909.01
LINE00001279,ORD0000432,2,PROD00124,5,951.46,951.46,3805.84
LINE00001280,ORD0000433,1,PROD00135,4,698.28,558.62,2234.5
LINE00001281,ORD0000433,2,PROD00301,5,623.45,0.0,3117.25
LINE00001282,ORD0000433,3,PROD00140,5,771.16,385.58,3470.22
LINE00001283,ORD0000433,4,PROD00106,4,722.51,144.5,2745.54
LINE00001284,ORD0000434,1,PROD00457,5,1176.69,294.17,5589.28
LINE00001285,ORD0000434,2,PROD00219,3,615.02,0.0,1845.06
LINE00001286,ORD0000435,1,PROD00098,4,132.9,106.32,425.28
LINE00001287,ORD0000435,2,PROD00133,4,68.73,0.0,274.92
LINE00001288,ORD0000436,1,PROD00142,4,1019.94,407.98,3671.78
LINE00001289,ORD0000436,2,PROD00372,3,678.94,203.68,1833.14
LINE00001290,ORD0000436,3,PROD00205,1,724.27,36.21,688.06
LINE00001291,ORD0000437,1,PROD00102,5,359.82,179.91,1619.19
LINE00001292,ORD0000438,1,PROD00149,4,180.72,36.14,686.74
LINE00001293,ORD0000439,1,PROD00459,6,1181.8,709.08,6381.72
LINE00001294,ORD0000439,2,PROD00284,5,1106.79,553.39,4980.56
LINE00001295,ORD0000439,3,PROD00138,4,217.05,0.0,868.2
LINE00001296,ORD0000439,4,PROD00043,3,469.66,0.0,1408.98
LINE00001297,ORD0000440,1,PROD00408,6,638.26,0.0,3829.56
LINE00001298,ORD0000440,2,PROD00297,2,826.36,0.0,1652.72
LINE00001299,ORD0000441,1,PROD00351,4,370.33,0.0,1481.32
LINE00001300,ORD0000441,2,PROD00265,5,993.52,496.76,4470.84
LINE00001301,ORD0000442,1,PROD00020,6,100.58,0.0,603.48
LINE00001302,ORD0000443,1,PROD00071,1,412.77,0.0,412.77
LINE00001303,ORD0000443,2,PROD00041,6,823.28,0.0,4939.68
LINE00001304,ORD0000444,1,PROD00167,4,614.01,0.0,2456.04
LINE00001305,ORD0000444,2,PROD00199,3,1009.06,605.44,2421.74
LINE00001306,ORD0000445,1,PROD00005,2,1195.51,119.55,2271.47
LINE00001307,ORD0000445,2,PROD00256,1,920.85,46.04,874.81
LINE00001308,ORD0000445,3,PROD00028,4,449.29,179.72,1617.44
LINE00001309,ORD0000446,1,PROD00221,2,215.21,86.08,344.34
LINE00001310,ORD0000447,1,PROD00261,4,294.09,58.82,1117.54
LINE00001311,ORD0000448,1,PROD00490,2,197.11,19.71,374.51
LINE00001312,ORD0000448,2,PROD00217,3,1057.38,0.0,3172.14
LINE00001313,ORD0000448,3,PROD00040,3,1195.87,0.0,3587.61
LINE00001314,ORD0000449,1,PROD00279,2,172.69,0.0,345.38
LINE00001315,ORD0000450,1,PROD00223,3,295.03,177.02,708.07
LINE00001316,ORD0000450,2,PROD00183,4,287.16,229.73,918.91
LINE00001317,ORD0000450,3,PROD00040,5,414.71,0.0,2073.55
LINE00001318,ORD0000451,1,PROD00391,4,1063.11,0.0,4252.44
LINE00001319,ORD0000451,2,PROD00215,3,725.0,217.5,1957.5
LINE00001320,ORD0000451,3,PROD00106,5,182.48,0.0,912.4
LINE00001321,ORD0000451,4,PROD00341,1,1094.28,218.86,875.42
LINE00001322,ORD0000451,5,PROD00483,1,183.36,0.0,183.36
LINE00001323,ORD0000452,1,PROD00377,5,738.07,0.0,3690.35
LINE00001324,ORD0000452,2,PROD00011,5,206.24,0.0,1031.2
LINE00001325,ORD0000452,3,PROD00057,4,654.43,0.0,2617.72
LINE00001326,ORD0000452,4,PROD00240,2,1108.15,0.0,2216.3
LINE00001327,ORD0000452,5,PROD00463,1,797.26,39.86,757.4
LINE00001328,ORD0000453,1,PROD00361,4,600.37,240.15,2161.33
LINE00001329,ORD0000454,1,PROD00419,3,308.12,184.87,739.49
LINE00001330,ORD0000454,2,PROD00167,3,364.03,54.6,1037.49
LINE00001331,ORD0000455,1,PROD00430,4,87.93,0.0,351.72
LINE00001332,ORD0000455,2,PROD00213,1,451.77,90.35,361.42
LINE00001333,ORD0000455,3,PROD00060,5,1001.42,0.0,5007.1
LINE00001334,ORD0000455,4,PROD00081,6,54.58,0.0,327.48
LINE00001335,ORD0000455,5,PROD00308,4,966.17,0.0,3864.68
LINE00001336,ORD0000456,1,PROD00495,2,688.41,0.0,1376.82
LINE00001337,ORD0000456,2,PROD00263,4,636.34,0.0,2545.36
LINE00001338,ORD0000456,3,PROD00410,2,851.95,0.0,1703.9
LINE00001339,ORD0000456,4,PROD00285,5,22.4,0.0,112.0
LINE00001340,ORD0000457,1,PROD00194,5,855.86,0.0,4279.3
LINE00001341,ORD0000457,2,PROD00412,2,819.11,327.64,1310.58
LINE00001342,ORD0000457,3,PROD00252,4,423.22,0.0,1692.88
LINE00001343,ORD0000458,1,PROD00095,5,189.76,0.0,948.8
LINE00001344,ORD0000459,1,PROD00282,6,13.0,0.0,78.0
LINE00001345,ORD0000460,1,PROD00489,2,1115.57,223.11,2008.03
LINE00001346,ORD0000460,2,PROD00223,5,42.06,0.0,210.3
LINE00001347,ORD0000460,3,PROD00327,4,1120.86,896.69,3586.75
LINE00001348,ORD0000460,4,PROD00022,3,685.08,102.76,1952.48
LINE00001349,ORD0000461,1,PROD00297,6,751.86,0.0,4511.16
LINE00001350,ORD0000461,2,PROD00376,6,746.5,895.8,3583.2
LINE00001351,ORD0000461,3,PROD00421,6,758.69,455.21,4096.93
LINE00001352,ORD0000461,4,PROD00113,4,797.32,0.0,3189.28
LINE00001353,ORD0000462,1,PROD00298,3,499.79,0.0,1499.37
LINE00001354,ORD0000462,2,PROD00038,3,946.91,0.0,2840.73
LINE00001355,ORD0000463,1,PROD00242,1,1059.79,105.98,953.81
LINE00001356,ORD0000464,1,PROD00021,6,57.76,0.0,346.56
LINE00001357,ORD0000465,1,PROD00184,2,218.64,0.0,437.28
LINE00001358,ORD0000465,2,PROD00022,2,161.85,0.0,323.7
LINE00001359,ORD0000465,3,PROD00368,5,705.79,352.89,3176.06
LINE00001360,ORD0000465,4,PROD00271,3,463.26,0.0,1389.78
LINE00001361,ORD0000465,5,PROD00218,5,636.36,0.0,3181.8
LINE00001362,ORD0000466,1,PROD00428,1,1019.9,0.0,1019.9
LINE00001363,ORD0000466,2,PROD00241,1,1038.06,0.0,1038.06
LINE00001364,ORD0000466,3,PROD00423,5,221.71,55.43,1053.12
LINE00001365,ORD0000466,4,PROD00370,3,1076.83,323.05,2907.44
LINE00001366,ORD0000467,1,PROD00291,1,1085.95,0.0,1085.95
LINE00001367,ORD0000468,1,PROD00377,4,505.36,0.0,2021.44
LINE00001368,ORD0000469,1,PROD00258,5,639.37,639.37,2557.48
LINE00001369,ORD0000469,2,PROD00399,3,557.15,83.57,1587.88
LINE00001370,ORD0000469,3,PROD00063,1,223.46,0.0,223.46
LINE00001371,ORD0000469,4,PROD00028,4,28.78,0.0,115.12
LINE00001372,ORD0000470,1,PROD00008,6,369.92,0.0,2219.52
LINE00001373,ORD0000470,2,PROD00065,4,987.67,0.0,3950.68
LINE00001374,ORD0000471,1,PROD00345,1,1120.14,224.03,896.11
LINE00001375,ORD0000471,2,PROD00469,3,189.61,0.0,568.83
LINE00001376,ORD0000471,3,PROD00312,1,794.94,39.75,755.19
LINE00001377,ORD0000471,4,PROD00381,3,934.62,560.77,2243.09
LINE00001378,ORD0000472,1,PROD00275,4,1077.31,215.46,4093.78
LINE00001379,ORD0000472,2,PROD00396,4,457.78,91.56,1739.56
LINE00001380,ORD0000472,3,PROD00365,6,1119.18,1343.02,5372.06
LINE00001381,ORD0000473,1,PROD00143,4,738.76,0.0,2955.04
LINE00001382,ORD0000473,2,PROD00005,2,858.57,0.0,1717.14
LINE00001383,ORD0000473,3,PROD00429,1,11.03,0.0,11.03
LINE00001384,ORD0000474,1,PROD00135,2,913.25,91.33,1735.17
LINE00001385,ORD0000475,1,PROD00375,4,615.14,123.03,2337.53
LINE00001386,ORD0000475,2,PROD00124,1,25.6,1.28,24.32
LINE00001387,ORD0000476,1,PROD00076,2,232.62,0.0,465.24
LINE00001388,ORD0000476,2,PROD00351,3,1017.26,610.36,2441.42
LINE00001389,ORD0000476,3,PROD00247,5,829.32,0.0,4146.6
LINE00001390,ORD0000476,4,PROD00329,4,937.57,0.0,3750.28
LINE00001391,ORD0000476,5,PROD00369,6,173.84,0.0,1043.04
LINE00001392,ORD0000477,1,PROD00176,3,398.76,0.0,1196.28
LINE00001393,ORD0000477,2,PROD00208,3,146.74,22.01,418.21
LINE00001394,ORD0000478,1,PROD00418,4,649.11,129.82,2466.62
LINE00001395,ORD0000478,2,PROD00334,4,98.82,79.06,316.22
LINE00001396,ORD0000478,3,PROD00307,1,47.71,0.0,47.71
LINE00001397,ORD0000479,1,PROD00084,1,637.96,31.9,606.06
LINE00001398,ORD0000480,1,PROD00320,4,732.03,0.0,2928.12
LINE00001399,ORD0000480,2,PROD00491,2,752.47,0.0,1504.94
LINE00001400,ORD0000480,3,PROD00044,3,612.3,183.69,1653.21
LINE00001401,ORD0000481,1,PROD00329,1,158.43,15.84,142.59
LINE00001402,ORD0000481,2,PROD00045,6,469.75,0.0,2818.5
LINE00001403,ORD0000481,3,PROD00325,3,1164.32,0.0,3492.96
LINE00001404,ORD0000482,1,PROD00010,6,633.21,759.85,3039.41
LINE00001405,ORD0000482,2,PROD00396,5,579.7,144.93,2753.57
LINE00001406,ORD0000482,3,PROD00485,3,555.81,0.0,1667.43
LINE00001407,ORD0000483,1,PROD00377,1,613.21,0.0,613.21
LINE00001408,ORD0000483,2,PROD00252,6,664.12,0.0,3984.72
LINE00001409,ORD0000484,1,PROD00141,6,891.68,0.0,5350.08
LINE00001410,ORD0000485,1,PROD00164,4,645.51,516.41,2065.63
LINE00001411,ORD0000485,2,PROD00324,1,130.96,0.0,130.96
LINE00001412,ORD0000485,3,PROD00188,5,109.73,54.87,493.78
LINE00001413,ORD0000486,1,PROD00091,1,661.25,0.0,661.25
LINE00001414,ORD0000486,2,PROD00379,5,274.8,68.7,1305.3
LINE00001415,ORD0000486,3,PROD00024,3,1189.01,178.35,3388.68
LINE00001416,ORD0000487,1,PROD00128,4,1034.85,206.97,3932.43
LINE00001417,ORD0000488,1,PROD00025,4,795.02,0.0,3180.08
LINE00001418,ORD0000488,2,PROD00023,4,436.82,87.36,1659.92
LINE00001419,ORD0000489,1,PROD00250,3,948.98,284.69,2562.25
LINE00001420,ORD0000489,2,PROD00120,1,224.69,22.47,202.22
LINE00001421,ORD0000489,3,PROD00080,1,754.29,75.43,678.86
LINE00001422,ORD0000490,1,PROD00240,2,778.51,77.85,1479.17
LINE00001423,ORD0000490,2,PROD00307,3,504.99,302.99,1211.98
LINE00001424,ORD0000490,3,PROD00001,5,845.83,845.83,3383.32
LINE00001425,ORD0000490,4,PROD00060,4,835.75,0.0,3343.0
LINE00001426,ORD0000491,1,PROD00006,4,741.41,148.28,2817.36
LINE00001427,ORD0000491,2,PROD00207,5,1163.72,290.93,5527.67
LINE00001428,ORD0000491,3,PROD00441,1,106.51,21.3,85.21
LINE00001429,ORD0000491,4,PROD00067,5,228.31,114.16,1027.39
LINE00001430,ORD0000491,5,PROD00161,1,848.84,42.44,806.4
LINE00001431,ORD0000492,1,PROD00288,4,368.54,0.0,1474.16
LINE00001432,ORD0000492,2,PROD00165,2,31.72,3.17,60.27
LINE00001433,ORD0000492,3,PROD00194,2,1186.42,474.57,1898.27
LINE00001434,ORD0000492,4,PROD00297,2,139.9,0.0,279.8
LINE00001435,ORD0000492,5,PROD00209,2,604.41,120.88,1087.94
LINE00001436,ORD0000493,1,PROD00062,1,621.63,31.08,590.55
LINE00001437,ORD0000493,2,PROD00203,6,572.46,686.95,2747.81
LINE00001438,ORD0000493,3,PROD00462,5,521.21,0.0,2606.05
LINE00001439,ORD0000493,4,PROD00492,3,793.2,237.96,2141.64
LINE00001440,ORD0000493,5,PROD00351,4,1123.87,899.1,3596.38
LINE00001441,ORD0000494,1,PROD00457,2,39.24,7.85,70.63
LINE00001442,ORD0000494,2,PROD00397,5,798.92,0.0,3994.6
LINE00001443,ORD0000495,1,PROD00006,5,929.69,0.0,4648.45
LINE00001444,ORD0000495,2,PROD00274,2,960.71,0.0,1921.42
LINE00001445,ORD0000495,3,PROD00283,1,798.32,159.66,638.66
LINE00001446,ORD0000496,1,PROD00131,3,489.83,0.0,1469.49
LINE00001447,ORD0000496,2,PROD00369,6,351.36,0.0,2108.16
LINE00001448,ORD0000496,3,PROD00432,1,610.81,0.0,610.81
LINE00001449,ORD0000496,4,PROD00469,2,351.86,70.37,633.35
LINE00001450,ORD0000497,1,PROD00427,2,1105.96,221.19,1990.73
LINE00001451,ORD0000497,2,PROD00480,2,531.58,0.0,1063.16
LINE00001452,ORD0000497,3,PROD00260,4,1015.57,203.11,3859.17
LINE00001453,ORD0000497,4,PROD00299,2,349.82,34.98,664.66
LINE00001454,ORD0000497,5,PROD00071,6,753.44,0.0,4520.64
LINE00001455,ORD0000498,1,PROD00198,1,1126.94,0.0,1126.94
LINE00001456,ORD0000498,2,PROD00232,6,571.23,171.37,3256.01
LINE00001457,ORD0000498,3,PROD00116,6,117.09,0.0,702.54
LINE00001458,ORD0000498,4,PROD00494,3,56.93,0.0,170.79
LINE00001459,ORD0000498,5,PROD00034,4,1046.71,209.34,3977.5
LINE00001460,ORD0000499,1,PROD00055,3,386.62,0.0,1159.86
LINE00001461,ORD0000499,2,PROD00258,4,753.82,0.0,3015.28
LINE00001462,ORD0000499,3,PROD00010,3,768.41,0.0,2305.23
LINE00001463,ORD0000499,4,PROD00449,1,38.78,0.0,38.78
LINE00001464,ORD0000500,1,PROD00327,2,290.36,116.14,464.58
LINE00001465,ORD0000501,1,PROD00302,6,145.33,87.2,784.78
LINE00001466,ORD0000501,2,PROD00041,1,310.04,0.0,310.04
LINE00001467,ORD0000502,1,PROD00428,6,986.04,0.0,5916.24
LINE00001468,ORD0000503,1,PROD00326,2,135.19,54.08,216.3
LINE00001469,ORD0000503,2,PROD00298,5,1037.96,0.0,5189.8
LINE00001470,ORD0000503,3,PROD00481,2,561.95,56.2,1067.7
LINE00001471,ORD0000503,4,PROD00331,2,323.55,0.0,647.1
LINE00001472,ORD0000503,5,PROD00166,4,854.26,0.0,3417.04
LINE00001473,ORD0000504,1,PROD00452,1,623.66,124.73,498.93
LINE00001474,ORD0000504,2,PROD00456,3,514.4,154.32,1388.88
LINE00001475,ORD0000504,3,PROD00326,1,451.1,90.22,360.88
LINE00001476,ORD0000504,4,PROD00106,5,894.5,0.0,4472.5
LINE00001477,ORD0000505,1,PROD00159,3,747.14,112.07,2129.35
LINE00001478,ORD0000505,2,PROD00493,4,1061.33,849.06,3396.26
LINE00001479,ORD0000505,3,PROD00237,5,129.6,64.8,583.2
LINE00001480,ORD0000505,4,PROD00309,6,1194.59,0.0,7167.54
LINE00001481,ORD0000506,1,PROD00444,6,809.59,0.0,4857.54
LINE00001482,ORD0000506,2,PROD00483,5,947.08,0.0,4735.4
LINE00001483,ORD0000507,1,PROD00178,2,1012.17,101.22,1923.12
LINE00001484,ORD0000507,2,PROD00274,4,149.94,29.99,569.77
LINE00001485,ORD0000507,3,PROD00194,6,964.92,578.95,5210.57
LINE00001486,ORD0000507,4,PROD00194,5,1064.86,0.0,5324.3
LINE00001487,ORD0000507,5,PROD00298,4,496.66,198.66,1787.98
LINE00001488,ORD0000508,1,PROD00433,4,876.94,350.78,3156.98
LINE00001489,ORD0000509,1,PROD00446,2,875.8,87.58,1664.02
LINE00001490,ORD0000509,2,PROD00430,4,810.5,648.4,2593.6
LINE00001491,ORD0000509,3,PROD00357,5,975.13,243.78,4631.87
LINE00001492,ORD0000509,4,PROD00475,4,429.33,0.0,1717.32
LINE00001493,ORD0000509,5,PROD00431,5,881.34,0.0,4406.7
LINE00001494,ORD0000510,1,PROD00308,4,533.57,0.0,2134.28
LINE00001495,ORD0000510,2,PROD00110,4,591.08,118.22,2246.1
LINE00001496,ORD0000510,3,PROD00260,6,800.12,960.14,3840.58
LINE00001497,ORD0000510,4,PROD00163,-3,51.89,-7.78,-147.89
LINE00001498,ORD0000510,5,PROD00269,1,880.18,44.01,836.17
LINE00001499,ORD0000511,1,PROD00400,2,788.51,0.0,1577.02
LINE00001500,ORD0000511,2,PROD00290,4,285.83,0.0,1143.32
LINE00001501,ORD0000512,1,PROD00354,3,563.81,0.0,1691.43
LINE00001502,ORD0000512,2,PROD00090,1,1112.28,222.46,889.82
LINE00001503,ORD0000513,1,PROD00418,4,677.06,135.41,2572.83
LINE00001504,ORD0000513,2,PROD00126,3,541.31,81.2,1542.73
LINE00001505,ORD0000513,3,PROD00134,6,983.79,0.0,5902.74
LINE00001506,ORD0000513,4,PROD00387,4,8.61,6.89,27.55
LINE00001507,ORD0000514,1,PROD00450,2,102.22,10.22,194.22
LINE00001508,ORD0000514,2,PROD00112,2,166.68,0.0,333.36
LINE00001509,ORD0000514,3,PROD00409,1,767.64,76.76,690.88
LINE00001510,ORD0000515,1,PROD00410,6,674.75,0.0,4048.5
LINE00001511,ORD0000515,2,PROD00085,6,611.96,0.0,3671.76
LINE00001512,ORD0000515,3,PROD00302,6,932.0,0.0,5592.0
LINE00001513,ORD0000515,4,PROD00398,6,981.1,0.0,5886.6
LINE00001514,ORD0000516,1,PROD00029,4,744.1,0.0,2976.4
LINE00001515,ORD0000516,2,PROD00256,5,629.53,0.0,3147.65
LINE00001516,ORD0000516,3,PROD00375,6,43.1,25.86,232.74
LINE00001517,ORD0000516,4,PROD00345,5,872.11,872.11,3488.44
LINE00001518,ORD0000517,1,PROD00097,6,17.13,0.0,102.78
LINE00001519,ORD0000517,2,PROD00178,6,796.37,0.0,4778.22
LINE00001520,ORD0000517,3,PROD00151,6,342.03,0.0,2052.18
LINE00001521,ORD0000517,4,PROD00159,5,99.09,24.77,470.68
LINE00001522,ORD0000517,5,PROD00498,4,8.65,3.46,31.14
LINE00001523,ORD0000518,1,PROD00064,5,892.36,223.09,4238.71
LINE00001524,ORD0000518,2,PROD00151,1,845.4,0.0,845.4
LINE00001525,ORD0000518,3,PROD00425,5,636.48,0.0,3182.4
LINE00001526,ORD0000519,1,PROD00217,4,291.33,0.0,1165.32
LINE00001527,ORD0000519,2,PROD00440,3,997.3,598.38,2393.52
LINE00001528,ORD0000519,3,PROD00054,1,1164.06,0.0,1164.06
LINE00001529,ORD0000519,4,PROD00357,4,1120.51,896.41,3585.63
LINE00001530,ORD0000519,5,PROD00092,6,927.99,278.4,5289.54
LINE00001531,ORD0000520,1,PROD00084,1,609.01,30.45,578.56
LINE00001532,ORD0000520,2,PROD00043,5,799.35,0.0,3996.75
LINE00001533,ORD0000520,3,PROD00191,6,299.68,0.0,1798.08
LINE00001534,ORD0000521,1,PROD00347,4,541.34,0.0,2165.36
LINE00001535,ORD0000521,2,PROD00061,5,96.56,24.14,458.66
LINE00001536,ORD0000521,3,PROD00403,4,137.88,0.0,551.52
LINE00001537,ORD0000521,4,PROD00411,3,860.4,258.12,2323.08
LINE00001538,ORD0000522,1,PROD00244,2,861.13,0.0,1722.26
LINE00001539,ORD0000522,2,PROD00282,1,1092.52,109.25,983.27
LINE00001540,ORD0000522,3,PROD00089,6,1172.89,0.0,7037.34
LINE00001541,ORD0000522,4,PROD00299,1,294.54,29.45,265.09
LINE00001542,ORD0000522,5,PROD00018,6,480.12,0.0,2880.72
LINE00001543,ORD0000523,1,PROD00047,3,464.82,278.89,1115.57
LINE00001544,ORD0000523,2,PROD00481,4,289.32,0.0,1157.28
LINE00001545,ORD0000524,1,PROD00143,6,311.83,0.0,1870.98
LINE00001546,ORD0000524,2,PROD00187,4,1003.32,0.0,4013.28
LINE00001547,ORD0000524,3,PROD00491,3,396.56,0.0,1189.68
LINE00001548,ORD0000524,4,PROD00187,2,1031.96,0.0,2063.92
LINE00001549,ORD0000525,1,PROD00382,1,500.96,0.0,500.96
LINE00001550,ORD0000525,2,PROD00211,5,109.11,109.11,436.44
LINE00001551,ORD0000525,3,PROD00101,4,236.1,188.88,755.52
LINE00001552,ORD0000525,4,PROD00211,4,243.77,97.51,877.57
LINE00001553,ORD0000525,5,PROD00171,6,372.74,111.82,2124.62
LINE00001554,ORD0000526,1,PROD00135,1,538.51,0.0,538.51
LINE00001555,ORD0000527,1,PROD00434,3,219.33,0.0,657.99
LINE00001556,ORD0000527,2,PROD00045,6,6.72,4.03,36.29
LINE00001557,ORD0000528,1,PROD00237,3,281.05,0.0,843.15
LINE00001558,ORD0000528,2,PROD00223,1,969.44,193.89,775.55
LINE00001559,ORD0000528,3,PROD00400,5,515.27,515.27,2061.08
LINE00001560,ORD0000528,4,PROD00321,6,578.46,347.08,3123.68
LINE00001561,ORD0000529,1,PROD00408,2,321.37,0.0,642.74
LINE00001562,ORD0000530,1,PROD00281,2,332.47,0.0,664.94
LINE00001563,ORD0000530,2,PROD00034,4,333.27,133.31,1199.77
LINE00001564,ORD0000530,3,PROD00178,6,985.53,0.0,5913.18
LINE00001565,ORD0000531,1,PROD00101,5,25.69,0.0,128.45
LINE00001566,ORD0000532,1,PROD00142,6,909.48,545.69,4911.19
LINE00001567,ORD0000532,2,PROD00481,1,1137.29,56.86,1080.43
LINE00001568,ORD0000532,3,PROD00365,2,720.3,144.06,1296.54
LINE00001569,ORD0000533,1,PROD00051,6,879.51,0.0,5277.06
LINE00001570,ORD0000533,2,PROD00044,2,178.01,17.8,338.22
LINE00001571,ORD0000533,3,PROD00336,1,46.27,4.63,41.64
LINE00001572,ORD0000534,1,PROD00393,1,1039.42,51.97,987.45
LINE00001573,ORD0000534,2,PROD00495,3,1175.2,0.0,3525.6
LINE00001574,ORD0000534,3,PROD00365,5,322.01,80.5,1529.55
LINE00001575,ORD0000534,4,PROD00051,1,880.8,88.08,792.72
LINE00001576,ORD0000534,5,PROD00009,5,962.0,962.0,3848.0
LINE00001577,ORD0000535,1,PROD00197,1,1116.13,0.0,1116.13
LINE00001578,ORD0000535,2,PROD00377,2,290.77,116.31,465.23
LINE00001579,ORD0000535,3,PROD00066,2,792.28,79.23,1505.33
LINE00001580,ORD0000536,1,PROD00447,5,1196.11,0.0,5980.55
LINE00001581,ORD0000536,2,PROD00383,5,517.05,129.26,2455.99
LINE00001582,ORD0000536,3,PROD00442,1,137.79,27.56,110.23
LINE00001583,ORD0000537,1,PROD00381,2,851.4,170.28,1532.52
LINE00001584,ORD0000537,2,PROD00466,1,172.3,34.46,137.84
LINE00001585,ORD0000537,3,PROD00219,2,8.11,0.0,16.22
LINE00001586,ORD0000537,4,PROD00058,2,1045.8,209.16,1882.44
LINE00001587,ORD0000537,5,PROD00319,5,258.16,258.16,1032.64
LINE00001588,ORD0000538,1,PROD00253,3,440.04,66.01,1254.11
LINE00001589,ORD0000538,2,PROD00205,5,111.69,27.92,530.53
LINE00001590,ORD0000539,1,PROD00005,6,859.78,257.93,4900.75
LINE00001591,ORD0000540,1,PROD00242,5,972.64,0.0,4863.2
LINE00001592,ORD0000540,2,PROD00122,2,737.46,0.0,1474.92
LINE00001593,ORD0000540,3,PROD00168,2,1135.39,454.16,1816.62
LINE00001594,ORD0000540,4,PROD00108,5,151.83,151.83,607.32
LINE00001595,ORD0000541,1,PROD00127,2,103.37,0.0,206.74
LINE00001596,ORD0000541,2,PROD00387,3,520.97,312.58,1250.33
LINE00001597,ORD0000541,3,PROD00071,5,1030.61,1030.61,4122.44
LINE00001598,ORD0000542,1,PROD00012,3,839.18,503.51,2014.03
LINE00001599,ORD0000542,2,PROD00015,3,863.9,518.34,2073.36
LINE00001600,ORD0000542,3,PROD00407,5,308.15,0.0,1540.75
LINE00001601,ORD0000543,1,PROD00282,6,598.23,179.47,3409.91
LINE00001602,ORD0000543,2,PROD00276,2,640.57,128.11,1153.03
LINE00001603,ORD0000543,3,PROD00066,2,97.64,39.06,156.22
LINE00001604,ORD0000543,4,PROD00083,3,346.09,103.83,934.44
LINE00001605,ORD0000544,1,PROD00307,4,237.54,0.0,950.16
LINE00001606,ORD0000545,1,PROD00437,1,258.26,12.91,245.35
LINE00001607,ORD0000545,2,PROD00492,6,345.39,414.47,1657.87
LINE00001608,ORD0000545,3,PROD00450,6,768.62,230.59,4381.13
LINE00001609,ORD0000545,4,PROD00084,2,174.11,69.64,278.58
LINE00001610,ORD0000546,1,PROD00082,2,1149.81,0.0,2299.62
LINE00001611,ORD0000546,2,PROD00372,4,243.94,97.58,878.18
LINE00001612,ORD0000547,1,PROD00082,4,617.37,0.0,2469.48
LINE00001613,ORD0000547,2,PROD00176,3,305.39,0.0,916.17
LINE00001614,ORD0000548,1,PROD00144,5,934.54,467.27,4205.43
LINE00001615,ORD0000548,2,PROD00143,4,419.87,0.0,1679.48
LINE00001616,ORD0000549,1,PROD00227,4,343.22,0.0,1372.88
LINE00001617,ORD0000549,2,PROD00138,4,378.06,0.0,1512.24
LINE00001618,ORD0000549,3,PROD00301,1,9.18,0.46,8.72
LINE00001619,ORD0000550,1,PROD00354,6,879.89,263.97,5015.37
LINE00001620,ORD0000550,2,PROD00112,3,223.09,0.0,669.27
LINE00001621,ORD0000550,3,PROD00066,2,696.94,278.78,1115.1
LINE00001622,ORD0000551,1,PROD00276,3,1003.82,602.29,2409.17
LINE00001623,ORD0000551,2,PROD00061,2,336.92,0.0,673.84
LINE00001624,ORD0000551,3,PROD00164,5,1140.9,0.0,5704.5
LINE00001625,ORD0000552,1,PROD00231,5,784.25,392.12,3529.13
LINE00001626,ORD0000553,1,PROD00253,3,1106.9,0.0,3320.7
LINE00001627,ORD0000553,2,PROD00381,2,861.81,0.0,1723.62
LINE00001628,ORD0000553,3,PROD00467,3,804.22,0.0,2412.66
LINE00001629,ORD0000553,4,PROD00406,4,511.1,0.0,2044.4
LINE00001630,ORD0000554,1,PROD00096,1,848.57,0.0,848.57
LINE00001631,ORD0000555,1,PROD00228,3,238.25,35.74,679.01
LINE00001632,ORD0000556,1,PROD00281,3,737.09,0.0,2211.27
LINE00001633,ORD0000557,1,PROD00300,2,341.69,0.0,683.38
LINE00001634,ORD0000557,2,PROD00089,2,518.43,0.0,1036.86
LINE00001635,ORD0000557,3,PROD00348,5,1046.44,1046.44,4185.76
LINE00001636,ORD0000557,4,PROD00282,2,11.94,1.19,22.69
LINE00001637,ORD0000558,1,PROD00438,6,66.34,39.8,358.24
LINE00001638,ORD0000558,2,PROD00371,1,612.91,0.0,612.91
LINE00001639,ORD0000559,1,PROD00305,6,605.16,0.0,3630.96
LINE00001640,ORD0000559,2,PROD00088,5,619.73,0.0,3098.65
LINE00001641,ORD0000559,3,PROD00183,1,698.43,0.0,698.43
LINE00001642,ORD0000559,4,PROD00332,2,753.21,0.0,1506.42
LINE00001643,ORD0000560,1,PROD00326,3,921.93,0.0,2765.79
LINE00001644,ORD0000560,2,PROD00290,3,816.09,122.41,2325.86
LINE00001645,ORD0000560,3,PROD00081,1,257.84,51.57,206.27
LINE00001646,ORD0000560,4,PROD00067,4,1039.06,415.62,3740.62
LINE00001647,ORD0000560,5,PROD00006,5,1015.82,507.91,4571.19
LINE00001648,ORD0000561,1,PROD00408,3,108.86,0.0,326.58
LINE00001649,ORD0000561,2,PROD00246,6,1096.82,0.0,6580.92
LINE00001650,ORD0000562,1,PROD00433,5,1109.77,0.0,5548.85
LINE00001651,ORD0000562,2,PROD00500,3,1005.84,301.75,2715.77
LINE00001652,ORD0000562,3,PROD00127,5,994.76,497.38,4476.42
LINE00001653,ORD0000562,4,PROD00415,3,947.65,568.59,2274.36
LINE00001654,ORD0000562,5,PROD00087,6,802.61,0.0,4815.66
LINE00001655,ORD0000563,1,PROD00154,1,282.28,0.0,282.28
LINE00001656,ORD0000563,2,PROD00240,1,663.39,132.68,530.71
LINE00001657,ORD0000563,3,PROD00120,4,772.0,0.0,3088.0
LINE00001658,ORD0000563,4,PROD00252,4,927.77,0.0,3711.08
LINE00001659,ORD0000564,1,PROD00278,3,63.82,9.57,181.89
LINE00001660,ORD0000565,1,PROD00260,2,355.96,0.0,711.92
LINE00001661,ORD0000565,2,PROD00408,5,1069.5,534.75,4812.75
LINE00001662,ORD0000565,3,PROD00083,5,446.17,223.09,2007.76
LINE00001663,ORD0000566,1,PROD00044,5,395.24,0.0,1976.2
LINE00001664,ORD0000567,1,PROD00214,2,777.11,155.42,1398.8
LINE00001665,ORD0000567,2,PROD00494,4,1155.01,0.0,4620.04
LINE00001666,ORD0000568,1,PROD00495,5,749.71,187.43,3561.12
LINE00001667,ORD0000568,2,PROD00471,6,351.26,0.0,2107.56
LINE00001668,ORD0000568,3,PROD00057,1,127.85,6.39,121.46
LINE00001669,ORD0000568,4,PROD00121,3,1190.93,0.0,3572.79
LINE00001670,ORD0000568,5,PROD00369,4,358.36,143.34,1290.1
LINE00001671,ORD0000569,1,PROD00177,2,568.12,227.25,908.99
LINE00001672,ORD0000569,2,PROD00398,5,809.42,809.42,3237.68
LINE00001673,ORD0000569,3,PROD00162,1,907.03,0.0,907.03
LINE00001674,ORD0000569,4,PROD00143,5,693.09,346.55,3118.9
LINE00001675,ORD0000570,1,PROD00358,6,248.49,0.0,1490.94
LINE00001676,ORD0000570,2,PROD00353,2,1183.05,473.22,1892.88
LINE00001677,ORD0000570,3,PROD00219,4,651.47,521.18,2084.7
LINE00001678,ORD0000570,4,PROD00160,6,590.83,0.0,3544.98
LINE00001679,ORD0000570,5,PROD00421,6,1033.16,1239.79,4959.17
LINE00001680,ORD0000571,1,PROD00345,6,916.36,0.0,5498.16
LINE00001681,ORD0000571,2,PROD00389,5,1108.13,554.07,4986.58
LINE00001682,ORD0000571,3,PROD00404,3,964.82,0.0,2894.46
LINE00001683,ORD0000571,4,PROD00446,5,365.91,365.91,1463.64
LINE00001684,ORD0000571,5,PROD00240,6,598.54,0.0,3591.24
LINE00001685,ORD0000572,1,PROD00330,5,975.65,975.65,3902.6
LINE00001686,ORD0000573,1,PROD00206,2,442.97,0.0,885.94
LINE00001687,ORD0000574,1,PROD00321,3,750.77,0.0,2252.31
LINE00001688,ORD0000574,2,PROD00006,4,219.55,0.0,878.2
LINE00001689,ORD0000575,1,PROD00273,6,108.56,0.0,651.36
LINE00001690,ORD0000575,2,PROD00223,6,1117.46,1340.95,5363.81
LINE00001691,ORD0000575,3,PROD00338,4,300.89,0.0,1203.56
LINE00001692,ORD0000576,1,PROD00029,6,269.39,80.82,1535.52
LINE00001693,ORD0000576,2,PROD00156,4,136.35,0.0,545.4
LINE00001694,ORD0000576,3,PROD00058,2,1030.62,0.0,2061.24
LINE00001695,ORD0000577,1,PROD00314,5,746.7,0.0,3733.5
LINE00001696,ORD0000577,2,PROD00320,3,718.9,0.0,2156.7
LINE00001697,ORD0000577,3,PROD00167,2,871.62,87.16,1656.08
LINE00001698,ORD0000577,4,PROD00244,6,698.89,0.0,4193.34
LINE00001699,ORD0000577,5,PROD00200,2,283.17,113.27,453.07
LINE00001700,ORD0000578,1,PROD00115,3,660.72,0.0,1982.16
LINE00001701,ORD0000578,2,PROD00462,1,265.51,13.28,252.23
LINE00001702,ORD0000578,3,PROD00001,3,32.72,19.63,78.53
LINE00001703,ORD0000578,4,PROD00030,6,115.95,69.57,626.13
LINE00001704,ORD0000579,1,PROD00127,1,10.74,0.54,10.2
LINE00001705,ORD0000580,1,PROD00121,2,221.5,0.0,443.0
LINE00001706,ORD0000580,2,PROD00495,2,464.4,0.0,928.8
LINE00001707,ORD0000580,3,PROD00042,5,988.53,0.0,4942.65
LINE00001708,ORD0000580,4,PROD00337,6,619.04,742.85,2971.39
LINE00001709,ORD0000580,5,PROD00250,5,149.01,74.5,670.55
LINE00001710,ORD0000581,1,PROD00034,6,798.39,0.0,4790.34
LINE00001711,ORD0000581,2,PROD00146,4,719.75,0.0,2879.0
LINE00001712,ORD0000581,3,PROD00463,2,483.84,96.77,870.91
LINE00001713,ORD0000581,4,PROD00139,1,1071.54,0.0,1071.54
LINE00001714,ORD0000581,5,PROD00274,3,724.93,0.0,2174.79
LINE00001715,ORD0000582,1,PROD00316,2,39.2,0.0,78.4
LINE00001716,ORD0000582,2,PROD00312,3,64.04,0.0,192.12
LINE00001717,ORD0000582,3,PROD00214,1,44.98,0.0,44.98
LINE00001718,ORD0000582,4,PROD00277,5,394.42,197.21,1774.89
LINE00001719,ORD0000582,5,PROD00111,1,725.44,145.09,580.35
LINE00001720,ORD0000583,1,PROD00302,2,107.48,10.75,204.21
LINE00001721,ORD0000583,2,PROD00148,2,470.28,47.03,893.53
LINE00001722,ORD0000584,1,PROD00229,6,289.0,0.0,1734.0
LINE00001723,ORD0000585,1,PROD00291,1,407.44,40.74,366.7
LINE00001724,ORD0000585,2,PROD00143,1,788.3,39.41,748.89
LINE00001725,ORD0000585,3,PROD00193,1,621.49,0.0,621.49
LINE00001726,ORD0000586,1,PROD00227,1,73.58,0.0,73.58
LINE00001727,ORD0000586,2,PROD00010,5,454.14,0.0,2270.7
LINE00001728,ORD0000586,3,PROD00277,3,728.34,0.0,2185.02
LINE00001729,ORD0000586,4,PROD00256,4,397.15,317.72,1270.88
LINE00001730,ORD0000587,1,PROD00183,5,329.48,329.48,1317.92
LINE00001731,ORD0000587,2,PROD00097,6,641.91,385.15,3466.31
LINE00001732,ORD0000587,3,PROD00223,1,632.65,126.53,506.12
LINE00001733,ORD0000588,1,PROD00453,6,861.59,0.0,5169.54
LINE00001734,ORD0000588,2,PROD00471,5,1157.66,0.0,5788.3
LINE00001735,ORD0000588,3,PROD00407,4,1146.77,0.0,4587.08
LINE00001736,ORD0000588,4,PROD00265,2,923.91,92.39,1755.43
LINE00001737,ORD0000589,1,PROD00241,5,879.84,0.0,4399.2
LINE00001738,ORD0000589,2,PROD00380,6,1107.38,1328.86,5315.42
LINE00001739,ORD0000589,3,PROD00322,5,1048.46,1048.46,4193.84
LINE00001740,ORD0000589,4,PROD00042,6,289.76,0.0,1738.56
LINE00001741,ORD0000589,5,PROD00418,5,559.9,559.9,2239.6
LINE00001742,ORD0000590,1,PROD00062,1,591.18,59.12,532.06
LINE00001743,ORD0000590,2,PROD00128,4,887.61,0.0,3550.44
LINE00001744,ORD0000591,1,PROD00279,3,405.82,121.75,1095.71
LINE00001745,ORD0000591,2,PROD00367,1,106.41,21.28,85.13
LINE00001746,ORD0000592,1,PROD00226,6,144.01,172.81,691.25
LINE00001747,ORD0000592,2,PROD00436,4,505.26,0.0,2021.04
LINE00001748,ORD0000592,3,PROD00258,1,656.89,32.84,624.05
LINE00001749,ORD0000592,4,PROD00200,3,376.71,0.0,1130.13
LINE00001750,ORD0000592,5,PROD00408,4,524.51,419.61,1678.43
LINE00001751,ORD0000593,1,PROD00483,1,308.48,61.7,246.78
LINE00001752,ORD0000594,1,PROD00162,3,731.88,109.78,2085.86
LINE00001753,ORD0000594,2,PROD00132,4,115.49,0.0,461.96
LINE00001754,ORD0000595,1,PROD00291,3,656.35,98.45,1870.6
LINE00001755,ORD0000595,2,PROD00045,6,1173.97,0.0,7043.82
LINE00001756,ORD0000595,3,PROD00294,5,472.18,0.0,2360.9
LINE00001757,ORD0000596,1,PROD00425,1,1164.52,0.0,1164.52
LINE00001758,ORD0000596,2,PROD00355,6,845.88,0.0,5075.28
LINE00001759,ORD0000596,3,PROD00156,5,1148.43,0.0,5742.15
LINE00001760,ORD0000596,4,PROD00217,6,364.34,218.6,1967.44
LINE00001761,ORD0000596,5,PROD00075,2,780.75,0.0,1561.5
LINE00001762,ORD0000597,1,PROD00463,4,422.49,169.0,1520.96
LINE00001763,ORD0000598,1,PROD00112,4,980.94,784.75,3139.01
LINE00001764,ORD0000598,2,PROD00025,5,1171.51,1171.51,4686.04
LINE00001765,ORD0000598,3,PROD00381,4,1081.31,216.26,4108.98
LINE00001766,ORD0000598,4,PROD00078,4,585.85,468.68,1874.72
LINE00001767,ORD0000598,5,PROD00008,3,774.9,0.0,2324.7
LINE00001768,ORD0000599,1,PROD00247,1,1006.13,0.0,1006.13
LINE00001769,ORD0000599,2,PROD00208,5,714.5,0.0,3572.5
LINE00001770,ORD0000600,1,PROD00143,5,83.51,0.0,417.55
LINE00001771,ORD0000600,2,PROD00225,3,909.74,136.46,2592.76
LINE00001772,ORD0000600,3,PROD00168,5,284.37,0.0,1421.85
LINE00001773,ORD0000601,1,PROD00377,6,957.93,287.38,5460.2
LINE00001774,ORD0000602,1,PROD00072,1,1049.9,104.99,944.91
LINE00001775,ORD0000602,2,PROD00213,2,554.13,55.41,1052.85
LINE00001776,ORD0000602,3,PROD00331,2,251.55,50.31,452.79
LINE00001777,ORD0000602,4,PROD00001,2,432.96,43.3,822.62
LINE00001778,ORD0000602,5,PROD00491,1,556.03,111.21,444.82
LINE00001779,ORD0000603,1,PROD00172,2,1031.7,0.0,2063.4
LINE00001780,ORD0000603,2,PROD00066,5,85.47,0.0,427.35
LINE00001781,ORD0000603,3,PROD00336,4,122.81,0.0,491.24
LINE00001782,ORD0000603,4,PROD00472,3,1125.62,168.84,3208.02
LINE00001783,ORD0000604,1,PROD00066,1,807.46,80.75,726.71
LINE00001784,ORD0000605,1,PROD00330,2,777.1,0.0,1554.2
LINE00001785,ORD0000605,2,PROD00086,6,1088.99,0.0,6533.94
LINE00001786,ORD0000606,1,PROD00425,6,271.19,0.0,1627.14
LINE00001787,ORD0000606,2,PROD00159,6,481.87,578.24,2312.98
LINE00001788,ORD0000606,3,PROD00279,1,938.11,0.0,938.11
LINE00001789,ORD0000607,1,PROD00175,2,282.78,0.0,565.56
LINE00001790,ORD0000607,2,PROD00113,4,357.55,143.02,1287.18
LINE00001791,ORD0000607,3,PROD00487,3,1020.91,0.0,3062.73
LINE00001792,ORD0000608,1,PROD00055,4,410.68,328.54,1314.18
LINE00001793,ORD0000608,2,PROD00122,5,314.07,0.0,1570.35
LINE00001794,ORD0000608,3,PROD00057,4,348.79,0.0,1395.16
LINE00001795,ORD0000608,4,PROD00446,3,184.38,110.63,442.51
LINE00001796,ORD0000608,5,PROD00488,5,500.87,0.0,2504.35
LINE00001797,ORD0000609,1,PROD00197,4,903.25,180.65,3432.35
LINE00001798,ORD0000609,2,PROD00368,2,781.11,0.0,1562.22
LINE00001799,ORD0000609,3,PROD00083,1,252.95,0.0,252.95
LINE00001800,ORD0000609,4,PROD00366,1,523.68,52.37,471.31
LINE00001801,ORD0000609,5,PROD00049,5,60.38,0.0,301.9
LINE00001802,ORD0000610,1,PROD00426,2,1043.86,0.0,2087.72
LINE00001803,ORD0000610,2,PROD00173,6,989.25,0.0,5935.5
LINE00001804,ORD0000610,3,PROD00045,4,319.11,255.29,1021.15
LINE00001805,ORD0000610,4,PROD00052,2,1137.77,0.0,2275.54
LINE00001806,ORD0000610,5,PROD00098,2,129.09,25.82,232.36
LINE00001807,ORD0000611,1,PROD00040,3,23.18,13.91,55.63
LINE00001808,ORD0000611,2,PROD00304,4,692.18,0.0,2768.72
LINE00001809,ORD0000612,1,PROD00176,3,1192.57,715.54,2862.17
LINE00001810,ORD0000612,2,PROD00459,6,442.02,132.61,2519.51
LINE00001811,ORD0000612,3,PROD00387,4,885.56,354.22,3188.02
LINE00001812,ORD0000613,1,PROD00232,2,415.87,41.59,790.15
LINE00001813,ORD0000613,2,PROD00384,1,127.39,0.0,127.39
LINE00001814,ORD0000613,3,PROD00500,2,56.63,0.0,113.26
LINE00001815,ORD0000613,4,PROD00355,3,829.51,124.43,2364.1
LINE00001816,ORD0000614,1,PROD00175,1,760.31,38.02,722.29
LINE00001817,ORD0000614,2,PROD00370,4,416.69,166.68,1500.08
LINE00001818,ORD0000614,3,PROD00025,2,253.79,0.0,507.58
LINE00001819,ORD0000615,1,PROD00067,2,354.6,0.0,709.2
LINE00001820,ORD0000615,2,PROD00047,2,1161.65,116.17,2207.13
LINE00001821,ORD0000616,1,PROD00339,4,376.78,0.0,1507.12
LINE00001822,ORD0000616,2,PROD00183,6,235.17,282.2,1128.82
LINE00001823,ORD0000616,3,PROD00318,1,974.25,97.43,876.82
LINE00001824,ORD0000616,4,PROD00470,4,754.12,0.0,3016.48
LINE00001825,ORD0000617,1,PROD00491,1,87.11,0.0,87.11
LINE00001826,ORD0000618,1,PROD00430,2,533.11,0.0,1066.22
LINE00001827,ORD0000618,2,PROD00109,5,1117.72,558.86,5029.74
LINE00001828,ORD0000618,3,PROD00220,6,71.38,21.41,406.87
LINE00001829,ORD0000618,4,PROD00325,6,311.71,0.0,1870.26
LINE00001830,ORD0000618,5,PROD00373,6,839.59,0.0,5037.54
LINE00001831,ORD0000619,1,PROD00442,4,1104.61,883.69,3534.75
LINE00001832,ORD0000620,1,PROD00314,1,52.93,0.0,52.93
LINE00001833,ORD0000620,2,PROD00393,1,41.91,8.38,33.53
LINE00001834,ORD0000621,1,PROD00096,4,47.86,0.0,191.44
LINE00001835,ORD0000621,2,PROD00300,6,1108.6,0.0,6651.6
LINE00001836,ORD0000621,3,PROD00274,3,994.52,149.18,2834.38
LINE00001837,ORD0000622,1,PROD00103,6,418.95,0.0,2513.7
LINE00001838,ORD0000622,2,PROD00108,5,1011.03,0.0,5055.15
LINE00001839,ORD0000622,3,PROD00070,4,824.35,0.0,3297.4
LINE00001840,ORD0000622,4,PROD00118,4,928.16,371.26,3341.38
LINE00001841,ORD0000623,1,PROD00086,2,886.7,0.0,1773.4
LINE00001842,ORD0000623,2,PROD00158,3,948.14,0.0,2844.42
LINE00001843,ORD0000623,3,PROD00444,3,636.92,191.08,1719.68
LINE00001844,ORD0000623,4,PROD00307,1,592.6,29.63,562.97
LINE00001845,ORD0000623,5,PROD00237,6,854.47,0.0,5126.82
LINE00001846,ORD0000624,1,PROD00293,4,380.78,0.0,1523.12
LINE00001847,ORD0000624,2,PROD00284,3,1155.31,0.0,3465.93
LINE00001848,ORD0000624,3,PROD00121,5,124.52,31.13,591.47
LINE00001849,ORD0000624,4,PROD00395,1,203.6,40.72,162.88
LINE00001850,ORD0000625,1,PROD00233,3,822.06,0.0,2466.18
LINE00001851,ORD0000625,2,PROD00497,3,700.45,420.27,1681.08
LINE00001852,ORD0000625,3,PROD00018,1,1139.22,56.96,1082.26
LINE00001853,ORD0000626,1,PROD00279,3,816.45,122.47,2326.88
LINE00001854,ORD0000626,2,PROD00081,6,1138.49,683.09,6147.85
LINE00001855,ORD0000626,3,PROD00366,2,200.21,80.08,320.34
LINE00001856,ORD0000626,4,PROD00294,3,816.44,489.86,1959.46
LINE00001857,ORD0000626,5,PROD00408,3,337.73,202.64,810.55
LINE00001858,ORD0000627,1,PROD00403,5,368.0,0.0,1840.0
LINE00001859,ORD0000627,2,PROD00406,6,477.12,286.27,2576.45
LINE00001860,ORD0000627,3,PROD00042,6,375.92,0.0,2255.52
LINE00001861,ORD0000628,1,PROD00238,2,146.07,0.0,292.14
LINE00001862,ORD0000628,2,PROD00048,2,746.66,149.33,1343.99
LINE00001863,ORD0000628,3,PROD00029,3,163.35,98.01,392.04
LINE00001864,ORD0000629,1,PROD00044,1,267.2,26.72,240.48
LINE00001865,ORD0000629,2,PROD00067,3,285.0,85.5,769.5
LINE00001866,ORD0000629,3,PROD00340,4,486.85,0.0,1947.4
LINE00001867,ORD0000629,4,PROD00109,4,142.74,0.0,570.96
LINE00001868,ORD0000630,1,PROD00379,3,390.47,0.0,1171.41
LINE00001869,ORD0000630,2,PROD00371,6,1105.04,0.0,6630.24
LINE00001870,ORD0000630,3,PROD00227,5,935.04,0.0,4675.2
LINE00001871,ORD0000630,4,PROD00422,2,1007.44,0.0,2014.88
LINE00001872,ORD0000630,5,PROD00327,4,953.8,190.76,3624.44
LINE00001873,ORD0000631,1,PROD00236,1,1132.85,226.57,906.28
LINE00001874,ORD0000631,2,PROD00314,5,36.54,18.27,164.43
LINE00001875,ORD0000632,1,PROD00083,3,483.4,72.51,1377.69
LINE00001876,ORD0000632,2,PROD00496,1,858.73,0.0,858.73
LINE00001877,ORD0000633,1,PROD00045,5,143.32,71.66,644.94
LINE00001878,ORD0000633,2,PROD00488,6,940.88,564.53,5080.75
LINE00001879,ORD0000634,1,PROD00479,5,1119.49,559.75,5037.7
LINE00001880,ORD0000634,2,PROD00262,6,679.5,0.0,4077.0
LINE00001881,ORD0000635,1,PROD00121,6,387.95,116.38,2211.32
LINE00001882,ORD0000635,2,PROD00327,5,602.93,301.46,2713.19
LINE00001883,ORD0000636,1,PROD00201,3,18.03,0.0,54.09
LINE00001884,ORD0000636,2,PROD00351,5,147.17,0.0,735.85
LINE00001885,ORD0000636,3,PROD00236,1,321.82,0.0,321.82
LINE00001886,ORD0000637,1,PROD00209,3,477.36,286.42,1145.66
LINE00001887,ORD0000637,2,PROD00386,2,90.32,36.13,144.51
LINE00001888,ORD0000637,3,PROD00237,4,1111.53,889.22,3556.9
LINE00001889,ORD0000637,4,PROD00419,6,216.7,0.0,1300.2
LINE00001890,ORD0000637,5,PROD00138,5,994.7,0.0,4973.5
LINE00001891,ORD0000638,1,PROD00043,4,1042.86,0.0,4171.44
LINE00001892,ORD0000638,2,PROD00304,6,1015.83,0.0,6094.98
LINE00001893,ORD0000638,3,PROD00333,5,545.61,0.0,2728.05
LINE00001894,ORD0000639,1,PROD00384,1,358.78,17.94,340.84
LINE00001895,ORD0000640,1,PROD00167,2,655.19,0.0,1310.38
LINE00001896,ORD0000640,2,PROD00046,3,403.7,0.0,1211.1
LINE00001897,ORD0000641,1,PROD00465,6,175.02,0.0,1050.12
LINE00001898,ORD0000641,2,PROD00332,5,1169.06,584.53,5260.77
LINE00001899,ORD0000642,1,PROD00041,3,674.01,0.0,2022.03
LINE00001900,ORD0000642,2,PROD00449,2,1166.42,0.0,2332.84
LINE00001901,ORD0000642,3,PROD00294,5,297.83,148.91,1340.24
LINE00001902,ORD0000642,4,PROD00013,5,743.07,0.0,3715.35
LINE00001903,ORD0000642,5,PROD00473,5,843.18,843.18,3372.72
LINE00001904,ORD0000643,1,PROD00368,2,856.14,0.0,1712.28
LINE00001905,ORD0000643,2,PROD00219,3,1052.98,157.95,3000.99
LINE00001906,ORD0000644,1,PROD00207,5,529.21,529.21,2116.84
LINE00001907,ORD0000644,2,PROD00082,5,245.58,122.79,1105.11
LINE00001908,ORD0000644,3,PROD00210,5,201.74,201.74,806.96
LINE00001909,ORD0000644,4,PROD00477,4,350.98,280.78,1123.14
LINE00001910,ORD0000645,1,PROD00247,6,13.54,16.25,64.99
LINE00001911,ORD0000646,1,PROD00298,2,396.65,0.0,793.3
LINE00001912,ORD0000646,2,PROD00341,6,494.36,0.0,2966.16
LINE00001913,ORD0000646,3,PROD00375,5,423.3,0.0,2116.5
LINE00001914,ORD0000646,4,PROD00187,1,173.64,0.0,173.64
LINE00001915,ORD0000647,1,PROD00174,2,66.9,0.0,133.8
LINE00001916,ORD0000647,2,PROD00222,2,306.72,0.0,613.44
LINE00001917,ORD0000647,3,PROD00298,6,313.85,94.16,1788.94
LINE00001918,ORD0000648,1,PROD00325,4,78.54,15.71,298.45
LINE00001919,ORD0000648,2,PROD00149,3,1099.28,0.0,3297.84
LINE00001920,ORD0000649,1,PROD00264,2,757.65,0.0,1515.3
LINE00001921,ORD0000650,1,PROD00373,2,147.83,29.57,266.09
LINE00001922,ORD0000650,2,PROD00488,3,1092.13,0.0,3276.39
LINE00001923,ORD0000651,1,PROD00192,2,27.48,0.0,54.96
LINE00001924,ORD0000651,2,PROD00052,3,1176.92,0.0,3530.76
LINE00001925,ORD0000651,3,PROD00378,4,973.51,778.81,3115.23
LINE00001926,ORD0000651,4,PROD00430,6,1088.02,652.81,5875.31
LINE00001927,ORD0000652,1,PROD00199,3,384.07,0.0,1152.21
LINE00001928,ORD0000652,2,PROD00008,5,345.74,0.0,1728.7
LINE00001929,ORD0000652,3,PROD00373,3,1160.56,0.0,3481.68
LINE00001930,ORD0000653,1,PROD00287,1,557.79,0.0,557.79
LINE00001931,ORD0000653,2,PROD00296,5,341.9,170.95,1538.55
LINE00001932,ORD0000653,3,PROD00077,2,1153.22,230.64,2075.8
LINE00001933,ORD0000653,4,PROD00496,6,992.49,1190.99,4763.95
LINE00001934,ORD0000654,1,PROD00449,6,854.73,256.42,4871.96
LINE00001935,ORD0000654,2,PROD00008,4,609.0,243.6,2192.4
LINE00001936,ORD0000654,3,PROD00348,1,42.21,8.44,33.77
LINE00001937,ORD0000654,4,PROD00093,3,1129.01,677.41,2709.62
LINE00001938,ORD0000654,5,PROD00376,5,416.66,0.0,2083.3
LINE00001939,ORD0000655,1,PROD00109,1,380.24,76.05,304.19
LINE00001940,ORD0000655,2,PROD00486,6,1194.99,0.0,7169.94
LINE00001941,ORD0000656,1,PROD00335,1,521.44,0.0,521.44
LINE00001942,ORD0000656,2,PROD00083,4,26.34,21.07,84.29
LINE00001943,ORD0000656,3,PROD00072,4,1095.09,876.07,3504.29
LINE00001944,ORD0000657,1,PROD00454,1,1050.57,210.11,840.46
LINE00001945,ORD0000658,1,PROD00151,1,223.93,22.39,201.54
LINE00001946,ORD0000658,2,PROD00292,1,1064.41,53.22,1011.19
LINE00001947,ORD0000658,3,PROD00466,5,1194.94,597.47,5377.23
LINE00001948,ORD0000659,1,PROD00433,4,882.35,352.94,3176.46
LINE00001949,ORD0000659,2,PROD00261,1,61.34,0.0,61.34
LINE00001950,ORD0000659,3,PROD00396,3,704.91,0.0,2114.73
LINE00001951,ORD0000659,4,PROD00443,5,34.55,0.0,172.75
LINE00001952,ORD0000660,1,PROD00285,2,1059.02,0.0,2118.04
LINE00001953,ORD0000660,2,PROD00023,4,629.64,503.71,2014.85
LINE00001954,ORD0000660,3,PROD00256,3,130.18,0.0,390.54
LINE00001955,ORD0000661,1,PROD00441,3,12.59,3.78,33.99
LINE00001956,ORD0000662,1,PROD00389,4,588.11,235.24,2117.2
LINE00001957,ORD0000662,2,PROD00166,3,1017.29,0.0,3051.87
LINE00001958,ORD0000662,3,PROD00302,6,1129.73,677.84,6100.54
LINE00001959,ORD0000662,4,PROD00479,2,164.89,0.0,329.78
LINE00001960,ORD0000662,5,PROD00394,6,243.44,292.13,1168.51
LINE00001961,ORD0000663,1,PROD00284,1,756.12,37.81,718.31
LINE00001962,ORD0000663,2,PROD00158,5,341.93,0.0,1709.65
LINE00001963,ORD0000663,3,PROD00354,6,575.84,172.75,3282.29
LINE00001964,ORD0000663,4,PROD00355,2,279.56,55.91,503.21
LINE00001965,ORD0000663,5,PROD00306,5,375.29,375.29,1501.16
LINE00001966,ORD0000664,1,PROD00336,3,127.46,0.0,382.38
LINE00001967,ORD0000665,1,PROD00155,2,921.76,184.35,1659.17
LINE00001968,ORD0000665,2,PROD00252,2,563.39,56.34,1070.44
LINE00001969,ORD0000665,3,PROD00173,4,337.41,67.48,1282.16
LINE00001970,ORD0000665,4,PROD00470,2,935.44,0.0,1870.88
LINE00001971,ORD0000665,5,PROD00285,4,883.31,176.66,3356.58
LINE00001972,ORD0000666,1,PROD00052,4,251.14,50.23,954.33
LINE00001973,ORD0000666,2,PROD00035,4,359.37,71.87,1365.61
LINE00001974,ORD0000666,3,PROD00049,6,1180.04,0.0,7080.24
LINE00001975,ORD0000667,1,PROD00450,5,446.02,0.0,2230.1
LINE00001976,ORD0000667,2,PROD00061,2,376.3,37.63,714.97
LINE00001977,ORD0000667,3,PROD00252,4,628.97,0.0,2515.88
LINE00001978,ORD0000667,4,PROD00327,5,200.91,50.23,954.32
LINE00001979,ORD0000668,1,PROD00089,3,879.86,0.0,2639.58
LINE00001980,ORD0000668,2,PROD00437,3,109.93,0.0,329.79
LINE00001981,ORD0000669,1,PROD00268,1,202.81,20.28,182.53
LINE00001982,ORD0000670,1,PROD00293,6,145.08,0.0,870.48
LINE00001983,ORD0000670,2,PROD00040,6,928.9,0.0,5573.4
LINE00001984,ORD0000671,1,PROD00024,1,112.24,0.0,112.24
LINE00001985,ORD0000672,1,PROD00240,6,546.77,0.0,3280.62
LINE00001986,ORD0000673,1,PROD00352,6,674.32,0.0,4045.92
LINE00001987,ORD0000673,2,PROD00302,4,684.55,0.0,2738.2
LINE00001988,ORD0000673,3,PROD00399,3,1063.91,0.0,3191.73
LINE00001989,ORD0000674,1,PROD00089,1,227.39,0.0,227.39
LINE00001990,ORD0000674,2,PROD00276,3,389.93,233.96,935.83
LINE00001991,ORD0000674,3,PROD00384,2,318.87,31.89,605.85
LINE00001992,ORD0000674,4,PROD00384,1,613.16,0.0,613.16
LINE00001993,ORD0000674,5,PROD00237,4,56.62,0.0,226.48
LINE00001994,ORD0000675,1,PROD00138,6,944.83,283.45,5385.53
LINE00001995,ORD0000675,2,PROD00148,6,235.73,282.88,1131.5
LINE00001996,ORD0000675,3,PROD00347,-3,399.44,-0.0,-1198.32
LINE00001997,ORD0000675,4,PROD00486,3,816.34,0.0,2449.02
LINE00001998,ORD0000675,5,PROD00323,2,466.47,0.0,932.94
LINE00001999,ORD0000676,1,PROD00224,6,354.21,106.26,2019.0
LINE00002000,ORD0000676,2,PROD00248,5,752.9,0.0,3764.5
LINE00002001,ORD0000676,3,PROD00077,6,213.24,63.97,1215.47
LINE00002002,ORD0000677,1,PROD00478,2,842.44,336.98,1347.9
LINE00002003,ORD0000677,2,PROD00261,5,779.3,0.0,3896.5
LINE00002004,ORD0000678,1,PROD00387,6,292.79,0.0,1756.74
LINE00002005,ORD0000678,2,PROD00299,6,335.59,0.0,2013.54
LINE00002006,ORD0000678,3,PROD00282,4,1135.46,0.0,4541.84
LINE00002007,ORD0000678,4,PROD00011,2,685.64,274.26,1097.02
LINE00002008,ORD0000679,1,PROD00200,5,864.56,0.0,4322.8
LINE00002009,ORD0000679,2,PROD00024,6,1029.13,617.48,5557.3
LINE00002010,ORD0000680,1,PROD00478,5,367.27,0.0,1836.35
LINE00002011,ORD0000680,2,PROD00215,2,543.63,0.0,1087.26
LINE00002012,ORD0000681,1,PROD00465,6,457.35,548.82,2195.28
LINE00002013,ORD0000681,2,PROD00056,3,743.45,0.0,2230.35
LINE00002014,ORD0000682,1,PROD00147,4,721.36,0.0,2885.44
LINE00002015,ORD0000682,2,PROD00121,4,394.89,0.0,1579.56
LINE00002016,ORD0000682,3,PROD00206,4,761.41,0.0,3045.64
LINE00002017,ORD0000683,1,PROD00395,4,30.17,12.07,108.61
LINE00002018,ORD0000684,1,PROD00006,2,821.73,0.0,1643.46
LINE00002019,ORD0000684,2,PROD00326,6,24.45,29.34,117.36
LINE00002020,ORD0000685,1,PROD00216,5,569.74,0.0,2848.7
LINE00002021,ORD0000685,2,PROD00072,6,580.66,348.4,3135.56
LINE00002022,ORD0000686,1,PROD00104,4,380.3,0.0,1521.2
LINE00002023,ORD0000686,2,PROD00093,1,733.49,0.0,733.49
LINE00002024,ORD0000686,3,PROD00281,2,149.53,29.91,269.15
LINE00002025,ORD0000687,1,PROD00407,4,750.0,0.0,3000.0
LINE00002026,ORD0000688,1,PROD00368,5,984.04,0.0,4920.2
LINE00002027,ORD0000688,2,PROD00074,2,277.04,27.7,526.38
LINE00002028,ORD0000688,3,PROD00138,2,369.44,0.0,738.88
LINE00002029,ORD0000689,1,PROD00110,4,1020.34,408.14,3673.22
LINE00002030,ORD0000690,1,PROD00042,5,1121.27,1121.27,4485.08
LINE00002031,ORD0000690,2,PROD00332,3,910.14,273.04,2457.38
LINE00002032,ORD0000690,3,PROD00086,5,328.88,328.88,1315.52
LINE00002033,ORD0000690,4,PROD00490,6,201.08,241.3,965.18
LINE00002034,ORD0000690,5,PROD00481,2,156.65,31.33,281.97
LINE00002035,ORD0000691,1,PROD00062,4,906.41,181.28,3444.36
LINE00002036,ORD0000691,2,PROD00042,5,702.52,175.63,3336.97
LINE00002037,ORD0000691,3,PROD00393,1,612.44,0.0,612.44
LINE00002038,ORD0000692,1,PROD00123,4,240.18,0.0,960.72
LINE00002039,ORD0000692,2,PROD00163,6,276.0,331.2,1324.8
LINE00002040,ORD0000692,3,PROD00042,6,1134.23,0.0,6805.38
LINE00002041,ORD0000692,4,PROD00423,3,416.96,0.0,1250.88
LINE00002042,ORD0000692,5,PROD00080,3,312.54,0.0,937.62
LINE00002043,ORD0000693,1,PROD00265,1,858.73,0.0,858.73
LINE00002044,ORD0000693,2,PROD00317,5,1102.47,1102.47,4409.88
LINE00002045,ORD0000693,3,PROD00085,4,963.56,0.0,3854.24
LINE00002046,ORD0000693,4,PROD00350,2,790.87,158.17,1423.57
LINE00002047,ORD0000694,1,PROD00130,2,43.05,4.3,81.8
LINE00002048,ORD0000694,2,PROD00332,5,1032.31,0.0,5161.55
LINE00002049,ORD0000694,3,PROD00430,1,631.97,31.6,600.37
LINE00002050,ORD0000694,4,PROD00376,3,1016.7,0.0,3050.1
LINE00002051,ORD0000695,1,PROD00426,1,483.19,0.0,483.19
LINE00002052,ORD0000696,1,PROD00250,2,7.35,0.73,13.97
LINE00002053,ORD0000696,2,PROD00341,2,1146.14,458.46,1833.82
LINE00002054,ORD0000696,3,PROD00489,4,582.17,0.0,2328.68
LINE00002055,ORD0000696,4,PROD00227,5,430.1,215.05,1935.45
LINE00002056,ORD0000696,5,PROD00376,4,1146.19,916.95,3667.81
LINE00002057,ORD0000697,1,PROD00120,4,1009.38,0.0,4037.52
LINE00002058,ORD0000697,2,PROD00109,3,1195.0,358.5,3226.5
LINE00002059,ORD0000697,3,PROD00495,4,920.21,368.08,3312.76
LINE00002060,ORD0000698,1,PROD00477,2,299.74,119.9,479.58
LINE00002061,ORD0000699,1,PROD00168,3,938.69,0.0,2816.07
LINE00002062,ORD0000699,2,PROD00348,4,715.0,0.0,2860.0
LINE00002063,ORD0000699,3,PROD00488,4,458.88,0.0,1835.52
LINE00002064,ORD0000699,4,PROD00454,5,206.68,206.68,826.72
LINE00002065,ORD0000699,5,PROD00347,5,148.16,148.16,592.64
LINE00002066,ORD0000700,1,PROD00080,4,728.69,145.74,2769.02
LINE00002067,ORD0000701,1,PROD00409,5,47.99,24.0,215.95
LINE00002068,ORD0000701,2,PROD00135,5,427.04,0.0,2135.2
LINE00002069,ORD0000701,3,PROD00168,6,163.73,49.12,933.26
LINE00002070,ORD0000702,1,PROD00126,1,1044.74,208.95,835.79
LINE00002071,ORD0000702,2,PROD00244,4,185.72,0.0,742.88
LINE00002072,ORD0000702,3,PROD00033,6,833.51,0.0,5001.06
LINE00002073,ORD0000702,4,PROD00170,1,538.22,107.64,430.58
LINE00002074,ORD0000703,1,PROD00447,6,472.79,141.84,2694.9
LINE00002075,ORD0000703,2,PROD00058,3,578.5,0.0,1735.5
LINE00002076,ORD0000703,3,PROD00367,1,1068.45,53.42,1015.03
LINE00002077,ORD0000704,1,PROD00405,3,316.2,94.86,853.74
LINE00002078,ORD0000704,2,PROD00022,5,949.28,474.64,4271.76
LINE00002079,ORD0000704,3,PROD00359,6,591.69,0.0,3550.14
LINE00002080,ORD0000705,1,PROD00459,4,755.32,302.13,2719.15
LINE00002081,ORD0000705,2,PROD00121,6,855.45,0.0,5132.7
LINE00002082,ORD0000705,3,PROD00385,1,973.06,0.0,973.06
LINE00002083,ORD0000705,4,PROD00346,5,1019.25,0.0,5096.25
LINE00002084,ORD0000706,1,PROD00155,1,674.27,0.0,674.27
LINE00002085,ORD0000707,1,PROD00400,5,578.38,0.0,2891.9
LINE00002086,ORD0000708,1,PROD00010,6,379.01,454.81,1819.25
LINE00002087,ORD0000708,2,PROD00029,2,742.35,0.0,1484.7
LINE00002088,ORD0000708,3,PROD00098,2,613.92,0.0,1227.84
LINE00002089,ORD0000709,1,PROD00226,3,250.93,0.0,752.79
LINE00002090,ORD0000709,2,PROD00478,6,267.96,0.0,1607.76
LINE00002091,ORD0000709,3,PROD00015,6,687.58,825.1,3300.38
LINE00002092,ORD0000710,1,PROD00440,5,1079.65,1079.65,4318.6
LINE00002093,ORD0000710,2,PROD00278,6,656.82,394.09,3546.83
LINE00002094,ORD0000710,3,PROD00435,4,843.61,337.44,3037.0
LINE00002095,ORD0000711,1,PROD00091,4,277.79,222.23,888.93
LINE00002096,ORD0000711,2,PROD00269,6,702.05,210.61,4001.69
LINE00002097,ORD0000711,3,PROD00465,1,748.21,0.0,748.21
LINE00002098,ORD0000711,4,PROD00340,5,286.17,286.17,1144.68
LINE00002099,ORD0000711,5,PROD00108,5,1013.45,253.36,4813.89
LINE00002100,ORD0000712,1,PROD00092,1,756.74,37.84,718.9
LINE00002101,ORD0000712,2,PROD00426,1,335.34,16.77,318.57
LINE00002102,ORD0000712,3,PROD00465,4,676.34,0.0,2705.36
LINE00002103,ORD0000712,4,PROD00033,1,923.21,92.32,830.89
LINE00002104,ORD0000712,5,PROD00387,4,696.67,278.67,2508.01
LINE00002105,ORD0000713,1,PROD00240,5,474.55,0.0,2372.75
LINE00002106,ORD0000713,2,PROD00486,6,458.89,275.33,2478.01
LINE00002107,ORD0000713,3,PROD00140,5,900.99,0.0,4504.95
LINE00002108,ORD0000714,1,PROD00180,5,81.79,40.9,368.05
LINE00002109,ORD0000714,2,PROD00135,1,55.52,0.0,55.52
LINE00002110,ORD0000714,3,PROD00166,6,203.94,0.0,1223.64
LINE00002111,ORD0000715,1,PROD00053,4,278.12,222.5,889.98
LINE00002112,ORD0000715,2,PROD00254,5,897.54,448.77,4038.93
LINE00002113,ORD0000715,3,PROD00090,2,408.27,0.0,816.54
LINE00002114,ORD0000716,1,PROD00375,1,161.81,32.36,129.45
LINE00002115,ORD0000716,2,PROD00249,4,1113.35,0.0,4453.4
LINE00002116,ORD0000717,1,PROD00432,2,141.99,0.0,283.98
LINE00002117,ORD0000717,2,PROD00498,2,587.15,234.86,939.44
LINE00002118,ORD0000717,3,PROD00444,6,180.89,0.0,1085.34
LINE00002119,ORD0000718,1,PROD00035,6,323.36,0.0,1940.16
LINE00002120,ORD0000719,1,PROD00278,4,1149.99,0.0,4599.96
LINE00002121,ORD0000719,2,PROD00388,2,504.45,50.45,958.45
LINE00002122,ORD0000719,3,PROD00068,3,954.58,143.19,2720.55
LINE00002123,ORD0000719,4,PROD00335,4,531.7,0.0,2126.8
LINE00002124,ORD0000720,1,PROD00014,5,841.99,210.5,3999.45
LINE00002125,ORD0000720,2,PROD00488,3,230.49,0.0,691.47
LINE00002126,ORD0000720,3,PROD00327,4,1102.66,0.0,4410.64
LINE00002127,ORD0000720,4,PROD00315,4,347.29,0.0,1389.16
LINE00002128,ORD0000720,5,PROD00133,4,951.91,0.0,3807.64
LINE00002129,ORD0000721,1,PROD00259,4,938.65,375.46,3379.14
LINE00002130,ORD0000721,2,PROD00149,4,117.15,93.72,374.88
LINE00002131,ORD0000721,3,PROD00065,4,947.42,378.97,3410.71
LINE00002132,ORD0000721,4,PROD00246,5,116.57,29.14,553.71
LINE00002133,ORD0000721,5,PROD00167,2,470.56,0.0,941.12
LINE00002134,ORD0000722,1,PROD00466,5,7.42,3.71,33.39
LINE00002135,ORD0000722,2,PROD00012,1,107.04,0.0,107.04
LINE00002136,ORD0000723,1,PROD00277,4,1020.33,204.07,3877.25
LINE00002137,ORD0000724,1,PROD00426,1,1190.43,119.04,1071.39
LINE00002138,ORD0000724,2,PROD00245,2,880.28,0.0,1760.56
LINE00002139,ORD0000725,1,PROD00348,1,706.27,35.31,670.96
LINE00002140,ORD0000725,2,PROD00096,6,61.96,0.0,371.76
LINE00002141,ORD0000725,3,PROD00046,3,72.58,21.77,195.97
LINE00002142,ORD0000726,1,PROD00077,2,280.91,112.36,449.46
LINE00002143,ORD0000726,2,PROD00333,2,572.31,0.0,1144.62
LINE00002144,ORD0000726,3,PROD00338,3,1049.0,0.0,3147.0
LINE00002145,ORD0000726,4,PROD00394,6,423.27,0.0,2539.62
LINE00002146,ORD0000726,5,PROD00228,3,1095.06,0.0,3285.18
LINE00002147,ORD0000727,1,PROD00149,4,852.27,0.0,3409.08
LINE00002148,ORD0000727,2,PROD00374,3,957.49,574.49,2297.98
LINE00002149,ORD0000727,3,PROD00234,6,554.36,0.0,3326.16
LINE00002150,ORD0000727,4,PROD00286,3,33.36,5.0,95.08
LINE00002151,ORD0000727,5,PROD00382,4,541.98,216.79,1951.13
LINE00002152,ORD0000728,1,PROD00396,2,1041.43,416.57,1666.29
LINE00002153,ORD0000728,2,PROD00220,4,149.13,29.83,566.69
LINE00002154,ORD0000728,3,PROD00098,5,1168.53,0.0,5842.65
LINE00002155,ORD0000729,1,PROD00068,4,107.05,42.82,385.38
LINE00002156,ORD0000729,2,PROD00439,3,1172.17,351.65,3164.86
LINE00002157,ORD0000729,3,PROD00253,2,1094.81,218.96,1970.66
LINE00002158,ORD0000729,4,PROD00289,5,1032.16,258.04,4902.76
LINE00002159,ORD0000730,1,PROD00040,5,88.63,44.31,398.84
LINE00002160,ORD0000731,1,PROD00112,1,1131.38,56.57,1074.81
LINE00002161,ORD0000731,2,PROD00404,3,958.64,575.18,2300.74
LINE00002162,ORD0000732,1,PROD00039,1,441.58,22.08,419.5
LINE00002163,ORD0000732,2,PROD00088,1,211.72,10.59,201.13
LINE00002164,ORD0000732,3,PROD00053,2,852.71,341.08,1364.34
LINE00002165,ORD0000732,4,PROD00215,5,243.73,0.0,1218.65
LINE00002166,ORD0000732,5,PROD00443,2,957.4,191.48,1723.32
LINE00002167,ORD0000733,1,PROD00094,3,279.63,167.78,671.11
LINE00002168,ORD0000733,2,PROD00131,5,224.4,112.2,1009.8
LINE00002169,ORD0000733,3,PROD00444,1,870.09,0.0,870.09
LINE00002170,ORD0000734,1,PROD00030,3,1063.47,0.0,3190.41
LINE00002171,ORD0000734,2,PROD00024,1,322.12,0.0,322.12
LINE00002172,ORD0000735,1,PROD00391,1,651.32,65.13,586.19
LINE00002173,ORD0000735,2,PROD00247,6,145.65,0.0,873.9
LINE00002174,ORD0000735,3,PROD00221,5,479.82,119.95,2279.15
LINE00002175,ORD0000735,4,PROD00014,6,562.45,0.0,3374.7
LINE00002176,ORD0000735,5,PROD00087,2,1165.97,116.6,2215.34
LINE00002177,ORD0000736,1,PROD00313,6,323.46,194.08,1746.68
LINE00002178,ORD0000736,2,PROD00180,2,1051.29,105.13,1997.45
LINE00002179,ORD0000736,3,PROD00454,1,259.68,12.98,246.7
LINE00002180,ORD0000736,4,PROD00272,6,644.37,0.0,3866.22
LINE00002181,ORD0000736,5,PROD00053,1,367.17,73.43,293.74
LINE00002182,ORD0000737,1,PROD00315,6,460.05,276.03,2484.27
LINE00002183,ORD0000737,2,PROD00035,1,670.15,0.0,670.15
LINE00002184,ORD0000737,3,PROD00370,5,188.27,94.14,847.21
LINE00002185,ORD0000737,4,PROD00219,3,1190.31,714.19,2856.74
LINE00002186,ORD0000737,5,PROD00173,3,303.44,91.03,819.29
LINE00002187,ORD0000738,1,PROD00480,5,318.54,0.0,1592.7
LINE00002188,ORD0000739,1,PROD00178,5,351.59,351.59,1406.36
LINE00002189,ORD0000739,2,PROD00434,6,968.76,581.26,5231.3
LINE00002190,ORD0000739,3,PROD00480,2,834.34,0.0,1668.68
LINE00002191,ORD0000739,4,PROD00187,1,61.18,3.06,58.12
LINE00002192,ORD0000740,1,PROD00317,5,546.09,273.05,2457.4
LINE00002193,ORD0000740,2,PROD00242,4,201.69,0.0,806.76
LINE00002194,ORD0000741,1,PROD00173,1,158.87,0.0,158.87
LINE00002195,ORD0000741,2,PROD00416,5,301.95,301.95,1207.8
LINE00002196,ORD0000741,3,PROD00491,1,796.2,0.0,796.2
LINE00002197,ORD0000742,1,PROD00347,2,450.52,0.0,901.04
LINE00002198,ORD0000742,2,PROD00321,5,971.92,0.0,4859.6
LINE00002199,ORD0000742,3,PROD00232,1,300.49,0.0,300.49
LINE00002200,ORD0000742,4,PROD00170,5,384.05,0.0,1920.25
LINE00002201,ORD0000743,1,PROD00077,4,565.95,113.19,2150.61
LINE00002202,ORD0000743,2,PROD00342,2,744.39,74.44,1414.34
LINE00002203,ORD0000743,3,PROD00006,4,626.59,250.64,2255.72
LINE00002204,ORD0000744,1,PROD00104,3,1073.25,160.99,3058.76
LINE00002205,ORD0000744,2,PROD00093,5,10.35,2.59,49.16
LINE00002206,ORD0000744,3,PROD00473,4,906.95,362.78,3265.02
LINE00002207,ORD0000744,4,PROD00297,3,20.56,12.34,49.34
LINE00002208,ORD0000745,1,PROD00070,4,254.31,203.45,813.79
LINE00002209,ORD0000746,1,PROD00256,5,1155.6,0.0,5778.0
LINE00002210,ORD0000746,2,PROD00112,4,332.7,0.0,1330.8
LINE00002211,ORD0000747,1,PROD00395,1,346.42,69.28,277.14
LINE00002212,ORD0000747,2,PROD00348,3,367.93,0.0,1103.79
LINE00002213,ORD0000747,3,PROD00468,6,222.86,0.0,1337.16
LINE00002214,ORD0000747,4,PROD00010,5,437.67,0.0,2188.35
LINE00002215,ORD0000748,1,PROD00154,6,629.49,377.69,3399.25
LINE00002216,ORD0000748,2,PROD00293,1,1177.17,0.0,1177.17
LINE00002217,ORD0000748,3,PROD00115,2,970.41,194.08,1746.74
LINE00002218,ORD0000749,1,PROD00069,6,484.85,581.82,2327.28
LINE00002219,ORD0000749,2,PROD00500,2,1005.7,0.0,2011.4
LINE00002220,ORD0000749,3,PROD00340,3,1083.66,0.0,3250.98
LINE00002221,ORD0000750,1,PROD00325,3,1054.39,316.32,2846.85
LINE00002222,ORD0000750,2,PROD00125,4,231.31,92.52,832.72
LINE00002223,ORD0000750,3,PROD00276,5,883.64,0.0,4418.2
LINE00002224,ORD0000750,4,PROD00243,3,473.04,0.0,1419.12
LINE00002225,ORD0000751,1,PROD00118,6,1135.04,0.0,6810.24
LINE00002226,ORD0000752,1,PROD00192,6,839.11,251.73,4782.93
LINE00002227,ORD0000752,2,PROD00083,5,233.8,58.45,1110.55
LINE00002228,ORD0000752,3,PROD00451,4,1115.48,0.0,4461.92
LINE00002229,ORD0000753,1,PROD00168,5,809.64,0.0,4048.2
LINE00002230,ORD0000754,1,PROD00387,2,1109.52,0.0,2219.04
LINE00002231,ORD0000754,2,PROD00499,3,538.99,161.7,1455.27
LINE00002232,ORD0000754,3,PROD00216,4,129.27,0.0,517.08
LINE00002233,ORD0000754,4,PROD00365,3,64.92,19.48,175.28
LINE00002234,ORD0000755,1,PROD00259,5,586.18,0.0,2930.9
LINE00002235,ORD0000755,2,PROD00303,3,237.45,35.62,676.73
LINE00002236,ORD0000755,3,PROD00478,5,801.66,400.83,3607.47
LINE00002237,ORD0000755,4,PROD00365,5,1007.77,251.94,4786.91
LINE00002238,ORD0000755,5,PROD00320,4,620.39,0.0,2481.56
LINE00002239,ORD0000756,1,PROD00282,3,98.27,29.48,265.33
LINE00002240,ORD0000756,2,PROD00330,5,666.66,0.0,3333.3
LINE00002241,ORD0000756,3,PROD00406,3,847.71,0.0,2543.13
LINE00002242,ORD0000756,4,PROD00232,2,104.78,41.91,167.65
LINE00002243,ORD0000757,1,PROD00147,3,355.58,53.34,1013.4
LINE00002244,ORD0000757,2,PROD00012,4,1108.78,221.76,4213.36
LINE00002245,ORD0000757,3,PROD00407,4,52.39,41.91,167.65
LINE00002246,ORD0000757,4,PROD00370,3,886.47,265.94,2393.47
LINE00002247,ORD0000757,5,PROD00277,5,805.46,0.0,4027.3
LINE00002248,ORD0000758,1,PROD00119,4,343.87,275.1,1100.38
LINE00002249,ORD0000758,2,PROD00187,2,1024.98,409.99,1639.97
LINE00002250,ORD0000758,3,PROD00372,3,103.35,0.0,310.05
LINE00002251,ORD0000759,1,PROD00233,4,439.83,87.97,1671.35
LINE00002252,ORD0000759,2,PROD00177,1,1096.7,219.34,877.36
LINE00002253,ORD0000759,3,PROD00455,4,198.42,39.68,754.0
LINE00002254,ORD0000760,1,PROD00030,5,647.63,323.82,2914.33
LINE00002255,ORD0000760,2,PROD00077,3,155.31,46.59,419.34
LINE00002256,ORD0000760,3,PROD00131,1,58.88,0.0,58.88
LINE00002257,ORD0000760,4,PROD00217,4,289.6,0.0,1158.4
LINE00002258,ORD0000760,5,PROD00478,6,915.22,0.0,5491.32
LINE00002259,ORD0000761,1,PROD00206,1,482.67,96.53,386.14
LINE00002260,ORD0000761,2,PROD00442,6,374.33,0.0,2245.98
LINE00002261,ORD0000761,3,PROD00169,2,290.31,0.0,580.62
LINE00002262,ORD0000761,4,PROD00264,6,985.43,0.0,5912.58
LINE00002263,ORD0000762,1,PROD00117,2,872.19,0.0,1744.38
LINE00002264,ORD0000762,2,PROD00128,6,111.23,66.74,600.64
LINE00002265,ORD0000762,3,PROD00262,6,189.83,0.0,1138.98
LINE00002266,ORD0000762,4,PROD00085,3,1117.6,670.56,2682.24
LINE00002267,ORD0000762,5,PROD00090,5,962.39,962.39,3849.56
LINE00002268,ORD0000763,1,PROD00107,4,518.42,0.0,2073.68
LINE00002269,ORD0000764,1,PROD00394,4,734.6,587.68,2350.72
LINE00002270,ORD0000764,2,PROD00011,1,46.78,0.0,46.78
LINE00002271,ORD0000764,3,PROD00001,2,1013.88,0.0,2027.76
LINE00002272,ORD0000765,1,PROD00383,1,250.24,0.0,250.24
LINE00002273,ORD0000766,1,PROD00239,4,494.17,0.0,1976.68
LINE00002274,ORD0000766,2,PROD00262,5,20.63,20.63,82.52
LINE00002275,ORD0000766,3,PROD00356,4,956.41,0.0,3825.64
LINE00002276,ORD0000766,4,PROD00458,5,1103.11,551.55,4964.0
LINE00002277,ORD0000767,1,PROD00489,4,1167.59,0.0,4670.36
LINE00002278,ORD0000768,1,PROD00177,6,586.08,175.82,3340.66
LINE00002279,ORD0000768,2,PROD00312,1,181.52,36.3,145.22
LINE00002280,ORD0000768,3,PROD00182,3,1120.92,0.0,3362.76
LINE00002281,ORD0000768,4,PROD00069,1,910.79,0.0,910.79
LINE00002282,ORD0000769,1,PROD00189,1,437.06,0.0,437.06
LINE00002283,ORD0000769,2,PROD00457,2,550.52,110.1,990.94
LINE00002284,ORD0000769,3,PROD00491,2,1171.57,0.0,2343.14
LINE00002285,ORD0000769,4,PROD00382,5,559.48,139.87,2657.53
LINE00002286,ORD0000769,5,PROD00086,4,1090.12,218.02,4142.46
LINE00002287,ORD0000770,1,PROD00109,2,729.21,0.0,1458.42
LINE00002288,ORD0000770,2,PROD00025,5,34.73,34.73,138.92
LINE00002289,ORD0000770,3,PROD00060,4,1059.84,0.0,4239.36
LINE00002290,ORD0000771,1,PROD00158,4,906.63,0.0,3626.52
LINE00002291,ORD0000771,2,PROD00152,4,28.58,0.0,114.32
LINE00002292,ORD0000771,3,PROD00295,5,1092.65,0.0,5463.25
LINE00002293,ORD0000771,4,PROD00005,1,587.41,0.0,587.41
LINE00002294,ORD0000772,1,PROD00049,5,912.06,0.0,4560.3
LINE00002295,ORD0000772,2,PROD00060,2,1152.72,0.0,2305.44
LINE00002296,ORD0000772,3,PROD00140,3,1025.25,0.0,3075.75
LINE00002297,ORD0000772,4,PROD00053,5,600.9,0.0,3004.5
LINE00002298,ORD0000773,1,PROD00430,3,90.45,0.0,271.35
LINE00002299,ORD0000773,2,PROD00054,6,269.43,0.0,1616.58
LINE00002300,ORD0000773,3,PROD00288,3,132.2,0.0,396.6
LINE00002301,ORD0000773,4,PROD00197,6,885.4,1062.48,4249.92
LINE00002302,ORD0000774,1,PROD00471,6,695.35,0.0,4172.1
LINE00002303,ORD0000774,2,PROD00346,2,733.4,73.34,1393.46
LINE00002304,ORD0000774,3,PROD00228,2,1144.18,0.0,2288.36
LINE00002305,ORD0000774,4,PROD00416,5,474.79,0.0,2373.95
LINE00002306,ORD0000774,5,PROD00481,5,351.4,175.7,1581.3
LINE00002307,ORD0000775,1,PROD00472,2,1065.1,0.0,2130.2
LINE00002308,ORD0000775,2,PROD00035,3,788.35,0.0,2365.05
LINE00002309,ORD0000775,3,PROD00344,2,84.33,16.87,151.79
LINE00002310,ORD0000775,4,PROD00474,5,971.77,0.0,4858.85
LINE00002311,ORD0000776,1,PROD00165,6,709.7,0.0,4258.2
LINE00002312,ORD0000776,2,PROD00296,2,1062.65,0.0,2125.3
LINE00002313,ORD0000776,3,PROD00043,3,287.77,0.0,863.31
LINE00002314,ORD0000776,4,PROD00292,5,468.23,0.0,2341.15
LINE00002315,ORD0000776,5,PROD00406,6,588.17,0.0,3529.02
LINE00002316,ORD0000777,1,PROD00348,3,1164.94,0.0,3494.82
LINE00002317,ORD0000777,2,PROD00134,6,706.95,0.0,4241.7
LINE00002318,ORD0000777,3,PROD00003,3,181.64,0.0,544.92
LINE00002319,ORD0000777,4,PROD00259,2,49.9,0.0,99.8
LINE00002320,ORD0000777,5,PROD00324,5,801.14,0.0,4005.7
LINE00002321,ORD0000778,1,PROD00326,1,300.04,60.01,240.03
LINE00002322,ORD0000778,2,PROD00483,4,31.5,0.0,126.0
LINE00002323,ORD0000778,3,PROD00412,2,84.69,0.0,169.38
LINE00002324,ORD0000778,4,PROD00278,1,45.5,2.27,43.23
LINE00002325,ORD0000779,1,PROD00042,5,568.48,0.0,2842.4
LINE00002326,ORD0000779,2,PROD00146,1,1077.98,107.8,970.18
LINE00002327,ORD0000779,3,PROD00090,5,520.78,0.0,2603.9
LINE00002328,ORD0000779,4,PROD00363,3,814.86,0.0,2444.58
LINE00002329,ORD0000780,1,PROD00094,6,623.07,0.0,3738.42
LINE00002330,ORD0000780,2,PROD00330,2,742.71,297.08,1188.34
LINE00002331,ORD0000780,3,PROD00413,3,969.14,0.0,2907.42
LINE00002332,ORD0000780,4,PROD00178,1,554.69,0.0,554.69
LINE00002333,ORD0000781,1,PROD00074,4,261.7,209.36,837.44
LINE00002334,ORD0000781,2,PROD00211,5,263.72,263.72,1054.88
LINE00002335,ORD0000781,3,PROD00005,5,1003.35,250.84,4765.91
LINE00002336,ORD0000781,4,PROD00331,4,305.17,122.07,1098.61
LINE00002337,ORD0000782,1,PROD00389,2,859.35,0.0,1718.7
LINE00002338,ORD0000782,2,PROD00097,5,1156.0,1156.0,4624.0
LINE00002339,ORD0000782,3,PROD00342,5,761.09,380.55,3424.9
LINE00002340,ORD0000782,4,PROD00237,6,1063.0,0.0,6378.0
LINE00002341,ORD0000783,1,PROD00238,6,170.8,0.0,1024.8
LINE00002342,ORD0000783,2,PROD00267,4,32.73,0.0,130.92
LINE00002343,ORD0000783,3,PROD00486,2,838.73,335.49,1341.97
LINE00002344,ORD0000784,1,PROD00450,4,160.06,0.0,640.24
LINE00002345,ORD0000784,2,PROD00280,2,437.52,0.0,875.04
LINE00002346,ORD0000784,3,PROD00158,2,554.76,221.9,887.62
LINE00002347,ORD0000784,4,PROD00357,2,672.41,0.0,1344.82
LINE00002348,ORD0000785,1,PROD00030,2,1040.0,0.0,2080.0
LINE00002349,ORD0000785,2,PROD00156,4,1047.07,0.0,4188.28
LINE00002350,ORD0000785,3,PROD00462,5,257.04,0.0,1285.2
LINE00002351,ORD0000785,4,PROD00459,6,817.78,0.0,4906.68
LINE00002352,ORD0000786,1,PROD00132,1,90.21,4.51,85.7
LINE00002353,ORD0000786,2,PROD00128,4,581.88,0.0,2327.52
LINE00002354,ORD0000787,1,PROD00379,1,953.77,0.0,953.77
LINE00002355,ORD0000787,2,PROD00278,3,1079.52,0.0,3238.56
LINE00002356,ORD0000787,3,PROD00109,3,835.68,0.0,2507.04
LINE00002357,ORD0000787,4,PROD00417,5,596.52,0.0,2982.6
LINE00002358,ORD0000787,5,PROD00142,1,832.11,0.0,832.11
LINE00002359,ORD0000788,1,PROD00391,2,265.29,0.0,530.58
LINE00002360,ORD0000788,2,PROD00419,1,702.77,0.0,702.77
LINE00002361,ORD0000788,3,PROD00420,5,707.01,0.0,3535.05
LINE00002362,ORD0000789,1,PROD00357,1,798.01,39.9,758.11
LINE00002363,ORD0000789,2,PROD00473,1,70.54,7.05,63.49
LINE00002364,ORD0000789,3,PROD00258,4,1053.19,210.64,4002.12
LINE00002365,ORD0000790,1,PROD00168,6,634.44,0.0,3806.64
LINE00002366,ORD0000790,2,PROD00084,5,806.44,0.0,4032.2
LINE00002367,ORD0000790,3,PROD00226,3,226.15,33.92,644.53
LINE00002368,ORD0000791,1,PROD00188,5,425.24,0.0,2126.2
LINE00002369,ORD0000791,2,PROD00160,6,524.5,0.0,3147.0
LINE00002370,ORD0000791,3,PROD00253,2,699.67,69.97,1329.37
LINE00002371,ORD0000791,4,PROD00108,3,32.55,9.77,87.88
LINE00002372,ORD0000792,1,PROD00423,3,160.94,24.14,458.68
LINE00002373,ORD0000792,2,PROD00071,4,378.0,0.0,1512.0
LINE00002374,ORD0000793,1,PROD00030,2,112.76,11.28,214.24
LINE00002375,ORD0000793,2,PROD00090,5,1153.29,0.0,5766.45
LINE00002376,ORD0000794,1,PROD00312,5,951.47,0.0,4757.35
LINE00002377,ORD0000794,2,PROD00148,5,542.84,542.84,2171.36
LINE00002378,ORD0000795,1,PROD00114,6,31.0,37.2,148.8
LINE00002379,ORD0000795,2,PROD00231,6,385.15,115.54,2195.36
LINE00002380,ORD0000796,1,PROD00026,2,148.65,0.0,297.3
LINE00002381,ORD0000796,2,PROD00197,3,709.56,212.87,1915.81
LINE00002382,ORD0000796,3,PROD00076,6,1158.55,347.56,6603.74
LINE00002383,ORD0000796,4,PROD00174,2,1193.64,119.36,2267.92
LINE00002384,ORD0000796,5,PROD00375,6,424.7,0.0,2548.2
LINE00002385,ORD0000797,1,PROD00240,2,759.9,75.99,1443.81
LINE00002386,ORD0000797,2,PROD00448,6,520.94,0.0,3125.64
LINE00002387,ORD0000797,3,PROD00500,6,1145.39,0.0,6872.34
LINE00002388,ORD0000797,4,PROD00233,5,430.47,0.0,2152.35
LINE00002389,ORD0000798,1,PROD00408,3,363.53,218.12,872.47
LINE00002390,ORD0000798,2,PROD00301,4,1028.44,411.38,3702.38
LINE00002391,ORD0000798,3,PROD00451,1,417.63,83.53,334.1
LINE00002392,ORD0000798,4,PROD00326,5,686.13,0.0,3430.65
LINE00002393,ORD0000799,1,PROD00386,6,297.59,89.28,1696.26
LINE00002394,ORD0000800,1,PROD00471,3,1199.36,0.0,3598.08
LINE00002395,ORD0000800,2,PROD00356,3,804.86,482.92,1931.66
LINE00002396,ORD0000800,3,PROD00484,6,377.8,0.0,2266.8
LINE00002397,ORD0000800,4,PROD00103,5,631.2,631.2,2524.8
LINE00002398,ORD0000800,5,PROD00059,4,640.9,128.18,2435.42
LINE00002399,ORD0000801,1,PROD00163,1,554.68,0.0,554.68
LINE00002400,ORD0000801,2,PROD00178,4,98.89,79.11,316.45
LINE00002401,ORD0000801,3,PROD00023,3,439.76,0.0,1319.28
LINE00002402,ORD0000801,4,PROD00321,4,1117.35,446.94,4022.46
LINE00002403,ORD0000801,5,PROD00206,5,151.53,75.77,681.88
LINE00002404,ORD0000802,1,PROD00191,4,1063.26,0.0,4253.04
LINE00002405,ORD0000802,2,PROD00033,5,635.67,0.0,3178.35
LINE00002406,ORD0000802,3,PROD00225,4,90.93,36.37,327.35
LINE00002407,ORD0000802,4,PROD00422,2,713.26,0.0,1426.52
LINE00002408,ORD0000802,5,PROD00260,1,876.43,43.82,832.61
LINE00002409,ORD0000803,1,PROD00087,6,144.67,43.4,824.62
LINE00002410,ORD0000803,2,PROD00031,6,1048.46,0.0,6290.76
LINE00002411,ORD0000804,1,PROD00399,1,452.27,0.0,452.27
LINE00002412,ORD0000804,2,PROD00214,1,487.52,24.38,463.14
LINE00002413,ORD0000804,3,PROD00127,5,17.55,0.0,87.75
LINE00002414,ORD0000804,4,PROD00449,3,917.77,137.67,2615.64
LINE00002415,ORD0000805,1,PROD00310,2,882.66,0.0,1765.32
LINE00002416,ORD0000805,2,PROD00298,3,853.83,0.0,2561.49
LINE00002417,ORD0000805,3,PROD00342,6,6.47,0.0,38.82
LINE00002418,ORD0000805,4,PROD00054,2,211.87,84.75,338.99
LINE00002419,ORD0000805,5,PROD00243,1,1129.15,225.83,903.32
LINE00002420,ORD0000806,1,PROD00188,2,411.41,41.14,781.68
LINE00002421,ORD0000806,2,PROD00481,5,998.98,0.0,4994.9
LINE00002422,ORD0000807,1,PROD00441,2,975.02,0.0,1950.04
LINE00002423,ORD0000807,2,PROD00391,3,612.91,183.87,1654.86
LINE00002424,ORD0000808,1,PROD00490,3,494.61,0.0,1483.83
LINE00002425,ORD0000809,1,PROD00378,1,534.22,0.0,534.22
LINE00002426,ORD0000809,2,PROD00431,1,777.01,0.0,777.01
LINE00002427,ORD0000810,1,PROD00405,2,926.18,0.0,1852.36
LINE00002428,ORD0000810,2,PROD00391,1,632.4,31.62,600.78
LINE00002429,ORD0000810,3,PROD00334,6,548.6,0.0,3291.6
LINE00002430,ORD0000810,4,PROD00274,1,681.79,34.09,647.7
LINE00002431,ORD0000811,1,PROD00155,3,28.9,0.0,86.7
LINE00002432,ORD0000811,2,PROD00056,3,437.14,0.0,1311.42
LINE00002433,ORD0000812,1,PROD00077,1,270.7,0.0,270.7
LINE00002434,ORD0000812,2,PROD00002,3,354.3,53.15,1009.75
LINE00002435,ORD0000812,3,PROD00132,5,698.3,0.0,3491.5
LINE00002436,ORD0000812,4,PROD00434,1,286.98,57.4,229.58
LINE00002437,ORD0000812,5,PROD00355,1,1119.22,0.0,1119.22
LINE00002438,ORD0000813,1,PROD00131,4,1078.61,215.72,4098.72
LINE00002439,ORD0000814,1,PROD00197,1,781.47,156.29,625.18
LINE00002440,ORD0000814,2,PROD00139,6,160.23,96.14,865.24
LINE00002441,ORD0000814,3,PROD00057,2,493.8,197.52,790.08
LINE00002442,ORD0000814,4,PROD00464,2,110.34,0.0,220.68
LINE00002443,ORD0000815,1,PROD00005,5,341.34,341.34,1365.36
LINE00002444,ORD0000815,2,PROD00420,4,997.63,0.0,3990.52
LINE00002445,ORD0000816,1,PROD00453,5,1021.01,1021.01,4084.04
LINE00002446,ORD0000816,2,PROD00142,3,801.39,240.42,2163.75
LINE00002447,ORD0000816,3,PROD00091,3,645.15,0.0,1935.45
LINE00002448,ORD0000816,4,PROD00248,2,198.13,79.25,317.01
LINE00002449,ORD0000817,1,PROD00284,6,11.92,0.0,71.52
LINE00002450,ORD0000817,2,PROD00448,1,511.15,25.56,485.59
LINE00002451,ORD0000817,3,PROD00230,4,156.16,0.0,624.64
LINE00002452,ORD0000817,4,PROD00374,5,234.38,234.38,937.52
LINE00002453,ORD0000818,1,PROD00456,3,1083.21,0.0,3249.63
LINE00002454,ORD0000818,2,PROD00020,1,856.03,85.6,770.43
LINE00002455,ORD0000818,3,PROD00329,4,530.86,0.0,2123.44
LINE00002456,ORD0000819,1,PROD00436,1,880.42,0.0,880.42
LINE00002457,ORD0000819,2,PROD00107,5,234.76,58.69,1115.11
LINE00002458,ORD0000820,1,PROD00251,3,243.88,146.33,585.31
LINE00002459,ORD0000820,2,PROD00266,1,28.17,5.63,22.54
LINE00002460,ORD0000820,3,PROD00449,3,204.66,30.7,583.28
LINE00002461,ORD0000821,1,PROD00236,3,226.43,0.0,679.29
LINE00002462,ORD0000821,2,PROD00133,2,408.45,163.38,653.52
LINE00002463,ORD0000821,3,PROD00160,5,1024.61,0.0,5123.05
LINE00002464,ORD0000822,1,PROD00430,4,626.64,250.66,2255.9
LINE00002465,ORD0000822,2,PROD00085,6,781.88,0.0,4691.28
LINE00002466,ORD0000822,3,PROD00173,2,1077.9,0.0,2155.8
LINE00002467,ORD0000822,4,PROD00230,1,225.17,0.0,225.17
LINE00002468,ORD0000822,5,PROD00328,4,317.56,63.51,1206.73
LINE00002469,ORD0000823,1,PROD00131,1,234.99,23.5,211.49
LINE00002470,ORD0000823,2,PROD00476,4,1049.83,0.0,4199.32
LINE00002471,ORD0000823,3,PROD00271,4,1064.8,0.0,4259.2
LINE00002472,ORD0000823,4,PROD00252,4,1056.34,845.07,3380.29
LINE00002473,ORD0000823,5,PROD00094,6,405.29,0.0,2431.74
LINE00002474,ORD0000824,1,PROD00083,6,1066.59,1279.91,5119.63
LINE00002475,ORD0000825,1,PROD00325,1,882.05,0.0,882.05
LINE00002476,ORD0000826,1,PROD00069,2,795.77,0.0,1591.54
LINE00002477,ORD0000826,2,PROD00424,1,229.35,45.87,183.48
LINE00002478,ORD0000827,1,PROD00155,4,770.5,308.2,2773.8
LINE00002479,ORD0000827,2,PROD00184,3,1103.59,0.0,3310.77
LINE00002480,ORD0000827,3,PROD00050,1,953.63,0.0,953.63
LINE00002481,ORD0000827,4,PROD00123,3,797.66,119.65,2273.33
LINE00002482,ORD0000827,5,PROD00213,5,241.93,60.48,1149.17
LINE00002483,ORD0000828,1,PROD00209,3,769.71,0.0,2309.13
LINE00002484,ORD0000828,2,PROD00319,3,611.77,367.06,1468.25
LINE00002485,ORD0000828,3,PROD00296,3,741.52,222.46,2002.1
LINE00002486,ORD0000828,4,PROD00437,4,652.7,0.0,2610.8
LINE00002487,ORD0000828,5,PROD00364,6,141.48,0.0,848.88
LINE00002488,ORD0000829,1,PROD00165,3,962.57,577.54,2310.17
LINE00002489,ORD0000829,2,PROD00200,2,837.03,167.41,1506.65
LINE00002490,ORD0000829,3,PROD00437,4,599.3,119.86,2277.34
LINE00002491,ORD0000830,1,PROD00278,5,377.38,0.0,1886.9
LINE00002492,ORD0000830,2,PROD00279,2,111.05,44.42,177.68
LINE00002493,ORD0000830,3,PROD00204,5,790.52,0.0,3952.6
LINE00002494,ORD0000831,1,PROD00095,4,279.35,0.0,1117.4
LINE00002495,ORD0000831,2,PROD00042,-3,973.5,-292.05,-2628.45
LINE00002496,ORD0000831,3,PROD00058,1,410.31,82.06,328.25
LINE00002497,ORD0000831,4,PROD00311,4,615.22,0.0,2460.88
LINE00002498,ORD0000832,1,PROD00347,4,11.8,0.0,47.2
LINE00002499,ORD0000832,2,PROD00037,3,801.91,0.0,2405.73
LINE00002500,ORD0000832,3,PROD00453,6,1118.78,0.0,6712.68
LINE00002501,ORD0000832,4,PROD00191,1,1132.6,56.63,1075.97
LINE00002502,ORD0000833,1,PROD00093,4,479.11,0.0,1916.44
LINE00002503,ORD0000833,2,PROD00412,4,581.56,465.25,1860.99
LINE00002504,ORD0000833,3,PROD00457,6,864.14,518.48,4666.36
LINE00002505,ORD0000834,1,PROD00179,4,430.98,0.0,1723.92
LINE00002506,ORD0000835,1,PROD00480,2,618.63,0.0,1237.26
LINE00002507,ORD0000836,1,PROD00111,4,201.3,80.52,724.68
LINE00002508,ORD0000836,2,PROD00167,2,365.86,73.17,658.55
LINE00002509,ORD0000836,3,PROD00172,4,1015.74,0.0,4062.96
LINE00002510,ORD0000837,1,PROD00434,2,190.06,0.0,380.12
LINE00002511,ORD0000837,2,PROD00250,1,714.74,0.0,714.74
LINE00002512,ORD0000837,3,PROD00219,4,48.43,19.37,174.35
LINE00002513,ORD0000837,4,PROD00420,4,492.9,394.32,1577.28
LINE00002514,ORD0000837,5,PROD00043,3,805.65,120.85,2296.1
LINE00002515,ORD0000838,1,PROD00350,3,679.65,203.89,1835.06
LINE00002516,ORD0000838,2,PROD00133,2,280.02,0.0,560.04
LINE00002517,ORD0000839,1,PROD00432,3,461.36,138.41,1245.67
LINE00002518,ORD0000840,1,PROD00261,5,879.72,0.0,4398.6
LINE00002519,ORD0000840,2,PROD00085,5,183.93,183.93,735.72
LINE00002520,ORD0000840,3,PROD00330,5,125.6,0.0,628.0
LINE00002521,ORD0000840,4,PROD00490,5,272.35,68.09,1293.66
LINE00002522,ORD0000841,1,PROD00082,3,768.81,461.29,1845.14
LINE00002523,ORD0000841,2,PROD00044,5,61.99,0.0,309.95
LINE00002524,ORD0000842,1,PROD00264,6,471.99,566.39,2265.55
LINE00002525,ORD0000843,1,PROD00399,4,829.34,0.0,3317.36
LINE00002526,ORD0000843,2,PROD00427,4,631.39,126.28,2399.28
LINE00002527,ORD0000843,3,PROD00068,5,1100.62,0.0,5503.1
LINE00002528,ORD0000843,4,PROD00045,1,551.73,55.17,496.56
LINE00002529,ORD0000844,1,PROD00429,4,742.48,0.0,2969.92
LINE00002530,ORD0000845,1,PROD00202,6,660.54,0.0,3963.24
LINE00002531,ORD0000846,1,PROD00043,4,1130.77,904.62,3618.46
LINE00002532,ORD0000846,2,PROD00352,5,859.36,214.84,4081.96
LINE00002533,ORD0000846,3,PROD00117,1,857.64,0.0,857.64
LINE00002534,ORD0000846,4,PROD00237,6,687.93,825.52,3302.06
LINE00002535,ORD0000846,5,PROD00180,3,1143.07,0.0,3429.21
LINE00002536,ORD0000847,1,PROD00413,1,695.31,69.53,625.78
LINE00002537,ORD0000847,2,PROD00455,5,701.76,701.76,2807.04
LINE00002538,ORD0000847,3,PROD00164,6,723.88,868.66,3474.62
LINE00002539,ORD0000848,1,PROD00087,1,1098.59,0.0,1098.59
LINE00002540,ORD0000849,1,PROD00458,1,377.25,0.0,377.25
LINE00002541,ORD0000849,2,PROD00184,4,375.8,0.0,1503.2
LINE00002542,ORD0000849,3,PROD00269,1,1182.59,0.0,1182.59
LINE00002543,ORD0000849,4,PROD00290,6,398.24,238.94,2150.5
LINE00002544,ORD0000850,1,PROD00060,6,554.93,332.96,2996.62
LINE00002545,ORD0000850,2,PROD00232,1,893.23,0.0,893.23
LINE00002546,ORD0000851,1,PROD00291,2,1090.87,218.17,1963.57
LINE00002547,ORD0000851,2,PROD00331,1,49.26,0.0,49.26
LINE00002548,ORD0000851,3,PROD00206,5,1114.99,0.0,5574.95
LINE00002549,ORD0000852,1,PROD00278,1,1067.3,0.0,1067.3
LINE00002550,ORD0000853,1,PROD00295,3,802.69,240.81,2167.26
LINE00002551,ORD0000853,2,PROD00235,6,957.29,1148.75,4594.99
LINE00002552,ORD0000853,3,PROD00052,2,483.42,0.0,966.84
LINE00002553,ORD0000854,1,PROD00284,1,616.83,0.0,616.83
LINE00002554,ORD0000854,2,PROD00138,4,527.76,0.0,2111.04
LINE00002555,ORD0000854,3,PROD00297,6,929.97,1115.96,4463.86
LINE00002556,ORD0000855,1,PROD00498,6,541.5,0.0,3249.0
LINE00002557,ORD0000855,2,PROD00024,2,390.03,156.01,624.05
LINE00002558,ORD0000855,3,PROD00335,4,328.68,262.94,1051.78
LINE00002559,ORD0000856,1,PROD00292,2,270.55,0.0,541.1
LINE00002560,ORD0000856,2,PROD00258,5,339.48,169.74,1527.66
LINE00002561,ORD0000856,3,PROD00340,4,481.09,192.44,1731.92
LINE00002562,ORD0000856,4,PROD00145,1,647.58,32.38,615.2
LINE00002563,ORD0000856,5,PROD00039,5,834.29,0.0,4171.45
LINE00002564,ORD0000857,1,PROD00292,1,182.6,0.0,182.6
LINE00002565,ORD0000857,2,PROD00459,4,46.74,18.7,168.26
LINE00002566,ORD0000858,1,PROD00075,4,55.61,11.12,211.32
LINE00002567,ORD0000858,2,PROD00072,4,176.12,0.0,704.48
LINE00002568,ORD0000859,1,PROD00196,3,855.88,0.0,2567.64
LINE00002569,ORD0000859,2,PROD00408,1,137.51,13.75,123.76
LINE00002570,ORD0000859,3,PROD00165,5,571.7,571.7,2286.8
LINE00002571,ORD0000859,4,PROD00083,4,127.65,25.53,485.07
LINE00002572,ORD0000860,1,PROD00192,5,339.82,339.82,1359.28
LINE00002573,ORD0000860,2,PROD00379,3,607.01,0.0,1821.03
LINE00002574,ORD0000860,3,PROD00211,1,684.62,0.0,684.62
LINE00002575,ORD0000860,4,PROD00313,1,323.97,32.4,291.57
LINE00002576,ORD0000860,5,PROD00446,3,619.78,185.93,1673.41
LINE00002577,ORD0000861,1,PROD00223,4,868.34,0.0,3473.36
LINE00002578,ORD0000861,2,PROD00471,4,606.16,242.46,2182.18
LINE00002579,ORD0000861,3,PROD00270,4,548.15,109.63,2082.97
LINE00002580,ORD0000862,1,PROD00158,3,280.83,0.0,842.49
LINE00002581,ORD0000862,2,PROD00410,5,543.37,0.0,2716.85
LINE00002582,ORD0000862,3,PROD00117,2,737.72,0.0,1475.44
LINE00002583,ORD0000862,4,PROD00448,6,471.93,0.0,2831.58
LINE00002584,ORD0000862,5,PROD00065,5,686.94,0.0,3434.7
LINE00002585,ORD0000863,1,PROD00474,6,30.8,18.48,166.32
LINE00002586,ORD0000863,2,PROD00324,6,889.03,0.0,5334.18
LINE00002587,ORD0000863,3,PROD00407,3,867.06,520.24,2080.94
LINE00002588,ORD0000863,4,PROD00097,3,1181.2,708.72,2834.88
LINE00002589,ORD0000864,1,PROD00269,5,243.64,243.64,974.56
LINE00002590,ORD0000864,2,PROD00041,1,811.06,40.55,770.51
LINE00002591,ORD0000864,3,PROD00165,4,91.97,18.39,349.49
LINE00002592,ORD0000864,4,PROD00234,5,1056.97,0.0,5284.85
LINE00002593,ORD0000865,1,PROD00076,4,940.59,752.47,3009.89
LINE00002594,ORD0000865,2,PROD00173,1,305.35,15.27,290.08
LINE00002595,ORD0000865,3,PROD00223,3,395.26,0.0,1185.78
LINE00002596,ORD0000866,1,PROD00386,2,829.98,331.99,1327.97
LINE00002597,ORD0000866,2,PROD00283,2,471.94,188.78,755.1
LINE00002598,ORD0000866,3,PROD00470,6,907.64,0.0,5445.84
LINE00002599,ORD0000866,4,PROD00416,5,175.84,175.84,703.36
LINE00002600,ORD0000867,1,PROD00464,2,256.91,0.0,513.82
LINE00002601,ORD0000867,2,PROD00050,3,1161.84,0.0,3485.52
LINE00002602,ORD0000868,1,PROD00498,2,593.04,237.22,948.86
LINE00002603,ORD0000869,1,PROD00155,5,979.0,0.0,4895.0
LINE00002604,ORD0000869,2,PROD00481,6,646.85,388.11,3492.99
LINE00002605,ORD0000869,3,PROD00371,6,885.92,265.78,5049.74
LINE00002606,ORD0000869,4,PROD00090,1,1098.96,0.0,1098.96
LINE00002607,ORD0000869,5,PROD00427,2,245.06,24.51,465.61
LINE00002608,ORD0000870,1,PROD00323,6,265.18,79.55,1511.53
LINE00002609,ORD0000870,2,PROD00306,4,851.44,0.0,3405.76
LINE00002610,ORD0000870,3,PROD00067,1,101.56,10.16,91.4
LINE00002611,ORD0000870,4,PROD00067,5,1000.32,500.16,4501.44
LINE00002612,ORD0000870,5,PROD00035,5,189.95,0.0,949.75
LINE00002613,ORD0000871,1,PROD00147,2,535.51,214.2,856.82
LINE00002614,ORD0000871,2,PROD00366,3,1060.66,0.0,3181.98
LINE00002615,ORD0000872,1,PROD00026,6,665.03,0.0,3990.18
LINE00002616,ORD0000873,1,PROD00041,6,359.56,431.47,1725.89
LINE00002617,ORD0000873,2,PROD00080,1,1178.45,117.85,1060.6
LINE00002618,ORD0000873,3,PROD00297,5,165.72,41.43,787.17
LINE00002619,ORD0000873,4,PROD00123,4,899.63,359.85,3238.67
LINE00002620,ORD0000874,1,PROD00115,2,928.91,185.78,1672.04
LINE00002621,ORD0000874,2,PROD00353,1,290.11,0.0,290.11
LINE00002622,ORD0000874,3,PROD00482,1,858.54,0.0,858.54
LINE00002623,ORD0000874,4,PROD00470,2,676.69,0.0,1353.38
LINE00002624,ORD0000874,5,PROD00393,4,900.72,720.58,2882.3
LINE00002625,ORD0000875,1,PROD00369,6,488.48,0.0,2930.88
LINE00002626,ORD0000875,2,PROD00212,1,344.21,68.84,275.37
LINE00002627,ORD0000876,1,PROD00456,5,349.82,0.0,1749.1
LINE00002628,ORD0000877,1,PROD00164,1,1087.92,217.58,870.34
LINE00002629,ORD0000877,2,PROD00331,5,133.69,0.0,668.45
LINE00002630,ORD0000877,3,PROD00490,1,18.97,3.79,15.18
LINE00002631,ORD0000877,4,PROD00460,5,724.84,724.84,2899.36
LINE00002632,ORD0000878,1,PROD00033,5,225.34,0.0,1126.7
LINE00002633,ORD0000878,2,PROD00259,6,746.41,895.69,3582.77
LINE00002634,ORD0000879,1,PROD00366,6,1094.28,0.0,6565.68
LINE00002635,ORD0000879,2,PROD00108,6,629.54,377.72,3399.52
LINE00002636,ORD0000879,3,PROD00033,6,781.2,0.0,4687.2
LINE00002637,ORD0000879,4,PROD00307,1,1194.85,119.48,1075.37
LINE00002638,ORD0000879,5,PROD00247,5,827.67,0.0,4138.35
LINE00002639,ORD0000880,1,PROD00335,2,181.76,0.0,363.52
LINE00002640,ORD0000880,2,PROD00154,6,1100.3,330.09,6271.71
LINE00002641,ORD0000881,1,PROD00047,5,288.22,0.0,1441.1
LINE00002642,ORD0000881,2,PROD00137,5,1068.81,0.0,5344.05
LINE00002643,ORD0000881,3,PROD00105,1,12.03,1.2,10.83
LINE00002644,ORD0000881,4,PROD00129,3,915.17,0.0,2745.51
LINE00002645,ORD0000882,1,PROD00071,3,301.54,0.0,904.62
LINE00002646,ORD0000882,2,PROD00048,3,719.77,0.0,2159.31
LINE00002647,ORD0000883,1,PROD00244,5,401.2,0.0,2006.0
LINE00002648,ORD0000883,2,PROD00111,6,601.8,0.0,3610.8
LINE00002649,ORD0000883,3,PROD00328,5,161.06,161.06,644.24
LINE00002650,ORD0000883,4,PROD00034,2,102.5,20.5,184.5
LINE00002651,ORD0000884,1,PROD00444,4,1095.76,438.3,3944.74
LINE00002652,ORD0000884,2,PROD00123,1,17.67,3.53,14.14
LINE00002653,ORD0000884,3,PROD00361,6,713.35,428.01,3852.09
LINE00002654,ORD0000885,1,PROD00015,2,1163.41,0.0,2326.82
LINE00002655,ORD0000885,2,PROD00436,6,898.2,0.0,5389.2
LINE00002656,ORD0000886,1,PROD00311,2,421.1,0.0,842.2
LINE00002657,ORD0000886,2,PROD00029,6,471.1,0.0,2826.6
LINE00002658,ORD0000886,3,PROD00430,4,916.28,183.26,3481.86
LINE00002659,ORD0000887,1,PROD00485,3,341.53,0.0,1024.59
LINE00002660,ORD0000887,2,PROD00404,5,564.91,141.23,2683.32
LINE00002661,ORD0000887,3,PROD00313,4,1001.54,400.62,3605.54
LINE00002662,ORD0000887,4,PROD00475,4,109.45,21.89,415.91
LINE00002663,ORD0000887,5,PROD00360,4,762.32,152.46,2896.82
LINE00002664,ORD0000888,1,PROD00371,5,1148.74,0.0,5743.7
LINE00002665,ORD0000888,2,PROD00253,1,365.16,36.52,328.64
LINE00002666,ORD0000889,1,PROD00030,6,657.55,0.0,3945.3
LINE00002667,ORD0000889,2,PROD00033,1,827.77,0.0,827.77
LINE00002668,ORD0000889,3,PROD00373,1,868.27,86.83,781.44
LINE00002669,ORD0000890,1,PROD00092,3,1105.45,663.27,2653.08
LINE00002670,ORD0000890,2,PROD00050,2,61.57,0.0,123.14
LINE00002671,ORD0000891,1,PROD00433,4,499.22,0.0,1996.88
LINE00002672,ORD0000892,1,PROD00457,1,387.38,0.0,387.38
LINE00002673,ORD0000892,2,PROD00159,5,619.0,0.0,3095.0
LINE00002674,ORD0000892,3,PROD00422,5,1091.76,0.0,5458.8
LINE00002675,ORD0000893,1,PROD00192,3,505.6,0.0,1516.8
LINE00002676,ORD0000893,2,PROD00330,1,609.65,121.93,487.72
LINE00002677,ORD0000893,3,PROD00045,5,889.95,889.95,3559.8
LINE00002678,ORD0000894,1,PROD00065,6,1100.22,0.0,6601.32
LINE00002679,ORD0000894,2,PROD00108,1,912.84,45.64,867.2
LINE00002680,ORD0000894,3,PROD00287,1,1068.2,53.41,1014.79
LINE00002681,ORD0000894,4,PROD00476,5,987.17,0.0,4935.85
LINE00002682,ORD0000895,1,PROD00447,4,273.1,0.0,1092.4
LINE00002683,ORD0000895,2,PROD00152,6,629.04,0.0,3774.24
LINE00002684,ORD0000896,1,PROD00165,2,280.72,0.0,561.44
LINE00002685,ORD0000897,1,PROD00350,6,70.12,0.0,420.72
LINE00002686,ORD0000897,2,PROD00384,1,76.23,3.81,72.42
LINE00002687,ORD0000897,3,PROD00123,4,23.01,0.0,92.04
LINE00002688,ORD0000897,4,PROD00102,2,384.6,0.0,769.2
LINE00002689,ORD0000897,5,PROD00224,3,966.58,0.0,2899.74
LINE00002690,ORD0000898,1,PROD00380,4,375.7,0.0,1502.8
LINE00002691,ORD0000898,2,PROD00458,3,570.67,0.0,1712.01
LINE00002692,ORD0000899,1,PROD00202,5,246.01,123.0,1107.05
LINE00002693,ORD0000899,2,PROD00052,1,320.32,16.02,304.3
LINE00002694,ORD0000899,3,PROD00113,3,273.58,0.0,820.74
LINE00002695,ORD0000899,4,PROD00367,6,368.78,0.0,2212.68
LINE00002696,ORD0000899,5,PROD00078,6,847.77,508.66,4577.96
LINE00002697,ORD0000900,1,PROD00374,3,798.86,119.83,2276.75
LINE00002698,ORD0000900,2,PROD00152,3,782.91,469.75,1878.98
LINE00002699,ORD0000900,3,PROD00029,6,282.98,0.0,1697.88
LINE00002700,ORD0000901,1,PROD00342,1,264.3,0.0,264.3
LINE00002701,ORD0000901,2,PROD00174,6,1011.74,1214.09,4856.35
LINE00002702,ORD0000901,3,PROD00061,5,934.04,467.02,4203.18
LINE00002703,ORD0000902,1,PROD00121,6,618.65,0.0,3711.9
LINE00002704,ORD0000902,2,PROD00065,3,8.84,1.33,25.19
LINE00002705,ORD0000902,3,PROD00340,5,186.64,93.32,839.88
LINE00002706,ORD0000903,1,PROD00142,6,900.23,540.14,4861.24
LINE00002707,ORD0000904,1,PROD00437,1,1158.29,231.66,926.63
LINE00002708,ORD0000904,2,PROD00479,3,929.48,139.42,2649.02
LINE00002709,ORD0000904,3,PROD00091,2,289.66,0.0,579.32
LINE00002710,ORD0000904,4,PROD00272,5,1046.73,1046.73,4186.92
LINE00002711,ORD0000904,5,PROD00173,4,890.62,0.0,3562.48
LINE00002712,ORD0000905,1,PROD00031,5,412.52,412.52,1650.08
LINE00002713,ORD0000905,2,PROD00327,2,1070.27,0.0,2140.54
LINE00002714,ORD0000905,3,PROD00279,5,26.56,0.0,132.8
LINE00002715,ORD0000905,4,PROD00489,6,360.05,108.02,2052.28
LINE00002716,ORD0000906,1,PROD00190,6,187.81,112.69,1014.17
LINE00002717,ORD0000906,2,PROD00490,1,258.76,0.0,258.76
LINE00002718,ORD0000906,3,PROD00039,6,339.58,0.0,2037.48
LINE00002719,ORD0000906,4,PROD00450,5,230.7,0.0,1153.5
LINE00002720,ORD0000906,5,PROD00059,5,123.8,30.95,588.05
LINE00002721,ORD0000907,1,PROD00021,1,141.63,0.0,141.63
LINE00002722,ORD0000907,2,PROD00476,6,546.85,328.11,2952.99
LINE00002723,ORD0000908,1,PROD00421,3,26.78,4.02,76.32
LINE00002724,ORD0000908,2,PROD00334,4,946.92,757.54,3030.14
LINE00002725,ORD0000909,1,PROD00016,6,76.59,91.91,367.63
LINE00002726,ORD0000909,2,PROD00113,5,871.58,871.58,3486.32
LINE00002727,ORD0000909,3,PROD00413,1,1026.07,51.3,974.77
LINE00002728,ORD0000909,4,PROD00372,2,374.25,74.85,673.65
LINE00002729,ORD0000910,1,PROD00189,4,247.48,0.0,989.92
LINE00002730,ORD0000910,2,PROD00436,3,269.76,0.0,809.28
LINE00002731,ORD0000910,3,PROD00104,5,944.45,0.0,4722.25
LINE00002732,ORD0000910,4,PROD00068,1,595.7,0.0,595.7
LINE00002733,ORD0000910,5,PROD00479,5,453.88,0.0,2269.4
LINE00002734,ORD0000911,1,PROD00344,3,1199.01,719.41,2877.62
LINE00002735,ORD0000911,2,PROD00294,1,44.32,0.0,44.32
LINE00002736,ORD0000912,1,PROD00439,4,1007.79,0.0,4031.16
LINE00002737,ORD0000912,2,PROD00176,5,104.94,0.0,524.7
LINE00002738,ORD0000913,1,PROD00288,6,58.91,0.0,353.46
LINE00002739,ORD0000914,1,PROD00272,6,324.5,389.4,1557.6
LINE00002740,ORD0000914,2,PROD00250,5,591.78,591.78,2367.12
LINE00002741,ORD0000914,3,PROD00446,6,622.58,0.0,3735.48
LINE00002742,ORD0000914,4,PROD00042,2,1098.76,0.0,2197.52
LINE00002743,ORD0000915,1,PROD00412,6,50.46,0.0,302.76
LINE00002744,ORD0000915,2,PROD00326,4,376.4,0.0,1505.6
LINE00002745,ORD0000915,3,PROD00364,3,704.57,211.37,1902.34
LINE00002746,ORD0000915,4,PROD00370,5,359.86,89.97,1709.33
LINE00002747,ORD0000915,5,PROD00143,2,1128.34,451.34,1805.34
LINE00002748,ORD0000916,1,PROD00477,4,564.68,225.87,2032.85
LINE00002749,ORD0000916,2,PROD00214,2,584.48,116.9,1052.06
LINE00002750,ORD0000916,3,PROD00436,5,945.05,945.05,3780.2
LINE00002751,ORD0000917,1,PROD00003,5,807.72,0.0,4038.6
LINE00002752,ORD0000917,2,PROD00428,3,445.6,0.0,1336.8
LINE00002753,ORD0000918,1,PROD00405,6,781.73,0.0,4690.38
LINE00002754,ORD0000918,2,PROD00097,3,976.42,585.85,2343.41
LINE00002755,ORD0000918,3,PROD00149,6,889.0,0.0,5334.0
LINE00002756,ORD0000919,1,PROD00058,3,750.08,225.02,2025.22
LINE00002757,ORD0000919,2,PROD00470,3,1085.51,325.65,2930.88
LINE00002758,ORD0000920,1,PROD00241,2,830.31,166.06,1494.56
LINE00002759,ORD0000920,2,PROD00345,3,352.88,0.0,1058.64
LINE00002760,ORD0000920,3,PROD00058,4,1088.3,0.0,4353.2
LINE00002761,ORD0000920,4,PROD00074,3,758.65,0.0,2275.95
LINE00002762,ORD0000920,5,PROD00026,5,30.21,0.0,151.05
LINE00002763,ORD0000921,1,PROD00114,1,950.19,0.0,950.19
LINE00002764,ORD0000921,2,PROD00330,5,113.52,0.0,567.6
LINE00002765,ORD0000921,3,PROD00192,3,19.89,0.0,59.67
LINE00002766,ORD0000921,4,PROD00087,5,564.49,141.12,2681.33
LINE00002767,ORD0000921,5,PROD00130,1,1022.99,0.0,1022.99
LINE00002768,ORD0000922,1,PROD00120,3,888.68,0.0,2666.04
LINE00002769,ORD0000922,2,PROD00475,1,403.63,0.0,403.63
LINE00002770,ORD0000922,3,PROD00463,3,1117.87,670.72,2682.89
LINE00002771,ORD0000922,4,PROD00011,4,1167.09,0.0,4668.36
LINE00002772,ORD0000922,5,PROD00284,5,181.65,0.0,908.25
LINE00002773,ORD0000923,1,PROD00050,5,764.08,382.04,3438.36
LINE00002774,ORD0000923,2,PROD00335,4,100.82,20.16,383.12
LINE00002775,ORD0000924,1,PROD00264,5,1062.21,1062.21,4248.84
LINE00002776,ORD0000925,1,PROD00466,1,591.25,0.0,591.25
LINE00002777,ORD0000925,2,PROD00115,4,150.84,30.17,573.19
LINE00002778,ORD0000925,3,PROD00274,3,415.16,0.0,1245.48
LINE00002779,ORD0000925,4,PROD00419,3,524.58,157.37,1416.37
LINE00002780,ORD0000925,5,PROD00366,4,261.58,209.26,837.06
LINE00002781,ORD0000926,1,PROD00491,4,216.77,0.0,867.08
LINE00002782,ORD0000926,2,PROD00392,2,243.29,0.0,486.58
LINE00002783,ORD0000926,3,PROD00032,2,903.76,90.38,1717.14
LINE00002784,ORD0000926,4,PROD00449,3,733.47,0.0,2200.41
LINE00002785,ORD0000926,5,PROD00150,2,574.91,229.96,919.86
LINE00002786,ORD0000927,1,PROD00282,2,458.81,0.0,917.62
LINE00002787,ORD0000928,1,PROD00287,5,220.77,0.0,1103.85
LINE00002788,ORD0000928,2,PROD00373,1,202.77,40.55,162.22
LINE00002789,ORD0000928,3,PROD00051,2,149.22,29.84,268.6
LINE00002790,ORD0000929,1,PROD00275,3,779.01,467.41,1869.62
LINE00002791,ORD0000929,2,PROD00383,6,33.52,0.0,201.12
LINE00002792,ORD0000929,3,PROD00121,6,945.55,0.0,5673.3
LINE00002793,ORD0000929,4,PROD00091,6,621.86,746.23,2984.93
LINE00002794,ORD0000929,5,PROD00397,4,274.39,219.51,878.05
LINE00002795,ORD0000930,1,PROD00133,5,60.13,30.07,270.58
LINE00002796,ORD0000930,2,PROD00274,6,339.69,0.0,2038.14
LINE00002797,ORD0000930,3,PROD00370,6,933.56,0.0,5601.36
LINE00002798,ORD0000931,1,PROD00209,2,358.95,0.0,717.9
LINE00002799,ORD0000931,2,PROD00146,2,1060.85,424.34,1697.36
LINE00002800,ORD0000932,1,PROD00134,1,282.67,0.0,282.67
LINE00002801,ORD0000932,2,PROD00127,4,231.02,184.82,739.26
LINE00002802,ORD0000932,3,PROD00165,4,75.28,0.0,301.12
LINE00002803,ORD0000932,4,PROD00201,3,907.14,544.28,2177.14
LINE00002804,ORD0000933,1,PROD00462,3,758.28,0.0,2274.84
LINE00002805,ORD0000933,2,PROD00181,3,141.92,85.15,340.61
LINE00002806,ORD0000934,1,PROD00029,4,798.66,319.46,2875.18
LINE00002807,ORD0000934,2,PROD00290,6,542.86,0.0,3257.16
LINE00002808,ORD0000934,3,PROD00331,2,177.11,70.84,283.38
LINE00002809,ORD0000934,4,PROD00213,2,744.74,74.47,1415.01
LINE00002810,ORD0000935,1,PROD00360,2,641.28,0.0,1282.56
LINE00002811,ORD0000935,2,PROD00304,1,768.43,0.0,768.43
LINE00002812,ORD0000935,3,PROD00393,1,617.44,0.0,617.44
LINE00002813,ORD0000936,1,PROD00141,3,383.94,57.59,1094.23
LINE00002814,ORD0000936,2,PROD00334,3,496.73,149.02,1341.17
LINE00002815,ORD0000936,3,PROD00010,5,184.44,0.0,922.2
LINE00002816,ORD0000936,4,PROD00117,4,518.17,0.0,2072.68
LINE00002817,ORD0000937,1,PROD00148,6,958.58,287.57,5463.91
LINE00002818,ORD0000937,2,PROD00254,2,451.65,0.0,903.3
LINE00002819,ORD0000937,3,PROD00202,1,221.01,0.0,221.01
LINE00002820,ORD0000937,4,PROD00333,2,68.38,0.0,136.76
LINE00002821,ORD0000938,1,PROD00106,5,1185.07,592.53,5332.82
LINE00002822,ORD0000939,1,PROD00473,3,210.2,63.06,567.54
LINE00002823,ORD0000940,1,PROD00026,2,183.3,0.0,366.6
LINE00002824,ORD0000940,2,PROD00164,2,487.29,194.92,779.66
LINE00002825,ORD0000940,3,PROD00350,4,341.22,0.0,1364.88
LINE00002826,ORD0000940,4,PROD00202,3,725.82,108.87,2068.59
LINE00002827,ORD0000941,1,PROD00051,2,394.26,0.0,788.52
LINE00002828,ORD0000941,2,PROD00153,4,24.25,0.0,97.0
LINE00002829,ORD0000941,3,PROD00304,1,204.55,20.46,184.09
LINE00002830,ORD0000941,4,PROD00317,4,966.65,0.0,3866.6
LINE00002831,ORD0000942,1,PROD00466,6,704.24,0.0,4225.44
LINE00002832,ORD0000942,2,PROD00201,5,830.9,830.9,3323.6
LINE00002833,ORD0000943,1,PROD00480,4,967.13,386.85,3481.67
LINE00002834,ORD0000943,2,PROD00364,2,439.79,87.96,791.62
LINE00002835,ORD0000943,3,PROD00410,3,1042.08,0.0,3126.24
LINE00002836,ORD0000944,1,PROD00361,6,392.97,0.0,2357.82
LINE00002837,ORD0000945,1,PROD00433,2,998.17,99.82,1896.52
LINE00002838,ORD0000945,2,PROD00309,1,1145.99,114.6,1031.39
LINE00002839,ORD0000945,3,PROD00377,6,1070.59,321.18,6102.36
LINE00002840,ORD0000945,4,PROD00221,4,78.51,0.0,314.04
LINE00002841,ORD0000946,1,PROD00225,5,115.24,28.81,547.39
LINE00002842,ORD0000947,1,PROD00360,2,951.44,0.0,1902.88
LINE00002843,ORD0000947,2,PROD00395,6,773.25,927.9,3711.6
LINE00002844,ORD0000948,1,PROD00153,3,709.7,0.0,2129.1
LINE00002845,ORD0000948,2,PROD00092,3,586.42,351.85,1407.41
LINE00002846,ORD0000948,3,PROD00116,1,922.81,0.0,922.81
LINE00002847,ORD0000948,4,PROD00375,2,1169.25,116.93,2221.57
LINE00002848,ORD0000949,1,PROD00307,5,942.77,235.69,4478.16
LINE00002849,ORD0000949,2,PROD00236,1,836.7,0.0,836.7
LINE00002850,ORD0000949,3,PROD00126,4,184.69,0.0,738.76
LINE00002851,ORD0000949,4,PROD00386,5,494.22,0.0,2471.1
LINE00002852,ORD0000950,1,PROD00302,2,51.12,5.11,97.13
LINE00002853,ORD0000950,2,PROD00107,5,1137.88,0.0,5689.4
LINE00002854,ORD0000950,3,PROD00285,6,263.29,315.95,1263.79
LINE00002855,ORD0000950,4,PROD00257,5,1051.03,262.76,4992.39
LINE00002856,ORD0000951,1,PROD00443,2,798.86,0.0,1597.72
LINE00002857,ORD0000951,2,PROD00039,4,269.1,0.0,1076.4
LINE00002858,ORD0000951,3,PROD00284,1,606.82,30.34,576.48
LINE00002859,ORD0000951,4,PROD00197,1,891.46,0.0,891.46
LINE00002860,ORD0000952,1,PROD00169,5,575.42,0.0,2877.1
LINE00002861,ORD0000952,2,PROD00181,6,808.28,0.0,4849.68
LINE00002862,ORD0000952,3,PROD00320,6,957.08,1148.5,4593.98
LINE00002863,ORD0000952,4,PROD00400,4,258.58,0.0,1034.32
LINE00002864,ORD0000952,5,PROD00019,4,630.37,0.0,2521.48
LINE00002865,ORD0000953,1,PROD00134,3,540.78,324.47,1297.87
LINE00002866,ORD0000953,2,PROD00084,4,910.36,364.14,3277.3
LINE00002867,ORD0000953,3,PROD00205,5,284.74,284.74,1138.96
LINE00002868,ORD0000953,4,PROD00443,6,123.51,37.05,704.01
LINE00002869,ORD0000953,5,PROD00497,2,1089.73,435.89,1743.57
LINE00002870,ORD0000954,1,PROD00455,1,655.83,65.58,590.25
LINE00002871,ORD0000954,2,PROD00452,2,685.56,137.11,1234.01
LINE00002872,ORD0000954,3,PROD00375,4,282.63,56.53,1073.99
LINE00002873,ORD0000954,4,PROD00119,6,590.46,177.14,3365.62
LINE00002874,ORD0000954,5,PROD00443,5,453.32,0.0,2266.6
LINE00002875,ORD0000955,1,PROD00006,2,572.76,57.28,1088.24
LINE00002876,ORD0000955,2,PROD00185,1,949.54,47.48,902.06
LINE00002877,ORD0000955,3,PROD00334,3,18.36,0.0,55.08
LINE00002878,ORD0000956,1,PROD00489,3,141.52,0.0,424.56
LINE00002879,ORD0000956,2,PROD00294,5,281.56,140.78,1267.02
LINE00002880,ORD0000956,3,PROD00163,1,121.78,6.09,115.69
LINE00002881,ORD0000956,4,PROD00068,2,953.63,381.45,1525.81
LINE00002882,ORD0000956,5,PROD00241,1,973.61,194.72,778.89
LINE00002883,ORD0000957,1,PROD00437,1,1182.43,59.12,1123.31
LINE00002884,ORD0000957,2,PROD00258,6,1104.33,1325.2,5300.78
LINE00002885,ORD0000957,3,PROD00206,6,872.62,1047.14,4188.58
LINE00002886,ORD0000957,4,PROD00192,1,1100.53,0.0,1100.53
LINE00002887,ORD0000957,5,PROD00219,4,848.93,169.79,3225.93
LINE00002888,ORD0000958,1,PROD00329,1,1065.62,106.56,959.06
LINE00002889,ORD0000958,2,PROD00014,1,161.67,16.17,145.5
LINE00002890,ORD0000958,3,PROD00348,2,209.19,0.0,418.38
LINE00002891,ORD0000959,1,PROD00043,3,1009.94,151.49,2878.33
LINE00002892,ORD0000959,2,PROD00243,6,498.81,0.0,2992.86
LINE00002893,ORD0000959,3,PROD00222,6,993.97,596.38,5367.44
LINE00002894,ORD0000960,1,PROD00182,4,1191.41,238.28,4527.36
LINE00002895,ORD0000960,2,PROD00465,4,978.16,0.0,3912.64
LINE00002896,ORD0000960,3,PROD00103,2,655.67,131.13,1180.21
LINE00002897,ORD0000960,4,PROD00102,2,906.2,0.0,1812.4
LINE00002898,ORD0000961,1,PROD00365,3,35.22,10.57,95.09
LINE00002899,ORD0000961,2,PROD00456,1,228.75,11.44,217.31
LINE00002900,ORD0000961,3,PROD00393,5,97.83,24.46,464.69
LINE00002901,ORD0000961,4,PROD00230,3,693.33,0.0,2079.99
LINE00002902,ORD0000961,5,PROD00086,4,1170.71,0.0,4682.84
LINE00002903,ORD0000962,1,PROD00284,2,1006.59,201.32,1811.86
LINE00002904,ORD0000962,2,PROD00350,3,1141.67,685.0,2740.01
LINE00002905,ORD0000962,3,PROD00014,6,1068.07,320.42,6088.0
LINE00002906,ORD0000962,4,PROD00154,6,975.94,0.0,5855.64
LINE00002907,ORD0000963,1,PROD00069,2,62.45,12.49,112.41
LINE00002908,ORD0000963,2,PROD00353,4,325.11,65.02,1235.42
LINE00002909,ORD0000963,3,PROD00487,3,968.74,290.62,2615.6
LINE00002910,ORD0000963,4,PROD00422,4,553.88,221.55,1993.97
LINE00002911,ORD0000964,1,PROD00431,4,137.37,54.95,494.53
LINE00002912,ORD0000964,2,PROD00277,1,843.48,42.17,801.31
LINE00002913,ORD0000964,3,PROD00059,1,590.69,118.14,472.55
LINE00002914,ORD0000965,1,PROD00292,1,1109.96,55.5,1054.46
LINE00002915,ORD0000966,1,PROD00024,4,485.06,388.05,1552.19
LINE00002916,ORD0000966,2,PROD00013,1,218.8,0.0,218.8
LINE00002917,ORD0000966,3,PROD00359,6,1103.84,1324.61,5298.43
LINE00002918,ORD0000966,4,PROD00112,4,373.01,0.0,1492.04
LINE00002919,ORD0000967,1,PROD00164,2,168.11,0.0,336.22
LINE00002920,ORD0000967,2,PROD00160,2,173.51,34.7,312.32
LINE00002921,ORD0000967,3,PROD00498,1,202.41,0.0,202.41
LINE00002922,ORD0000967,4,PROD00096,3,787.27,118.09,2243.72
LINE00002923,ORD0000967,5,PROD00380,6,752.72,0.0,4516.32
LINE00002924,ORD0000968,1,PROD00421,2,436.45,174.58,698.32
LINE00002925,ORD0000969,1,PROD00453,5,306.82,0.0,1534.1
LINE00002926,ORD0000970,1,PROD00134,5,945.52,0.0,4727.6
LINE00002927,ORD0000970,2,PROD00161,3,195.34,117.2,468.82
LINE00002928,ORD0000971,1,PROD00213,4,932.8,0.0,3731.2
LINE00002929,ORD0000972,1,PROD00435,5,268.25,0.0,1341.25
LINE00002930,ORD0000972,2,PROD00425,5,1128.29,0.0,5641.45
LINE00002931,ORD0000972,3,PROD00209,5,787.33,0.0,3936.65
LINE00002932,ORD0000972,4,PROD00415,2,615.93,123.19,1108.67
LINE00002933,ORD0000972,5,PROD00079,4,448.03,89.61,1702.51
LINE00002934,ORD0000973,1,PROD00365,6,798.0,0.0,4788.0
LINE00002935,ORD0000974,1,PROD00208,3,832.47,0.0,2497.41
LINE00002936,ORD0000975,1,PROD00262,3,287.42,0.0,862.26
LINE00002937,ORD0000976,1,PROD00319,3,1129.68,338.9,3050.14
LINE00002938,ORD0000976,2,PROD00338,3,546.1,163.83,1474.47
LINE00002939,ORD0000976,3,PROD00213,5,976.9,0.0,4884.5
LINE00002940,ORD0000976,4,PROD00281,5,692.49,692.49,2769.96
LINE00002941,ORD0000976,5,PROD00115,1,664.64,0.0,664.64
LINE00002942,ORD0000977,1,PROD00297,1,76.55,0.0,76.55
LINE00002943,ORD0000977,2,PROD00054,1,596.46,119.29,477.17
LINE00002944,ORD0000977,3,PROD00218,2,793.19,0.0,1586.38
LINE00002945,ORD0000977,4,PROD00449,5,1147.82,0.0,5739.1
LINE00002946,ORD0000978,1,PROD00240,6,641.37,384.82,3463.4
LINE00002947,ORD0000978,2,PROD00097,5,380.37,0.0,1901.85
LINE00002948,ORD0000978,3,PROD00411,5,125.1,125.1,500.4
LINE00002949,ORD0000978,4,PROD00317,4,956.23,191.25,3633.67
LINE00002950,ORD0000979,1,PROD00278,3,233.36,140.02,560.06
LINE00002951,ORD0000980,1,PROD00260,3,95.64,57.38,229.54
LINE00002952,ORD0000980,2,PROD00109,6,999.41,0.0,5996.46
LINE00002953,ORD0000980,3,PROD00429,6,913.98,0.0,5483.88
LINE00002954,ORD0000980,4,PROD00118,5,544.57,0.0,2722.85
LINE00002955,ORD0000981,1,PROD00390,6,1082.97,1299.56,5198.26
LINE00002956,ORD0000981,2,PROD00002,4,247.66,99.06,891.58
LINE00002957,ORD0000981,3,PROD00132,1,307.08,0.0,307.08
LINE00002958,ORD0000981,4,PROD00085,6,1145.07,0.0,6870.42
LINE00002959,ORD0000981,5,PROD00214,6,1089.71,1307.65,5230.61
LINE00002960,ORD0000982,1,PROD00402,3,764.63,0.0,2293.89
LINE00002961,ORD0000982,2,PROD00483,1,987.83,0.0,987.83
LINE00002962,ORD0000982,3,PROD00018,2,977.8,0.0,1955.6
LINE00002963,ORD0000982,4,PROD00199,6,1045.68,627.41,5646.67
LINE00002964,ORD0000982,5,PROD00357,3,657.94,0.0,1973.82
LINE00002965,ORD0000983,1,PROD00269,2,315.15,31.52,598.78
LINE00002966,ORD0000983,2,PROD00440,1,740.51,0.0,740.51
LINE00002967,ORD0000984,1,PROD00225,1,81.01,0.0,81.01
LINE00002968,ORD0000984,2,PROD00162,6,342.78,102.83,1953.85
LINE00002969,ORD0000985,1,PROD00044,2,206.92,0.0,413.84
LINE00002970,ORD0000985,2,PROD00171,6,755.54,0.0,4533.24
LINE00002971,ORD0000985,3,PROD00443,4,88.63,0.0,354.52
LINE00002972,ORD0000985,4,PROD00077,1,217.14,0.0,217.14
LINE00002973,ORD0000986,1,PROD00490,6,699.53,419.72,3777.46
LINE00002974,ORD0000987,1,PROD00359,3,1177.54,706.52,2826.1
LINE00002975,ORD0000987,2,PROD00141,4,1188.87,237.77,4517.71
LINE00002976,ORD0000988,1,PROD00105,2,396.38,158.55,634.21
LINE00002977,ORD0000989,1,PROD00267,1,923.9,46.2,877.7
LINE00002978,ORD0000990,1,PROD00251,1,1027.73,0.0,1027.73
LINE00002979,ORD0000990,2,PROD00290,2,328.87,32.89,624.85
LINE00002980,ORD0000990,3,PROD00060,4,972.96,0.0,3891.84
LINE00002981,ORD0000991,1,PROD00364,2,463.74,185.5,741.98
LINE00002982,ORD0000991,2,PROD00479,1,1095.69,219.14,876.55
LINE00002983,ORD0000992,1,PROD00485,3,1114.32,334.3,3008.66
LINE00002984,ORD0000993,1,PROD00104,2,162.13,32.43,291.83
LINE00002985,ORD0000993,2,PROD00039,1,710.6,0.0,710.6
LINE00002986,ORD0000993,3,PROD00016,2,252.22,25.22,479.22
LINE00002987,ORD0000993,4,PROD00022,3,802.81,481.69,1926.74
LINE00002988,ORD0000993,5,PROD00210,2,779.72,155.94,1403.5
LINE00002989,ORD0000994,1,PROD00100,4,201.42,0.0,805.68
LINE00002990,ORD0000995,1,PROD00097,4,171.72,34.34,652.54
LINE00002991,ORD0000996,1,PROD00190,3,152.57,45.77,411.94
LINE00002992,ORD0000996,2,PROD00351,1,739.67,147.93,591.74
LINE00002993,ORD0000996,3,PROD00171,2,646.68,0.0,1293.36
LINE00002994,ORD0000997,1,PROD00124,-3,601.57,-360.94,-1443.77
LINE00002995,ORD0000997,2,PROD00331,1,458.4,0.0,458.4
LINE00002996,ORD0000997,3,PROD00101,2,570.05,57.0,1083.1
LINE00002997,ORD0000997,4,PROD00475,6,861.59,516.95,4652.59
LINE00002998,ORD0000997,5,PROD00369,4,979.14,0.0,3916.56
LINE00002999,ORD0000998,1,PROD00431,6,119.22,71.53,643.79
LINE00003000,ORD0000998,2,PROD00311,1,1190.7,59.54,1131.16
LINE00003001,ORD0000998,3,PROD00453,3,1116.24,0.0,3348.72
LINE00003002,ORD0000998,4,PROD00422,1,130.96,26.19,104.77
LINE00003003,ORD0000999,1,PROD00439,3,258.4,38.76,736.44
LINE00003004,ORD0000999,2,PROD00242,1,404.35,20.22,384.13
LINE00003005,ORD0000999,3,PROD00315,6,666.51,0.0,3999.06
LINE00003006,ORD0000999,4,PROD00138,4,906.5,0.0,3626.0
LINE00003007,ORD0000999,5,PROD00312,1,140.56,0.0,140.56
LINE00003008,ORD0001000,1,PROD00035,6,646.0,387.6,3488.4
LINE00003009,ORD0001000,2,PROD00283,1,327.68,0.0,327.68
LINE00003010,ORD0001001,1,PROD00318,6,221.2,66.36,1260.84
LINE00003011,ORD0001001,2,PROD00149,4,386.84,0.0,1547.36
LINE00003012,ORD0001001,3,PROD00166,3,56.48,16.94,152.5
LINE00003013,ORD0001002,1,PROD00308,3,651.18,0.0,1953.54
LINE00003014,ORD0001002,2,PROD00397,5,1027.68,1027.68,4110.72
LINE00003015,ORD0001002,3,PROD00294,6,1031.91,309.57,5881.89
LINE00003016,ORD0001003,1,PROD00244,3,292.17,87.65,788.86
LINE00003017,ORD0001004,1,PROD00297,5,650.16,325.08,2925.72
LINE00003018,ORD0001004,2,PROD00427,5,349.85,349.85,1399.4
LINE00003019,ORD0001004,3,PROD00393,5,1040.24,0.0,5201.2
LINE00003020,ORD0001004,4,PROD00020,3,1014.61,152.19,2891.64
LINE00003021,ORD0001004,5,PROD00388,2,947.12,189.42,1704.82
LINE00003022,ORD0001005,1,PROD00158,5,764.7,382.35,3441.15
LINE00003023,ORD0001006,1,PROD00054,3,817.08,0.0,2451.24
LINE00003024,ORD0001007,1,PROD00096,5,690.73,0.0,3453.65
LINE00003025,ORD0001007,2,PROD00239,1,955.22,47.76,907.46
LINE00003026,ORD0001007,3,PROD00490,4,236.82,94.73,852.55
LINE00003027,ORD0001007,4,PROD00118,5,1055.35,0.0,5276.75
LINE00003028,ORD0001007,5,PROD00113,1,199.54,19.95,179.59
LINE00003029,ORD0001008,1,PROD00230,2,1144.4,114.44,2174.36
LINE00003030,ORD0001008,2,PROD00253,1,418.07,41.81,376.26
LINE00003031,ORD0001009,1,PROD00158,2,427.34,85.47,769.21
LINE00003032,ORD0001009,2,PROD00480,1,847.81,0.0,847.81
LINE00003033,ORD0001009,3,PROD00054,6,541.41,649.69,2598.77
LINE00003034,ORD0001009,4,PROD00472,2,176.42,0.0,352.84
LINE00003035,ORD0001009,5,PROD00267,2,172.18,0.0,344.36
LINE00003036,ORD0001010,1,PROD00400,5,938.97,938.97,3755.88
LINE00003037,ORD0001010,2,PROD00217,6,25.77,0.0,154.62
LINE00003038,ORD0001010,3,PROD00071,2,586.04,0.0,1172.08
LINE00003039,ORD0001010,4,PROD00046,1,158.78,0.0,158.78
LINE00003040,ORD0001010,5,PROD00155,6,1008.97,0.0,6053.82
LINE00003041,ORD0001011,1,PROD00386,3,778.17,233.45,2101.06
LINE00003042,ORD0001011,2,PROD00153,3,23.38,14.03,56.11
LINE00003043,ORD0001011,3,PROD00348,4,839.27,0.0,3357.08
LINE00003044,ORD0001012,1,PROD00451,4,999.21,0.0,3996.84
LINE00003045,ORD0001013,1,PROD00249,4,127.24,25.45,483.51
LINE00003046,ORD0001014,1,PROD00482,6,590.22,0.0,3541.32
LINE00003047,ORD0001014,2,PROD00482,5,762.83,0.0,3814.15
LINE00003048,ORD0001014,3,PROD00487,1,848.14,169.63,678.51
LINE00003049,ORD0001014,4,PROD00444,4,17.44,0.0,69.76
LINE00003050,ORD0001014,5,PROD00021,4,210.47,0.0,841.88
LINE00003051,ORD0001015,1,PROD00404,6,217.73,261.28,1045.1
LINE00003052,ORD0001015,2,PROD00474,3,15.8,0.0,47.4
LINE00003053,ORD0001016,1,PROD00285,1,194.05,9.7,184.35
LINE00003054,ORD0001017,1,PROD00453,4,1155.59,924.47,3697.89
LINE00003055,ORD0001017,2,PROD00103,2,1080.53,0.0,2161.06
LINE00003056,ORD0001017,3,PROD00187,4,87.87,0.0,351.48
LINE00003057,ORD0001018,1,PROD00129,1,191.87,0.0,191.87
LINE00003058,ORD0001019,1,PROD00223,1,1095.11,109.51,985.6
LINE00003059,ORD0001019,2,PROD00235,5,1046.73,261.68,4971.97
LINE00003060,ORD0001020,1,PROD00459,3,463.17,69.48,1320.03
LINE00003061,ORD0001020,2,PROD00396,5,1160.61,580.3,5222.75
LINE00003062,ORD0001020,3,PROD00106,6,245.49,0.0,1472.94
LINE00003063,ORD0001020,4,PROD00268,2,46.56,0.0,93.12
LINE00003064,ORD0001021,1,PROD00098,4,611.35,0.0,2445.4
LINE00003065,ORD0001022,1,PROD00306,5,1078.85,1078.85,4315.4
LINE00003066,ORD0001023,1,PROD00035,6,632.53,0.0,3795.18
LINE00003067,ORD0001024,1,PROD00241,4,140.07,56.03,504.25
LINE00003068,ORD0001024,2,PROD00084,1,941.91,188.38,753.53
LINE00003069,ORD0001024,3,PROD00456,4,838.45,0.0,3353.8
LINE00003070,ORD0001025,1,PROD00237,2,323.51,32.35,614.67
LINE00003071,ORD0001025,2,PROD00157,5,937.61,0.0,4688.05
LINE00003072,ORD0001025,3,PROD00081,6,940.51,0.0,5643.06
LINE00003073,ORD0001025,4,PROD00415,3,927.11,278.13,2503.2
LINE00003074,ORD0001025,5,PROD00073,5,882.08,0.0,4410.4
LINE00003075,ORD0001026,1,PROD00428,6,242.05,72.62,1379.68
LINE00003076,ORD0001026,2,PROD00370,5,521.07,521.07,2084.28
LINE00003077,ORD0001026,3,PROD00230,3,1169.51,701.71,2806.82
LINE00003078,ORD0001027,1,PROD00252,2,1139.24,0.0,2278.48
LINE00003079,ORD0001027,2,PROD00366,2,310.58,62.12,559.04
LINE00003080,ORD0001027,3,PROD00333,6,201.79,0.0,1210.74
LINE00003081,ORD0001027,4,PROD00157,1,300.11,0.0,300.11
LINE00003082,ORD0001028,1,PROD00351,4,90.94,18.19,345.57
LINE00003083,ORD0001029,1,PROD00184,6,349.86,0.0,2099.16
LINE00003084,ORD0001029,2,PROD00467,4,708.24,0.0,2832.96
LINE00003085,ORD0001029,3,PROD00014,4,306.49,0.0,1225.96
LINE00003086,ORD0001029,4,PROD00317,3,867.08,130.06,2471.18
LINE00003087,ORD0001029,5,PROD00196,3,801.2,0.0,2403.6
LINE00003088,ORD0001030,1,PROD00103,4,885.4,0.0,3541.6
LINE00003089,ORD0001031,1,PROD00346,2,756.22,151.24,1361.2
LINE00003090,ORD0001031,2,PROD00287,1,191.59,0.0,191.59
LINE00003091,ORD0001031,3,PROD00087,1,226.56,11.33,215.23
LINE00003092,ORD0001032,1,PROD00224,5,533.72,133.43,2535.17
LINE00003093,ORD0001033,1,PROD00153,3,880.51,0.0,2641.53
LINE00003094,ORD0001034,1,PROD00355,3,134.72,0.0,404.16
LINE00003095,ORD0001034,2,PROD00080,6,502.71,150.81,2865.45
LINE00003096,ORD0001035,1,PROD00132,1,1045.68,0.0,1045.68
LINE00003097,ORD0001035,2,PROD00450,4,359.79,0.0,1439.16
LINE00003098,ORD0001035,3,PROD00157,6,37.35,0.0,224.1
LINE00003099,ORD0001035,4,PROD00498,4,1080.23,216.05,4104.87
LINE00003100,ORD0001036,1,PROD00037,3,931.58,0.0,2794.74
LINE00003101,ORD0001037,1,PROD00108,5,845.24,422.62,3803.58
LINE00003102,ORD0001037,2,PROD00195,4,344.26,68.85,1308.19
LINE00003103,ORD0001038,1,PROD00247,2,594.09,237.64,950.54
LINE00003104,ORD0001038,2,PROD00091,2,369.63,147.85,591.41
LINE00003105,ORD0001038,3,PROD00160,3,206.8,62.04,558.36
LINE00003106,ORD0001038,4,PROD00342,6,91.19,54.71,492.43
LINE00003107,ORD0001038,5,PROD00069,4,770.32,0.0,3081.28
LINE00003108,ORD0001039,1,PROD00082,2,514.86,0.0,1029.72
LINE00003109,ORD0001039,2,PROD00314,3,1002.27,300.68,2706.13
LINE00003110,ORD0001039,3,PROD00291,5,556.57,278.29,2504.56
LINE00003111,ORD0001039,4,PROD00426,5,1013.41,1013.41,4053.64
LINE00003112,ORD0001039,5,PROD00355,5,92.54,0.0,462.7
LINE00003113,ORD0001040,1,PROD00091,4,849.66,0.0,3398.64
LINE00003114,ORD0001041,1,PROD00371,3,485.02,0.0,1455.06
LINE00003115,ORD0001041,2,PROD00287,1,356.69,0.0,356.69
LINE00003116,ORD0001041,3,PROD00074,4,569.28,0.0,2277.12
LINE00003117,ORD0001041,4,PROD00258,3,950.46,142.57,2708.81
LINE00003118,ORD0001042,1,PROD00436,5,90.71,22.68,430.87
LINE00003119,ORD0001042,2,PROD00483,2,334.7,0.0,669.4
LINE00003120,ORD0001042,3,PROD00316,4,420.16,84.03,1596.61
LINE00003121,ORD0001043,1,PROD00402,6,1027.16,1232.59,4930.37
LINE00003122,ORD0001043,2,PROD00036,5,888.3,0.0,4441.5
LINE00003123,ORD0001044,1,PROD00182,1,406.86,0.0,406.86
LINE00003124,ORD0001044,2,PROD00248,2,605.28,242.11,968.45
LINE00003125,ORD0001045,1,PROD00238,4,1057.13,0.0,4228.52
LINE00003126,ORD0001045,2,PROD00485,4,14.27,2.85,54.23
LINE00003127,ORD0001045,3,PROD00471,5,453.52,0.0,2267.6
LINE00003128,ORD0001045,4,PROD00340,1,1062.51,0.0,1062.51
LINE00003129,ORD0001045,5,PROD00252,2,235.76,0.0,471.52
LINE00003130,ORD0001046,1,PROD00345,4,448.55,0.0,1794.2
LINE00003131,ORD0001047,1,PROD00277,1,254.06,12.7,241.36
LINE00003132,ORD0001047,2,PROD00354,5,400.61,100.15,1902.9
LINE00003133,ORD0001047,3,PROD00151,2,1124.99,0.0,2249.98
LINE00003134,ORD0001047,4,PROD00084,2,441.68,0.0,883.36
LINE00003135,ORD0001047,5,PROD00185,5,1178.28,0.0,5891.4
LINE00003136,ORD0001048,1,PROD00363,5,975.75,0.0,4878.75
LINE00003137,ORD0001048,2,PROD00476,5,428.05,214.03,1926.22
LINE00003138,ORD0001048,3,PROD00174,3,169.85,0.0,509.55
LINE00003139,ORD0001048,4,PROD00404,1,73.32,0.0,73.32
LINE00003140,ORD0001048,5,PROD00376,1,897.21,0.0,897.21
LINE00003141,ORD0001049,1,PROD00007,6,460.59,138.18,2625.36
LINE00003142,ORD0001049,2,PROD00297,3,669.6,0.0,2008.8
LINE00003143,ORD0001049,3,PROD00134,3,684.68,410.81,1643.23
LINE00003144,ORD0001049,4,PROD00258,2,697.13,278.85,1115.41
LINE00003145,ORD0001050,1,PROD00262,3,1193.38,716.03,2864.11
LINE00003146,ORD0001051,1,PROD00424,2,190.55,0.0,381.1
LINE00003147,ORD0001051,2,PROD00055,4,72.02,0.0,288.08
LINE00003148,ORD0001052,1,PROD00498,5,900.03,225.01,4275.14
LINE00003149,ORD0001052,2,PROD00419,6,982.71,0.0,5896.26
LINE00003150,ORD0001052,3,PROD00094,5,733.06,733.06,2932.24
LINE00003151,ORD0001052,4,PROD00132,5,1054.98,0.0,5274.9
LINE00003152,ORD0001053,1,PROD00455,5,729.13,0.0,3645.65
LINE00003153,ORD0001053,2,PROD00339,4,1033.03,413.21,3718.91
LINE00003154,ORD0001053,3,PROD00283,1,992.81,49.64,943.17
LINE00003155,ORD0001053,4,PROD00133,1,1145.84,0.0,1145.84
LINE00003156,ORD0001053,5,PROD00097,6,901.27,1081.52,4326.1
LINE00003157,ORD0001054,1,PROD00162,1,889.75,0.0,889.75
LINE00003158,ORD0001054,2,PROD00486,2,671.48,0.0,1342.96
LINE00003159,ORD0001054,3,PROD00435,4,469.4,375.52,1502.08
LINE00003160,ORD0001054,4,PROD00145,3,345.46,0.0,1036.38
LINE00003161,ORD0001055,1,PROD00120,6,341.96,0.0,2051.76
LINE00003162,ORD0001055,2,PROD00483,3,773.35,116.0,2204.05
LINE00003163,ORD0001055,3,PROD00416,4,658.96,0.0,2635.84
LINE00003164,ORD0001055,4,PROD00375,3,962.57,144.39,2743.32
LINE00003165,ORD0001056,1,PROD00205,1,922.1,0.0,922.1
LINE00003166,ORD0001057,1,PROD00472,6,97.16,29.15,553.81
LINE00003167,ORD0001057,2,PROD00158,1,717.52,35.88,681.64
LINE00003168,ORD0001057,3,PROD00262,6,73.76,22.13,420.43
LINE00003169,ORD0001057,4,PROD00015,4,1019.94,203.99,3875.77
LINE00003170,ORD0001057,5,PROD00478,6,1166.43,349.93,6648.65
LINE00003171,ORD0001058,1,PROD00196,2,812.89,162.58,1463.2
LINE00003172,ORD0001058,2,PROD00384,1,1039.76,0.0,1039.76
LINE00003173,ORD0001058,3,PROD00232,6,567.93,0.0,3407.58
LINE00003174,ORD0001058,4,PROD00015,3,1105.53,663.32,2653.27
LINE00003175,ORD0001058,5,PROD00375,2,550.39,55.04,1045.74
LINE00003176,ORD0001059,1,PROD00422,4,246.76,0.0,987.04
LINE00003177,ORD0001059,2,PROD00320,5,1077.72,269.43,5119.17
LINE00003178,ORD0001060,1,PROD00408,3,477.35,0.0,1432.05
LINE00003179,ORD0001060,2,PROD00448,2,131.31,0.0,262.62
LINE00003180,ORD0001060,3,PROD00285,3,784.61,0.0,2353.83
LINE00003181,ORD0001060,4,PROD00275,5,1093.32,546.66,4919.94
LINE00003182,ORD0001060,5,PROD00217,3,238.42,71.53,643.73
LINE00003183,ORD0001061,1,PROD00353,3,993.04,0.0,2979.12
LINE00003184,ORD0001061,2,PROD00452,5,31.95,7.99,151.76
LINE00003185,ORD0001061,3,PROD00192,5,331.99,0.0,1659.95
LINE00003186,ORD0001061,4,PROD00178,4,1069.55,0.0,4278.2
LINE00003187,ORD0001061,5,PROD00409,6,975.55,1170.66,4682.64
LINE00003188,ORD0001062,1,PROD00176,2,665.74,0.0,1331.48
LINE00003189,ORD0001062,2,PROD00296,6,511.84,153.55,2917.49
LINE00003190,ORD0001062,3,PROD00068,5,1187.95,1187.95,4751.8
LINE00003191,ORD0001062,4,PROD00043,5,101.09,25.27,480.18
LINE00003192,ORD0001063,1,PROD00117,6,30.5,36.6,146.4
LINE00003193,ORD0001063,2,PROD00111,2,940.92,94.09,1787.75
LINE00003194,ORD0001064,1,PROD00398,1,476.18,95.24,380.94
LINE00003195,ORD0001064,2,PROD00256,5,344.45,172.23,1550.02
LINE00003196,ORD0001064,3,PROD00231,2,1166.54,233.31,2099.77
LINE00003197,ORD0001064,4,PROD00356,4,630.49,504.39,2017.57
LINE00003198,ORD0001064,5,PROD00152,4,442.94,88.59,1683.17
LINE00003199,ORD0001065,1,PROD00346,1,642.2,0.0,642.2
LINE00003200,ORD0001065,2,PROD00137,4,430.9,0.0,1723.6
LINE00003201,ORD0001065,3,PROD00325,1,699.23,0.0,699.23
LINE00003202,ORD0001065,4,PROD00226,5,1086.33,543.16,4888.49
LINE00003203,ORD0001066,1,PROD00162,1,109.01,5.45,103.56
LINE00003204,ORD0001066,2,PROD00421,4,1140.99,0.0,4563.96
LINE00003205,ORD0001066,3,PROD00079,3,74.85,0.0,224.55
LINE00003206,ORD0001067,1,PROD00417,1,708.05,35.4,672.65
LINE00003207,ORD0001068,1,PROD00493,4,739.83,295.93,2663.39
LINE00003208,ORD0001068,2,PROD00396,4,1108.54,0.0,4434.16
LINE00003209,ORD0001069,1,PROD00110,5,837.58,0.0,4187.9
LINE00003210,ORD0001069,2,PROD00195,2,972.52,0.0,1945.04
LINE00003211,ORD0001069,3,PROD00034,2,1170.27,0.0,2340.54
LINE00003212,ORD0001069,4,PROD00090,5,498.59,249.29,2243.66
LINE00003213,ORD0001070,1,PROD00485,2,507.39,101.48,913.3
LINE00003214,ORD0001070,2,PROD00023,1,906.48,0.0,906.48
LINE00003215,ORD0001070,3,PROD00315,4,569.91,455.93,1823.71
LINE00003216,ORD0001071,1,PROD00190,2,509.41,0.0,1018.82
LINE00003217,ORD0001071,2,PROD00155,4,703.93,563.14,2252.58
LINE00003218,ORD0001071,3,PROD00038,6,857.66,0.0,5145.96
LINE00003219,ORD0001071,4,PROD00109,2,744.29,148.86,1339.72
LINE00003220,ORD0001072,1,PROD00183,6,923.91,1108.69,4434.77
LINE00003221,ORD0001072,2,PROD00142,3,98.91,14.84,281.89
LINE00003222,ORD0001072,3,PROD00056,4,37.57,30.06,120.22
LINE00003223,ORD0001072,4,PROD00328,3,55.4,8.31,157.89
LINE00003224,ORD0001072,5,PROD00468,6,815.01,0.0,4890.06
LINE00003225,ORD0001073,1,PROD00026,5,401.3,0.0,2006.5
LINE00003226,ORD0001073,2,PROD00241,1,316.12,0.0,316.12
LINE00003227,ORD0001074,1,PROD00317,4,643.09,0.0,2572.36
LINE00003228,ORD0001074,2,PROD00444,2,184.29,0.0,368.58
LINE00003229,ORD0001074,3,PROD00394,6,1171.81,0.0,7030.86
LINE00003230,ORD0001074,4,PROD00370,4,1112.59,0.0,4450.36
LINE00003231,ORD0001074,5,PROD00332,6,750.64,225.19,4278.65
LINE00003232,ORD0001075,1,PROD00140,3,771.83,0.0,2315.49
LINE00003233,ORD0001075,2,PROD00260,2,768.05,0.0,1536.1
LINE00003234,ORD0001075,3,PROD00471,6,1128.88,0.0,6773.28
LINE00003235,ORD0001075,4,PROD00368,3,1134.67,0.0,3404.01
LINE00003236,ORD0001076,1,PROD00435,6,1116.43,334.93,6363.65
LINE00003237,ORD0001076,2,PROD00015,2,85.87,8.59,163.15
LINE00003238,ORD0001076,3,PROD00214,3,1002.35,150.35,2856.7
LINE00003239,ORD0001076,4,PROD00406,5,1193.23,1193.23,4772.92
LINE00003240,ORD0001077,1,PROD00286,6,965.33,1158.4,4633.58
LINE00003241,ORD0001078,1,PROD00064,4,734.67,0.0,2938.68
LINE00003242,ORD0001079,1,PROD00121,4,582.68,0.0,2330.72
LINE00003243,ORD0001080,1,PROD00260,3,470.54,0.0,1411.62
LINE00003244,ORD0001081,1,PROD00312,4,968.83,387.53,3487.79
LINE00003245,ORD0001081,2,PROD00346,5,7.7,7.7,30.8
LINE00003246,ORD0001082,1,PROD00280,4,805.81,0.0,3223.24
LINE00003247,ORD0001083,1,PROD00360,2,509.2,50.92,967.48
LINE00003248,ORD0001084,1,PROD00492,2,914.97,0.0,1829.94
LINE00003249,ORD0001084,2,PROD00351,1,654.09,0.0,654.09
LINE00003250,ORD0001085,1,PROD00364,2,125.07,0.0,250.14
LINE00003251,ORD0001086,1,PROD00426,1,1048.85,52.44,996.41
LINE00003252,ORD0001086,2,PROD00249,2,724.73,0.0,1449.46
LINE00003253,ORD0001086,3,PROD00272,5,237.04,0.0,1185.2
LINE00003254,ORD0001087,1,PROD00004,1,835.59,41.78,793.81
LINE00003255,ORD0001087,2,PROD00075,6,1181.21,708.73,6378.53
LINE00003256,ORD0001087,3,PROD00008,3,837.02,0.0,2511.06
LINE00003257,ORD0001087,4,PROD00439,6,564.76,677.71,2710.85
LINE00003258,ORD0001087,5,PROD00160,3,1110.94,0.0,3332.82
LINE00003259,ORD0001088,1,PROD00422,1,806.4,40.32,766.08
LINE00003260,ORD0001088,2,PROD00046,3,455.06,68.26,1296.92
LINE00003261,ORD0001088,3,PROD00114,5,481.12,0.0,2405.6
LINE00003262,ORD0001089,1,PROD00318,2,702.52,0.0,1405.04
LINE00003263,ORD0001089,2,PROD00488,3,16.82,10.09,40.37
LINE00003264,ORD0001090,1,PROD00021,4,972.91,0.0,3891.64
LINE00003265,ORD0001090,2,PROD00201,2,165.86,0.0,331.72
LINE00003266,ORD0001090,3,PROD00362,3,1022.23,306.67,2760.02
LINE00003267,ORD0001090,4,PROD00077,1,1168.44,58.42,1110.02
LINE00003268,ORD0001090,5,PROD00018,4,804.35,643.48,2573.92
LINE00003269,ORD0001091,1,PROD00318,6,95.46,0.0,572.76
LINE00003270,ORD0001091,2,PROD00110,2,1014.78,202.96,1826.6
LINE00003271,ORD0001091,3,PROD00139,6,78.87,0.0,473.22
LINE00003272,ORD0001092,1,PROD00341,6,615.15,184.54,3506.36
LINE00003273,ORD0001092,2,PROD00441,4,1005.96,402.38,3621.46
LINE00003274,ORD0001092,3,PROD00006,1,722.89,0.0,722.89
LINE00003275,ORD0001093,1,PROD00045,2,936.62,0.0,1873.24
LINE00003276,ORD0001093,2,PROD00396,5,441.94,0.0,2209.7
LINE00003277,ORD0001093,3,PROD00057,3,196.29,0.0,588.87
LINE00003278,ORD0001094,1,PROD00180,5,529.02,132.25,2512.85
LINE00003279,ORD0001095,1,PROD00141,4,1107.6,0.0,4430.4
LINE00003280,ORD0001095,2,PROD00474,1,192.15,9.61,182.54
LINE00003281,ORD0001095,3,PROD00128,3,874.44,524.66,2098.66
LINE00003282,ORD0001095,4,PROD00050,5,378.13,0.0,1890.65
LINE00003283,ORD0001096,1,PROD00310,3,967.07,290.12,2611.09
LINE00003284,ORD0001096,2,PROD00093,6,855.16,0.0,5130.96
LINE00003285,ORD0001096,3,PROD00449,3,704.46,422.68,1690.7
LINE00003286,ORD0001096,4,PROD00015,3,309.49,0.0,928.47
LINE00003287,ORD0001096,5,PROD00475,6,892.06,267.62,5084.74
LINE00003288,ORD0001097,1,PROD00356,3,690.51,0.0,2071.53
LINE00003289,ORD0001098,1,PROD00252,2,67.95,13.59,122.31
LINE00003290,ORD0001098,2,PROD00420,4,842.66,0.0,3370.64
LINE00003291,ORD0001099,1,PROD00384,4,83.71,0.0,334.84
LINE00003292,ORD0001099,2,PROD00353,5,205.78,0.0,1028.9
LINE00003293,ORD0001099,3,PROD00091,5,146.99,0.0,734.95
LINE00003294,ORD0001099,4,PROD00248,1,955.41,191.08,764.33
LINE00003295,ORD0001099,5,PROD00377,2,338.81,33.88,643.74
LINE00003296,ORD0001100,1,PROD00029,3,97.1,0.0,291.3
LINE00003297,ORD0001101,1,PROD00059,6,50.72,15.22,289.1
LINE00003298,ORD0001101,2,PROD00270,4,1128.01,0.0,4512.04
LINE00003299,ORD0001101,3,PROD00175,4,1102.57,0.0,4410.28
LINE00003300,ORD0001101,4,PROD00158,2,1153.84,461.54,1846.14
LINE00003301,ORD0001101,5,PROD00136,4,1035.2,0.0,4140.8
LINE00003302,ORD0001102,1,PROD00184,1,1066.99,213.4,853.59
LINE00003303,ORD0001102,2,PROD00221,4,75.72,0.0,302.88
LINE00003304,ORD0001103,1,PROD00096,5,920.89,460.44,4144.01
LINE00003305,ORD0001103,2,PROD00373,3,576.42,86.46,1642.8
LINE00003306,ORD0001103,3,PROD00432,2,948.43,94.84,1802.02
LINE00003307,ORD0001104,1,PROD00135,2,723.62,289.45,1157.79
LINE00003308,ORD0001104,2,PROD00488,6,519.4,311.64,2804.76
LINE00003309,ORD0001104,3,PROD00460,6,740.31,0.0,4441.86
LINE00003310,ORD0001104,4,PROD00469,1,875.56,0.0,875.56
LINE00003311,ORD0001104,5,PROD00246,1,781.07,0.0,781.07
LINE00003312,ORD0001105,1,PROD00037,2,844.24,337.7,1350.78
LINE00003313,ORD0001106,1,PROD00244,4,115.36,92.29,369.15
LINE00003314,ORD0001106,2,PROD00078,2,981.7,0.0,1963.4
LINE00003315,ORD0001106,3,PROD00020,2,878.08,0.0,1756.16
LINE00003316,ORD0001106,4,PROD00009,2,504.3,0.0,1008.6
LINE00003317,ORD0001107,1,PROD00428,2,20.85,0.0,41.7
LINE00003318,ORD0001107,2,PROD00045,2,27.34,5.47,49.21
LINE00003319,ORD0001107,3,PROD00063,3,852.77,511.66,2046.65
LINE00003320,ORD0001107,4,PROD00432,5,289.14,0.0,1445.7
LINE00003321,ORD0001107,5,PROD00047,1,939.55,0.0,939.55
LINE00003322,ORD0001108,1,PROD00086,6,1058.03,634.82,5713.36
LINE00003323,ORD0001109,1,PROD00041,1,580.7,0.0,580.7
LINE00003324,ORD0001109,2,PROD00291,2,707.81,0.0,1415.62
LINE00003325,ORD0001110,1,PROD00271,5,568.89,0.0,2844.45
LINE00003326,ORD0001110,2,PROD00108,4,1116.11,0.0,4464.44
LINE00003327,ORD0001110,3,PROD00437,6,53.81,0.0,322.86
LINE00003328,ORD0001110,4,PROD00205,2,611.42,244.57,978.27
LINE00003329,ORD0001110,5,PROD00301,5,1076.37,1076.37,4305.48
LINE00003330,ORD0001111,1,PROD00417,1,890.78,44.54,846.24
LINE00003331,ORD0001112,1,PROD00368,5,515.15,0.0,2575.75
LINE00003332,ORD0001112,2,PROD00018,4,1052.08,841.66,3366.66
LINE00003333,ORD0001112,3,PROD00401,5,1061.6,530.8,4777.2
LINE00003334,ORD0001112,4,PROD00432,3,183.27,0.0,549.81
LINE00003335,ORD0001113,1,PROD00469,5,1184.68,0.0,5923.4
LINE00003336,ORD0001113,2,PROD00486,5,390.56,0.0,1952.8
LINE00003337,ORD0001113,3,PROD00236,1,274.81,54.96,219.85
LINE00003338,ORD0001113,4,PROD00276,6,780.17,0.0,4681.02
LINE00003339,ORD0001113,5,PROD00063,6,774.73,929.68,3718.7
LINE00003340,ORD0001114,1,PROD00344,3,307.04,0.0,921.12
LINE00003341,ORD0001114,2,PROD00022,2,250.19,0.0,500.38
LINE00003342,ORD0001114,3,PROD00335,2,450.74,90.15,811.33
LINE00003343,ORD0001114,4,PROD00469,5,1144.92,0.0,5724.6
LINE00003344,ORD0001114,5,PROD00311,1,16.11,1.61,14.5
LINE00003345,ORD0001115,1,PROD00050,6,979.7,293.91,5584.29
LINE00003346,ORD0001115,2,PROD00232,1,1071.0,214.2,856.8
LINE00003347,ORD0001116,1,PROD00174,5,393.5,0.0,1967.5
LINE00003348,ORD0001116,2,PROD00305,5,1002.96,1002.96,4011.84
LINE00003349,ORD0001116,3,PROD00358,4,348.46,69.69,1324.15
LINE00003350,ORD0001117,1,PROD00069,5,895.82,895.82,3583.28
LINE00003351,ORD0001118,1,PROD00499,3,601.81,90.27,1715.16
LINE00003352,ORD0001118,2,PROD00389,4,400.06,160.02,1440.22
LINE00003353,ORD0001118,3,PROD00407,5,146.4,36.6,695.4
LINE00003354,ORD0001119,1,PROD00067,5,273.52,0.0,1367.6
LINE00003355,ORD0001119,2,PROD00414,3,568.53,0.0,1705.59
LINE00003356,ORD0001119,3,PROD00480,6,138.8,166.56,666.24
LINE00003357,ORD0001119,4,PROD00059,1,952.75,0.0,952.75
LINE00003358,ORD0001120,1,PROD00131,5,685.13,171.28,3254.37
LINE00003359,ORD0001120,2,PROD00047,3,508.58,0.0,1525.74
LINE00003360,ORD0001120,3,PROD00413,4,673.96,0.0,2695.84
LINE00003361,ORD0001120,4,PROD00038,6,417.22,500.66,2002.66
LINE00003362,ORD0001120,5,PROD00366,4,348.53,0.0,1394.12
LINE00003363,ORD0001121,1,PROD00139,1,594.73,118.95,475.78
LINE00003364,ORD0001121,2,PROD00354,3,412.73,123.82,1114.37
LINE00003365,ORD0001121,3,PROD00447,4,349.87,139.95,1259.53
LINE00003366,ORD0001121,4,PROD00195,2,290.3,0.0,580.6
LINE00003367,ORD0001121,5,PROD00436,6,1146.35,0.0,6878.1
LINE00003368,ORD0001122,1,PROD00140,1,141.94,28.39,113.55
LINE00003369,ORD0001122,2,PROD00084,5,1149.97,0.0,5749.85
LINE00003370,ORD0001122,3,PROD00432,3,197.89,29.68,563.99
LINE00003371,ORD0001122,4,PROD00032,4,147.62,0.0,590.48
LINE00003372,ORD0001122,5,PROD00411,4,859.17,687.34,2749.34
LINE00003373,ORD0001123,1,PROD00297,4,1095.28,876.22,3504.9
LINE00003374,ORD0001123,2,PROD00181,1,925.62,46.28,879.34
LINE00003375,ORD0001123,3,PROD00289,2,411.52,164.61,658.43
LINE00003376,ORD0001124,1,PROD00494,2,198.45,0.0,396.9
LINE00003377,ORD0001124,2,PROD00476,2,398.66,79.73,717.59
LINE00003378,ORD0001124,3,PROD00469,6,991.24,0.0,5947.44
LINE00003379,ORD0001124,4,PROD00036,1,286.69,0.0,286.69
LINE00003380,ORD0001124,5,PROD00306,6,1119.92,1343.9,5375.62
LINE00003381,ORD0001125,1,PROD00094,3,239.67,0.0,719.01
LINE00003382,ORD0001125,2,PROD00180,3,501.28,0.0,1503.84
LINE00003383,ORD0001125,3,PROD00255,3,152.35,45.7,411.35
LINE00003384,ORD0001126,1,PROD00476,5,951.5,951.5,3806.0
LINE00003385,ORD0001126,2,PROD00247,4,975.72,195.14,3707.74
LINE00003386,ORD0001126,3,PROD00118,2,913.3,0.0,1826.6
LINE00003387,ORD0001126,4,PROD00258,5,1196.59,0.0,5982.95
LINE00003388,ORD0001126,5,PROD00073,5,660.78,0.0,3303.9
LINE00003389,ORD0001127,1,PROD00320,1,886.09,177.22,708.87
LINE00003390,ORD0001127,2,PROD00476,4,383.03,0.0,1532.12
LINE00003391,ORD0001127,3,PROD00405,3,434.45,0.0,1303.35
LINE00003392,ORD0001127,4,PROD00267,5,1031.34,0.0,5156.7
LINE00003393,ORD0001128,1,PROD00250,1,1048.79,0.0,1048.79
LINE00003394,ORD0001128,2,PROD00154,4,1122.94,224.59,4267.17
LINE00003395,ORD0001128,3,PROD00477,6,448.31,0.0,2689.86
LINE00003396,ORD0001129,1,PROD00490,1,504.3,50.43,453.87
LINE00003397,ORD0001129,2,PROD00077,5,711.97,0.0,3559.85
LINE00003398,ORD0001129,3,PROD00097,3,264.04,79.21,712.91
LINE00003399,ORD0001130,1,PROD00486,5,282.49,282.49,1129.96
LINE00003400,ORD0001130,2,PROD00332,5,40.96,0.0,204.8
LINE00003401,ORD0001130,3,PROD00090,6,1003.69,301.11,5721.03
LINE00003402,ORD0001130,4,PROD00279,1,782.71,78.27,704.44
LINE00003403,ORD0001131,1,PROD00019,6,25.42,0.0,152.52
LINE00003404,ORD0001131,2,PROD00495,6,39.86,0.0,239.16
LINE00003405,ORD0001132,1,PROD00454,6,777.88,233.36,4433.92
LINE00003406,ORD0001132,2,PROD00220,2,800.39,160.08,1440.7
LINE00003407,ORD0001132,3,PROD00025,6,152.09,182.51,730.03
LINE00003408,ORD0001132,4,PROD00036,1,656.36,32.82,623.54
LINE00003409,ORD0001133,1,PROD00483,1,1061.69,0.0,1061.69
LINE00003410,ORD0001133,2,PROD00347,6,1112.52,333.76,6341.36
LINE00003411,ORD0001133,3,PROD00212,3,1171.38,702.83,2811.31
LINE00003412,ORD0001133,4,PROD00017,5,402.49,201.25,1811.2
LINE00003413,ORD0001133,5,PROD00263,3,895.38,0.0,2686.14
LINE00003414,ORD0001134,1,PROD00466,1,359.08,17.95,341.13
LINE00003415,ORD0001134,2,PROD00121,4,293.37,0.0,1173.48
LINE00003416,ORD0001134,3,PROD00155,1,617.55,61.75,555.8
LINE00003417,ORD0001135,1,PROD00199,4,998.57,0.0,3994.28
LINE00003418,ORD0001135,2,PROD00161,2,223.14,44.63,401.65
LINE00003419,ORD0001135,3,PROD00421,3,490.65,0.0,1471.95
LINE00003420,ORD0001135,4,PROD00003,2,509.74,203.9,815.58
LINE00003421,ORD0001135,5,PROD00447,2,271.57,0.0,543.14
LINE00003422,ORD0001136,1,PROD00069,4,758.61,606.89,2427.55
LINE00003423,ORD0001137,1,PROD00491,1,1024.49,0.0,1024.49
LINE00003424,ORD0001138,1,PROD00417,5,87.93,0.0,439.65
LINE00003425,ORD0001138,2,PROD00080,6,390.43,0.0,2342.58
LINE00003426,ORD0001138,3,PROD00181,4,107.62,0.0,430.48
LINE00003427,ORD0001138,4,PROD00236,6,627.52,0.0,3765.12
LINE00003428,ORD0001138,5,PROD00027,6,692.0,830.4,3321.6
LINE00003429,ORD0001139,1,PROD00019,4,173.0,0.0,692.0
LINE00003430,ORD0001139,2,PROD00380,5,310.42,155.21,1396.89
LINE00003431,ORD0001139,3,PROD00486,6,1159.92,347.98,6611.54
LINE00003432,ORD0001140,1,PROD00102,5,407.42,0.0,2037.1
LINE00003433,ORD0001140,2,PROD00409,3,950.37,142.56,2708.55
LINE00003434,ORD0001140,3,PROD00313,3,393.2,0.0,1179.6
LINE00003435,ORD0001140,4,PROD00495,3,314.14,0.0,942.42
LINE00003436,ORD0001140,5,PROD00480,4,253.28,0.0,1013.12
LINE00003437,ORD0001141,1,PROD00140,1,271.16,0.0,271.16
LINE00003438,ORD0001142,1,PROD00416,1,460.47,23.02,437.45
LINE00003439,ORD0001142,2,PROD00091,2,286.5,114.6,458.4
LINE00003440,ORD0001142,3,PROD00426,3,300.7,180.42,721.68
LINE00003441,ORD0001142,4,PROD00325,1,1178.23,0.0,1178.23
LINE00003442,ORD0001143,1,PROD00148,6,965.49,579.29,5213.65
LINE00003443,ORD0001143,2,PROD00046,1,903.66,0.0,903.66
LINE00003444,ORD0001143,3,PROD00027,2,707.27,0.0,1414.54
LINE00003445,ORD0001143,4,PROD00053,4,798.22,319.29,2873.59
LINE00003446,ORD0001143,5,PROD00150,5,596.58,596.58,2386.32
LINE00003447,ORD0001144,1,PROD00424,3,466.77,70.02,1330.29
LINE00003448,ORD0001145,1,PROD00253,6,287.51,0.0,1725.06
LINE00003449,ORD0001145,2,PROD00121,1,759.85,151.97,607.88
LINE00003450,ORD0001145,3,PROD00392,6,793.24,0.0,4759.44
LINE00003451,ORD0001145,4,PROD00131,4,846.12,0.0,3384.48
LINE00003452,ORD0001146,1,PROD00180,3,1152.85,0.0,3458.55
LINE00003453,ORD0001146,2,PROD00085,6,318.98,382.78,1531.1
LINE00003454,ORD0001147,1,PROD00154,2,818.84,327.54,1310.14
LINE00003455,ORD0001147,2,PROD00199,4,916.73,183.35,3483.57
LINE00003456,ORD0001148,1,PROD00401,1,735.53,0.0,735.53
LINE00003457,ORD0001149,1,PROD00331,1,692.78,0.0,692.78
LINE00003458,ORD0001149,2,PROD00116,2,459.82,91.96,827.68
LINE00003459,ORD0001149,3,PROD00052,3,668.09,0.0,2004.27
LINE00003460,ORD0001149,4,PROD00319,3,120.41,0.0,361.23
LINE00003461,ORD0001149,5,PROD00489,3,72.78,0.0,218.34
LINE00003462,ORD0001150,1,PROD00223,5,964.5,0.0,4822.5
LINE00003463,ORD0001150,2,PROD00289,1,664.73,33.24,631.49
LINE00003464,ORD0001150,3,PROD00306,3,328.65,0.0,985.95
LINE00003465,ORD0001150,4,PROD00359,3,1087.73,652.64,2610.55
LINE00003466,ORD0001150,5,PROD00185,5,990.29,247.57,4703.88
LINE00003467,ORD0001151,1,PROD00083,4,1097.27,0.0,4389.08
LINE00003468,ORD0001151,2,PROD00042,2,353.62,0.0,707.24
LINE00003469,ORD0001151,3,PROD00314,6,396.79,0.0,2380.74
LINE00003470,ORD0001152,1,PROD00183,3,35.3,0.0,105.9
LINE00003471,ORD0001153,1,PROD00368,4,519.39,207.76,1869.8
LINE00003472,ORD0001154,1,PROD00382,2,32.78,0.0,65.56
LINE00003473,ORD0001154,2,PROD00022,1,553.52,0.0,553.52
LINE00003474,ORD0001154,3,PROD00090,5,364.17,0.0,1820.85
LINE00003475,ORD0001155,1,PROD00153,1,623.78,0.0,623.78
LINE00003476,ORD0001155,2,PROD00335,1,809.49,80.95,728.54
LINE00003477,ORD0001156,1,PROD00244,4,549.4,219.76,1977.84
LINE00003478,ORD0001156,2,PROD00367,2,350.13,140.05,560.21
LINE00003479,ORD0001156,3,PROD00107,2,1152.45,0.0,2304.9
LINE00003480,ORD0001157,1,PROD00162,6,844.94,0.0,5069.64
LINE00003481,ORD0001158,1,PROD00377,1,766.82,38.34,728.48
LINE00003482,ORD0001158,2,PROD00131,1,603.86,30.19,573.67
LINE00003483,ORD0001158,3,PROD00185,5,599.36,299.68,2697.12
LINE00003484,ORD0001158,4,PROD00187,2,894.17,357.67,1430.67
LINE00003485,ORD0001159,1,PROD00415,3,642.55,0.0,1927.65
LINE00003486,ORD0001159,2,PROD00317,3,391.72,235.03,940.13
LINE00003487,ORD0001160,1,PROD00054,3,148.31,0.0,444.93
LINE00003488,ORD0001160,2,PROD00148,3,301.53,0.0,904.59
LINE00003489,ORD0001160,3,PROD00456,2,659.39,0.0,1318.78
LINE00003490,ORD0001160,4,PROD00263,3,286.16,85.85,772.63
LINE00003491,ORD0001160,5,PROD00375,3,672.29,100.84,1916.03
LINE00003492,ORD0001161,1,PROD00061,4,1022.07,817.66,3270.62
LINE00003493,ORD0001162,1,PROD00383,-3,887.05,-0.0,-2661.15
LINE00003494,ORD0001162,2,PROD00196,6,64.52,77.42,309.7
LINE00003495,ORD0001162,3,PROD00170,5,234.57,58.64,1114.21
LINE00003496,ORD0001163,1,PROD00168,5,821.07,0.0,4105.35
LINE00003497,ORD0001163,2,PROD00280,3,1148.78,344.63,3101.71
LINE00003498,ORD0001163,3,PROD00294,1,1042.17,0.0,1042.17
LINE00003499,ORD0001163,4,PROD00140,3,627.1,0.0,1881.3
LINE00003500,ORD0001164,1,PROD00339,1,754.79,150.96,603.83
LINE00003501,ORD0001164,2,PROD00200,6,221.17,132.7,1194.32
LINE00003502,ORD0001164,3,PROD00434,3,290.52,0.0,871.56
LINE00003503,ORD0001165,1,PROD00454,4,496.04,198.42,1785.74
LINE00003504,ORD0001165,2,PROD00485,1,731.86,0.0,731.86
LINE00003505,ORD0001165,3,PROD00028,4,660.31,0.0,2641.24
LINE00003506,ORD0001166,1,PROD00142,1,989.81,0.0,989.81
LINE00003507,ORD0001166,2,PROD00235,3,1198.84,0.0,3596.52
LINE00003508,ORD0001166,3,PROD00252,3,438.53,263.12,1052.47
LINE00003509,ORD0001167,1,PROD00454,1,1094.58,0.0,1094.58
LINE00003510,ORD0001168,1,PROD00104,3,29.58,17.75,70.99
LINE00003511,ORD0001168,2,PROD00279,4,693.12,138.62,2633.86
LINE00003512,ORD0001168,3,PROD00449,2,362.48,0.0,724.96
LINE00003513,ORD0001168,4,PROD00178,1,152.25,0.0,152.25
LINE00003514,ORD0001168,5,PROD00022,3,904.05,271.21,2440.94
LINE00003515,ORD0001169,1,PROD00097,4,36.44,0.0,145.76
LINE00003516,ORD0001169,2,PROD00011,3,763.46,0.0,2290.38
LINE00003517,ORD0001169,3,PROD00467,5,510.47,127.62,2424.73
LINE00003518,ORD0001170,1,PROD00193,3,726.09,108.91,2069.36
LINE00003519,ORD0001170,2,PROD00253,1,451.68,0.0,451.68
LINE00003520,ORD0001171,1,PROD00021,2,1020.48,204.1,1836.86
LINE00003521,ORD0001171,2,PROD00152,3,433.75,260.25,1041.0
LINE00003522,ORD0001171,3,PROD00413,2,502.44,0.0,1004.88
LINE00003523,ORD0001171,4,PROD00321,2,235.57,47.11,424.03
LINE00003524,ORD0001172,1,PROD00039,1,839.18,167.84,671.34
LINE00003525,ORD0001172,2,PROD00061,6,60.99,0.0,365.94
LINE00003526,ORD0001173,1,PROD00098,2,653.53,65.35,1241.71
LINE00003527,ORD0001174,1,PROD00380,1,1066.39,53.32,1013.07
LINE00003528,ORD0001174,2,PROD00308,4,940.09,376.04,3384.32
LINE00003529,ORD0001174,3,PROD00354,5,117.41,58.7,528.35
LINE00003530,ORD0001174,4,PROD00470,4,664.62,132.92,2525.56
LINE00003531,ORD0001174,5,PROD00442,1,833.83,41.69,792.14
LINE00003532,ORD0001175,1,PROD00153,4,613.66,245.46,2209.18
LINE00003533,ORD0001175,2,PROD00222,2,988.29,0.0,1976.58
LINE00003534,ORD0001175,3,PROD00110,3,43.81,13.14,118.29
LINE00003535,ORD0001175,4,PROD00340,2,1079.09,0.0,2158.18
LINE00003536,ORD0001176,1,PROD00311,4,172.62,0.0,690.48
LINE00003537,ORD0001176,2,PROD00028,6,58.28,0.0,349.68
LINE00003538,ORD0001177,1,PROD00118,3,243.09,72.93,656.34
LINE00003539,ORD0001177,2,PROD00265,3,455.04,136.51,1228.61
LINE00003540,ORD0001177,3,PROD00337,5,627.79,156.95,2982.0
LINE00003541,ORD0001178,1,PROD00304,5,1051.46,0.0,5257.3
LINE00003542,ORD0001178,2,PROD00092,3,979.89,146.98,2792.69
LINE00003543,ORD0001179,1,PROD00420,6,623.11,0.0,3738.66
LINE00003544,ORD0001179,2,PROD00480,3,925.89,555.53,2222.14
LINE00003545,ORD0001179,3,PROD00212,3,627.84,188.35,1695.17
LINE00003546,ORD0001180,1,PROD00431,1,47.15,0.0,47.15
LINE00003547,ORD0001180,2,PROD00058,2,47.18,0.0,94.36
LINE00003548,ORD0001181,1,PROD00492,2,458.65,91.73,825.57
LINE00003549,ORD0001181,2,PROD00252,4,77.35,0.0,309.4
LINE00003550,ORD0001181,3,PROD00354,2,611.46,0.0,1222.92
LINE00003551,ORD0001181,4,PROD00177,3,439.35,0.0,1318.05
LINE00003552,ORD0001181,5,PROD00423,1,753.01,0.0,753.01
LINE00003553,ORD0001182,1,PROD00155,6,1110.41,0.0,6662.46
LINE00003554,ORD0001182,2,PROD00071,2,466.5,46.65,886.35
LINE00003555,ORD0001182,3,PROD00254,3,370.29,55.54,1055.33
LINE00003556,ORD0001182,4,PROD00424,4,915.81,0.0,3663.24
LINE00003557,ORD0001183,1,PROD00045,6,921.97,0.0,5531.82
LINE00003558,ORD0001183,2,PROD00324,1,604.02,0.0,604.02
LINE00003559,ORD0001183,3,PROD00458,2,774.86,77.49,1472.23
LINE00003560,ORD0001184,1,PROD00337,5,128.2,0.0,641.0
LINE00003561,ORD0001184,2,PROD00304,5,574.5,287.25,2585.25
LINE00003562,ORD0001184,3,PROD00072,3,1133.04,0.0,3399.12
LINE00003563,ORD0001185,1,PROD00110,2,592.53,237.01,948.05
LINE00003564,ORD0001185,2,PROD00479,1,534.56,53.46,481.1
LINE00003565,ORD0001185,3,PROD00227,1,12.99,0.0,12.99
LINE00003566,ORD0001186,1,PROD00115,3,495.05,74.26,1410.89
LINE00003567,ORD0001186,2,PROD00099,2,598.51,0.0,1197.02
LINE00003568,ORD0001187,1,PROD00317,5,666.19,0.0,3330.95
LINE00003569,ORD0001187,2,PROD00474,1,35.14,0.0,35.14
LINE00003570,ORD0001187,3,PROD00012,1,206.35,0.0,206.35
LINE00003571,ORD0001188,1,PROD00406,2,541.85,54.19,1029.51
LINE00003572,ORD0001189,1,PROD00192,4,1154.01,0.0,4616.04
LINE00003573,ORD0001190,1,PROD00279,3,1171.85,175.78,3339.77
LINE00003574,ORD0001190,2,PROD00050,4,358.54,0.0,1434.16
LINE00003575,ORD0001190,3,PROD00257,2,879.6,0.0,1759.2
LINE00003576,ORD0001190,4,PROD00499,3,213.7,32.05,609.05
LINE00003577,ORD0001190,5,PROD00130,6,214.62,64.39,1223.33
LINE00003578,ORD0001191,1,PROD00132,1,1177.94,117.79,1060.15
LINE00003579,ORD0001191,2,PROD00441,1,792.95,0.0,792.95
LINE00003580,ORD0001192,1,PROD00045,5,869.76,869.76,3479.04
LINE00003581,ORD0001192,2,PROD00224,2,521.89,0.0,1043.78
LINE00003582,ORD0001192,3,PROD00499,1,758.55,75.86,682.69
LINE00003583,ORD0001192,4,PROD00435,3,912.55,547.53,2190.12
LINE00003584,ORD0001193,1,PROD00307,6,900.15,540.09,4860.81
LINE00003585,ORD0001193,2,PROD00197,6,95.04,0.0,570.24
LINE00003586,ORD0001193,3,PROD00416,2,829.49,331.8,1327.18
LINE00003587,ORD0001193,4,PROD00158,2,544.45,108.89,980.01
LINE00003588,ORD0001193,5,PROD00469,1,371.24,74.25,296.99
LINE00003589,ORD0001194,1,PROD00448,1,710.69,0.0,710.69
LINE00003590,ORD0001194,2,PROD00309,2,238.87,0.0,477.74
LINE00003591,ORD0001194,3,PROD00438,5,574.53,0.0,2872.65
LINE00003592,ORD0001195,1,PROD00467,2,846.71,0.0,1693.42
LINE00003593,ORD0001195,2,PROD00080,5,658.23,658.23,2632.92
LINE00003594,ORD0001195,3,PROD00229,4,76.1,30.44,273.96
LINE00003595,ORD0001195,4,PROD00157,6,799.97,0.0,4799.82
LINE00003596,ORD0001195,5,PROD00451,3,1133.09,169.96,3229.31
LINE00003597,ORD0001196,1,PROD00247,6,356.98,0.0,2141.88
LINE00003598,ORD0001196,2,PROD00291,3,685.28,0.0,2055.84
LINE00003599,ORD0001197,1,PROD00037,2,122.82,0.0,245.64
LINE00003600,ORD0001198,1,PROD00038,2,1005.76,402.3,1609.22
LINE00003601,ORD0001198,2,PROD00453,6,639.71,0.0,3838.26
LINE00003602,ORD0001198,3,PROD00273,5,429.7,214.85,1933.65
LINE00003603,ORD0001199,1,PROD00288,2,238.51,95.4,381.62
LINE00003604,ORD0001200,1,PROD00337,4,464.12,185.65,1670.83
LINE00003605,ORD0001200,2,PROD00076,5,1174.91,0.0,5874.55
LINE00003606,ORD0001200,3,PROD00037,2,1126.8,0.0,2253.6
LINE00003607,ORD0001200,4,PROD00364,2,789.63,0.0,1579.26
LINE00003608,ORD0001200,5,PROD00136,2,211.32,84.53,338.11
LINE00003609,ORD0001201,1,PROD00231,6,955.84,0.0,5735.04
LINE00003610,ORD0001201,2,PROD00206,1,254.79,12.74,242.05
LINE00003611,ORD0001201,3,PROD00420,5,792.59,0.0,3962.95
LINE00003612,ORD0001201,4,PROD00110,1,1192.61,238.52,954.09
LINE00003613,ORD0001201,5,PROD00435,2,337.45,0.0,674.9
LINE00003614,ORD0001202,1,PROD00150,2,72.7,0.0,145.4
LINE00003615,ORD0001202,2,PROD00225,1,336.49,0.0,336.49
LINE00003616,ORD0001202,3,PROD00363,3,528.69,0.0,1586.07
LINE00003617,ORD0001202,4,PROD00443,3,818.34,0.0,2455.02
LINE00003618,ORD0001203,1,PROD00388,4,912.82,0.0,3651.28
LINE00003619,ORD0001204,1,PROD00358,1,85.28,0.0,85.28
LINE00003620,ORD0001204,2,PROD00201,3,1010.02,151.5,2878.56
LINE00003621,ORD0001205,1,PROD00378,4,639.17,0.0,2556.68
LINE00003622,ORD0001205,2,PROD00478,5,92.89,23.22,441.23
LINE00003623,ORD0001205,3,PROD00476,3,406.24,243.74,974.98
LINE00003624,ORD0001206,1,PROD00199,4,178.33,71.33,641.99
LINE00003625,ORD0001207,1,PROD00223,2,96.47,0.0,192.94
LINE00003626,ORD0001207,2,PROD00445,1,1069.31,53.47,1015.84
LINE00003627,ORD0001207,3,PROD00467,1,368.29,18.41,349.88
LINE00003628,ORD0001208,1,PROD00311,2,979.68,0.0,1959.36
LINE00003629,ORD0001208,2,PROD00103,6,960.0,0.0,5760.0
LINE00003630,ORD0001209,1,PROD00042,5,489.51,0.0,2447.55
LINE00003631,ORD0001210,1,PROD00281,3,952.11,0.0,2856.33
LINE00003632,ORD0001210,2,PROD00138,6,23.64,0.0,141.84
LINE00003633,ORD0001210,3,PROD00372,1,38.34,0.0,38.34
LINE00003634,ORD0001210,4,PROD00341,2,623.69,0.0,1247.38
LINE00003635,ORD0001211,1,PROD00400,3,924.3,0.0,2772.9
LINE00003636,ORD0001211,2,PROD00355,4,914.31,182.86,3474.38
LINE00003637,ORD0001211,3,PROD00020,1,836.79,83.68,753.11
LINE00003638,ORD0001211,4,PROD00278,6,740.61,444.37,3999.29
LINE00003639,ORD0001211,5,PROD00295,5,514.02,514.02,2056.08
LINE00003640,ORD0001212,1,PROD00453,2,125.34,25.07,225.61
LINE00003641,ORD0001213,1,PROD00473,1,1171.89,234.38,937.51
LINE00003642,ORD0001213,2,PROD00040,5,553.82,553.82,2215.28
LINE00003643,ORD0001213,3,PROD00356,3,539.95,0.0,1619.85
LINE00003644,ORD0001213,4,PROD00217,5,1117.03,0.0,5585.15
LINE00003645,ORD0001214,1,PROD00222,1,511.21,0.0,511.21
LINE00003646,ORD0001214,2,PROD00270,4,63.7,25.48,229.32
LINE00003647,ORD0001214,3,PROD00274,4,519.34,207.74,1869.62
LINE00003648,ORD0001214,4,PROD00282,3,146.31,21.95,416.98
LINE00003649,ORD0001215,1,PROD00477,1,245.56,24.56,221.0
LINE00003650,ORD0001215,2,PROD00188,3,179.41,53.82,484.41
LINE00003651,ORD0001216,1,PROD00034,5,362.2,0.0,1811.0
LINE00003652,ORD0001216,2,PROD00478,3,1137.75,0.0,3413.25
LINE00003653,ORD0001216,3,PROD00482,6,104.65,0.0,627.9
LINE00003654,ORD0001216,4,PROD00286,1,481.76,48.18,433.58
LINE00003655,ORD0001217,1,PROD00329,1,131.29,13.13,118.16
LINE00003656,ORD0001217,2,PROD00402,1,101.17,20.23,80.94
LINE00003657,ORD0001217,3,PROD00251,4,1181.09,472.44,4251.92
LINE00003658,ORD0001218,1,PROD00287,3,616.03,0.0,1848.09
LINE00003659,ORD0001218,2,PROD00315,3,144.5,0.0,433.5
LINE00003660,ORD0001219,1,PROD00338,4,546.11,109.22,2075.22
LINE00003661,ORD0001219,2,PROD00293,1,836.51,41.83,794.68
LINE00003662,ORD0001219,3,PROD00099,3,352.06,0.0,1056.18
LINE00003663,ORD0001219,4,PROD00390,1,1185.35,0.0,1185.35
LINE00003664,ORD0001220,1,PROD00101,2,825.2,165.04,1485.36
LINE00003665,ORD0001220,2,PROD00196,5,786.63,786.63,3146.52
LINE00003666,ORD0001220,3,PROD00049,5,744.26,186.07,3535.23
LINE00003667,ORD0001221,1,PROD00238,6,762.93,0.0,4577.58
LINE00003668,ORD0001221,2,PROD00281,1,59.3,2.96,56.34
LINE00003669,ORD0001222,1,PROD00087,3,83.54,0.0,250.62
LINE00003670,ORD0001222,2,PROD00483,6,328.73,394.48,1577.9
LINE00003671,ORD0001222,3,PROD00390,1,213.11,21.31,191.8
LINE00003672,ORD0001223,1,PROD00023,5,738.92,0.0,3694.6
LINE00003673,ORD0001223,2,PROD00375,2,647.01,0.0,1294.02
LINE00003674,ORD0001223,3,PROD00141,4,473.99,0.0,1895.96
LINE00003675,ORD0001223,4,PROD00449,1,690.68,138.14,552.54
LINE00003676,ORD0001224,1,PROD00464,6,1096.73,0.0,6580.38
LINE00003677,ORD0001224,2,PROD00179,5,1153.75,0.0,5768.75
LINE00003678,ORD0001225,1,PROD00219,6,431.56,129.47,2459.89
LINE00003679,ORD0001225,2,PROD00371,2,146.94,0.0,293.88
LINE00003680,ORD0001225,3,PROD00103,5,661.97,0.0,3309.85
LINE00003681,ORD0001225,4,PROD00225,2,860.29,0.0,1720.58
LINE00003682,ORD0001225,5,PROD00222,2,957.82,0.0,1915.64
LINE00003683,ORD0001226,1,PROD00451,4,445.48,0.0,1781.92
LINE00003684,ORD0001226,2,PROD00481,5,778.76,0.0,3893.8
LINE00003685,ORD0001226,3,PROD00124,5,599.83,0.0,2999.15
LINE00003686,ORD0001226,4,PROD00242,4,391.76,0.0,1567.04
LINE00003687,ORD0001227,1,PROD00460,3,1179.38,707.63,2830.51
LINE00003688,ORD0001227,2,PROD00265,1,1138.08,227.62,910.46
LINE00003689,ORD0001227,3,PROD00288,2,9.76,0.98,18.54
LINE00003690,ORD0001228,1,PROD00438,5,316.12,0.0,1580.6
LINE00003691,ORD0001228,2,PROD00143,4,1108.16,0.0,4432.64
LINE00003692,ORD0001229,1,PROD00299,6,506.59,0.0,3039.54
LINE00003693,ORD0001229,2,PROD00318,3,167.07,100.24,400.97
LINE00003694,ORD0001229,3,PROD00220,1,1092.57,0.0,1092.57
LINE00003695,ORD0001229,4,PROD00268,2,545.12,109.02,981.22
LINE00003696,ORD0001229,5,PROD00075,1,47.68,2.38,45.3
LINE00003697,ORD0001230,1,PROD00480,2,832.91,166.58,1499.24
LINE00003698,ORD0001231,1,PROD00297,5,853.94,0.0,4269.7
LINE00003699,ORD0001231,2,PROD00002,4,677.19,135.44,2573.32
LINE00003700,ORD0001231,3,PROD00244,5,1129.97,282.49,5367.36
LINE00003701,ORD0001231,4,PROD00342,1,1034.65,0.0,1034.65
LINE00003702,ORD0001231,5,PROD00352,2,1072.6,0.0,2145.2
LINE00003703,ORD0001232,1,PROD00023,3,343.95,0.0,1031.85
LINE00003704,ORD0001232,2,PROD00416,2,746.66,0.0,1493.32
LINE00003705,ORD0001233,1,PROD00207,1,30.87,0.0,30.87
LINE00003706,ORD0001233,2,PROD00419,4,785.49,0.0,3141.96
LINE00003707,ORD0001234,1,PROD00175,1,708.47,141.69,566.78
LINE00003708,ORD0001235,1,PROD00264,2,598.81,119.76,1077.86
LINE00003709,ORD0001235,2,PROD00438,2,133.89,26.78,241.0
LINE00003710,ORD0001235,3,PROD00122,1,1133.14,0.0,1133.14
LINE00003711,ORD0001236,1,PROD00054,2,40.06,4.01,76.11
LINE00003712,ORD0001236,2,PROD00329,3,988.41,296.52,2668.71
LINE00003713,ORD0001236,3,PROD00383,2,1058.13,0.0,2116.26
LINE00003714,ORD0001237,1,PROD00068,3,34.77,10.43,93.88
LINE00003715,ORD0001237,2,PROD00455,4,766.15,612.92,2451.68
LINE00003716,ORD0001237,3,PROD00204,5,655.81,655.81,2623.24
LINE00003717,ORD0001238,1,PROD00305,3,1199.12,0.0,3597.36
LINE00003718,ORD0001238,2,PROD00349,4,339.77,135.91,1223.17
LINE00003719,ORD0001238,3,PROD00336,6,948.57,284.57,5406.85
LINE00003720,ORD0001238,4,PROD00088,4,313.64,0.0,1254.56
LINE00003721,ORD0001238,5,PROD00205,2,209.33,41.87,376.79
LINE00003722,ORD0001239,1,PROD00156,2,980.91,0.0,1961.82
LINE00003723,ORD0001239,2,PROD00048,4,338.0,67.6,1284.4
LINE00003724,ORD0001239,3,PROD00359,6,1195.56,1434.67,5738.69
LINE00003725,ORD0001240,1,PROD00418,3,170.74,0.0,512.22
LINE00003726,ORD0001240,2,PROD00469,5,656.09,0.0,3280.45
LINE00003727,ORD0001240,3,PROD00223,1,1161.37,58.07,1103.3
LINE00003728,ORD0001240,4,PROD00177,1,1095.2,0.0,1095.2
LINE00003729,ORD0001241,1,PROD00020,1,88.87,17.77,71.1
LINE00003730,ORD0001242,1,PROD00361,2,961.56,0.0,1923.12
LINE00003731,ORD0001243,1,PROD00210,5,130.58,130.58,522.32
LINE00003732,ORD0001244,1,PROD00052,4,479.68,383.74,1534.98
LINE00003733,ORD0001245,1,PROD00313,5,1125.63,281.41,5346.74
LINE00003734,ORD0001246,1,PROD00193,4,881.9,0.0,3527.6
LINE00003735,ORD0001246,2,PROD00375,5,329.14,0.0,1645.7
LINE00003736,ORD0001247,1,PROD00036,2,61.35,0.0,122.7
LINE00003737,ORD0001248,1,PROD00067,1,967.32,96.73,870.59
LINE00003738,ORD0001248,2,PROD00300,3,311.95,0.0,935.85
LINE00003739,ORD0001248,3,PROD00003,3,897.71,0.0,2693.13
LINE00003740,ORD0001249,1,PROD00200,4,1030.93,824.74,3298.98
LINE00003741,ORD0001249,2,PROD00414,3,181.94,54.58,491.24
LINE00003742,ORD0001249,3,PROD00474,4,895.38,716.3,2865.22
LINE00003743,ORD0001250,1,PROD00465,2,921.55,92.16,1750.94
LINE00003744,ORD0001250,2,PROD00107,2,965.51,386.2,1544.82
LINE00003745,ORD0001250,3,PROD00292,1,632.14,63.21,568.93
LINE00003746,ORD0001250,4,PROD00159,4,49.31,0.0,197.24
LINE00003747,ORD0001251,1,PROD00227,4,174.83,0.0,699.32
LINE00003748,ORD0001251,2,PROD00182,3,1117.66,670.6,2682.38
LINE00003749,ORD0001251,3,PROD00040,4,92.59,37.04,333.32
LINE00003750,ORD0001252,1,PROD00358,6,574.87,0.0,3449.22
LINE00003751,ORD0001252,2,PROD00131,2,1024.31,0.0,2048.62
LINE00003752,ORD0001252,3,PROD00143,2,1142.91,0.0,2285.82
LINE00003753,ORD0001252,4,PROD00396,1,558.94,55.89,503.05
LINE00003754,ORD0001253,1,PROD00195,2,1158.93,463.57,1854.29
LINE00003755,ORD0001254,1,PROD00006,5,162.59,81.3,731.65
LINE00003756,ORD0001254,2,PROD00416,4,73.48,29.39,264.53
LINE00003757,ORD0001254,3,PROD00089,2,1019.27,0.0,2038.54
LINE00003758,ORD0001255,1,PROD00373,1,1021.4,0.0,1021.4
LINE00003759,ORD0001255,2,PROD00030,3,175.86,26.38,501.2
LINE00003760,ORD0001255,3,PROD00341,4,802.59,0.0,3210.36
LINE00003761,ORD0001255,4,PROD00426,6,684.82,0.0,4108.92
LINE00003762,ORD0001256,1,PROD00216,3,835.79,0.0,2507.37
LINE00003763,ORD0001256,2,PROD00407,6,1060.88,0.0,6365.28
LINE00003764,ORD0001257,1,PROD00293,3,1021.08,612.65,2450.59
LINE00003765,ORD0001258,1,PROD00114,2,320.01,0.0,640.02
LINE00003766,ORD0001258,2,PROD00366,6,340.61,408.73,1634.93
LINE00003767,ORD0001258,3,PROD00210,6,439.67,0.0,2638.02
LINE00003768,ORD0001259,1,PROD00417,2,726.2,0.0,1452.4
LINE00003769,ORD0001259,2,PROD00072,5,55.23,0.0,276.15
LINE00003770,ORD0001259,3,PROD00107,6,1104.85,331.45,6297.65
LINE00003771,ORD0001259,4,PROD00183,2,427.87,42.79,812.95
LINE00003772,ORD0001260,1,PROD00140,5,856.36,428.18,3853.62
LINE00003773,ORD0001260,2,PROD00236,5,563.75,140.94,2677.81
LINE00003774,ORD0001260,3,PROD00338,3,505.2,75.78,1439.82
LINE00003775,ORD0001260,4,PROD00479,4,597.76,119.55,2271.49
LINE00003776,ORD0001260,5,PROD00366,4,966.27,386.51,3478.57
LINE00003777,ORD0001261,1,PROD00053,2,366.75,73.35,660.15
LINE00003778,ORD0001262,1,PROD00490,5,918.47,918.47,3673.88
LINE00003779,ORD0001262,2,PROD00086,3,1091.9,0.0,3275.7
LINE00003780,ORD0001262,3,PROD00057,3,935.61,0.0,2806.83
LINE00003781,ORD0001262,4,PROD00381,4,1192.47,0.0,4769.88
LINE00003782,ORD0001263,1,PROD00146,2,843.58,337.43,1349.73
LINE00003783,ORD0001263,2,PROD00325,6,1197.6,1437.12,5748.48
LINE00003784,ORD0001263,3,PROD00049,2,148.39,14.84,281.94
LINE00003785,ORD0001264,1,PROD00099,1,344.44,34.44,310.0
LINE00003786,ORD0001265,1,PROD00172,5,56.27,0.0,281.35
LINE00003787,ORD0001265,2,PROD00490,5,124.79,62.4,561.55
LINE00003788,ORD0001265,3,PROD00039,5,234.32,0.0,1171.6
LINE00003789,ORD0001266,1,PROD00305,4,699.6,0.0,2798.4
LINE00003790,ORD0001266,2,PROD00247,6,107.3,0.0,643.8
LINE00003791,ORD0001266,3,PROD00235,4,427.34,170.94,1538.42
LINE00003792,ORD0001267,1,PROD00276,1,48.46,2.42,46.04
LINE00003793,ORD0001267,2,PROD00009,2,919.9,0.0,1839.8
LINE00003794,ORD0001267,3,PROD00019,5,64.08,0.0,320.4
LINE00003795,ORD0001267,4,PROD00478,5,401.62,401.62,1606.48
LINE00003796,ORD0001267,5,PROD00463,2,1198.74,0.0,2397.48
LINE00003797,ORD0001268,1,PROD00141,1,255.33,12.77,242.56
LINE00003798,ORD0001268,2,PROD00312,1,155.31,31.06,124.25
LINE00003799,ORD0001268,3,PROD00077,3,214.43,128.66,514.63
LINE00003800,ORD0001269,1,PROD00300,6,814.8,0.0,4888.8
LINE00003801,ORD0001270,1,PROD00075,1,1131.94,0.0,1131.94
LINE00003802,ORD0001270,2,PROD00173,6,1004.46,0.0,6026.76
LINE00003803,ORD0001270,3,PROD00433,5,431.36,215.68,1941.12
LINE00003804,ORD0001271,1,PROD00036,5,931.54,0.0,4657.7
LINE00003805,ORD0001271,2,PROD00222,5,834.93,0.0,4174.65
LINE00003806,ORD0001271,3,PROD00195,4,409.0,0.0,1636.0
LINE00003807,ORD0001272,1,PROD00331,1,657.33,0.0,657.33
LINE00003808,ORD0001273,1,PROD00023,1,249.53,24.95,224.58
LINE00003809,ORD0001273,2,PROD00182,6,302.4,362.88,1451.52
LINE00003810,ORD0001273,3,PROD00037,2,647.07,64.71,1229.43
LINE00003811,ORD0001273,4,PROD00363,3,324.68,194.81,779.23
LINE00003812,ORD0001274,1,PROD00422,1,566.34,0.0,566.34
LINE00003813,ORD0001274,2,PROD00038,1,786.92,0.0,786.92
LINE00003814,ORD0001274,3,PROD00062,3,1002.06,300.62,2705.56
LINE00003815,ORD0001274,4,PROD00460,1,123.91,0.0,123.91
LINE00003816,ORD0001274,5,PROD00195,4,665.88,0.0,2663.52
LINE00003817,ORD0001275,1,PROD00008,1,594.88,29.74,565.14
LINE00003818,ORD0001276,1,PROD00427,1,452.99,45.3,407.69
LINE00003819,ORD0001276,2,PROD00186,3,423.36,0.0,1270.08
LINE00003820,ORD0001277,1,PROD00475,6,702.93,210.88,4006.7
LINE00003821,ORD0001277,2,PROD00341,4,272.27,0.0,1089.08
LINE00003822,ORD0001277,3,PROD00412,1,186.42,0.0,186.42
LINE00003823,ORD0001278,1,PROD00159,6,1077.57,0.0,6465.42
LINE00003824,ORD0001279,1,PROD00195,3,851.57,127.74,2426.97
LINE00003825,ORD0001279,2,PROD00057,6,468.93,281.36,2532.22
LINE00003826,ORD0001280,1,PROD00041,6,967.52,0.0,5805.12
LINE00003827,ORD0001280,2,PROD00489,3,276.26,0.0,828.78
LINE00003828,ORD0001281,1,PROD00040,1,916.86,0.0,916.86
LINE00003829,ORD0001281,2,PROD00357,3,505.81,0.0,1517.43
LINE00003830,ORD0001281,3,PROD00284,2,16.18,6.47,25.89
LINE00003831,ORD0001282,1,PROD00479,5,671.68,0.0,3358.4
LINE00003832,ORD0001282,2,PROD00103,4,449.87,179.95,1619.53
LINE00003833,ORD0001282,3,PROD00246,4,1089.49,0.0,4357.96
LINE00003834,ORD0001283,1,PROD00436,5,135.28,0.0,676.4
LINE00003835,ORD0001283,2,PROD00109,6,230.68,0.0,1384.08
LINE00003836,ORD0001283,3,PROD00466,6,297.25,89.18,1694.32
LINE00003837,ORD0001284,1,PROD00180,3,80.3,12.04,228.86
LINE00003838,ORD0001284,2,PROD00002,1,604.19,120.84,483.35
LINE00003839,ORD0001284,3,PROD00189,4,797.51,159.5,3030.54
LINE00003840,ORD0001284,4,PROD00134,5,174.64,0.0,873.2
LINE00003841,ORD0001284,5,PROD00219,5,886.85,443.43,3990.82
LINE00003842,ORD0001285,1,PROD00046,6,1164.83,349.45,6639.53
LINE00003843,ORD0001285,2,PROD00175,2,242.47,96.99,387.95
LINE00003844,ORD0001285,3,PROD00473,5,586.35,0.0,2931.75
LINE00003845,ORD0001285,4,PROD00022,3,10.42,0.0,31.26
LINE00003846,ORD0001285,5,PROD00247,6,886.48,0.0,5318.88
LINE00003847,ORD0001286,1,PROD00345,5,303.9,303.9,1215.6
LINE00003848,ORD0001286,2,PROD00199,5,379.94,0.0,1899.7
LINE00003849,ORD0001287,1,PROD00468,4,533.17,0.0,2132.68
LINE00003850,ORD0001287,2,PROD00208,2,908.87,363.55,1454.19
LINE00003851,ORD0001287,3,PROD00204,6,218.33,131.0,1178.98
LINE00003852,ORD0001287,4,PROD00235,2,249.09,49.82,448.36
LINE00003853,ORD0001288,1,PROD00343,3,589.82,0.0,1769.46
LINE00003854,ORD0001288,2,PROD00101,1,221.99,0.0,221.99
LINE00003855,ORD0001288,3,PROD00098,6,433.51,520.21,2080.85
LINE00003856,ORD0001289,1,PROD00461,2,686.19,0.0,1372.38
LINE00003857,ORD0001289,2,PROD00424,4,1182.85,473.14,4258.26
LINE00003858,ORD0001289,3,PROD00455,6,927.82,556.69,5010.23
LINE00003859,ORD0001289,4,PROD00453,5,148.88,0.0,744.4
LINE00003860,ORD0001289,5,PROD00389,4,444.7,177.88,1600.92
LINE00003861,ORD0001290,1,PROD00285,1,356.18,0.0,356.18
LINE00003862,ORD0001290,2,PROD00236,6,560.26,0.0,3361.56
LINE00003863,ORD0001290,3,PROD00144,4,1097.67,219.53,4171.15
LINE00003864,ORD0001290,4,PROD00173,5,99.0,0.0,495.0
LINE00003865,ORD0001291,1,PROD00317,5,1170.88,0.0,5854.4
LINE00003866,ORD0001291,2,PROD00443,5,953.77,0.0,4768.85
LINE00003867,ORD0001291,3,PROD00119,6,344.35,0.0,2066.1
LINE00003868,ORD0001291,4,PROD00280,3,930.64,139.6,2652.32
LINE00003869,ORD0001292,1,PROD00127,3,262.26,78.68,708.1
LINE00003870,ORD0001292,2,PROD00425,5,960.31,960.31,3841.24
LINE00003871,ORD0001292,3,PROD00359,5,470.31,117.58,2233.97
LINE00003872,ORD0001292,4,PROD00278,2,1047.25,0.0,2094.5
LINE00003873,ORD0001292,5,PROD00057,6,181.4,108.84,979.56
LINE00003874,ORD0001293,1,PROD00473,2,704.4,70.44,1338.36
LINE00003875,ORD0001293,2,PROD00337,6,895.32,1074.38,4297.54
LINE00003876,ORD0001293,3,PROD00412,4,337.94,0.0,1351.76
LINE00003877,ORD0001293,4,PROD00364,3,506.46,303.88,1215.5
LINE00003878,ORD0001293,5,PROD00063,1,1032.64,206.53,826.11
LINE00003879,ORD0001294,1,PROD00185,4,607.75,121.55,2309.45
LINE00003880,ORD0001294,2,PROD00424,5,223.65,111.83,1006.42
LINE00003881,ORD0001294,3,PROD00059,5,1053.07,526.53,4738.82
LINE00003882,ORD0001294,4,PROD00212,6,216.02,259.22,1036.9
LINE00003883,ORD0001294,5,PROD00267,3,389.97,0.0,1169.91
LINE00003884,ORD0001295,1,PROD00376,4,597.08,238.83,2149.49
LINE00003885,ORD0001295,2,PROD00488,6,420.4,0.0,2522.4
LINE00003886,ORD0001296,1,PROD00057,5,900.09,0.0,4500.45
LINE00003887,ORD0001297,1,PROD00229,4,360.51,288.41,1153.63
LINE00003888,ORD0001297,2,PROD00062,4,197.14,0.0,788.56
LINE00003889,ORD0001298,1,PROD00023,5,1196.89,0.0,5984.45
LINE00003890,ORD0001298,2,PROD00229,6,929.23,0.0,5575.38
LINE00003891,ORD0001298,3,PROD00496,6,7.31,0.0,43.86
LINE00003892,ORD0001298,4,PROD00403,2,110.19,22.04,198.34
LINE00003893,ORD0001298,5,PROD00074,4,136.77,109.42,437.66
LINE00003894,ORD0001299,1,PROD00350,5,1027.82,0.0,5139.1
LINE00003895,ORD0001299,2,PROD00135,6,621.79,746.15,2984.59
LINE00003896,ORD0001299,3,PROD00499,6,208.88,62.66,1190.62
LINE00003897,ORD0001300,1,PROD00136,6,968.91,0.0,5813.46
LINE00003898,ORD0001301,1,PROD00500,3,736.13,0.0,2208.39
LINE00003899,ORD0001301,2,PROD00290,2,1111.89,222.38,2001.4
LINE00003900,ORD0001301,3,PROD00326,3,143.49,0.0,430.47
LINE00003901,ORD0001302,1,PROD00467,3,903.38,542.03,2168.11
LINE00003902,ORD0001302,2,PROD00491,3,973.9,0.0,2921.7
LINE00003903,ORD0001302,3,PROD00118,4,901.82,721.46,2885.82
LINE00003904,ORD0001302,4,PROD00112,4,413.56,165.42,1488.82
LINE00003905,ORD0001303,1,PROD00364,1,367.16,0.0,367.16
LINE00003906,ORD0001303,2,PROD00391,2,235.45,23.55,447.35
LINE00003907,ORD0001303,3,PROD00186,1,788.81,0.0,788.81
LINE00003908,ORD0001303,4,PROD00095,1,455.26,45.53,409.73
LINE00003909,ORD0001304,1,PROD00476,6,1147.97,0.0,6887.82
LINE00003910,ORD0001305,1,PROD00499,3,619.69,0.0,1859.07
LINE00003911,ORD0001305,2,PROD00318,5,757.41,189.35,3597.7
LINE00003912,ORD0001306,1,PROD00491,1,748.82,149.76,599.06
LINE00003913,ORD0001306,2,PROD00136,4,762.62,610.1,2440.38
LINE00003914,ORD0001306,3,PROD00188,3,184.06,0.0,552.18
LINE00003915,ORD0001307,1,PROD00120,5,681.84,0.0,3409.2
LINE00003916,ORD0001307,2,PROD00342,3,716.45,214.94,1934.41
LINE00003917,ORD0001307,3,PROD00496,5,617.83,308.92,2780.23
LINE00003918,ORD0001308,1,PROD00308,3,192.09,0.0,576.27
LINE00003919,ORD0001308,2,PROD00403,2,735.61,73.56,1397.66
LINE00003920,ORD0001308,3,PROD00300,1,222.54,44.51,178.03
LINE00003921,ORD0001309,1,PROD00468,3,429.39,0.0,1288.17
LINE00003922,ORD0001309,2,PROD00081,3,1011.25,0.0,3033.75
LINE00003923,ORD0001309,3,PROD00258,1,389.08,77.82,311.26
LINE00003924,ORD0001309,4,PROD00431,6,1086.3,0.0,6517.8
LINE00003925,ORD0001309,5,PROD00259,5,137.21,68.61,617.44
LINE00003926,ORD0001310,1,PROD00334,4,540.28,0.0,2161.12
LINE00003927,ORD0001310,2,PROD00121,3,813.01,487.81,1951.22
LINE00003928,ORD0001310,3,PROD00220,4,39.18,31.34,125.38
LINE00003929,ORD0001310,4,PROD00027,6,262.53,0.0,1575.18
LINE00003930,ORD0001310,5,PROD00044,1,753.56,37.68,715.88
LINE00003931,ORD0001311,1,PROD00449,6,427.85,0.0,2567.1
LINE00003932,ORD0001311,2,PROD00068,4,954.91,0.0,3819.64
LINE00003933,ORD0001311,3,PROD00426,5,1061.24,1061.24,4244.96
LINE00003934,ORD0001311,4,PROD00065,1,474.62,23.73,450.89
LINE00003935,ORD0001311,5,PROD00217,1,1051.35,210.27,841.08
LINE00003936,ORD0001312,1,PROD00193,3,956.1,573.66,2294.64
LINE00003937,ORD0001312,2,PROD00027,2,598.7,59.87,1137.53
LINE00003938,ORD0001312,3,PROD00212,2,773.32,0.0,1546.64
LINE00003939,ORD0001312,4,PROD00219,4,295.79,118.32,1064.84
LINE00003940,ORD0001313,1,PROD00233,2,466.25,93.25,839.25
LINE00003941,ORD0001314,1,PROD00133,6,550.37,330.22,2972.0
LINE00003942,ORD0001315,1,PROD00273,3,275.52,0.0,826.56
LINE00003943,ORD0001316,1,PROD00094,4,401.74,0.0,1606.96
LINE00003944,ORD0001316,2,PROD00241,2,610.67,244.27,977.07
LINE00003945,ORD0001316,3,PROD00081,4,881.92,176.38,3351.3
LINE00003946,ORD0001316,4,PROD00030,4,330.82,66.16,1257.12
LINE00003947,ORD0001316,5,PROD00047,1,298.86,0.0,298.86
LINE00003948,ORD0001317,1,PROD00089,3,1039.42,311.83,2806.43
LINE00003949,ORD0001318,1,PROD00191,4,38.52,0.0,154.08
LINE00003950,ORD0001318,2,PROD00302,1,574.76,57.48,517.28
LINE00003951,ORD0001318,3,PROD00290,3,807.47,484.48,1937.93
LINE00003952,ORD0001318,4,PROD00433,4,313.31,0.0,1253.24
LINE00003953,ORD0001318,5,PROD00219,1,726.57,0.0,726.57
LINE00003954,ORD0001319,1,PROD00411,6,1196.41,0.0,7178.46
LINE00003955,ORD0001319,2,PROD00328,6,569.93,0.0,3419.58
LINE00003956,ORD0001319,3,PROD00410,2,818.26,0.0,1636.52
LINE00003957,ORD0001320,1,PROD00434,4,132.12,0.0,528.48
LINE00003958,ORD0001320,2,PROD00428,3,753.01,0.0,2259.03
LINE00003959,ORD0001320,3,PROD00486,3,757.21,0.0,2271.63
LINE00003960,ORD0001321,1,PROD00095,5,970.26,970.26,3881.04
LINE00003961,ORD0001321,2,PROD00033,1,140.69,14.07,126.62
LINE00003962,ORD0001321,3,PROD00458,1,278.78,0.0,278.78
LINE00003963,ORD0001321,4,PROD00305,5,1169.37,0.0,5846.85
LINE00003964,ORD0001322,1,PROD00327,2,137.94,13.79,262.09
LINE00003965,ORD0001322,2,PROD00430,5,391.33,391.33,1565.32
LINE00003966,ORD0001322,3,PROD00076,1,426.08,0.0,426.08
LINE00003967,ORD0001323,1,PROD00426,3,396.26,0.0,1188.78
LINE00003968,ORD0001323,2,PROD00352,5,679.87,0.0,3399.35
LINE00003969,ORD0001324,1,PROD00250,1,1085.47,0.0,1085.47
LINE00003970,ORD0001324,2,PROD00007,4,462.85,92.57,1758.83
LINE00003971,ORD0001324,3,PROD00197,6,1049.76,0.0,6298.56
LINE00003972,ORD0001324,4,PROD00368,1,516.45,0.0,516.45
LINE00003973,ORD0001325,1,PROD00182,6,506.63,0.0,3039.78
LINE00003974,ORD0001326,1,PROD00283,1,650.77,0.0,650.77
LINE00003975,ORD0001327,1,PROD00050,1,994.12,198.82,795.3
LINE00003976,ORD0001327,2,PROD00021,6,356.23,0.0,2137.38
LINE00003977,ORD0001327,3,PROD00104,4,746.26,0.0,2985.04
LINE00003978,ORD0001328,1,PROD00165,5,1066.13,0.0,5330.65
LINE00003979,ORD0001328,2,PROD00379,2,126.0,0.0,252.0
LINE00003980,ORD0001328,3,PROD00056,2,1037.73,103.77,1971.69
LINE00003981,ORD0001328,4,PROD00081,3,1083.18,0.0,3249.54
LINE00003982,ORD0001328,5,PROD00042,2,351.92,140.77,563.07
LINE00003983,ORD0001329,1,PROD00151,2,1118.2,0.0,2236.4
LINE00003984,ORD0001330,1,PROD00282,1,170.3,34.06,136.24
LINE00003985,ORD0001330,2,PROD00190,5,164.23,41.06,780.09
LINE00003986,ORD0001330,3,PROD00485,5,836.28,0.0,4181.4
LINE00003987,ORD0001330,4,PROD00275,6,213.53,0.0,1281.18
LINE00003988,ORD0001330,5,PROD00333,2,1020.2,408.08,1632.32
LINE00003989,ORD0001331,1,PROD00166,4,946.49,378.6,3407.36
LINE00003990,ORD0001331,2,PROD00497,4,37.14,7.43,141.13
LINE00003991,ORD0001331,3,PROD00262,5,325.71,81.43,1547.12
LINE00003992,ORD0001331,4,PROD00027,-3,1018.2,-152.73,-2901.87
LINE00003993,ORD0001331,5,PROD00318,5,1023.22,0.0,5116.1
LINE00003994,ORD0001332,1,PROD00220,4,683.3,273.32,2459.88
LINE00003995,ORD0001332,2,PROD00495,3,680.41,0.0,2041.23
LINE00003996,ORD0001332,3,PROD00130,6,296.72,356.06,1424.26
LINE00003997,ORD0001333,1,PROD00131,6,930.14,558.08,5022.76
LINE00003998,ORD0001333,2,PROD00334,5,265.11,66.28,1259.27
LINE00003999,ORD0001333,3,PROD00233,6,665.83,0.0,3994.98
LINE00004000,ORD0001334,1,PROD00369,3,304.28,182.57,730.27
LINE00004001,ORD0001334,2,PROD00415,1,883.51,0.0,883.51
LINE00004002,ORD0001334,3,PROD00059,2,74.73,7.47,141.99
LINE00004003,ORD0001334,4,PROD00472,3,788.47,0.0,2365.41
LINE00004004,ORD0001334,5,PROD00477,6,42.78,51.34,205.34
LINE00004005,ORD0001335,1,PROD00040,5,509.19,0.0,2545.95
LINE00004006,ORD0001335,2,PROD00428,5,303.66,75.92,1442.38
LINE00004007,ORD0001336,1,PROD00402,1,42.73,0.0,42.73
LINE00004008,ORD0001336,2,PROD00050,5,855.65,427.83,3850.42
LINE00004009,ORD0001336,3,PROD00243,6,779.33,0.0,4675.98
LINE00004010,ORD0001336,4,PROD00023,5,70.75,0.0,353.75
LINE00004011,ORD0001336,5,PROD00336,3,553.55,166.06,1494.59
LINE00004012,ORD0001337,1,PROD00131,3,839.08,0.0,2517.24
LINE00004013,ORD0001337,2,PROD00397,3,1029.37,0.0,3088.11
LINE00004014,ORD0001337,3,PROD00241,6,165.3,49.59,942.21
LINE00004015,ORD0001338,1,PROD00033,1,1168.02,233.6,934.42
LINE00004016,ORD0001338,2,PROD00039,5,817.95,0.0,4089.75
LINE00004017,ORD0001339,1,PROD00372,1,684.08,0.0,684.08
LINE00004018,ORD0001340,1,PROD00328,4,427.55,171.02,1539.18
LINE00004019,ORD0001340,2,PROD00183,2,89.67,0.0,179.34
LINE00004020,ORD0001341,1,PROD00349,3,967.61,0.0,2902.83
LINE00004021,ORD0001342,1,PROD00278,1,13.22,1.32,11.9
LINE00004022,ORD0001343,1,PROD00329,6,1168.78,350.63,6662.05
LINE00004023,ORD0001343,2,PROD00158,4,361.56,0.0,1446.24
LINE00004024,ORD0001343,3,PROD00085,2,552.13,55.21,1049.05
LINE00004025,ORD0001343,4,PROD00167,2,218.61,0.0,437.22
LINE00004026,ORD0001343,5,PROD00351,4,947.9,758.32,3033.28
LINE00004027,ORD0001344,1,PROD00289,1,1009.46,0.0,1009.46
LINE00004028,ORD0001344,2,PROD00286,2,429.24,85.85,772.63
LINE00004029,ORD0001345,1,PROD00103,6,58.66,17.6,334.36
LINE00004030,ORD0001346,1,PROD00436,4,502.35,401.88,1607.52
LINE00004031,ORD0001346,2,PROD00370,1,711.08,71.11,639.97
LINE00004032,ORD0001347,1,PROD00232,2,539.81,53.98,1025.64
LINE00004033,ORD0001348,1,PROD00419,1,121.4,0.0,121.4
LINE00004034,ORD0001348,2,PROD00401,3,829.97,0.0,2489.91
LINE00004035,ORD0001349,1,PROD00113,6,385.49,231.29,2081.65
LINE00004036,ORD0001349,2,PROD00161,2,399.59,79.92,719.26
LINE00004037,ORD0001349,3,PROD00342,1,835.08,0.0,835.08
LINE00004038,ORD0001349,4,PROD00141,1,752.79,75.28,677.51
LINE00004039,ORD0001350,1,PROD00473,6,28.9,0.0,173.4
LINE00004040,ORD0001351,1,PROD00235,4,165.55,66.22,595.98
LINE00004041,ORD0001351,2,PROD00275,5,975.97,487.99,4391.86
LINE00004042,ORD0001351,3,PROD00074,1,129.4,12.94,116.46
LINE00004043,ORD0001351,4,PROD00385,1,909.08,181.82,727.26
LINE00004044,ORD0001352,1,PROD00017,4,456.45,365.16,1460.64
LINE00004045,ORD0001353,1,PROD00472,6,1175.53,705.32,6347.86
LINE00004046,ORD0001353,2,PROD00338,3,1070.97,321.29,2891.62
LINE00004047,ORD0001353,3,PROD00395,6,825.84,247.75,4707.29
LINE00004048,ORD0001354,1,PROD00355,3,177.2,0.0,531.6
LINE00004049,ORD0001355,1,PROD00209,4,490.52,392.42,1569.66
LINE00004050,ORD0001355,2,PROD00431,4,859.74,0.0,3438.96
LINE00004051,ORD0001355,3,PROD00201,3,1066.29,319.89,2878.98
LINE00004052,ORD0001355,4,PROD00402,4,40.97,8.19,155.69
LINE00004053,ORD0001356,1,PROD00110,2,659.66,65.97,1253.35
LINE00004054,ORD0001357,1,PROD00185,2,255.1,0.0,510.2
LINE00004055,ORD0001357,2,PROD00060,4,144.55,0.0,578.2
LINE00004056,ORD0001357,3,PROD00498,4,1023.59,818.87,3275.49
LINE00004057,ORD0001357,4,PROD00345,4,219.96,43.99,835.85
LINE00004058,ORD0001358,1,PROD00093,5,758.61,758.61,3034.44
LINE00004059,ORD0001358,2,PROD00269,4,278.48,0.0,1113.92
LINE00004060,ORD0001358,3,PROD00414,5,1043.66,1043.66,4174.64
LINE00004061,ORD0001358,4,PROD00167,3,208.31,62.49,562.44
LINE00004062,ORD0001359,1,PROD00323,3,475.99,0.0,1427.97
LINE00004063,ORD0001359,2,PROD00207,6,757.81,909.37,3637.49
LINE00004064,ORD0001359,3,PROD00480,5,634.88,0.0,3174.4
LINE00004065,ORD0001360,1,PROD00075,5,732.09,0.0,3660.45
LINE00004066,ORD0001360,2,PROD00424,1,750.07,150.01,600.06
LINE00004067,ORD0001360,3,PROD00017,6,279.19,335.03,1340.11
LINE00004068,ORD0001360,4,PROD00245,3,360.32,0.0,1080.96
LINE00004069,ORD0001360,5,PROD00154,5,393.78,0.0,1968.9
LINE00004070,ORD0001361,1,PROD00384,3,502.48,0.0,1507.44
LINE00004071,ORD0001361,2,PROD00087,1,343.44,17.17,326.27
LINE00004072,ORD0001361,3,PROD00351,3,34.63,0.0,103.89
LINE00004073,ORD0001361,4,PROD00208,6,352.97,0.0,2117.82
LINE00004074,ORD0001361,5,PROD00338,2,114.62,45.85,183.39
LINE00004075,ORD0001362,1,PROD00029,3,1012.78,151.92,2886.42
LINE00004076,ORD0001362,2,PROD00226,1,79.57,0.0,79.57
LINE00004077,ORD0001362,3,PROD00137,5,23.96,5.99,113.81
LINE00004078,ORD0001362,4,PROD00466,2,144.54,57.82,231.26
LINE00004079,ORD0001363,1,PROD00203,4,965.27,772.22,3088.86
LINE00004080,ORD0001364,1,PROD00014,3,1047.2,314.16,2827.44
LINE00004081,ORD0001365,1,PROD00386,3,505.44,0.0,1516.32
LINE00004082,ORD0001365,2,PROD00298,2,870.68,348.27,1393.09
LINE00004083,ORD0001365,3,PROD00257,1,754.65,0.0,754.65
LINE00004084,ORD0001365,4,PROD00415,5,604.97,151.24,2873.61
LINE00004085,ORD0001365,5,PROD00245,2,334.23,0.0,668.46
LINE00004086,ORD0001366,1,PROD00482,2,26.3,5.26,47.34
LINE00004087,ORD0001366,2,PROD00075,6,536.39,160.92,3057.42
LINE00004088,ORD0001366,3,PROD00217,2,458.18,91.64,824.72
LINE00004089,ORD0001367,1,PROD00162,4,274.71,109.88,988.96
LINE00004090,ORD0001367,2,PROD00499,5,837.22,209.31,3976.79
LINE00004091,ORD0001367,3,PROD00366,1,111.75,0.0,111.75
LINE00004092,ORD0001367,4,PROD00404,1,58.54,0.0,58.54
LINE00004093,ORD0001368,1,PROD00035,3,911.84,273.55,2461.97
LINE00004094,ORD0001368,2,PROD00180,6,353.0,105.9,2012.1
LINE00004095,ORD0001368,3,PROD00404,1,526.83,26.34,500.49
LINE00004096,ORD0001368,4,PROD00074,5,206.39,0.0,1031.95
LINE00004097,ORD0001368,5,PROD00489,4,82.87,33.15,298.33
LINE00004098,ORD0001369,1,PROD00063,2,489.91,48.99,930.83
LINE00004099,ORD0001369,2,PROD00341,5,505.65,0.0,2528.25
LINE00004100,ORD0001369,3,PROD00440,5,519.22,0.0,2596.1
LINE00004101,ORD0001370,1,PROD00396,2,1059.02,0.0,2118.04
LINE00004102,ORD0001370,2,PROD00449,4,310.05,248.04,992.16
LINE00004103,ORD0001370,3,PROD00041,3,1129.32,169.4,3218.56
LINE00004104,ORD0001370,4,PROD00167,2,266.42,106.57,426.27
LINE00004105,ORD0001371,1,PROD00209,1,842.65,168.53,674.12
LINE00004106,ORD0001371,2,PROD00117,2,308.12,0.0,616.24
LINE00004107,ORD0001371,3,PROD00349,1,1012.51,0.0,1012.51
LINE00004108,ORD0001371,4,PROD00191,2,1061.26,0.0,2122.52
LINE00004109,ORD0001371,5,PROD00059,6,1104.53,662.72,5964.46
LINE00004110,ORD0001372,1,PROD00373,2,1143.44,457.38,1829.5
LINE00004111,ORD0001372,2,PROD00004,5,1036.62,0.0,5183.1
LINE00004112,ORD0001372,3,PROD00480,3,670.15,0.0,2010.45
LINE00004113,ORD0001373,1,PROD00471,4,833.0,0.0,3332.0
LINE00004114,ORD0001373,2,PROD00194,3,8.96,1.34,25.54
LINE00004115,ORD0001373,3,PROD00018,1,38.12,0.0,38.12
LINE00004116,ORD0001373,4,PROD00034,4,1162.81,930.25,3720.99
LINE00004117,ORD0001373,5,PROD00439,5,420.33,210.17,1891.48
LINE00004118,ORD0001374,1,PROD00104,4,114.42,45.77,411.91
LINE00004119,ORD0001375,1,PROD00167,5,836.96,209.24,3975.56
LINE00004120,ORD0001375,2,PROD00397,2,1196.96,119.7,2274.22
LINE00004121,ORD0001376,1,PROD00040,3,431.17,258.7,1034.81
LINE00004122,ORD0001377,1,PROD00186,1,675.91,67.59,608.32
LINE00004123,ORD0001377,2,PROD00155,1,1153.04,57.65,1095.39
LINE00004124,ORD0001377,3,PROD00039,6,247.35,296.82,1187.28
LINE00004125,ORD0001377,4,PROD00086,2,410.53,0.0,821.06
LINE00004126,ORD0001377,5,PROD00199,6,793.68,952.42,3809.66
LINE00004127,ORD0001378,1,PROD00041,5,1156.9,1156.9,4627.6
LINE00004128,ORD0001379,1,PROD00082,3,80.73,48.44,193.75
LINE00004129,ORD0001379,2,PROD00405,1,190.9,38.18,152.72
LINE00004130,ORD0001380,1,PROD00280,2,949.54,0.0,1899.08
LINE00004131,ORD0001380,2,PROD00350,4,252.15,0.0,1008.6
LINE00004132,ORD0001380,3,PROD00333,4,51.51,0.0,206.04
LINE00004133,ORD0001380,4,PROD00302,2,981.03,196.21,1765.85
LINE00004134,ORD0001380,5,PROD00184,4,724.48,579.58,2318.34
LINE00004135,ORD0001381,1,PROD00189,2,564.31,56.43,1072.19
LINE00004136,ORD0001381,2,PROD00354,4,1140.23,912.18,3648.74
LINE00004137,ORD0001381,3,PROD00053,6,1100.47,1320.56,5282.26
LINE00004138,ORD0001381,4,PROD00190,1,662.36,0.0,662.36
LINE00004139,ORD0001382,1,PROD00312,1,577.12,0.0,577.12
LINE00004140,ORD0001382,2,PROD00254,3,894.39,0.0,2683.17
LINE00004141,ORD0001383,1,PROD00041,3,703.36,422.02,1688.06
LINE00004142,ORD0001383,2,PROD00479,2,1176.01,0.0,2352.02
LINE00004143,ORD0001383,3,PROD00375,5,617.48,0.0,3087.4
LINE00004144,ORD0001383,4,PROD00470,3,436.42,261.85,1047.41
LINE00004145,ORD0001384,1,PROD00362,3,391.86,117.56,1058.02
LINE00004146,ORD0001384,2,PROD00261,3,972.04,0.0,2916.12
LINE00004147,ORD0001385,1,PROD00386,1,314.81,0.0,314.81
LINE00004148,ORD0001385,2,PROD00180,4,885.01,0.0,3540.04
LINE00004149,ORD0001385,3,PROD00439,3,635.85,95.38,1812.17
LINE00004150,ORD0001386,1,PROD00475,2,257.24,0.0,514.48
LINE00004151,ORD0001387,1,PROD00414,1,420.61,0.0,420.61
LINE00004152,ORD0001387,2,PROD00040,6,1081.69,0.0,6490.14
LINE00004153,ORD0001388,1,PROD00253,6,789.2,0.0,4735.2
LINE00004154,ORD0001389,1,PROD00241,2,837.34,83.73,1590.95
LINE00004155,ORD0001389,2,PROD00262,6,827.37,0.0,4964.22
LINE00004156,ORD0001390,1,PROD00380,6,1141.84,0.0,6851.04
LINE00004157,ORD0001390,2,PROD00379,3,872.66,0.0,2617.98
LINE00004158,ORD0001391,1,PROD00054,1,977.26,0.0,977.26
LINE00004159,ORD0001391,2,PROD00282,5,705.04,352.52,3172.68
LINE00004160,ORD0001392,1,PROD00247,6,878.37,527.02,4743.2
LINE00004161,ORD0001392,2,PROD00106,5,686.13,0.0,3430.65
LINE00004162,ORD0001393,1,PROD00097,5,784.83,0.0,3924.15
LINE00004163,ORD0001394,1,PROD00331,6,727.64,873.17,3492.67
LINE00004164,ORD0001394,2,PROD00421,5,676.9,169.23,3215.27
LINE00004165,ORD0001394,3,PROD00079,1,198.26,19.83,178.43
LINE00004166,ORD0001394,4,PROD00471,5,678.74,678.74,2714.96
LINE00004167,ORD0001394,5,PROD00061,6,880.07,1056.08,4224.34
LINE00004168,ORD0001395,1,PROD00392,1,322.83,0.0,322.83
LINE00004169,ORD0001395,2,PROD00414,3,1107.8,664.68,2658.72
LINE00004170,ORD0001395,3,PROD00128,5,508.88,254.44,2289.96
LINE00004171,ORD0001395,4,PROD00005,3,609.06,182.72,1644.46
LINE00004172,ORD0001395,5,PROD00397,3,1174.52,352.36,3171.2
LINE00004173,ORD0001396,1,PROD00224,4,792.49,317.0,2852.96
LINE00004174,ORD0001396,2,PROD00285,5,48.26,12.06,229.24
LINE00004175,ORD0001396,3,PROD00144,4,684.8,0.0,2739.2
LINE00004176,ORD0001396,4,PROD00082,3,505.38,0.0,1516.14
LINE00004177,ORD0001397,1,PROD00272,6,416.53,249.92,2249.26
LINE00004178,ORD0001397,2,PROD00196,6,1182.1,1418.52,5674.08
LINE00004179,ORD0001398,1,PROD00372,5,331.65,331.65,1326.6
LINE00004180,ORD0001398,2,PROD00015,5,226.99,56.75,1078.2
LINE00004181,ORD0001398,3,PROD00465,2,694.29,69.43,1319.15
LINE00004182,ORD0001399,1,PROD00475,3,1180.52,0.0,3541.56
LINE00004183,ORD0001399,2,PROD00283,6,320.02,192.01,1728.11
LINE00004184,ORD0001399,3,PROD00199,1,113.31,5.67,107.64
LINE00004185,ORD0001400,1,PROD00423,5,662.35,0.0,3311.75
LINE00004186,ORD0001400,2,PROD00311,4,232.32,185.86,743.42
LINE00004187,ORD0001400,3,PROD00201,1,406.36,40.64,365.72
LINE00004188,ORD0001400,4,PROD00214,3,918.73,137.81,2618.38
LINE00004189,ORD0001400,5,PROD00140,6,632.15,0.0,3792.9
LINE00004190,ORD0001401,1,PROD00436,2,1002.7,200.54,1804.86
LINE00004191,ORD0001402,1,PROD00124,3,1156.01,0.0,3468.03
LINE00004192,ORD0001402,2,PROD00334,4,548.34,0.0,2193.36
LINE00004193,ORD0001402,3,PROD00112,2,1088.98,0.0,2177.96
LINE00004194,ORD0001403,1,PROD00260,3,820.44,0.0,2461.32
LINE00004195,ORD0001403,2,PROD00184,6,89.08,26.72,507.76
LINE00004196,ORD0001403,3,PROD00488,5,456.47,0.0,2282.35
LINE00004197,ORD0001404,1,PROD00192,3,793.62,119.04,2261.82
LINE00004198,ORD0001404,2,PROD00031,5,802.57,401.29,3611.56
LINE00004199,ORD0001404,3,PROD00180,5,833.91,833.91,3335.64
LINE00004200,ORD0001405,1,PROD00197,1,63.72,0.0,63.72
LINE00004201,ORD0001405,2,PROD00481,1,119.62,0.0,119.62
LINE00004202,ORD0001405,3,PROD00424,2,204.27,0.0,408.54
LINE00004203,ORD0001405,4,PROD00214,6,410.58,246.35,2217.13
LINE00004204,ORD0001406,1,PROD00172,4,1106.42,442.57,3983.11
LINE00004205,ORD0001407,1,PROD00401,2,217.42,43.48,391.36
LINE00004206,ORD0001407,2,PROD00155,3,32.35,19.41,77.64
LINE00004207,ORD0001407,3,PROD00411,3,261.3,0.0,783.9
LINE00004208,ORD0001408,1,PROD00274,5,619.42,0.0,3097.1
LINE00004209,ORD0001408,2,PROD00203,6,844.97,1013.96,4055.86
LINE00004210,ORD0001408,3,PROD00056,6,916.05,549.63,4946.67
LINE00004211,ORD0001409,1,PROD00162,3,391.14,234.68,938.74
LINE00004212,ORD0001409,2,PROD00222,4,486.17,0.0,1944.68
LINE00004213,ORD0001409,3,PROD00307,6,260.26,78.08,1483.48
LINE00004214,ORD0001409,4,PROD00019,6,816.71,980.05,3920.21
LINE00004215,ORD0001410,1,PROD00332,5,792.08,0.0,3960.4
LINE00004216,ORD0001410,2,PROD00495,1,268.8,0.0,268.8
LINE00004217,ORD0001410,3,PROD00239,5,841.34,0.0,4206.7
LINE00004218,ORD0001410,4,PROD00415,4,333.59,66.72,1267.64
LINE00004219,ORD0001410,5,PROD00478,3,261.97,0.0,785.91
LINE00004220,ORD0001411,1,PROD00028,5,849.7,212.43,4036.07
LINE00004221,ORD0001412,1,PROD00057,3,408.0,0.0,1224.0
LINE00004222,ORD0001412,2,PROD00106,6,1169.59,0.0,7017.54
LINE00004223,ORD0001412,3,PROD00443,2,979.46,0.0,1958.92
LINE00004224,ORD0001413,1,PROD00372,6,111.63,33.49,636.29
LINE00004225,ORD0001413,2,PROD00359,2,1170.27,117.03,2223.51
LINE00004226,ORD0001414,1,PROD00115,5,1130.24,1130.24,4520.96
LINE00004227,ORD0001414,2,PROD00183,1,603.68,60.37,543.31
LINE00004228,ORD0001414,3,PROD00391,2,895.26,0.0,1790.52
LINE00004229,ORD0001415,1,PROD00025,4,1073.75,859.0,3436.0
LINE00004230,ORD0001415,2,PROD00433,1,401.37,40.14,361.23
LINE00004231,ORD0001416,1,PROD00107,2,460.43,0.0,920.86
LINE00004232,ORD0001416,2,PROD00490,1,59.95,11.99,47.96
LINE00004233,ORD0001416,3,PROD00470,5,1018.56,1018.56,4074.24
LINE00004234,ORD0001417,1,PROD00281,4,571.13,456.9,1827.62
LINE00004235,ORD0001417,2,PROD00191,3,505.46,0.0,1516.38
LINE00004236,ORD0001417,3,PROD00357,3,165.67,99.4,397.61
LINE00004237,ORD0001418,1,PROD00448,1,624.58,31.23,593.35
LINE00004238,ORD0001419,1,PROD00117,2,566.54,56.65,1076.43
LINE00004239,ORD0001419,2,PROD00400,6,367.58,0.0,2205.48
LINE00004240,ORD0001419,3,PROD00290,5,657.14,0.0,3285.7
LINE00004241,ORD0001419,4,PROD00371,4,973.57,194.71,3699.57
LINE00004242,ORD0001419,5,PROD00421,3,134.15,0.0,402.45
LINE00004243,ORD0001420,1,PROD00041,6,1040.11,312.03,5928.63
LINE00004244,ORD0001420,2,PROD00453,6,430.21,516.25,2065.01
LINE00004245,ORD0001420,3,PROD00303,1,930.64,0.0,930.64
LINE00004246,ORD0001420,4,PROD00276,3,633.23,379.94,1519.75
LINE00004247,ORD0001420,5,PROD00213,5,918.21,229.55,4361.5
LINE00004248,ORD0001421,1,PROD00135,3,255.86,76.76,690.82
LINE00004249,ORD0001421,2,PROD00376,4,283.45,56.69,1077.11
LINE00004250,ORD0001422,1,PROD00206,5,958.44,479.22,4312.98
LINE00004251,ORD0001423,1,PROD00242,2,384.22,0.0,768.44
LINE00004252,ORD0001423,2,PROD00171,2,1006.18,0.0,2012.36
LINE00004253,ORD0001423,3,PROD00406,4,137.7,110.16,440.64
LINE00004254,ORD0001423,4,PROD00482,4,226.14,0.0,904.56
LINE00004255,ORD0001423,5,PROD00473,6,894.17,536.5,4828.52
LINE00004256,ORD0001424,1,PROD00420,1,1051.68,210.34,841.34
LINE00004257,ORD0001424,2,PROD00038,5,650.21,162.55,3088.5
LINE00004258,ORD0001425,1,PROD00263,2,232.24,23.22,441.26
LINE00004259,ORD0001425,2,PROD00056,1,822.02,164.4,657.62
LINE00004260,ORD0001426,1,PROD00426,3,328.07,0.0,984.21
LINE00004261,ORD0001426,2,PROD00350,2,529.53,105.91,953.15
LINE00004262,ORD0001426,3,PROD00360,5,544.88,544.88,2179.52
LINE00004263,ORD0001427,1,PROD00427,3,815.21,0.0,2445.63
LINE00004264,ORD0001428,1,PROD00043,5,642.37,160.59,3051.26
LINE00004265,ORD0001428,2,PROD00078,2,476.79,0.0,953.58
LINE00004266,ORD0001428,3,PROD00205,2,444.62,0.0,889.24
LINE00004267,ORD0001429,1,PROD00232,2,1068.3,106.83,2029.77
LINE00004268,ORD0001429,2,PROD00369,3,910.21,0.0,2730.63
LINE00004269,ORD0001430,1,PROD00145,3,49.79,0.0,149.37
LINE00004270,ORD0001430,2,PROD00500,2,86.07,0.0,172.14
LINE00004271,ORD0001430,3,PROD00303,6,718.3,215.49,4094.31
LINE00004272,ORD0001430,4,PROD00236,6,626.18,0.0,3757.08
LINE00004273,ORD0001430,5,PROD00348,4,853.43,0.0,3413.72
LINE00004274,ORD0001431,1,PROD00498,4,861.24,688.99,2755.97
LINE00004275,ORD0001431,2,PROD00105,4,826.14,330.46,2974.1
LINE00004276,ORD0001431,3,PROD00253,5,681.62,0.0,3408.1
LINE00004277,ORD0001431,4,PROD00199,5,809.43,0.0,4047.15
LINE00004278,ORD0001431,5,PROD00437,6,859.07,1030.88,4123.54
LINE00004279,ORD0001432,1,PROD00366,5,625.26,0.0,3126.3
LINE00004280,ORD0001432,2,PROD00480,5,586.84,586.84,2347.36
LINE00004281,ORD0001432,3,PROD00094,5,1136.91,1136.91,4547.64
LINE00004282,ORD0001432,4,PROD00296,1,602.35,120.47,481.88
LINE00004283,ORD0001433,1,PROD00125,2,1136.14,454.46,1817.82
LINE00004284,ORD0001433,2,PROD00056,5,89.05,0.0,445.25
LINE00004285,ORD0001433,3,PROD00144,2,487.56,0.0,975.12
LINE00004286,ORD0001433,4,PROD00042,1,610.98,0.0,610.98
LINE00004287,ORD0001433,5,PROD00077,5,404.49,404.49,1617.96
LINE00004288,ORD0001434,1,PROD00147,3,931.57,139.74,2654.97
LINE00004289,ORD0001434,2,PROD00354,3,1111.79,166.77,3168.6
LINE00004290,ORD0001434,3,PROD00075,2,874.21,0.0,1748.42
LINE00004291,ORD0001434,4,PROD00012,6,1098.73,0.0,6592.38
LINE00004292,ORD0001435,1,PROD00378,3,780.17,117.03,2223.48
LINE00004293,ORD0001435,2,PROD00148,5,1038.08,1038.08,4152.32
LINE00004294,ORD0001435,3,PROD00386,5,1047.86,0.0,5239.3
LINE00004295,ORD0001436,1,PROD00147,5,400.83,100.21,1903.94
LINE00004296,ORD0001436,2,PROD00273,2,13.82,0.0,27.64
LINE00004297,ORD0001436,3,PROD00156,5,884.08,0.0,4420.4
LINE00004298,ORD0001437,1,PROD00496,6,546.05,0.0,3276.3
LINE00004299,ORD0001437,2,PROD00146,3,1038.1,622.86,2491.44
LINE00004300,ORD0001438,1,PROD00031,6,606.45,363.87,3274.83
LINE00004301,ORD0001438,2,PROD00237,1,298.87,59.77,239.1
LINE00004302,ORD0001439,1,PROD00275,6,330.69,0.0,1984.14
LINE00004303,ORD0001439,2,PROD00401,5,1040.49,0.0,5202.45
LINE00004304,ORD0001440,1,PROD00163,4,730.27,146.05,2775.03
LINE00004305,ORD0001440,2,PROD00456,4,271.35,217.08,868.32
LINE00004306,ORD0001440,3,PROD00162,3,284.27,42.64,810.17
LINE00004307,ORD0001440,4,PROD00007,1,215.09,0.0,215.09
LINE00004308,ORD0001440,5,PROD00408,4,168.88,0.0,675.52
LINE00004309,ORD0001441,1,PROD00169,6,654.45,0.0,3926.7
LINE00004310,ORD0001441,2,PROD00077,4,11.57,0.0,46.28
LINE00004311,ORD0001441,3,PROD00119,3,597.73,0.0,1793.19
LINE00004312,ORD0001441,4,PROD00044,2,770.86,308.34,1233.38
LINE00004313,ORD0001441,5,PROD00439,2,939.15,375.66,1502.64
LINE00004314,ORD0001442,1,PROD00031,4,643.7,0.0,2574.8
LINE00004315,ORD0001442,2,PROD00316,4,647.23,0.0,2588.92
LINE00004316,ORD0001443,1,PROD00294,3,1182.72,0.0,3548.16
LINE00004317,ORD0001443,2,PROD00168,2,674.64,0.0,1349.28
LINE00004318,ORD0001443,3,PROD00301,3,51.97,31.18,124.73
LINE00004319,ORD0001443,4,PROD00020,2,214.44,0.0,428.88
LINE00004320,ORD0001444,1,PROD00137,2,791.4,0.0,1582.8
LINE00004321,ORD0001444,2,PROD00063,6,944.65,566.79,5101.11
LINE00004322,ORD0001444,3,PROD00432,2,52.22,5.22,99.22
LINE00004323,ORD0001444,4,PROD00163,1,5.17,0.0,5.17
LINE00004324,ORD0001444,5,PROD00144,6,972.18,0.0,5833.08
LINE00004325,ORD0001445,1,PROD00001,5,230.13,0.0,1150.65
LINE00004326,ORD0001446,1,PROD00431,3,1172.49,0.0,3517.47
LINE00004327,ORD0001446,2,PROD00261,1,1162.15,0.0,1162.15
LINE00004328,ORD0001446,3,PROD00058,2,222.09,0.0,444.18
LINE00004329,ORD0001446,4,PROD00382,2,806.47,0.0,1612.94
LINE00004330,ORD0001447,1,PROD00066,3,78.77,0.0,236.31
LINE00004331,ORD0001447,2,PROD00081,2,218.78,87.51,350.05
LINE00004332,ORD0001447,3,PROD00112,6,1166.1,0.0,6996.6
LINE00004333,ORD0001447,4,PROD00070,5,695.31,695.31,2781.24
LINE00004334,ORD0001447,5,PROD00458,6,650.59,390.35,3513.19
LINE00004335,ORD0001448,1,PROD00120,3,1177.35,176.6,3355.45
LINE00004336,ORD0001449,1,PROD00366,1,210.62,0.0,210.62
LINE00004337,ORD0001449,2,PROD00044,3,938.96,281.69,2535.19
LINE00004338,ORD0001449,3,PROD00354,4,1018.53,0.0,4074.12
LINE00004339,ORD0001450,1,PROD00174,5,988.35,494.18,4447.57
LINE00004340,ORD0001451,1,PROD00001,6,174.63,0.0,1047.78
LINE00004341,ORD0001451,2,PROD00329,3,734.77,220.43,1983.88
LINE00004342,ORD0001452,1,PROD00277,6,949.59,1139.51,4558.03
LINE00004343,ORD0001452,2,PROD00443,1,959.11,191.82,767.29
LINE00004344,ORD0001452,3,PROD00365,2,764.95,0.0,1529.9
LINE00004345,ORD0001453,1,PROD00063,6,369.08,442.9,1771.58
LINE00004346,ORD0001453,2,PROD00484,5,1030.64,257.66,4895.54
LINE00004347,ORD0001453,3,PROD00249,5,946.86,0.0,4734.3
LINE00004348,ORD0001453,4,PROD00055,4,293.66,234.93,939.71
LINE00004349,ORD0001453,5,PROD00437,5,978.96,978.96,3915.84
LINE00004350,ORD0001454,1,PROD00375,1,420.61,0.0,420.61
LINE00004351,ORD0001455,1,PROD00041,4,830.58,0.0,3322.32
LINE00004352,ORD0001456,1,PROD00481,1,1132.55,0.0,1132.55
LINE00004353,ORD0001456,2,PROD00268,3,810.75,243.23,2189.02
LINE00004354,ORD0001456,3,PROD00135,2,979.09,97.91,1860.27
LINE00004355,ORD0001457,1,PROD00321,4,1143.01,914.41,3657.63
LINE00004356,ORD0001457,2,PROD00281,1,757.57,75.76,681.81
LINE00004357,ORD0001457,3,PROD00254,2,760.09,304.04,1216.14
LINE00004358,ORD0001458,1,PROD00332,4,921.2,0.0,3684.8
LINE00004359,ORD0001458,2,PROD00313,6,803.64,0.0,4821.84
LINE00004360,ORD0001459,1,PROD00374,2,451.03,180.41,721.65
LINE00004361,ORD0001459,2,PROD00327,6,155.9,187.08,748.32
LINE00004362,ORD0001459,3,PROD00353,3,457.59,68.64,1304.13
LINE00004363,ORD0001459,4,PROD00049,6,559.86,671.83,2687.33
LINE00004364,ORD0001460,1,PROD00458,4,1135.62,0.0,4542.48
LINE00004365,ORD0001460,2,PROD00160,2,559.38,111.88,1006.88
LINE00004366,ORD0001460,3,PROD00117,3,847.6,0.0,2542.8
LINE00004367,ORD0001460,4,PROD00231,1,421.05,42.11,378.94
LINE00004368,ORD0001461,1,PROD00333,3,958.4,0.0,2875.2
LINE00004369,ORD0001461,2,PROD00299,6,202.27,242.72,970.9
LINE00004370,ORD0001462,1,PROD00009,1,552.51,0.0,552.51
LINE00004371,ORD0001462,2,PROD00261,4,669.6,267.84,2410.56
LINE00004372,ORD0001462,3,PROD00424,4,1157.11,231.42,4397.02
LINE00004373,ORD0001462,4,PROD00365,1,691.36,0.0,691.36
LINE00004374,ORD0001463,1,PROD00177,6,173.47,208.16,832.66
LINE00004375,ORD0001463,2,PROD00073,3,58.9,0.0,176.7
LINE00004376,ORD0001464,1,PROD00403,1,517.14,25.86,491.28
LINE00004377,ORD0001464,2,PROD00352,5,789.62,0.0,3948.1
LINE00004378,ORD0001464,3,PROD00384,1,124.83,6.24,118.59
LINE00004379,ORD0001464,4,PROD00409,6,160.35,0.0,962.1
LINE00004380,ORD0001465,1,PROD00388,3,624.44,187.33,1685.99
LINE00004381,ORD0001465,2,PROD00171,1,491.93,0.0,491.93
LINE00004382,ORD0001465,3,PROD00096,6,899.38,539.63,4856.65
LINE00004383,ORD0001465,4,PROD00145,6,529.45,0.0,3176.7
LINE00004384,ORD0001465,5,PROD00340,4,1171.28,0.0,4685.12
LINE00004385,ORD0001466,1,PROD00347,3,737.03,110.55,2100.54
LINE00004386,ORD0001466,2,PROD00298,1,1012.89,0.0,1012.89
LINE00004387,ORD0001466,3,PROD00263,1,208.45,20.84,187.61
LINE00004388,ORD0001466,4,PROD00115,1,379.77,0.0,379.77
LINE00004389,ORD0001467,1,PROD00153,3,274.26,82.28,740.5
LINE00004390,ORD0001467,2,PROD00071,2,30.0,12.0,48.0
LINE00004391,ORD0001467,3,PROD00262,4,723.63,289.45,2605.07
LINE00004392,ORD0001468,1,PROD00091,2,145.87,58.35,233.39
LINE00004393,ORD0001468,2,PROD00079,1,606.54,121.31,485.23
LINE00004394,ORD0001469,1,PROD00174,6,439.06,0.0,2634.36
LINE00004395,ORD0001470,1,PROD00133,5,16.65,0.0,83.25
LINE00004396,ORD0001470,2,PROD00414,3,66.9,20.07,180.63
LINE00004397,ORD0001470,3,PROD00316,3,527.35,316.41,1265.64
LINE00004398,ORD0001470,4,PROD00383,3,99.37,14.91,283.2
LINE00004399,ORD0001470,5,PROD00395,3,840.17,252.05,2268.46
LINE00004400,ORD0001471,1,PROD00386,1,305.06,0.0,305.06
LINE00004401,ORD0001471,2,PROD00341,6,1195.92,1435.1,5740.42
LINE00004402,ORD0001471,3,PROD00359,3,1040.89,624.53,2498.14
LINE00004403,ORD0001472,1,PROD00387,6,1065.89,0.0,6395.34
LINE00004404,ORD0001472,2,PROD00144,6,25.91,0.0,155.46
LINE00004405,ORD0001472,3,PROD00045,3,441.49,132.45,1192.02
LINE00004406,ORD0001472,4,PROD00038,2,906.54,0.0,1813.08
LINE00004407,ORD0001472,5,PROD00293,1,968.41,193.68,774.73
LINE00004408,ORD0001473,1,PROD00466,5,356.23,0.0,1781.15
LINE00004409,ORD0001473,2,PROD00122,2,224.57,44.91,404.23
LINE00004410,ORD0001473,3,PROD00172,2,750.73,150.15,1351.31
LINE00004411,ORD0001474,1,PROD00080,4,1187.8,0.0,4751.2
LINE00004412,ORD0001474,2,PROD00423,4,1140.63,456.25,4106.27
LINE00004413,ORD0001474,3,PROD00437,4,891.0,0.0,3564.0
LINE00004414,ORD0001474,4,PROD00422,3,740.08,0.0,2220.24
LINE00004415,ORD0001474,5,PROD00495,6,412.59,247.55,2227.99
LINE00004416,ORD0001475,1,PROD00195,4,640.09,512.07,2048.29
LINE00004417,ORD0001475,2,PROD00101,6,345.64,103.69,1970.15
LINE00004418,ORD0001475,3,PROD00260,5,665.87,0.0,3329.35
LINE00004419,ORD0001476,1,PROD00369,1,1197.03,0.0,1197.03
LINE00004420,ORD0001477,1,PROD00054,2,420.55,0.0,841.1
LINE00004421,ORD0001477,2,PROD00303,1,1045.89,104.59,941.3
LINE00004422,ORD0001477,3,PROD00082,6,1051.22,315.37,5991.95
LINE00004423,ORD0001477,4,PROD00223,2,1180.12,0.0,2360.24
LINE00004424,ORD0001477,5,PROD00200,4,446.18,0.0,1784.72
LINE00004425,ORD0001478,1,PROD00001,6,514.05,0.0,3084.3
LINE00004426,ORD0001478,2,PROD00421,1,1122.15,0.0,1122.15
LINE00004427,ORD0001479,1,PROD00041,2,387.1,0.0,774.2
LINE00004428,ORD0001479,2,PROD00007,3,478.74,0.0,1436.22
LINE00004429,ORD0001480,1,PROD00429,6,1075.23,0.0,6451.38
LINE00004430,ORD0001480,2,PROD00147,3,863.28,258.98,2330.86
LINE00004431,ORD0001480,3,PROD00500,1,321.24,16.06,305.18
LINE00004432,ORD0001480,4,PROD00175,6,1091.43,0.0,6548.58
LINE00004433,ORD0001481,1,PROD00370,2,829.71,0.0,1659.42
LINE00004434,ORD0001481,2,PROD00416,6,1001.66,300.5,5709.46
LINE00004435,ORD0001481,3,PROD00446,2,445.41,44.54,846.28
LINE00004436,ORD0001481,4,PROD00337,4,318.15,0.0,1272.6
LINE00004437,ORD0001481,5,PROD00472,4,151.45,30.29,575.51
LINE00004438,ORD0001482,1,PROD00462,4,826.53,0.0,3306.12
LINE00004439,ORD0001482,2,PROD00204,4,485.39,0.0,1941.56
LINE00004440,ORD0001482,3,PROD00175,2,296.12,0.0,592.24
LINE00004441,ORD0001483,1,PROD00044,4,141.9,0.0,567.6
LINE00004442,ORD0001483,2,PROD00236,1,509.8,25.49,484.31
LINE00004443,ORD0001483,3,PROD00316,5,471.22,0.0,2356.1
LINE00004444,ORD0001483,4,PROD00330,2,340.44,68.09,612.79
LINE00004445,ORD0001483,5,PROD00160,4,1115.38,0.0,4461.52
LINE00004446,ORD0001484,1,PROD00258,2,510.6,0.0,1021.2
LINE00004447,ORD0001484,2,PROD00096,3,104.78,15.72,298.62
LINE00004448,ORD0001484,3,PROD00307,6,634.54,190.36,3616.88
LINE00004449,ORD0001485,1,PROD00036,4,539.57,0.0,2158.28
LINE00004450,ORD0001485,2,PROD00359,4,885.55,0.0,3542.2
LINE00004451,ORD0001485,3,PROD00060,2,500.58,0.0,1001.16
LINE00004452,ORD0001486,1,PROD00245,4,1138.73,227.75,4327.17
LINE00004453,ORD0001487,1,PROD00145,6,58.92,0.0,353.52
LINE00004454,ORD0001487,2,PROD00105,6,1197.74,0.0,7186.44
LINE00004455,ORD0001487,3,PROD00400,3,1117.41,670.45,2681.78
LINE00004456,ORD0001487,4,PROD00414,1,516.7,103.34,413.36
LINE00004457,ORD0001488,1,PROD00322,3,735.1,220.53,1984.77
LINE00004458,ORD0001488,2,PROD00202,6,71.18,85.42,341.66
LINE00004459,ORD0001488,3,PROD00196,1,615.95,0.0,615.95
LINE00004460,ORD0001489,1,PROD00193,5,947.17,236.79,4499.06
LINE00004461,ORD0001489,2,PROD00491,1,1158.82,231.76,927.06
LINE00004462,ORD0001489,3,PROD00157,3,1027.65,154.15,2928.8
LINE00004463,ORD0001490,1,PROD00449,1,248.44,12.42,236.02
LINE00004464,ORD0001490,2,PROD00067,2,795.17,0.0,1590.34
LINE00004465,ORD0001490,3,PROD00092,5,937.19,234.3,4451.65
LINE00004466,ORD0001490,4,PROD00496,2,601.69,120.34,1083.04
LINE00004467,ORD0001491,1,PROD00199,1,550.85,27.54,523.31
LINE00004468,ORD0001491,2,PROD00215,6,1137.66,341.3,6484.66
LINE00004469,ORD0001492,1,PROD00194,2,1200.0,0.0,2400.0
LINE00004470,ORD0001492,2,PROD00477,6,932.37,0.0,5594.22
LINE00004471,ORD0001492,3,PROD00349,4,1084.33,216.87,4120.45
LINE00004472,ORD0001492,4,PROD00100,4,910.53,728.42,2913.7
LINE00004473,ORD0001493,1,PROD00039,3,856.43,128.46,2440.83
LINE00004474,ORD0001493,2,PROD00211,3,554.15,83.12,1579.33
LINE00004475,ORD0001493,3,PROD00490,3,833.0,499.8,1999.2
LINE00004476,ORD0001493,4,PROD00131,4,756.33,151.27,2874.05
LINE00004477,ORD0001494,1,PROD00485,2,193.57,0.0,387.14
LINE00004478,ORD0001495,1,PROD00362,2,310.2,62.04,558.36
LINE00004479,ORD0001495,2,PROD00373,3,978.29,0.0,2934.87
LINE00004480,ORD0001496,1,PROD00305,2,323.67,0.0,647.34
LINE00004481,ORD0001496,2,PROD00276,1,549.21,0.0,549.21
LINE00004482,ORD0001496,3,PROD00050,6,1090.52,327.16,6215.96
LINE00004483,ORD0001496,4,PROD00038,3,960.86,576.52,2306.06
LINE00004484,ORD0001497,1,PROD00471,5,716.56,0.0,3582.8
LINE00004485,ORD0001498,1,PROD00126,5,968.98,484.49,4360.41
LINE00004486,ORD0001498,2,PROD00252,2,625.65,0.0,1251.3
LINE00004487,ORD0001498,3,PROD00384,1,269.2,0.0,269.2
LINE00004488,ORD0001498,4,PROD00497,1,424.11,21.21,402.9
LINE00004489,ORD0001499,1,PROD00332,1,411.52,0.0,411.52
LINE00004490,ORD0001499,2,PROD00045,6,53.13,0.0,318.78
LINE00004491,ORD0001499,3,PROD00347,-3,645.0,-193.5,-1741.5
LINE00004492,ORD0001499,4,PROD00207,4,73.72,29.49,265.39
LINE00004493,ORD0001500,1,PROD00487,3,1193.23,357.97,3221.72
LINE00004494,ORD0001500,2,PROD00293,5,440.06,440.06,1760.24
LINE00004495,ORD0001501,1,PROD00007,1,56.28,0.0,56.28
LINE00004496,ORD0001502,1,PROD00271,5,531.86,0.0,2659.3
LINE00004497,ORD0001502,2,PROD00336,4,259.43,207.54,830.18
LINE00004498,ORD0001502,3,PROD00414,1,1120.22,0.0,1120.22
LINE00004499,ORD0001502,4,PROD00478,3,924.9,0.0,2774.7
LINE00004500,ORD0001502,5,PROD00326,4,93.88,18.78,356.74
LINE00004501,ORD0001503,1,PROD00103,2,960.55,96.06,1825.04
LINE00004502,ORD0001504,1,PROD00294,3,633.78,0.0,1901.34
LINE00004503,ORD0001504,2,PROD00149,4,110.34,0.0,441.36
LINE00004504,ORD0001504,3,PROD00288,5,944.77,472.39,4251.46
LINE00004505,ORD0001505,1,PROD00459,3,1014.84,152.23,2892.29
LINE00004506,ORD0001506,1,PROD00365,6,701.3,841.56,3366.24
LINE00004507,ORD0001506,2,PROD00130,4,435.46,348.37,1393.47
LINE00004508,ORD0001506,3,PROD00154,6,1020.27,0.0,6121.62
LINE00004509,ORD0001507,1,PROD00424,2,604.53,0.0,1209.06
LINE00004510,ORD0001507,2,PROD00389,2,648.46,129.69,1167.23
LINE00004511,ORD0001507,3,PROD00118,2,552.86,221.14,884.58
LINE00004512,ORD0001507,4,PROD00352,3,804.95,0.0,2414.85
LINE00004513,ORD0001507,5,PROD00464,3,407.3,122.19,1099.71
LINE00004514,ORD0001508,1,PROD00225,1,413.6,82.72,330.88
LINE00004515,ORD0001508,2,PROD00303,2,784.14,0.0,1568.28
LINE00004516,ORD0001508,3,PROD00203,6,722.53,0.0,4335.18
LINE00004517,ORD0001508,4,PROD00181,1,920.83,184.17,736.66
LINE00004518,ORD0001508,5,PROD00088,6,537.03,322.22,2899.96
LINE00004519,ORD0001509,1,PROD00218,3,881.41,132.21,2512.02
LINE00004520,ORD0001509,2,PROD00184,2,524.3,0.0,1048.6
LINE00004521,ORD0001509,3,PROD00211,1,170.24,0.0,170.24
LINE00004522,ORD0001510,1,PROD00118,4,742.68,148.54,2822.18
LINE00004523,ORD0001510,2,PROD00101,1,1168.25,0.0,1168.25
LINE00004524,ORD0001511,1,PROD00283,5,1002.28,250.57,4760.83
LINE00004525,ORD0001511,2,PROD00392,6,303.62,182.17,1639.55
LINE00004526,ORD0001512,1,PROD00324,4,52.38,41.9,167.62
LINE00004527,ORD0001512,2,PROD00347,1,953.03,0.0,953.03
LINE00004528,ORD0001512,3,PROD00139,1,1010.57,0.0,1010.57
LINE00004529,ORD0001513,1,PROD00079,1,1194.2,59.71,1134.49
LINE00004530,ORD0001513,2,PROD00165,5,216.76,216.76,867.04
LINE00004531,ORD0001514,1,PROD00135,2,152.9,0.0,305.8
LINE00004532,ORD0001514,2,PROD00046,2,290.96,29.1,552.82
LINE00004533,ORD0001514,3,PROD00250,2,24.82,0.0,49.64
LINE00004534,ORD0001514,4,PROD00113,3,742.25,0.0,2226.75
LINE00004535,ORD0001515,1,PROD00096,4,8.11,3.24,29.2
LINE00004536,ORD0001515,2,PROD00404,5,735.55,0.0,3677.75
LINE00004537,ORD0001515,3,PROD00018,6,798.12,239.44,4549.28
LINE00004538,ORD0001515,4,PROD00206,2,1179.69,0.0,2359.38
LINE00004539,ORD0001515,5,PROD00451,3,959.04,0.0,2877.12
LINE00004540,ORD0001516,1,PROD00241,1,812.41,0.0,812.41
LINE00004541,ORD0001516,2,PROD00029,4,768.88,615.1,2460.42
LINE00004542,ORD0001517,1,PROD00296,1,22.94,4.59,18.35
LINE00004543,ORD0001517,2,PROD00224,4,53.61,21.44,193.0
LINE00004544,ORD0001517,3,PROD00330,4,370.69,0.0,1482.76
LINE00004545,ORD0001517,4,PROD00394,3,1180.77,354.23,3188.08
LINE00004546,ORD0001518,1,PROD00478,3,439.95,263.97,1055.88
LINE00004547,ORD0001518,2,PROD00359,4,1104.48,220.9,4197.02
LINE00004548,ORD0001519,1,PROD00430,3,1055.02,633.01,2532.05
LINE00004549,ORD0001520,1,PROD00209,2,298.83,0.0,597.66
LINE00004550,ORD0001520,2,PROD00385,6,1149.63,0.0,6897.78
LINE00004551,ORD0001520,3,PROD00351,6,808.78,0.0,4852.68
LINE00004552,ORD0001520,4,PROD00098,2,259.6,0.0,519.2
LINE00004553,ORD0001521,1,PROD00082,2,1069.09,106.91,2031.27
LINE00004554,ORD0001522,1,PROD00021,5,343.34,0.0,1716.7
LINE00004555,ORD0001522,2,PROD00022,5,108.19,54.1,486.85
LINE00004556,ORD0001522,3,PROD00371,2,414.46,0.0,828.92
LINE00004557,ORD0001522,4,PROD00023,6,329.84,0.0,1979.04
LINE00004558,ORD0001523,1,PROD00176,2,611.6,122.32,1100.88
LINE00004559,ORD0001523,2,PROD00141,6,635.07,0.0,3810.42
LINE00004560,ORD0001523,3,PROD00170,2,353.77,70.75,636.79
LINE00004561,ORD0001523,4,PROD00221,1,756.04,151.21,604.83
LINE00004562,ORD0001524,1,PROD00300,6,672.17,0.0,4033.02
LINE00004563,ORD0001524,2,PROD00450,2,92.19,0.0,184.38
LINE00004564,ORD0001524,3,PROD00194,3,948.65,569.19,2276.76
LINE00004565,ORD0001524,4,PROD00232,4,662.74,265.1,2385.86
LINE00004566,ORD0001524,5,PROD00349,2,236.91,94.76,379.06
LINE00004567,ORD0001525,1,PROD00220,4,457.34,91.47,1737.89
LINE00004568,ORD0001525,2,PROD00316,6,482.08,0.0,2892.48
LINE00004569,ORD0001525,3,PROD00379,2,70.08,0.0,140.16
LINE00004570,ORD0001526,1,PROD00462,2,568.86,0.0,1137.72
LINE00004571,ORD0001526,2,PROD00149,5,1149.03,287.26,5457.89
LINE00004572,ORD0001526,3,PROD00119,4,1019.55,0.0,4078.2
LINE00004573,ORD0001526,4,PROD00269,5,798.09,0.0,3990.45
LINE00004574,ORD0001527,1,PROD00016,2,449.56,44.96,854.16
LINE00004575,ORD0001527,2,PROD00388,3,322.45,193.47,773.88
LINE00004576,ORD0001527,3,PROD00084,3,938.01,0.0,2814.03
LINE00004577,ORD0001527,4,PROD00263,5,298.65,298.65,1194.6
LINE00004578,ORD0001527,5,PROD00131,5,1140.55,1140.55,4562.2
LINE00004579,ORD0001528,1,PROD00120,1,61.15,0.0,61.15
LINE00004580,ORD0001528,2,PROD00352,5,58.53,0.0,292.65
LINE00004581,ORD0001529,1,PROD00382,5,780.12,0.0,3900.6
LINE00004582,ORD0001529,2,PROD00004,5,710.13,0.0,3550.65
LINE00004583,ORD0001529,3,PROD00422,1,627.64,31.38,596.26
LINE00004584,ORD0001529,4,PROD00396,1,1092.85,0.0,1092.85
LINE00004585,ORD0001530,1,PROD00294,3,949.82,0.0,2849.46
LINE00004586,ORD0001530,2,PROD00303,2,793.25,317.3,1269.2
LINE00004587,ORD0001530,3,PROD00232,5,1045.54,261.38,4966.32
LINE00004588,ORD0001530,4,PROD00442,4,941.28,0.0,3765.12
LINE00004589,ORD0001531,1,PROD00264,2,577.5,115.5,1039.5
LINE00004590,ORD0001531,2,PROD00385,2,724.73,72.47,1376.99
LINE00004591,ORD0001531,3,PROD00450,3,353.56,106.07,954.61
LINE00004592,ORD0001532,1,PROD00385,3,760.15,456.09,1824.36
LINE00004593,ORD0001532,2,PROD00331,2,939.77,187.95,1691.59
LINE00004594,ORD0001532,3,PROD00112,1,1098.35,0.0,1098.35
LINE00004595,ORD0001532,4,PROD00405,4,281.41,56.28,1069.36
LINE00004596,ORD0001532,5,PROD00199,6,100.04,120.05,480.19
LINE00004597,ORD0001533,1,PROD00334,5,53.67,13.42,254.93
LINE00004598,ORD0001533,2,PROD00032,6,965.1,579.06,5211.54
LINE00004599,ORD0001533,3,PROD00159,3,758.08,454.85,1819.39
LINE00004600,ORD0001533,4,PROD00300,3,420.89,0.0,1262.67
LINE00004601,ORD0001534,1,PROD00298,3,620.03,0.0,1860.09
LINE00004602,ORD0001534,2,PROD00286,1,347.97,0.0,347.97
LINE00004603,ORD0001535,1,PROD00050,3,394.99,0.0,1184.97
LINE00004604,ORD0001535,2,PROD00051,6,610.5,0.0,3663.0
LINE00004605,ORD0001535,3,PROD00456,6,52.48,31.49,283.39
LINE00004606,ORD0001535,4,PROD00205,4,469.67,187.87,1690.81
LINE00004607,ORD0001536,1,PROD00034,6,312.1,93.63,1778.97
LINE00004608,ORD0001536,2,PROD00197,5,1120.42,0.0,5602.1
LINE00004609,ORD0001536,3,PROD00134,3,881.19,0.0,2643.57
LINE00004610,ORD0001536,4,PROD00346,1,795.98,79.6,716.38
LINE00004611,ORD0001536,5,PROD00367,4,916.7,733.36,2933.44
LINE00004612,ORD0001537,1,PROD00100,1,395.65,19.78,375.87
LINE00004613,ORD0001538,1,PROD00217,4,1085.7,0.0,4342.8
LINE00004614,ORD0001538,2,PROD00093,2,1118.61,0.0,2237.22
LINE00004615,ORD0001539,1,PROD00278,6,821.49,246.45,4682.49
LINE00004616,ORD0001539,2,PROD00172,6,500.38,0.0,3002.28
LINE00004617,ORD0001539,3,PROD00201,4,664.21,132.84,2524.0
LINE00004618,ORD0001540,1,PROD00113,2,514.69,0.0,1029.38
LINE00004619,ORD0001540,2,PROD00327,2,1039.16,0.0,2078.32
LINE00004620,ORD0001540,3,PROD00165,6,861.73,0.0,5170.38
LINE00004621,ORD0001540,4,PROD00451,5,518.25,0.0,2591.25
LINE00004622,ORD0001541,1,PROD00440,4,735.46,294.18,2647.66
LINE00004623,ORD0001541,2,PROD00364,3,1079.25,647.55,2590.2
LINE00004624,ORD0001541,3,PROD00034,1,656.05,0.0,656.05
LINE00004625,ORD0001542,1,PROD00354,5,496.24,0.0,2481.2
LINE00004626,ORD0001542,2,PROD00483,2,579.62,57.96,1101.28
LINE00004627,ORD0001542,3,PROD00302,2,948.55,189.71,1707.39
LINE00004628,ORD0001542,4,PROD00469,6,74.6,0.0,447.6
LINE00004629,ORD0001542,5,PROD00192,2,584.54,0.0,1169.08
LINE00004630,ORD0001543,1,PROD00102,4,18.46,0.0,73.84
LINE00004631,ORD0001543,2,PROD00011,2,829.79,165.96,1493.62
LINE00004632,ORD0001543,3,PROD00078,3,537.62,0.0,1612.86
LINE00004633,ORD0001543,4,PROD00066,4,945.03,0.0,3780.12
LINE00004634,ORD0001543,5,PROD00473,3,232.19,34.83,661.74
LINE00004635,ORD0001544,1,PROD00051,5,893.41,893.41,3573.64
LINE00004636,ORD0001544,2,PROD00294,1,514.09,0.0,514.09
LINE00004637,ORD0001544,3,PROD00430,4,1103.19,441.28,3971.48
LINE00004638,ORD0001545,1,PROD00061,1,606.72,0.0,606.72
LINE00004639,ORD0001545,2,PROD00227,3,805.39,120.81,2295.36
LINE00004640,ORD0001545,3,PROD00104,4,1002.08,200.42,3807.9
LINE00004641,ORD0001545,4,PROD00498,1,827.02,82.7,744.32
LINE00004642,ORD0001546,1,PROD00073,5,65.29,16.32,310.13
LINE00004643,ORD0001546,2,PROD00262,6,884.17,265.25,5039.77
LINE00004644,ORD0001547,1,PROD00294,1,116.64,23.33,93.31
LINE00004645,ORD0001547,2,PROD00119,1,681.37,68.14,613.23
LINE00004646,ORD0001547,3,PROD00351,6,859.33,1031.2,4124.78
LINE00004647,ORD0001547,4,PROD00223,3,48.81,0.0,146.43
LINE00004648,ORD0001548,1,PROD00171,6,617.85,0.0,3707.1
LINE00004649,ORD0001549,1,PROD00238,6,652.91,391.75,3525.71
LINE00004650,ORD0001549,2,PROD00192,3,762.83,0.0,2288.49
LINE00004651,ORD0001549,3,PROD00407,6,369.94,221.96,1997.68
LINE00004652,ORD0001549,4,PROD00149,3,931.08,279.32,2513.92
LINE00004653,ORD0001549,5,PROD00313,2,1017.42,0.0,2034.84
LINE00004654,ORD0001550,1,PROD00092,6,304.99,182.99,1646.95
LINE00004655,ORD0001550,2,PROD00343,5,596.96,149.24,2835.56
LINE00004656,ORD0001550,3,PROD00117,3,523.01,0.0,1569.03
LINE00004657,ORD0001551,1,PROD00040,4,493.75,197.5,1777.5
LINE00004658,ORD0001551,2,PROD00109,3,1163.47,698.08,2792.33
LINE00004659,ORD0001551,3,PROD00158,5,991.74,991.74,3966.96
LINE00004660,ORD0001551,4,PROD00381,1,1182.11,0.0,1182.11
LINE00004661,ORD0001551,5,PROD00412,2,588.67,0.0,1177.34
LINE00004662,ORD0001552,1,PROD00267,4,792.25,0.0,3169.0
LINE00004663,ORD0001552,2,PROD00159,1,722.85,0.0,722.85
LINE00004664,ORD0001553,1,PROD00394,5,686.82,0.0,3434.1
LINE00004665,ORD0001553,2,PROD00072,2,33.56,0.0,67.12
LINE00004666,ORD0001553,3,PROD00298,4,284.19,113.68,1023.08
LINE00004667,ORD0001554,1,PROD00162,5,1145.67,0.0,5728.35
LINE00004668,ORD0001555,1,PROD00361,6,610.68,0.0,3664.08
LINE00004669,ORD0001555,2,PROD00289,3,855.27,0.0,2565.81
LINE00004670,ORD0001555,3,PROD00007,4,99.75,0.0,399.0
LINE00004671,ORD0001555,4,PROD00230,3,182.1,54.63,491.67
LINE00004672,ORD0001556,1,PROD00193,1,148.64,0.0,148.64
LINE00004673,ORD0001557,1,PROD00078,3,514.9,0.0,1544.7
LINE00004674,ORD0001557,2,PROD00447,1,755.84,0.0,755.84
LINE00004675,ORD0001558,1,PROD00149,3,489.57,0.0,1468.71
LINE00004676,ORD0001558,2,PROD00430,2,556.03,0.0,1112.06
LINE00004677,ORD0001559,1,PROD00218,2,869.18,0.0,1738.36
LINE00004678,ORD0001559,2,PROD00188,4,1108.58,0.0,4434.32
LINE00004679,ORD0001559,3,PROD00216,4,1058.36,846.69,3386.75
LINE00004680,ORD0001559,4,PROD00226,4,69.38,0.0,277.52
LINE00004681,ORD0001559,5,PROD00423,1,530.62,0.0,530.62
LINE00004682,ORD0001560,1,PROD00498,5,1087.56,0.0,5437.8
LINE00004683,ORD0001561,1,PROD00120,4,933.4,0.0,3733.6
LINE00004684,ORD0001561,2,PROD00067,5,1057.07,1057.07,4228.28
LINE00004685,ORD0001561,3,PROD00285,3,931.4,139.71,2654.49
LINE00004686,ORD0001562,1,PROD00500,6,251.01,0.0,1506.06
LINE00004687,ORD0001562,2,PROD00432,1,573.31,0.0,573.31
LINE00004688,ORD0001562,3,PROD00180,6,827.95,496.77,4470.93
LINE00004689,ORD0001563,1,PROD00368,5,132.74,0.0,663.7
LINE00004690,ORD0001563,2,PROD00042,6,569.56,341.74,3075.62
LINE00004691,ORD0001563,3,PROD00470,5,674.49,0.0,3372.45
LINE00004692,ORD0001563,4,PROD00282,5,914.76,0.0,4573.8
LINE00004693,ORD0001564,1,PROD00072,1,636.54,31.83,604.71
LINE00004694,ORD0001564,2,PROD00266,2,724.42,72.44,1376.4
LINE00004695,ORD0001564,3,PROD00238,3,73.15,43.89,175.56
LINE00004696,ORD0001564,4,PROD00041,1,692.21,34.61,657.6
LINE00004697,ORD0001564,5,PROD00390,3,1030.34,0.0,3091.02
LINE00004698,ORD0001565,1,PROD00133,1,1143.69,0.0,1143.69
LINE00004699,ORD0001566,1,PROD00387,6,942.52,565.51,5089.61
LINE00004700,ORD0001566,2,PROD00169,3,58.25,34.95,139.8
LINE00004701,ORD0001566,3,PROD00020,4,621.51,248.6,2237.44
LINE00004702,ORD0001566,4,PROD00472,1,236.46,11.82,224.64
LINE00004703,ORD0001567,1,PROD00475,5,1120.58,0.0,5602.9
LINE00004704,ORD0001568,1,PROD00043,4,1016.85,406.74,3660.66
LINE00004705,ORD0001568,2,PROD00325,1,174.37,8.72,165.65
LINE00004706,ORD0001568,3,PROD00408,3,212.14,31.82,604.6
LINE00004707,ORD0001569,1,PROD00217,2,538.12,215.25,860.99
LINE00004708,ORD0001569,2,PROD00371,2,1082.1,0.0,2164.2
LINE00004709,ORD0001569,3,PROD00498,3,568.69,0.0,1706.07
LINE00004710,ORD0001569,4,PROD00383,2,475.56,0.0,951.12
LINE00004711,ORD0001569,5,PROD00360,3,1060.4,636.24,2544.96
LINE00004712,ORD0001570,1,PROD00302,5,158.93,39.73,754.92
LINE00004713,ORD0001570,2,PROD00069,2,1074.15,107.42,2040.88
LINE00004714,ORD0001571,1,PROD00149,1,1190.19,0.0,1190.19
LINE00004715,ORD0001572,1,PROD00420,1,305.51,30.55,274.96
LINE00004716,ORD0001572,2,PROD00076,4,527.38,0.0,2109.52
LINE00004717,ORD0001573,1,PROD00258,5,475.82,0.0,2379.1
LINE00004718,ORD0001573,2,PROD00104,1,101.87,0.0,101.87
LINE00004719,ORD0001573,3,PROD00267,1,707.76,141.55,566.21
LINE00004720,ORD0001573,4,PROD00303,5,399.11,0.0,1995.55
LINE00004721,ORD0001573,5,PROD00475,1,234.27,0.0,234.27
LINE00004722,ORD0001574,1,PROD00255,2,809.93,0.0,1619.86
LINE00004723,ORD0001574,2,PROD00471,6,341.82,205.09,1845.83
LINE00004724,ORD0001574,3,PROD00462,5,1034.68,517.34,4656.06
LINE00004725,ORD0001574,4,PROD00318,2,359.93,143.97,575.89
LINE00004726,ORD0001574,5,PROD00274,1,731.37,36.57,694.8
LINE00004727,ORD0001575,1,PROD00062,6,263.79,158.27,1424.47
LINE00004728,ORD0001576,1,PROD00284,2,241.24,0.0,482.48
LINE00004729,ORD0001576,2,PROD00317,5,193.51,0.0,967.55
LINE00004730,ORD0001576,3,PROD00164,2,845.81,84.58,1607.04
LINE00004731,ORD0001576,4,PROD00452,3,115.75,0.0,347.25
LINE00004732,ORD0001577,1,PROD00147,4,64.21,0.0,256.84
LINE00004733,ORD0001577,2,PROD00353,3,37.13,0.0,111.39
LINE00004734,ORD0001577,3,PROD00099,3,586.12,0.0,1758.36
LINE00004735,ORD0001577,4,PROD00472,2,357.48,0.0,714.96
LINE00004736,ORD0001577,5,PROD00021,2,508.11,101.62,914.6
LINE00004737,ORD0001578,1,PROD00372,1,956.87,0.0,956.87
LINE00004738,ORD0001578,2,PROD00486,6,362.75,217.65,1958.85
LINE00004739,ORD0001578,3,PROD00007,1,336.52,0.0,336.52
LINE00004740,ORD0001578,4,PROD00242,6,566.33,0.0,3397.98
LINE00004741,ORD0001579,1,PROD00254,4,619.48,123.9,2354.02
LINE00004742,ORD0001579,2,PROD00196,3,888.88,533.33,2133.31
LINE00004743,ORD0001579,3,PROD00385,1,5.65,0.0,5.65
LINE00004744,ORD0001579,4,PROD00145,3,413.49,124.05,1116.42
LINE00004745,ORD0001579,5,PROD00118,2,598.0,0.0,1196.0
LINE00004746,ORD0001580,1,PROD00463,2,548.42,0.0,1096.84
LINE00004747,ORD0001580,2,PROD00295,4,1019.53,815.62,3262.5
LINE00004748,ORD0001580,3,PROD00131,3,245.34,0.0,736.02
LINE00004749,ORD0001580,4,PROD00371,3,332.4,49.86,947.34
LINE00004750,ORD0001581,1,PROD00465,2,1101.32,110.13,2092.51
LINE00004751,ORD0001582,1,PROD00333,3,1123.16,0.0,3369.48
LINE00004752,ORD0001582,2,PROD00306,6,1076.53,322.96,6136.22
LINE00004753,ORD0001582,3,PROD00031,2,1109.81,0.0,2219.62
LINE00004754,ORD0001582,4,PROD00178,5,120.2,0.0,601.0
LINE00004755,ORD0001582,5,PROD00121,6,968.85,0.0,5813.1
LINE00004756,ORD0001583,1,PROD00308,6,1122.32,0.0,6733.92
LINE00004757,ORD0001583,2,PROD00473,4,1093.9,437.56,3938.04
LINE00004758,ORD0001583,3,PROD00402,5,428.79,214.4,1929.55
LINE00004759,ORD0001584,1,PROD00340,4,31.37,6.27,119.21
LINE00004760,ORD0001584,2,PROD00442,3,46.97,0.0,140.91
LINE00004761,ORD0001584,3,PROD00201,4,327.07,130.83,1177.45
LINE00004762,ORD0001584,4,PROD00220,4,670.29,0.0,2681.16
LINE00004763,ORD0001584,5,PROD00312,2,1086.64,108.66,2064.62
LINE00004764,ORD0001585,1,PROD00170,3,480.24,0.0,1440.72
LINE00004765,ORD0001585,2,PROD00308,6,1099.93,1319.92,5279.66
LINE00004766,ORD0001586,1,PROD00151,1,657.19,0.0,657.19
LINE00004767,ORD0001586,2,PROD00312,6,363.64,109.09,2072.75
LINE00004768,ORD0001587,1,PROD00353,1,396.48,79.3,317.18
LINE00004769,ORD0001587,2,PROD00300,3,942.17,0.0,2826.51
LINE00004770,ORD0001587,3,PROD00390,3,728.05,109.21,2074.94
LINE00004771,ORD0001588,1,PROD00325,2,1121.43,112.14,2130.72
LINE00004772,ORD0001589,1,PROD00039,4,1173.46,234.69,4459.15
LINE00004773,ORD0001589,2,PROD00030,1,789.87,0.0,789.87
LINE00004774,ORD0001590,1,PROD00499,1,585.12,0.0,585.12
LINE00004775,ORD0001590,2,PROD00226,5,756.34,0.0,3781.7
LINE00004776,ORD0001590,3,PROD00237,2,669.51,0.0,1339.02
LINE00004777,ORD0001590,4,PROD00004,4,1194.68,0.0,4778.72
LINE00004778,ORD0001590,5,PROD00160,5,740.16,370.08,3330.72
LINE00004779,ORD0001591,1,PROD00109,5,532.49,532.49,2129.96
LINE00004780,ORD0001591,2,PROD00061,1,941.38,188.28,753.1
LINE00004781,ORD0001591,3,PROD00166,3,886.36,0.0,2659.08
LINE00004782,ORD0001591,4,PROD00110,6,81.58,0.0,489.48
LINE00004783,ORD0001592,1,PROD00067,6,770.99,462.59,4163.35
LINE00004784,ORD0001592,2,PROD00433,5,643.79,160.95,3058.0
LINE00004785,ORD0001593,1,PROD00130,1,53.44,2.67,50.77
LINE00004786,ORD0001593,2,PROD00281,1,1020.92,102.09,918.83
LINE00004787,ORD0001593,3,PROD00394,4,663.97,0.0,2655.88
LINE00004788,ORD0001593,4,PROD00475,5,826.32,826.32,3305.28
LINE00004789,ORD0001594,1,PROD00301,6,426.33,0.0,2557.98
LINE00004790,ORD0001594,2,PROD00236,6,1198.42,719.05,6471.47
LINE00004791,ORD0001594,3,PROD00100,2,762.49,305.0,1219.98
LINE00004792,ORD0001594,4,PROD00356,1,825.79,0.0,825.79
LINE00004793,ORD0001595,1,PROD00424,4,995.44,199.09,3782.67
LINE00004794,ORD0001595,2,PROD00441,6,117.48,0.0,704.88
LINE00004795,ORD0001595,3,PROD00410,5,306.34,306.34,1225.36
LINE00004796,ORD0001596,1,PROD00105,1,49.23,4.92,44.31
LINE00004797,ORD0001596,2,PROD00150,2,201.1,20.11,382.09
LINE00004798,ORD0001597,1,PROD00220,2,30.71,12.28,49.14
LINE00004799,ORD0001597,2,PROD00124,4,210.52,84.21,757.87
LINE00004800,ORD0001597,3,PROD00322,4,937.39,374.96,3374.6
LINE00004801,ORD0001597,4,PROD00441,3,857.58,514.55,2058.19
LINE00004802,ORD0001598,1,PROD00342,2,1029.42,411.77,1647.07
LINE00004803,ORD0001599,1,PROD00385,5,486.96,486.96,1947.84
LINE00004804,ORD0001599,2,PROD00224,5,826.15,0.0,4130.75
LINE00004805,ORD0001600,1,PROD00079,5,1047.15,1047.15,4188.6
LINE00004806,ORD0001600,2,PROD00178,5,70.18,0.0,350.9
LINE00004807,ORD0001600,3,PROD00087,1,755.75,0.0,755.75
LINE00004808,ORD0001601,1,PROD00044,3,772.6,231.78,2086.02
LINE00004809,ORD0001601,2,PROD00090,6,941.47,282.44,5366.38
LINE00004810,ORD0001601,3,PROD00095,5,1148.69,1148.69,4594.76
LINE00004811,ORD0001601,4,PROD00218,3,564.54,0.0,1693.62
LINE00004812,ORD0001602,1,PROD00114,4,639.8,0.0,2559.2
LINE00004813,ORD0001602,2,PROD00077,1,393.84,0.0,393.84
LINE00004814,ORD0001603,1,PROD00036,2,513.61,0.0,1027.22
LINE00004815,ORD0001603,2,PROD00055,6,110.96,133.15,532.61
LINE00004816,ORD0001603,3,PROD00470,2,1101.81,0.0,2203.62
LINE00004817,ORD0001604,1,PROD00481,4,258.88,103.55,931.97
LINE00004818,ORD0001605,1,PROD00323,6,78.12,0.0,468.72
LINE00004819,ORD0001605,2,PROD00136,2,203.92,0.0,407.84
LINE00004820,ORD0001605,3,PROD00406,6,242.58,291.1,1164.38
LINE00004821,ORD0001605,4,PROD00487,4,423.45,0.0,1693.8
LINE00004822,ORD0001605,5,PROD00227,1,76.92,0.0,76.92
LINE00004823,ORD0001606,1,PROD00372,3,218.28,0.0,654.84
LINE00004824,ORD0001606,2,PROD00302,3,846.13,0.0,2538.39
LINE00004825,ORD0001606,3,PROD00322,5,100.57,50.28,452.57
LINE00004826,ORD0001607,1,PROD00262,1,389.26,0.0,389.26
LINE00004827,ORD0001607,2,PROD00498,3,755.19,0.0,2265.57
LINE00004828,ORD0001607,3,PROD00012,6,80.54,0.0,483.24
LINE00004829,ORD0001607,4,PROD00085,6,841.66,0.0,5049.96
LINE00004830,ORD0001608,1,PROD00430,6,1025.26,0.0,6151.56
LINE00004831,ORD0001608,2,PROD00464,1,140.67,0.0,140.67
LINE00004832,ORD0001609,1,PROD00031,4,933.95,0.0,3735.8
LINE00004833,ORD0001609,2,PROD00411,5,222.14,55.53,1055.17
LINE00004834,ORD0001609,3,PROD00302,1,238.17,0.0,238.17
LINE00004835,ORD0001609,4,PROD00225,4,299.31,0.0,1197.24
LINE00004836,ORD0001609,5,PROD00310,5,709.32,0.0,3546.6
LINE00004837,ORD0001610,1,PROD00308,4,1093.84,0.0,4375.36
LINE00004838,ORD0001610,2,PROD00057,1,42.66,0.0,42.66
LINE00004839,ORD0001611,1,PROD00276,1,310.71,62.14,248.57
LINE00004840,ORD0001611,2,PROD00404,5,953.19,0.0,4765.95
LINE00004841,ORD0001611,3,PROD00033,4,385.08,77.02,1463.3
LINE00004842,ORD0001612,1,PROD00407,5,422.46,0.0,2112.3
LINE00004843,ORD0001613,1,PROD00477,5,868.74,0.0,4343.7
LINE00004844,ORD0001613,2,PROD00240,5,83.18,0.0,415.9
LINE00004845,ORD0001613,3,PROD00382,3,1051.69,157.75,2997.32
LINE00004846,ORD0001614,1,PROD00315,3,1108.75,166.31,3159.94
LINE00004847,ORD0001614,2,PROD00094,5,893.24,0.0,4466.2
LINE00004848,ORD0001615,1,PROD00339,6,235.53,282.64,1130.54
LINE00004849,ORD0001615,2,PROD00007,6,372.9,0.0,2237.4
LINE00004850,ORD0001616,1,PROD00099,1,1073.0,107.3,965.7
LINE00004851,ORD0001616,2,PROD00471,3,878.77,0.0,2636.31
LINE00004852,ORD0001616,3,PROD00432,6,455.68,0.0,2734.08
LINE00004853,ORD0001616,4,PROD00343,1,1182.74,236.55,946.19
LINE00004854,ORD0001616,5,PROD00260,3,635.3,0.0,1905.9
LINE00004855,ORD0001617,1,PROD00180,1,124.93,0.0,124.93
LINE00004856,ORD0001617,2,PROD00012,4,572.81,114.56,2176.68
LINE00004857,ORD0001617,3,PROD00242,4,1013.13,0.0,4052.52
LINE00004858,ORD0001617,4,PROD00466,4,1196.41,239.28,4546.36
LINE00004859,ORD0001617,5,PROD00037,2,1183.78,118.38,2249.18
LINE00004860,ORD0001618,1,PROD00146,6,470.98,0.0,2825.88
LINE00004861,ORD0001619,1,PROD00106,1,303.62,15.18,288.44
LINE00004862,ORD0001619,2,PROD00288,6,881.96,0.0,5291.76
LINE00004863,ORD0001620,1,PROD00034,5,177.02,88.51,796.59
LINE00004864,ORD0001620,2,PROD00275,3,749.0,112.35,2134.65
LINE00004865,ORD0001620,3,PROD00477,1,16.19,0.81,15.38
LINE00004866,ORD0001620,4,PROD00456,6,1023.53,307.06,5834.12
LINE00004867,ORD0001621,1,PROD00421,4,727.9,0.0,2911.6
LINE00004868,ORD0001622,1,PROD00239,3,298.22,178.93,715.73
LINE00004869,ORD0001622,2,PROD00225,3,381.04,228.62,914.5
LINE00004870,ORD0001622,3,PROD00133,3,1158.01,0.0,3474.03
LINE00004871,ORD0001622,4,PROD00391,3,1112.1,0.0,3336.3
LINE00004872,ORD0001622,5,PROD00382,5,318.28,79.57,1511.83
LINE00004873,ORD0001623,1,PROD00213,2,482.86,0.0,965.72
LINE00004874,ORD0001623,2,PROD00050,2,718.26,0.0,1436.52
LINE00004875,ORD0001623,3,PROD00056,5,1157.58,578.79,5209.11
LINE00004876,ORD0001623,4,PROD00451,6,990.23,594.14,5347.24
LINE00004877,ORD0001623,5,PROD00448,2,230.39,92.16,368.62
LINE00004878,ORD0001624,1,PROD00164,6,368.58,0.0,2211.48
LINE00004879,ORD0001624,2,PROD00380,3,1082.62,324.79,2923.07
LINE00004880,ORD0001624,3,PROD00242,5,195.24,48.81,927.39
LINE00004881,ORD0001624,4,PROD00190,6,547.37,0.0,3284.22
LINE00004882,ORD0001624,5,PROD00211,5,742.85,742.85,2971.4
LINE00004883,ORD0001625,1,PROD00105,4,32.88,0.0,131.52
LINE00004884,ORD0001626,1,PROD00321,1,294.79,58.96,235.83
LINE00004885,ORD0001627,1,PROD00242,5,536.63,268.31,2414.84
LINE00004886,ORD0001627,2,PROD00341,6,728.76,218.63,4153.93
LINE00004887,ORD0001627,3,PROD00085,6,631.75,379.05,3411.45
LINE00004888,ORD0001627,4,PROD00295,5,1025.38,0.0,5126.9
LINE00004889,ORD0001628,1,PROD00420,4,1142.33,0.0,4569.32
LINE00004890,ORD0001629,1,PROD00311,5,362.07,0.0,1810.35
LINE00004891,ORD0001629,2,PROD00484,6,11.39,3.42,64.92
LINE00004892,ORD0001629,3,PROD00300,2,761.91,0.0,1523.82
LINE00004893,ORD0001630,1,PROD00203,4,847.22,677.78,2711.1
LINE00004894,ORD0001630,2,PROD00214,1,404.46,0.0,404.46
LINE00004895,ORD0001630,3,PROD00418,5,682.63,0.0,3413.15
LINE00004896,ORD0001631,1,PROD00442,6,446.71,0.0,2680.26
LINE00004897,ORD0001631,2,PROD00234,5,627.46,313.73,2823.57
LINE00004898,ORD0001631,3,PROD00135,2,554.78,110.96,998.6
LINE00004899,ORD0001632,1,PROD00453,4,792.44,0.0,3169.76
LINE00004900,ORD0001633,1,PROD00421,5,37.05,0.0,185.25
LINE00004901,ORD0001634,1,PROD00254,4,1161.7,0.0,4646.8
LINE00004902,ORD0001635,1,PROD00292,2,233.05,23.31,442.79
LINE00004903,ORD0001635,2,PROD00017,6,531.3,0.0,3187.8
LINE00004904,ORD0001635,3,PROD00462,5,1015.81,0.0,5079.05
LINE00004905,ORD0001635,4,PROD00390,2,972.8,0.0,1945.6
LINE00004906,ORD0001636,1,PROD00169,1,811.88,0.0,811.88
LINE00004907,ORD0001637,1,PROD00230,5,1179.29,0.0,5896.45
LINE00004908,ORD0001638,1,PROD00398,3,636.24,381.74,1526.98
LINE00004909,ORD0001639,1,PROD00128,1,208.83,0.0,208.83
LINE00004910,ORD0001639,2,PROD00151,4,1164.44,931.55,3726.21
LINE00004911,ORD0001639,3,PROD00062,6,328.48,98.54,1872.34
LINE00004912,ORD0001640,1,PROD00421,4,433.01,0.0,1732.04
LINE00004913,ORD0001640,2,PROD00363,4,123.41,98.73,394.91
LINE00004914,ORD0001640,3,PROD00285,1,17.75,0.0,17.75
LINE00004915,ORD0001641,1,PROD00224,2,1069.86,0.0,2139.72
LINE00004916,ORD0001641,2,PROD00042,5,177.96,0.0,889.8
LINE00004917,ORD0001641,3,PROD00404,2,46.14,18.46,73.82
LINE00004918,ORD0001641,4,PROD00208,1,1092.85,0.0,1092.85
LINE00004919,ORD0001641,5,PROD00473,2,62.37,24.95,99.79
LINE00004920,ORD0001642,1,PROD00365,6,568.83,0.0,3412.98
LINE00004921,ORD0001642,2,PROD00054,4,379.08,75.82,1440.5
LINE00004922,ORD0001642,3,PROD00454,6,908.92,272.68,5180.84
LINE00004923,ORD0001642,4,PROD00073,5,943.37,235.84,4481.01
LINE00004924,ORD0001643,1,PROD00435,1,969.35,48.47,920.88
LINE00004925,ORD0001643,2,PROD00176,5,562.16,140.54,2670.26
LINE00004926,ORD0001643,3,PROD00330,5,540.71,540.71,2162.84
LINE00004927,ORD0001644,1,PROD00437,3,709.38,0.0,2128.14
LINE00004928,ORD0001644,2,PROD00178,6,256.6,307.92,1231.68
LINE00004929,ORD0001644,3,PROD00286,1,136.56,27.31,109.25
LINE00004930,ORD0001644,4,PROD00102,1,968.75,96.88,871.87
LINE00004931,ORD0001644,5,PROD00434,1,1195.17,0.0,1195.17
LINE00004932,ORD0001645,1,PROD00303,1,1088.16,0.0,1088.16
LINE00004933,ORD0001645,2,PROD00218,6,240.54,72.16,1371.08
LINE00004934,ORD0001645,3,PROD00185,6,136.99,41.1,780.84
LINE00004935,ORD0001645,4,PROD00270,5,1172.88,0.0,5864.4
LINE00004936,ORD0001646,1,PROD00012,2,965.14,96.51,1833.77
LINE00004937,ORD0001646,2,PROD00231,4,85.9,68.72,274.88
LINE00004938,ORD0001646,3,PROD00175,1,163.04,0.0,163.04
LINE00004939,ORD0001646,4,PROD00177,6,71.11,21.33,405.33
LINE00004940,ORD0001646,5,PROD00313,5,322.41,0.0,1612.05
LINE00004941,ORD0001647,1,PROD00082,6,577.0,346.2,3115.8
LINE00004942,ORD0001648,1,PROD00490,3,1140.65,342.2,3079.75
LINE00004943,ORD0001648,2,PROD00140,2,327.31,130.92,523.7
LINE00004944,ORD0001648,3,PROD00094,3,252.52,0.0,757.56
LINE00004945,ORD0001648,4,PROD00436,5,628.71,628.71,2514.84
LINE00004946,ORD0001649,1,PROD00029,5,715.26,0.0,3576.3
LINE00004947,ORD0001649,2,PROD00251,5,550.77,0.0,2753.85
LINE00004948,ORD0001649,3,PROD00373,3,996.01,149.4,2838.63
LINE00004949,ORD0001650,1,PROD00432,3,590.37,0.0,1771.11
LINE00004950,ORD0001650,2,PROD00036,2,994.63,198.93,1790.33
LINE00004951,ORD0001651,1,PROD00083,4,914.08,0.0,3656.32
LINE00004952,ORD0001651,2,PROD00105,1,16.4,3.28,13.12
LINE00004953,ORD0001651,3,PROD00169,5,882.11,220.53,4190.02
LINE00004954,ORD0001651,4,PROD00055,3,283.84,0.0,851.52
LINE00004955,ORD0001651,5,PROD00416,1,162.97,8.15,154.82
LINE00004956,ORD0001652,1,PROD00236,5,218.57,109.28,983.57
LINE00004957,ORD0001652,2,PROD00293,6,167.99,0.0,1007.94
LINE00004958,ORD0001652,3,PROD00400,4,491.94,196.78,1770.98
LINE00004959,ORD0001652,4,PROD00254,6,266.82,160.09,1440.83
LINE00004960,ORD0001652,5,PROD00023,4,774.1,154.82,2941.58
LINE00004961,ORD0001653,1,PROD00320,2,126.72,50.69,202.75
LINE00004962,ORD0001654,1,PROD00102,4,162.3,0.0,649.2
LINE00004963,ORD0001654,2,PROD00387,1,1102.22,0.0,1102.22
LINE00004964,ORD0001654,3,PROD00396,4,131.93,0.0,527.72
LINE00004965,ORD0001654,4,PROD00444,4,406.05,0.0,1624.2
LINE00004966,ORD0001654,5,PROD00207,4,144.74,0.0,578.96
LINE00004967,ORD0001655,1,PROD00183,3,494.0,74.1,1407.9
LINE00004968,ORD0001655,2,PROD00017,4,442.58,0.0,1770.32
LINE00004969,ORD0001655,3,PROD00426,3,224.43,134.66,538.63
LINE00004970,ORD0001655,4,PROD00111,5,105.23,0.0,526.15
LINE00004971,ORD0001655,5,PROD00100,4,324.1,64.82,1231.58
LINE00004972,ORD0001656,1,PROD00500,3,438.93,65.84,1250.95
LINE00004973,ORD0001656,2,PROD00360,1,195.71,0.0,195.71
LINE00004974,ORD0001656,3,PROD00374,2,362.78,72.56,653.0
LINE00004975,ORD0001656,4,PROD00039,4,521.94,0.0,2087.76
LINE00004976,ORD0001657,1,PROD00420,3,571.66,343.0,1371.98
LINE00004977,ORD0001657,2,PROD00127,6,167.73,201.28,805.1
LINE00004978,ORD0001657,3,PROD00043,1,836.1,83.61,752.49
LINE00004979,ORD0001658,1,PROD00470,5,1178.62,589.31,5303.79
LINE00004980,ORD0001658,2,PROD00454,2,964.2,385.68,1542.72
LINE00004981,ORD0001659,1,PROD00082,2,946.06,189.21,1702.91
LINE00004982,ORD0001660,1,PROD00091,4,522.46,417.97,1671.87
LINE00004983,ORD0001660,2,PROD00415,2,930.28,93.03,1767.53
LINE00004984,ORD0001660,3,PROD00040,1,925.28,185.06,740.22
LINE00004985,ORD0001660,4,PROD00417,2,1136.32,0.0,2272.64
LINE00004986,ORD0001660,5,PROD00209,6,855.58,0.0,5133.48
LINE00004987,ORD0001661,1,PROD00148,5,902.87,451.44,4062.91
LINE00004988,ORD0001661,2,PROD00254,5,349.18,0.0,1745.9
LINE00004989,ORD0001661,3,PROD00247,5,250.66,62.66,1190.64
LINE00004990,ORD0001661,4,PROD00087,-3,359.17,-0.0,-1077.51
LINE00004991,ORD0001662,1,PROD00465,3,544.6,163.38,1470.42
LINE00004992,ORD0001662,2,PROD00139,3,1142.92,0.0,3428.76
LINE00004993,ORD0001662,3,PROD00277,5,913.55,228.39,4339.36
LINE00004994,ORD0001663,1,PROD00352,4,193.0,38.6,733.4
LINE00004995,ORD0001663,2,PROD00471,4,55.76,0.0,223.04
LINE00004996,ORD0001663,3,PROD00048,6,212.99,127.79,1150.15
LINE00004997,ORD0001664,1,PROD00198,4,136.89,0.0,547.56
LINE00004998,ORD0001664,2,PROD00140,5,710.05,0.0,3550.25
LINE00004999,ORD0001664,3,PROD00097,3,226.41,67.92,611.31
LINE00005000,ORD0001664,4,PROD00140,5,457.33,0.0,2286.65
LINE00005001,ORD0001665,1,PROD00086,1,1084.09,0.0,1084.09
LINE00005002,ORD0001665,2,PROD00496,5,819.55,0.0,4097.75
LINE00005003,ORD0001665,3,PROD00364,3,1127.8,676.68,2706.72
LINE00005004,ORD0001665,4,PROD00487,3,1189.53,178.43,3390.16
LINE00005005,ORD0001666,1,PROD00119,2,64.33,6.43,122.23
LINE00005006,ORD0001667,1,PROD00023,4,668.91,267.56,2408.08
LINE00005007,ORD0001668,1,PROD00126,5,221.62,0.0,1108.1
LINE00005008,ORD0001668,2,PROD00327,5,763.16,190.79,3625.01
LINE00005009,ORD0001668,3,PROD00496,4,473.14,94.63,1797.93
LINE00005010,ORD0001668,4,PROD00291,3,241.65,72.5,652.45
LINE00005011,ORD0001669,1,PROD00283,5,270.32,0.0,1351.6
LINE00005012,ORD0001669,2,PROD00311,4,843.0,0.0,3372.0
LINE00005013,ORD0001669,3,PROD00272,5,66.24,33.12,298.08
LINE00005014,ORD0001669,4,PROD00390,3,1129.95,338.99,3050.86
LINE00005015,ORD0001669,5,PROD00263,6,910.16,0.0,5460.96
LINE00005016,ORD0001670,1,PROD00350,3,503.84,0.0,1511.52
LINE00005017,ORD0001670,2,PROD00268,1,84.75,8.47,76.28
LINE00005018,ORD0001671,1,PROD00232,2,871.85,87.19,1656.51
LINE00005019,ORD0001672,1,PROD00385,6,26.5,0.0,159.0
LINE00005020,ORD0001673,1,PROD00252,5,261.61,0.0,1308.05
LINE00005021,ORD0001673,2,PROD00390,2,615.86,0.0,1231.72
LINE00005022,ORD0001673,3,PROD00435,6,478.6,143.58,2728.02
LINE00005023,ORD0001673,4,PROD00087,1,1116.7,55.84,1060.86
LINE00005024,ORD0001674,1,PROD00066,5,449.66,224.83,2023.47
LINE00005025,ORD0001675,1,PROD00158,4,82.53,0.0,330.12
LINE00005026,ORD0001675,2,PROD00147,1,415.69,20.78,394.91
LINE00005027,ORD0001676,1,PROD00011,5,1167.91,583.96,5255.59
LINE00005028,ORD0001676,2,PROD00421,1,573.87,0.0,573.87
LINE00005029,ORD0001676,3,PROD00037,3,78.17,0.0,234.51
LINE00005030,ORD0001676,4,PROD00150,4,442.49,0.0,1769.96
LINE00005031,ORD0001676,5,PROD00231,5,799.96,0.0,3999.8
LINE00005032,ORD0001677,1,PROD00491,1,349.78,0.0,349.78
LINE00005033,ORD0001677,2,PROD00039,4,1130.7,0.0,4522.8
LINE00005034,ORD0001677,3,PROD00492,6,436.08,0.0,2616.48
LINE00005035,ORD0001677,4,PROD00339,5,596.4,0.0,2982.0
LINE00005036,ORD0001677,5,PROD00087,5,290.27,145.13,1306.22
LINE00005037,ORD0001678,1,PROD00258,1,1090.48,0.0,1090.48
LINE00005038,ORD0001678,2,PROD00336,6,152.92,0.0,917.52
LINE00005039,ORD0001678,3,PROD00457,5,1149.97,0.0,5749.85
LINE00005040,ORD0001678,4,PROD00401,6,955.88,0.0,5735.28
LINE00005041,ORD0001678,5,PROD00198,4,306.17,0.0,1224.68
LINE00005042,ORD0001679,1,PROD00130,5,1082.98,1082.98,4331.92
LINE00005043,ORD0001679,2,PROD00339,2,204.78,0.0,409.56
LINE00005044,ORD0001680,1,PROD00324,4,54.56,43.65,174.59
LINE00005045,ORD0001680,2,PROD00495,2,386.75,38.68,734.82
LINE00005046,ORD0001680,3,PROD00464,2,713.43,0.0,1426.86
LINE00005047,ORD0001680,4,PROD00089,2,346.44,34.64,658.24
LINE00005048,ORD0001681,1,PROD00478,2,1083.85,0.0,2167.7
LINE00005049,ORD0001681,2,PROD00329,4,183.34,0.0,733.36
LINE00005050,ORD0001682,1,PROD00082,2,369.1,0.0,738.2
LINE00005051,ORD0001682,2,PROD00345,6,457.63,549.16,2196.62
LINE00005052,ORD0001683,1,PROD00229,2,167.69,67.08,268.3
LINE00005053,ORD0001683,2,PROD00334,3,453.69,68.05,1293.02
LINE00005054,ORD0001684,1,PROD00140,5,260.87,260.87,1043.48
LINE00005055,ORD0001684,2,PROD00113,6,1088.99,326.7,6207.24
LINE00005056,ORD0001684,3,PROD00411,1,749.68,74.97,674.71
LINE00005057,ORD0001685,1,PROD00368,6,952.48,0.0,5714.88
LINE00005058,ORD0001686,1,PROD00148,6,1196.09,0.0,7176.54
LINE00005059,ORD0001686,2,PROD00073,6,1092.56,1311.07,5244.29
LINE00005060,ORD0001686,3,PROD00307,3,135.78,0.0,407.34
LINE00005061,ORD0001686,4,PROD00416,4,1177.5,0.0,4710.0
LINE00005062,ORD0001686,5,PROD00071,5,593.27,0.0,2966.35
LINE00005063,ORD0001687,1,PROD00016,6,612.4,0.0,3674.4
LINE00005064,ORD0001687,2,PROD00394,5,268.35,67.09,1274.66
LINE00005065,ORD0001687,3,PROD00419,3,743.29,0.0,2229.87
LINE00005066,ORD0001687,4,PROD00091,1,986.46,98.65,887.81
LINE00005067,ORD0001687,5,PROD00225,5,280.45,70.11,1332.14
LINE00005068,ORD0001688,1,PROD00481,3,997.33,0.0,2991.99
LINE00005069,ORD0001688,2,PROD00305,3,415.63,249.38,997.51
LINE00005070,ORD0001688,3,PROD00157,3,344.52,206.71,826.85
LINE00005071,ORD0001688,4,PROD00463,2,943.16,188.63,1697.69
LINE00005072,ORD0001688,5,PROD00251,6,558.6,0.0,3351.6
LINE00005073,ORD0001689,1,PROD00406,4,676.77,0.0,2707.08
LINE00005074,ORD0001689,2,PROD00273,2,249.02,0.0,498.04
LINE00005075,ORD0001690,1,PROD00191,2,584.8,0.0,1169.6
LINE00005076,ORD0001690,2,PROD00435,6,539.63,647.56,2590.22
LINE00005077,ORD0001691,1,PROD00119,4,651.94,0.0,2607.76
LINE00005078,ORD0001691,2,PROD00055,5,239.1,0.0,1195.5
LINE00005079,ORD0001692,1,PROD00441,3,262.62,0.0,787.86
LINE00005080,ORD0001692,2,PROD00356,4,306.46,61.29,1164.55
LINE00005081,ORD0001692,3,PROD00467,6,740.38,222.11,4220.17
LINE00005082,ORD0001692,4,PROD00182,3,1007.92,0.0,3023.76
LINE00005083,ORD0001693,1,PROD00048,1,986.2,49.31,936.89
LINE00005084,ORD0001693,2,PROD00334,3,748.38,0.0,2245.14
LINE00005085,ORD0001693,3,PROD00405,5,271.61,0.0,1358.05
LINE00005086,ORD0001693,4,PROD00086,2,282.6,28.26,536.94
LINE00005087,ORD0001694,1,PROD00172,3,25.45,0.0,76.35
LINE00005088,ORD0001694,2,PROD00362,5,369.58,0.0,1847.9
LINE00005089,ORD0001694,3,PROD00043,6,295.11,0.0,1770.66
LINE00005090,ORD0001695,1,PROD00072,2,532.13,212.85,851.41
LINE00005091,ORD0001696,1,PROD00068,6,763.86,0.0,4583.16
LINE00005092,ORD0001697,1,PROD00117,1,1171.59,58.58,1113.01
LINE00005093,ORD0001698,1,PROD00221,2,1020.76,408.3,1633.22
LINE00005094,ORD0001698,2,PROD00276,1,1154.24,57.71,1096.53
LINE00005095,ORD0001698,3,PROD00357,4,757.21,302.88,2725.96
LINE00005096,ORD0001698,4,PROD00118,6,772.95,231.89,4405.81
LINE00005097,ORD0001698,5,PROD00320,1,901.31,0.0,901.31
LINE00005098,ORD0001699,1,PROD00493,4,968.98,387.59,3488.33
LINE00005099,ORD0001699,2,PROD00473,5,492.02,0.0,2460.1
LINE00005100,ORD0001699,3,PROD00438,5,900.15,450.08,4050.67
LINE00005101,ORD0001699,4,PROD00288,4,378.73,75.75,1439.17
LINE00005102,ORD0001699,5,PROD00292,1,693.52,69.35,624.17
LINE00005103,ORD0001700,1,PROD00045,5,938.71,0.0,4693.55
LINE00005104,ORD0001700,2,PROD00157,1,158.81,15.88,142.93
LINE00005105,ORD0001700,3,PROD00441,5,781.43,390.71,3516.44
LINE00005106,ORD0001701,1,PROD00126,3,21.99,6.6,59.37
LINE00005107,ORD0001701,2,PROD00098,2,1120.71,0.0,2241.42
LINE00005108,ORD0001702,1,PROD00149,5,864.2,432.1,3888.9
LINE00005109,ORD0001702,2,PROD00447,5,894.45,0.0,4472.25
LINE00005110,ORD0001703,1,PROD00433,1,837.69,0.0,837.69
LINE00005111,ORD0001703,2,PROD00434,2,872.25,0.0,1744.5
LINE00005112,ORD0001704,1,PROD00088,3,937.55,0.0,2812.65
LINE00005113,ORD0001704,2,PROD00468,2,722.63,72.26,1373.0
LINE00005114,ORD0001704,3,PROD00339,5,89.58,0.0,447.9
LINE00005115,ORD0001704,4,PROD00453,5,455.83,0.0,2279.15
LINE00005116,ORD0001705,1,PROD00198,1,410.05,82.01,328.04
LINE00005117,ORD0001706,1,PROD00474,6,931.39,0.0,5588.34
LINE00005118,ORD0001706,2,PROD00448,4,957.4,382.96,3446.64
LINE00005119,ORD0001706,3,PROD00398,2,234.29,23.43,445.15
LINE00005120,ORD0001707,1,PROD00222,5,569.52,0.0,2847.6
LINE00005121,ORD0001707,2,PROD00008,5,27.46,13.73,123.57
LINE00005122,ORD0001707,3,PROD00102,1,341.77,0.0,341.77
LINE00005123,ORD0001708,1,PROD00007,2,502.36,200.94,803.78
LINE00005124,ORD0001708,2,PROD00157,5,607.23,303.62,2732.53
LINE00005125,ORD0001709,1,PROD00137,5,101.64,101.64,406.56
LINE00005126,ORD0001709,2,PROD00452,5,554.12,0.0,2770.6
LINE00005127,ORD0001710,1,PROD00271,3,259.14,77.74,699.68
LINE00005128,ORD0001711,1,PROD00320,2,125.51,0.0,251.02
LINE00005129,ORD0001711,2,PROD00140,6,14.74,17.69,70.75
LINE00005130,ORD0001711,3,PROD00122,2,605.94,0.0,1211.88
LINE00005131,ORD0001711,4,PROD00018,6,508.01,152.4,2895.66
LINE00005132,ORD0001711,5,PROD00465,1,29.93,2.99,26.94
LINE00005133,ORD0001712,1,PROD00320,2,896.59,179.32,1613.86
LINE00005134,ORD0001712,2,PROD00273,6,1137.84,1365.41,5461.63
LINE00005135,ORD0001712,3,PROD00419,2,86.94,34.78,139.1
LINE00005136,ORD0001712,4,PROD00496,6,117.93,0.0,707.58
LINE00005137,ORD0001713,1,PROD00498,1,11.79,0.59,11.2
LINE00005138,ORD0001713,2,PROD00251,1,1022.36,102.24,920.12
LINE00005139,ORD0001713,3,PROD00347,5,366.47,91.62,1740.73
LINE00005140,ORD0001714,1,PROD00080,3,1126.18,675.71,2702.83
LINE00005141,ORD0001715,1,PROD00427,5,527.93,131.98,2507.67
LINE00005142,ORD0001716,1,PROD00053,4,806.48,0.0,3225.92
LINE00005143,ORD0001716,2,PROD00172,1,65.27,0.0,65.27
LINE00005144,ORD0001716,3,PROD00440,2,96.68,38.67,154.69
LINE00005145,ORD0001716,4,PROD00069,6,760.49,0.0,4562.94
LINE00005146,ORD0001717,1,PROD00085,4,395.8,0.0,1583.2
LINE00005147,ORD0001717,2,PROD00398,4,99.99,20.0,379.96
LINE00005148,ORD0001718,1,PROD00247,6,815.75,0.0,4894.5
LINE00005149,ORD0001718,2,PROD00117,4,974.37,0.0,3897.48
LINE00005150,ORD0001719,1,PROD00021,4,1092.62,0.0,4370.48
LINE00005151,ORD0001719,2,PROD00419,5,796.24,0.0,3981.2
LINE00005152,ORD0001720,1,PROD00479,5,270.46,67.61,1284.69
LINE00005153,ORD0001720,2,PROD00298,6,1176.76,1412.11,5648.45
LINE00005154,ORD0001720,3,PROD00409,2,1190.94,0.0,2381.88
LINE00005155,ORD0001721,1,PROD00263,4,102.65,82.12,328.48
LINE00005156,ORD0001722,1,PROD00197,6,941.23,1129.48,4517.9
LINE00005157,ORD0001722,2,PROD00103,2,884.43,88.44,1680.42
LINE00005158,ORD0001722,3,PROD00162,4,199.35,159.48,637.92
LINE00005159,ORD0001722,4,PROD00272,4,449.76,0.0,1799.04
LINE00005160,ORD0001723,1,PROD00228,4,254.21,0.0,1016.84
LINE00005161,ORD0001723,2,PROD00404,1,127.19,0.0,127.19
LINE00005162,ORD0001724,1,PROD00004,5,671.05,0.0,3355.25
LINE00005163,ORD0001724,2,PROD00285,2,684.94,68.49,1301.39
LINE00005164,ORD0001724,3,PROD00107,5,156.18,156.18,624.72
LINE00005165,ORD0001724,4,PROD00272,2,814.7,0.0,1629.4
LINE00005166,ORD0001724,5,PROD00443,4,167.86,0.0,671.44
LINE00005167,ORD0001725,1,PROD00466,6,161.84,0.0,971.04
LINE00005168,ORD0001725,2,PROD00039,2,177.28,0.0,354.56
LINE00005169,ORD0001726,1,PROD00488,1,313.96,0.0,313.96
LINE00005170,ORD0001727,1,PROD00196,2,1073.41,0.0,2146.82
LINE00005171,ORD0001727,2,PROD00232,4,941.99,188.4,3579.56
LINE00005172,ORD0001728,1,PROD00056,1,874.95,43.75,831.2
LINE00005173,ORD0001728,2,PROD00064,6,767.24,0.0,4603.44
LINE00005174,ORD0001728,3,PROD00089,4,313.41,0.0,1253.64
LINE00005175,ORD0001728,4,PROD00121,1,38.5,0.0,38.5
LINE00005176,ORD0001729,1,PROD00453,5,1000.07,500.04,4500.31
LINE00005177,ORD0001729,2,PROD00014,2,839.2,167.84,1510.56
LINE00005178,ORD0001729,3,PROD00310,2,847.53,84.75,1610.31
LINE00005179,ORD0001729,4,PROD00485,4,317.24,63.45,1205.51
LINE00005180,ORD0001729,5,PROD00423,5,17.43,0.0,87.15
LINE00005181,ORD0001730,1,PROD00244,6,1038.41,623.05,5607.41
LINE00005182,ORD0001730,2,PROD00057,3,892.73,0.0,2678.19
LINE00005183,ORD0001730,3,PROD00424,6,753.76,226.13,4296.43
LINE00005184,ORD0001730,4,PROD00359,4,797.82,638.26,2553.02
LINE00005185,ORD0001731,1,PROD00490,1,181.1,9.05,172.05
LINE00005186,ORD0001731,2,PROD00283,6,453.92,544.7,2178.82
LINE00005187,ORD0001731,3,PROD00234,3,943.66,283.1,2547.88
LINE00005188,ORD0001731,4,PROD00289,4,513.79,102.76,1952.4
LINE00005189,ORD0001732,1,PROD00457,4,444.29,355.43,1421.73
LINE00005190,ORD0001732,2,PROD00282,6,1163.6,0.0,6981.6
LINE00005191,ORD0001733,1,PROD00358,4,1010.81,202.16,3841.08
LINE00005192,ORD0001733,2,PROD00367,3,495.65,0.0,1486.95
LINE00005193,ORD0001734,1,PROD00412,2,401.8,0.0,803.6
LINE00005194,ORD0001734,2,PROD00151,3,564.04,0.0,1692.12
LINE00005195,ORD0001734,3,PROD00286,3,974.62,584.77,2339.09
LINE00005196,ORD0001734,4,PROD00099,2,53.8,0.0,107.6
LINE00005197,ORD0001734,5,PROD00127,4,797.18,318.87,2869.85
LINE00005198,ORD0001735,1,PROD00346,2,1164.89,465.96,1863.82
LINE00005199,ORD0001735,2,PROD00067,5,97.41,24.35,462.7
LINE00005200,ORD0001735,3,PROD00486,6,320.44,0.0,1922.64
LINE00005201,ORD0001736,1,PROD00489,4,898.57,0.0,3594.28
LINE00005202,ORD0001736,2,PROD00253,3,194.27,116.56,466.25
LINE00005203,ORD0001736,3,PROD00415,6,78.83,0.0,472.98
LINE00005204,ORD0001737,1,PROD00233,2,456.68,45.67,867.69
LINE00005205,ORD0001737,2,PROD00414,5,662.99,0.0,3314.95
LINE00005206,ORD0001737,3,PROD00026,1,178.3,35.66,142.64
LINE00005207,ORD0001737,4,PROD00103,2,51.02,0.0,102.04
LINE00005208,ORD0001738,1,PROD00370,4,559.04,0.0,2236.16
LINE00005209,ORD0001739,1,PROD00431,6,115.02,0.0,690.12
LINE00005210,ORD0001740,1,PROD00279,2,220.69,44.14,397.24
LINE00005211,ORD0001740,2,PROD00314,3,79.48,23.84,214.6
LINE00005212,ORD0001740,3,PROD00476,3,447.74,0.0,1343.22
LINE00005213,ORD0001741,1,PROD00064,2,585.21,117.04,1053.38
LINE00005214,ORD0001741,2,PROD00306,1,464.14,0.0,464.14
LINE00005215,ORD0001741,3,PROD00382,5,442.69,0.0,2213.45
LINE00005216,ORD0001741,4,PROD00231,5,69.34,17.34,329.36
LINE00005217,ORD0001742,1,PROD00072,3,848.71,127.31,2418.82
LINE00005218,ORD0001742,2,PROD00494,6,736.4,883.68,3534.72
LINE00005219,ORD0001742,3,PROD00216,1,799.96,159.99,639.97
LINE00005220,ORD0001742,4,PROD00044,3,80.05,0.0,240.15
LINE00005221,ORD0001743,1,PROD00469,4,386.46,0.0,1545.84
LINE00005222,ORD0001743,2,PROD00020,4,1010.29,202.06,3839.1
LINE00005223,ORD0001744,1,PROD00403,2,942.87,0.0,1885.74
LINE00005224,ORD0001744,2,PROD00121,3,147.57,0.0,442.71
LINE00005225,ORD0001744,3,PROD00253,5,542.57,271.29,2441.56
LINE00005226,ORD0001745,1,PROD00175,1,12.45,1.25,11.2
LINE00005227,ORD0001746,1,PROD00306,3,71.93,43.16,172.63
LINE00005228,ORD0001746,2,PROD00244,2,967.78,387.11,1548.45
LINE00005229,ORD0001746,3,PROD00264,4,292.03,0.0,1168.12
LINE00005230,ORD0001747,1,PROD00426,2,237.01,0.0,474.02
LINE00005231,ORD0001748,1,PROD00110,6,1136.92,1364.3,5457.22
LINE00005232,ORD0001748,2,PROD00080,4,60.79,12.16,231.0
LINE00005233,ORD0001748,3,PROD00029,1,251.82,12.59,239.23
LINE00005234,ORD0001749,1,PROD00256,6,964.54,1157.45,4629.79
LINE00005235,ORD0001749,2,PROD00122,1,537.59,26.88,510.71
LINE00005236,ORD0001750,1,PROD00124,4,993.62,0.0,3974.48
LINE00005237,ORD0001750,2,PROD00330,1,524.07,52.41,471.66
LINE00005238,ORD0001750,3,PROD00366,4,525.3,105.06,1996.14
LINE00005239,ORD0001750,4,PROD00330,5,21.86,5.46,103.84
LINE00005240,ORD0001751,1,PROD00303,1,57.98,0.0,57.98
LINE00005241,ORD0001751,2,PROD00297,2,888.63,177.73,1599.53
LINE00005242,ORD0001751,3,PROD00141,3,690.55,0.0,2071.65
LINE00005243,ORD0001751,4,PROD00035,3,737.81,221.34,1992.09
LINE00005244,ORD0001752,1,PROD00096,1,439.97,0.0,439.97
LINE00005245,ORD0001752,2,PROD00288,5,529.23,529.23,2116.92
LINE00005246,ORD0001752,3,PROD00072,2,502.73,0.0,1005.46
LINE00005247,ORD0001752,4,PROD00229,3,406.91,0.0,1220.73
LINE00005248,ORD0001753,1,PROD00369,1,745.86,0.0,745.86
LINE00005249,ORD0001753,2,PROD00267,3,1196.68,0.0,3590.04
LINE00005250,ORD0001753,3,PROD00223,6,1143.51,0.0,6861.06
LINE00005251,ORD0001754,1,PROD00137,1,282.4,0.0,282.4
LINE00005252,ORD0001754,2,PROD00364,1,700.61,0.0,700.61
LINE00005253,ORD0001754,3,PROD00467,4,1053.21,0.0,4212.84
LINE00005254,ORD0001754,4,PROD00126,4,681.07,0.0,2724.28
LINE00005255,ORD0001755,1,PROD00166,2,456.34,0.0,912.68
LINE00005256,ORD0001755,2,PROD00341,2,643.24,0.0,1286.48
LINE00005257,ORD0001756,1,PROD00132,2,217.6,21.76,413.44
LINE00005258,ORD0001756,2,PROD00402,3,323.91,0.0,971.73
LINE00005259,ORD0001757,1,PROD00499,1,489.25,48.93,440.32
LINE00005260,ORD0001757,2,PROD00405,3,501.89,0.0,1505.67
LINE00005261,ORD0001757,3,PROD00259,3,1051.45,630.87,2523.48
LINE00005262,ORD0001757,4,PROD00500,4,664.13,0.0,2656.52
LINE00005263,ORD0001757,5,PROD00239,5,135.63,33.91,644.24
LINE00005264,ORD0001758,1,PROD00250,6,902.78,1083.34,4333.34
LINE00005265,ORD0001758,2,PROD00293,6,993.32,0.0,5959.92
LINE00005266,ORD0001758,3,PROD00454,1,529.45,105.89,423.56
LINE00005267,ORD0001759,1,PROD00343,6,39.88,0.0,239.28
LINE00005268,ORD0001759,2,PROD00072,6,1191.27,0.0,7147.62
LINE00005269,ORD0001759,3,PROD00202,3,530.38,0.0,1591.14
LINE00005270,ORD0001759,4,PROD00272,1,190.6,19.06,171.54
LINE00005271,ORD0001759,5,PROD00136,6,202.98,0.0,1217.88
LINE00005272,ORD0001760,1,PROD00035,5,1071.17,267.79,5088.06
LINE00005273,ORD0001760,2,PROD00250,3,573.77,86.07,1635.24
LINE00005274,ORD0001760,3,PROD00017,3,732.41,0.0,2197.23
LINE00005275,ORD0001760,4,PROD00010,1,931.44,186.29,745.15
LINE00005276,ORD0001760,5,PROD00292,2,1011.14,404.46,1617.82
LINE00005277,ORD0001761,1,PROD00216,5,537.68,537.68,2150.72
LINE00005278,ORD0001761,2,PROD00004,3,956.59,143.49,2726.28
LINE00005279,ORD0001761,3,PROD00210,6,375.79,225.47,2029.27
LINE00005280,ORD0001761,4,PROD00175,6,39.31,11.79,224.07
LINE00005281,ORD0001762,1,PROD00211,1,174.34,8.72,165.62
LINE00005282,ORD0001762,2,PROD00178,2,402.03,80.41,723.65
LINE00005283,ORD0001762,3,PROD00035,1,173.15,0.0,173.15
LINE00005284,ORD0001762,4,PROD00257,4,951.51,0.0,3806.04
LINE00005285,ORD0001763,1,PROD00403,2,461.48,0.0,922.96
LINE00005286,ORD0001764,1,PROD00472,2,1102.31,220.46,1984.16
LINE00005287,ORD0001764,2,PROD00197,6,354.42,0.0,2126.52
LINE00005288,ORD0001764,3,PROD00454,5,586.59,0.0,2932.95
LINE00005289,ORD0001765,1,PROD00038,2,509.58,101.92,917.24
LINE00005290,ORD0001766,1,PROD00012,3,1079.92,323.98,2915.78
LINE00005291,ORD0001766,2,PROD00193,6,333.59,400.31,1601.23
LINE00005292,ORD0001766,3,PROD00282,2,1090.27,436.11,1744.43
LINE00005293,ORD0001766,4,PROD00327,1,983.3,196.66,786.64
LINE00005294,ORD0001766,5,PROD00489,6,165.18,49.55,941.53
LINE00005295,ORD0001767,1,PROD00137,5,116.81,0.0,584.05
LINE00005296,ORD0001767,2,PROD00497,1,131.21,0.0,131.21
LINE00005297,ORD0001768,1,PROD00268,5,53.6,0.0,268.0
LINE00005298,ORD0001768,2,PROD00150,5,1123.64,561.82,5056.38
LINE00005299,ORD0001769,1,PROD00325,5,1197.78,299.44,5689.46
LINE00005300,ORD0001770,1,PROD00108,4,758.05,606.44,2425.76
LINE00005301,ORD0001770,2,PROD00155,1,929.79,185.96,743.83
LINE00005302,ORD0001771,1,PROD00263,3,511.69,76.75,1458.32
LINE00005303,ORD0001771,2,PROD00320,1,864.93,0.0,864.93
LINE00005304,ORD0001771,3,PROD00056,3,1133.21,0.0,3399.63
LINE00005305,ORD0001771,4,PROD00489,5,796.31,398.15,3583.4
LINE00005306,ORD0001771,5,PROD00474,3,200.64,0.0,601.92
LINE00005307,ORD0001772,1,PROD00160,2,150.35,0.0,300.7
LINE00005308,ORD0001772,2,PROD00041,2,1018.94,0.0,2037.88
LINE00005309,ORD0001772,3,PROD00248,3,1047.56,0.0,3142.68
LINE00005310,ORD0001772,4,PROD00374,5,831.4,831.4,3325.6
LINE00005311,ORD0001772,5,PROD00375,1,312.81,31.28,281.53
LINE00005312,ORD0001773,1,PROD00117,5,796.56,796.56,3186.24
LINE00005313,ORD0001773,2,PROD00478,1,949.65,189.93,759.72
LINE00005314,ORD0001773,3,PROD00019,2,25.67,10.27,41.07
LINE00005315,ORD0001773,4,PROD00176,3,991.67,297.5,2677.51
LINE00005316,ORD0001773,5,PROD00086,3,297.17,178.3,713.21
LINE00005317,ORD0001774,1,PROD00040,3,419.5,251.7,1006.8
LINE00005318,ORD0001774,2,PROD00389,2,1001.53,400.61,1602.45
LINE00005319,ORD0001774,3,PROD00357,5,254.8,63.7,1210.3
LINE00005320,ORD0001774,4,PROD00104,5,1105.29,0.0,5526.45
LINE00005321,ORD0001774,5,PROD00293,1,9.01,0.0,9.01
LINE00005322,ORD0001775,1,PROD00231,3,1155.7,346.71,3120.39
LINE00005323,ORD0001776,1,PROD00003,3,218.42,0.0,655.26
LINE00005324,ORD0001776,2,PROD00427,1,704.02,0.0,704.02
LINE00005325,ORD0001776,3,PROD00032,1,642.12,32.11,610.01
LINE00005326,ORD0001776,4,PROD00382,4,766.24,306.5,2758.46
LINE00005327,ORD0001777,1,PROD00076,2,181.59,36.32,326.86
LINE00005328,ORD0001777,2,PROD00194,3,71.81,0.0,215.43
LINE00005329,ORD0001777,3,PROD00045,2,1012.09,0.0,2024.18
LINE00005330,ORD0001777,4,PROD00480,4,651.11,0.0,2604.44
LINE00005331,ORD0001777,5,PROD00469,4,294.08,0.0,1176.32
LINE00005332,ORD0001778,1,PROD00453,1,979.07,48.95,930.12
LINE00005333,ORD0001778,2,PROD00370,3,752.95,451.77,1807.08
LINE00005334,ORD0001778,3,PROD00038,1,548.27,0.0,548.27
LINE00005335,ORD0001778,4,PROD00318,5,1122.73,561.37,5052.28
LINE00005336,ORD0001778,5,PROD00330,1,519.87,0.0,519.87
LINE00005337,ORD0001779,1,PROD00453,6,404.4,0.0,2426.4
LINE00005338,ORD0001780,1,PROD00026,2,339.08,0.0,678.16
LINE00005339,ORD0001780,2,PROD00043,2,525.36,52.54,998.18
LINE00005340,ORD0001780,3,PROD00411,4,87.06,0.0,348.24
LINE00005341,ORD0001781,1,PROD00313,4,384.43,307.54,1230.18
LINE00005342,ORD0001781,2,PROD00450,5,1115.45,0.0,5577.25
LINE00005343,ORD0001781,3,PROD00322,2,816.52,326.61,1306.43
LINE00005344,ORD0001781,4,PROD00429,6,784.21,0.0,4705.26
LINE00005345,ORD0001782,1,PROD00057,5,491.56,245.78,2212.02
LINE00005346,ORD0001783,1,PROD00445,6,1081.2,1297.44,5189.76
LINE00005347,ORD0001783,2,PROD00093,1,610.92,61.09,549.83
LINE00005348,ORD0001783,3,PROD00479,5,1115.87,0.0,5579.35
LINE00005349,ORD0001784,1,PROD00311,3,812.86,0.0,2438.58
LINE00005350,ORD0001785,1,PROD00212,2,1086.31,0.0,2172.62
LINE00005351,ORD0001785,2,PROD00323,5,751.8,187.95,3571.05
LINE00005352,ORD0001786,1,PROD00060,4,987.53,0.0,3950.12
LINE00005353,ORD0001787,1,PROD00026,3,558.73,335.24,1340.95
LINE00005354,ORD0001787,2,PROD00081,1,998.0,99.8,898.2
LINE00005355,ORD0001787,3,PROD00119,1,1116.93,55.85,1061.08
LINE00005356,ORD0001787,4,PROD00224,4,664.12,531.3,2125.18
LINE00005357,ORD0001787,5,PROD00461,4,389.32,311.46,1245.82
LINE00005358,ORD0001788,1,PROD00248,1,732.07,0.0,732.07
LINE00005359,ORD0001788,2,PROD00136,2,682.57,0.0,1365.14
LINE00005360,ORD0001788,3,PROD00215,1,785.51,78.55,706.96
LINE00005361,ORD0001788,4,PROD00499,3,90.81,13.62,258.81
LINE00005362,ORD0001789,1,PROD00485,6,1091.61,1309.93,5239.73
LINE00005363,ORD0001789,2,PROD00334,6,1125.04,1350.05,5400.19
LINE00005364,ORD0001789,3,PROD00409,2,780.16,0.0,1560.32
LINE00005365,ORD0001789,4,PROD00409,4,208.53,83.41,750.71
LINE00005366,ORD0001790,1,PROD00314,4,1131.15,0.0,4524.6
LINE00005367,ORD0001791,1,PROD00358,1,191.95,0.0,191.95
LINE00005368,ORD0001791,2,PROD00016,3,93.78,0.0,281.34
LINE00005369,ORD0001792,1,PROD00090,5,1165.77,0.0,5828.85
LINE00005370,ORD0001792,2,PROD00094,5,1034.47,517.24,4655.11
LINE00005371,ORD0001792,3,PROD00475,6,978.51,587.11,5283.95
LINE00005372,ORD0001792,4,PROD00043,4,117.29,93.83,375.33
LINE00005373,ORD0001792,5,PROD00466,1,5.12,0.0,5.12
LINE00005374,ORD0001793,1,PROD00044,1,548.24,109.65,438.59
LINE00005375,ORD0001793,2,PROD00086,1,1072.98,0.0,1072.98
LINE00005376,ORD0001793,3,PROD00368,1,1125.04,0.0,1125.04
LINE00005377,ORD0001793,4,PROD00118,3,1010.45,303.14,2728.21
LINE00005378,ORD0001793,5,PROD00312,5,573.51,0.0,2867.55
LINE00005379,ORD0001794,1,PROD00165,2,628.44,0.0,1256.88
LINE00005380,ORD0001794,2,PROD00442,2,394.24,0.0,788.48
LINE00005381,ORD0001794,3,PROD00318,4,658.47,0.0,2633.88
LINE00005382,ORD0001794,4,PROD00457,4,464.2,0.0,1856.8
LINE00005383,ORD0001795,1,PROD00120,1,232.62,11.63,220.99
LINE00005384,ORD0001796,1,PROD00499,2,561.33,224.53,898.13
LINE00005385,ORD0001796,2,PROD00266,3,576.69,0.0,1730.07
LINE00005386,ORD0001796,3,PROD00276,1,400.81,80.16,320.65
LINE00005387,ORD0001796,4,PROD00404,6,19.68,23.62,94.46
LINE00005388,ORD0001797,1,PROD00116,4,1054.54,421.82,3796.34
LINE00005389,ORD0001797,2,PROD00095,2,926.25,185.25,1667.25
LINE00005390,ORD0001797,3,PROD00429,4,81.25,65.0,260.0
LINE00005391,ORD0001797,4,PROD00462,6,366.91,0.0,2201.46
LINE00005392,ORD0001798,1,PROD00035,3,540.62,0.0,1621.86
LINE00005393,ORD0001798,2,PROD00211,1,1069.01,0.0,1069.01
LINE00005394,ORD0001798,3,PROD00361,4,1146.06,458.42,4125.82
LINE00005395,ORD0001799,1,PROD00243,3,1018.68,0.0,3056.04
LINE00005396,ORD0001799,2,PROD00140,3,536.15,0.0,1608.45
LINE00005397,ORD0001799,3,PROD00091,5,716.45,0.0,3582.25
LINE00005398,ORD0001799,4,PROD00051,3,422.89,126.87,1141.8
LINE00005399,ORD0001800,1,PROD00420,3,247.28,74.18,667.66
LINE00005400,ORD0001800,2,PROD00232,4,683.15,0.0,2732.6
LINE00005401,ORD0001800,3,PROD00472,3,16.62,9.97,39.89
LINE00005402,ORD0001800,4,PROD00332,6,1059.05,635.43,5718.87
LINE00005403,ORD0001801,1,PROD00474,4,633.99,0.0,2535.96
LINE00005404,ORD0001801,2,PROD00411,5,980.43,245.11,4657.04
LINE00005405,ORD0001801,3,PROD00435,2,436.03,0.0,872.06
LINE00005406,ORD0001801,4,PROD00430,2,1046.99,0.0,2093.98
LINE00005407,ORD0001802,1,PROD00097,3,39.9,0.0,119.7
LINE00005408,ORD0001802,2,PROD00299,1,1171.44,234.29,937.15
LINE00005409,ORD0001803,1,PROD00298,2,198.71,79.48,317.94
LINE00005410,ORD0001804,1,PROD00497,2,740.26,0.0,1480.52
LINE00005411,ORD0001804,2,PROD00055,6,1191.79,0.0,7150.74
LINE00005412,ORD0001804,3,PROD00127,1,182.51,36.5,146.01
LINE00005413,ORD0001805,1,PROD00067,3,143.79,86.27,345.1
LINE00005414,ORD0001805,2,PROD00032,6,830.0,0.0,4980.0
LINE00005415,ORD0001805,3,PROD00227,5,366.66,0.0,1833.3
LINE00005416,ORD0001805,4,PROD00320,4,991.72,0.0,3966.88
LINE00005417,ORD0001805,5,PROD00090,6,1089.32,653.59,5882.33
LINE00005418,ORD0001806,1,PROD00190,2,172.88,34.58,311.18
LINE00005419,ORD0001806,2,PROD00367,1,138.62,13.86,124.76
LINE00005420,ORD0001806,3,PROD00232,4,1064.38,851.5,3406.02
LINE00005421,ORD0001806,4,PROD00455,1,821.17,0.0,821.17
LINE00005422,ORD0001806,5,PROD00386,3,749.38,0.0,2248.14
LINE00005423,ORD0001807,1,PROD00407,5,1036.13,0.0,5180.65
LINE00005424,ORD0001807,2,PROD00286,3,867.2,520.32,2081.28
LINE00005425,ORD0001807,3,PROD00312,4,558.61,0.0,2234.44
LINE00005426,ORD0001807,4,PROD00226,4,331.17,66.23,1258.45
LINE00005427,ORD0001808,1,PROD00457,2,1097.1,438.84,1755.36
LINE00005428,ORD0001808,2,PROD00459,4,180.55,144.44,577.76
LINE00005429,ORD0001808,3,PROD00038,4,1012.64,0.0,4050.56
LINE00005430,ORD0001808,4,PROD00483,6,705.18,846.22,3384.86
LINE00005431,ORD0001808,5,PROD00366,2,583.09,0.0,1166.18
LINE00005432,ORD0001809,1,PROD00130,4,890.11,712.09,2848.35
LINE00005433,ORD0001810,1,PROD00487,3,217.35,32.6,619.45
LINE00005434,ORD0001810,2,PROD00227,2,364.74,145.9,583.58
LINE00005435,ORD0001810,3,PROD00263,4,232.97,0.0,931.88
LINE00005436,ORD0001810,4,PROD00045,6,553.49,0.0,3320.94
LINE00005437,ORD0001811,1,PROD00314,2,442.14,176.86,707.42
LINE00005438,ORD0001812,1,PROD00141,3,676.17,101.43,1927.08
LINE00005439,ORD0001812,2,PROD00160,3,492.28,0.0,1476.84
LINE00005440,ORD0001813,1,PROD00057,1,250.58,25.06,225.52
LINE00005441,ORD0001813,2,PROD00040,6,451.38,135.41,2572.87
LINE00005442,ORD0001814,1,PROD00450,4,602.59,0.0,2410.36
LINE00005443,ORD0001814,2,PROD00075,2,1173.75,469.5,1878.0
LINE00005444,ORD0001815,1,PROD00221,6,45.96,0.0,275.76
LINE00005445,ORD0001815,2,PROD00198,1,1026.57,0.0,1026.57
LINE00005446,ORD0001815,3,PROD00500,6,1108.25,332.48,6317.02
LINE00005447,ORD0001815,4,PROD00148,3,45.09,0.0,135.27
LINE00005448,ORD0001815,5,PROD00389,5,1116.04,0.0,5580.2
LINE00005449,ORD0001816,1,PROD00310,5,575.87,287.94,2591.41
LINE00005450,ORD0001817,1,PROD00476,1,938.64,46.93,891.71
LINE00005451,ORD0001817,2,PROD00409,5,1103.05,551.52,4963.73
LINE00005452,ORD0001817,3,PROD00478,3,670.56,0.0,2011.68
LINE00005453,ORD0001817,4,PROD00232,6,1186.77,356.03,6764.59
LINE00005454,ORD0001818,1,PROD00253,1,433.94,0.0,433.94
LINE00005455,ORD0001819,1,PROD00376,6,21.82,26.18,104.74
LINE00005456,ORD0001819,2,PROD00043,2,1162.55,116.25,2208.85
LINE00005457,ORD0001819,3,PROD00030,2,228.87,0.0,457.74
LINE00005458,ORD0001820,1,PROD00100,2,930.8,0.0,1861.6
LINE00005459,ORD0001820,2,PROD00049,4,210.42,84.17,757.51
LINE00005460,ORD0001820,3,PROD00481,6,1011.36,1213.63,4854.53
LINE00005461,ORD0001820,4,PROD00289,5,968.84,242.21,4601.99
LINE00005462,ORD0001821,1,PROD00109,1,960.58,0.0,960.58
LINE00005463,ORD0001821,2,PROD00199,1,572.45,28.62,543.83
LINE00005464,ORD0001821,3,PROD00361,1,958.69,95.87,862.82
LINE00005465,ORD0001821,4,PROD00297,4,551.79,0.0,2207.16
LINE00005466,ORD0001821,5,PROD00403,4,709.86,141.97,2697.47
LINE00005467,ORD0001822,1,PROD00089,4,631.51,126.3,2399.74
LINE00005468,ORD0001822,2,PROD00388,4,458.7,0.0,1834.8
LINE00005469,ORD0001822,3,PROD00089,3,81.62,24.49,220.37
LINE00005470,ORD0001822,4,PROD00298,4,798.51,0.0,3194.04
LINE00005471,ORD0001822,5,PROD00111,4,54.05,10.81,205.39
LINE00005472,ORD0001823,1,PROD00232,1,1198.3,0.0,1198.3
LINE00005473,ORD0001823,2,PROD00044,1,803.0,0.0,803.0
LINE00005474,ORD0001824,1,PROD00456,1,928.7,46.44,882.26
LINE00005475,ORD0001824,2,PROD00432,6,1149.69,689.81,6208.33
LINE00005476,ORD0001824,3,PROD00113,4,906.74,181.35,3445.61
LINE00005477,ORD0001825,1,PROD00494,4,572.45,0.0,2289.8
LINE00005478,ORD0001826,1,PROD00074,5,183.95,0.0,919.75
LINE00005479,ORD0001826,2,PROD00377,4,588.41,117.68,2235.96
LINE00005480,ORD0001826,3,PROD00433,1,990.37,99.04,891.33
LINE00005481,ORD0001826,4,PROD00278,3,16.16,0.0,48.48
LINE00005482,ORD0001826,5,PROD00058,3,1110.25,666.15,2664.6
LINE00005483,ORD0001827,1,PROD00378,1,492.25,0.0,492.25
LINE00005484,ORD0001827,2,PROD00449,4,617.29,123.46,2345.7
LINE00005485,ORD0001828,1,PROD00137,4,20.09,0.0,80.36
LINE00005486,ORD0001828,2,PROD00234,5,814.29,407.14,3664.31
LINE00005487,ORD0001829,1,PROD00188,1,1089.63,217.93,871.7
LINE00005488,ORD0001829,2,PROD00382,5,779.48,389.74,3507.66
LINE00005489,ORD0001829,3,PROD00285,-3,912.43,-136.86,-2600.43
LINE00005490,ORD0001829,4,PROD00352,1,1167.23,0.0,1167.23
LINE00005491,ORD0001830,1,PROD00368,5,609.65,0.0,3048.25
LINE00005492,ORD0001830,2,PROD00303,5,823.37,0.0,4116.85
LINE00005493,ORD0001830,3,PROD00297,4,1065.5,852.4,3409.6
LINE00005494,ORD0001831,1,PROD00082,4,604.27,0.0,2417.08
LINE00005495,ORD0001831,2,PROD00466,1,382.72,0.0,382.72
LINE00005496,ORD0001832,1,PROD00004,6,968.16,0.0,5808.96
LINE00005497,ORD0001832,2,PROD00070,5,879.9,879.9,3519.6
LINE00005498,ORD0001833,1,PROD00162,6,185.31,55.59,1056.27
LINE00005499,ORD0001833,2,PROD00098,4,791.7,0.0,3166.8
LINE00005500,ORD0001833,3,PROD00360,5,682.33,341.17,3070.48
LINE00005501,ORD0001833,4,PROD00367,2,1171.97,117.2,2226.74
LINE00005502,ORD0001833,5,PROD00481,6,755.51,0.0,4533.06
LINE00005503,ORD0001834,1,PROD00083,4,906.43,0.0,3625.72
LINE00005504,ORD0001834,2,PROD00227,4,794.26,158.85,3018.19
LINE00005505,ORD0001835,1,PROD00420,1,108.94,0.0,108.94
LINE00005506,ORD0001835,2,PROD00249,2,411.66,0.0,823.32
LINE00005507,ORD0001836,1,PROD00020,6,324.91,0.0,1949.46
LINE00005508,ORD0001836,2,PROD00461,4,91.52,73.22,292.86
LINE00005509,ORD0001836,3,PROD00249,6,490.28,588.34,2353.34
LINE00005510,ORD0001836,4,PROD00271,4,526.01,105.2,1998.84
LINE00005511,ORD0001836,5,PROD00268,6,1034.97,0.0,6209.82
LINE00005512,ORD0001837,1,PROD00129,1,770.79,38.54,732.25
LINE00005513,ORD0001837,2,PROD00012,1,279.21,55.84,223.37
LINE00005514,ORD0001837,3,PROD00371,4,485.19,0.0,1940.76
LINE00005515,ORD0001837,4,PROD00074,2,737.44,73.74,1401.14
LINE00005516,ORD0001838,1,PROD00373,3,403.59,0.0,1210.77
LINE00005517,ORD0001838,2,PROD00308,3,1045.69,0.0,3137.07
LINE00005518,ORD0001838,3,PROD00134,5,67.27,67.27,269.08
LINE00005519,ORD0001838,4,PROD00037,5,21.93,10.97,98.68
LINE00005520,ORD0001838,5,PROD00174,1,1061.43,212.29,849.14
LINE00005521,ORD0001839,1,PROD00493,6,440.53,0.0,2643.18
LINE00005522,ORD0001839,2,PROD00350,2,771.69,0.0,1543.38
LINE00005523,ORD0001839,3,PROD00244,2,518.81,0.0,1037.62
LINE00005524,ORD0001839,4,PROD00430,3,30.89,18.53,74.14
LINE00005525,ORD0001839,5,PROD00489,6,356.22,0.0,2137.32
LINE00005526,ORD0001840,1,PROD00247,6,506.15,0.0,3036.9
LINE00005527,ORD0001840,2,PROD00484,5,332.55,83.14,1579.61
LINE00005528,ORD0001841,1,PROD00462,3,1029.65,154.45,2934.5
LINE00005529,ORD0001841,2,PROD00417,6,622.43,186.73,3547.85
LINE00005530,ORD0001842,1,PROD00368,5,900.24,0.0,4501.2
LINE00005531,ORD0001842,2,PROD00028,3,632.77,379.66,1518.65
LINE00005532,ORD0001842,3,PROD00242,2,260.31,0.0,520.62
LINE00005533,ORD0001843,1,PROD00157,1,900.87,45.04,855.83
LINE00005534,ORD0001844,1,PROD00483,6,31.76,9.53,181.03
LINE00005535,ORD0001845,1,PROD00254,1,450.43,22.52,427.91
LINE00005536,ORD0001845,2,PROD00147,5,385.27,0.0,1926.35
LINE00005537,ORD0001845,3,PROD00254,6,32.0,19.2,172.8
LINE00005538,ORD0001846,1,PROD00497,1,382.69,76.54,306.15
LINE00005539,ORD0001846,2,PROD00233,6,446.89,0.0,2681.34
LINE00005540,ORD0001846,3,PROD00133,3,592.79,88.92,1689.45
LINE00005541,ORD0001847,1,PROD00444,5,454.57,0.0,2272.85
LINE00005542,ORD0001847,2,PROD00285,5,223.29,0.0,1116.45
LINE00005543,ORD0001847,3,PROD00086,1,686.27,0.0,686.27
LINE00005544,ORD0001848,1,PROD00393,6,1069.73,0.0,6418.38
LINE00005545,ORD0001848,2,PROD00382,2,483.67,0.0,967.34
LINE00005546,ORD0001848,3,PROD00365,3,99.69,0.0,299.07
LINE00005547,ORD0001849,1,PROD00363,1,65.28,0.0,65.28
LINE00005548,ORD0001849,2,PROD00499,2,186.38,74.55,298.21
LINE00005549,ORD0001849,3,PROD00253,3,1091.17,163.68,3109.83
LINE00005550,ORD0001849,4,PROD00193,5,744.29,186.07,3535.38
LINE00005551,ORD0001850,1,PROD00462,3,279.08,0.0,837.24
LINE00005552,ORD0001850,2,PROD00456,6,875.93,0.0,5255.58
LINE00005553,ORD0001851,1,PROD00435,5,1188.46,0.0,5942.3
LINE00005554,ORD0001851,2,PROD00022,3,629.85,377.91,1511.64
LINE00005555,ORD0001851,3,PROD00185,5,734.36,183.59,3488.21
LINE00005556,ORD0001851,4,PROD00196,6,781.49,468.89,4220.05
LINE00005557,ORD0001852,1,PROD00337,3,491.81,0.0,1475.43
LINE00005558,ORD0001853,1,PROD00114,6,96.95,58.17,523.53
LINE00005559,ORD0001854,1,PROD00246,5,559.87,0.0,2799.35
LINE00005560,ORD0001854,2,PROD00465,3,1183.83,0.0,3551.49
LINE00005561,ORD0001854,3,PROD00220,2,858.37,85.84,1630.9
LINE00005562,ORD0001854,4,PROD00137,4,19.15,0.0,76.6
LINE00005563,ORD0001855,1,PROD00199,4,964.58,385.83,3472.49
LINE00005564,ORD0001855,2,PROD00117,5,359.4,0.0,1797.0
LINE00005565,ORD0001855,3,PROD00277,5,66.92,0.0,334.6
LINE00005566,ORD0001856,1,PROD00366,5,1099.57,0.0,5497.85
LINE00005567,ORD0001857,1,PROD00359,6,281.64,337.97,1351.87
LINE00005568,ORD0001857,2,PROD00145,3,763.07,0.0,2289.21
LINE00005569,ORD0001857,3,PROD00112,2,562.93,112.59,1013.27
LINE00005570,ORD0001857,4,PROD00094,1,716.73,143.35,573.38
LINE00005571,ORD0001857,5,PROD00403,6,81.31,0.0,487.86
LINE00005572,ORD0001858,1,PROD00110,3,278.85,0.0,836.55
LINE00005573,ORD0001858,2,PROD00062,6,166.0,0.0,996.0
LINE00005574,ORD0001858,3,PROD00207,2,1036.5,103.65,1969.35
LINE00005575,ORD0001858,4,PROD00024,6,217.5,261.0,1044.0
LINE00005576,ORD0001858,5,PROD00201,4,676.16,0.0,2704.64
LINE00005577,ORD0001859,1,PROD00002,1,1011.91,101.19,910.72
LINE00005578,ORD0001859,2,PROD00170,6,186.95,112.17,1009.53
LINE00005579,ORD0001859,3,PROD00367,3,87.01,0.0,261.03
LINE00005580,ORD0001859,4,PROD00047,1,765.44,0.0,765.44
LINE00005581,ORD0001860,1,PROD00450,1,189.87,9.49,180.38
LINE00005582,ORD0001860,2,PROD00190,1,1034.43,0.0,1034.43
LINE00005583,ORD0001860,3,PROD00475,3,865.9,129.88,2467.82
LINE00005584,ORD0001861,1,PROD00140,6,1065.91,1279.09,5116.37
LINE00005585,ORD0001861,2,PROD00470,1,1072.3,0.0,1072.3
LINE00005586,ORD0001861,3,PROD00275,3,167.99,50.4,453.57
LINE00005587,ORD0001861,4,PROD00222,4,490.51,392.41,1569.63
LINE00005588,ORD0001862,1,PROD00013,5,30.56,15.28,137.52
LINE00005589,ORD0001862,2,PROD00356,6,820.56,492.34,4431.02
LINE00005590,ORD0001862,3,PROD00172,3,191.69,0.0,575.07
LINE00005591,ORD0001862,4,PROD00380,6,1052.81,1263.37,5053.49
LINE00005592,ORD0001862,5,PROD00376,5,1150.55,0.0,5752.75
LINE00005593,ORD0001863,1,PROD00249,3,1191.71,0.0,3575.13
LINE00005594,ORD0001863,2,PROD00055,2,979.0,195.8,1762.2
LINE00005595,ORD0001863,3,PROD00040,1,157.51,0.0,157.51
LINE00005596,ORD0001863,4,PROD00208,3,318.25,95.48,859.27
LINE00005597,ORD0001864,1,PROD00090,4,510.79,0.0,2043.16
LINE00005598,ORD0001864,2,PROD00472,5,384.56,0.0,1922.8
LINE00005599,ORD0001865,1,PROD00361,3,907.66,272.3,2450.68
LINE00005600,ORD0001865,2,PROD00474,6,1188.48,1426.18,5704.7
LINE00005601,ORD0001865,3,PROD00439,5,539.44,0.0,2697.2
LINE00005602,ORD0001865,4,PROD00020,4,419.28,83.86,1593.26
LINE00005603,ORD0001865,5,PROD00269,1,418.89,0.0,418.89
LINE00005604,ORD0001866,1,PROD00451,3,1035.27,0.0,3105.81
LINE00005605,ORD0001866,2,PROD00364,2,747.96,0.0,1495.92
LINE00005606,ORD0001866,3,PROD00219,5,110.26,0.0,551.3
LINE00005607,ORD0001867,1,PROD00092,6,1002.2,300.66,5712.54
LINE00005608,ORD0001868,1,PROD00168,6,299.16,358.99,1435.97
LINE00005609,ORD0001868,2,PROD00327,6,941.1,1129.32,4517.28
LINE00005610,ORD0001868,3,PROD00048,4,114.29,22.86,434.3
LINE00005611,ORD0001868,4,PROD00463,3,952.57,0.0,2857.71
LINE00005612,ORD0001868,5,PROD00322,1,248.3,0.0,248.3
LINE00005613,ORD0001869,1,PROD00005,6,182.24,0.0,1093.44
LINE00005614,ORD0001869,2,PROD00474,5,506.19,253.09,2277.86
LINE00005615,ORD0001869,3,PROD00026,5,935.41,0.0,4677.05
LINE00005616,ORD0001869,4,PROD00433,6,861.04,258.31,4907.93
LINE00005617,ORD0001869,5,PROD00186,6,396.85,0.0,2381.1
LINE00005618,ORD0001870,1,PROD00097,3,465.95,279.57,1118.28
LINE00005619,ORD0001870,2,PROD00214,5,822.12,205.53,3905.07
LINE00005620,ORD0001870,3,PROD00316,3,1073.11,643.87,2575.46
LINE00005621,ORD0001871,1,PROD00234,6,342.0,0.0,2052.0
LINE00005622,ORD0001872,1,PROD00446,3,745.17,447.1,1788.41
LINE00005623,ORD0001872,2,PROD00173,6,879.22,527.53,4747.79
LINE00005624,ORD0001872,3,PROD00473,1,724.79,72.48,652.31
LINE00005625,ORD0001872,4,PROD00317,1,705.79,70.58,635.21
LINE00005626,ORD0001872,5,PROD00437,1,433.12,0.0,433.12
LINE00005627,ORD0001873,1,PROD00392,2,470.75,47.08,894.42
LINE00005628,ORD0001873,2,PROD00376,2,874.66,0.0,1749.32
LINE00005629,ORD0001874,1,PROD00437,1,283.24,0.0,283.24
LINE00005630,ORD0001875,1,PROD00123,1,613.47,0.0,613.47
LINE00005631,ORD0001875,2,PROD00142,2,5.93,0.0,11.86
LINE00005632,ORD0001876,1,PROD00341,4,1110.15,222.03,4218.57
LINE00005633,ORD0001876,2,PROD00335,5,895.99,448.0,4031.95
LINE00005634,ORD0001876,3,PROD00375,5,1105.61,276.4,5251.65
LINE00005635,ORD0001876,4,PROD00046,1,512.77,0.0,512.77
LINE00005636,ORD0001877,1,PROD00339,5,68.88,34.44,309.96
LINE00005637,ORD0001878,1,PROD00460,1,566.47,0.0,566.47
LINE00005638,ORD0001879,1,PROD00088,5,881.8,220.45,4188.55
LINE00005639,ORD0001879,2,PROD00174,2,344.11,68.82,619.4
LINE00005640,ORD0001879,3,PROD00230,3,142.97,85.78,343.13
LINE00005641,ORD0001879,4,PROD00104,1,1126.68,0.0,1126.68
LINE00005642,ORD0001879,5,PROD00225,3,952.6,0.0,2857.8
LINE00005643,ORD0001880,1,PROD00335,6,64.81,0.0,388.86
LINE00005644,ORD0001881,1,PROD00172,4,1157.78,0.0,4631.12
LINE00005645,ORD0001881,2,PROD00494,5,276.2,0.0,1381.0
LINE00005646,ORD0001881,3,PROD00144,6,955.82,573.49,5161.43
LINE00005647,ORD0001882,1,PROD00192,6,587.88,176.36,3350.92
LINE00005648,ORD0001882,2,PROD00461,1,518.4,25.92,492.48
LINE00005649,ORD0001883,1,PROD00441,3,254.3,76.29,686.61
LINE00005650,ORD0001883,2,PROD00205,6,1127.38,676.43,6087.85
LINE00005651,ORD0001883,3,PROD00334,6,249.99,149.99,1349.95
LINE00005652,ORD0001883,4,PROD00129,6,1099.19,0.0,6595.14
LINE00005653,ORD0001883,5,PROD00414,6,100.59,0.0,603.54
LINE00005654,ORD0001884,1,PROD00405,2,430.49,0.0,860.98
LINE00005655,ORD0001884,2,PROD00481,1,781.58,0.0,781.58
LINE00005656,ORD0001884,3,PROD00109,1,520.62,0.0,520.62
LINE00005657,ORD0001885,1,PROD00385,1,417.59,0.0,417.59
LINE00005658,ORD0001885,2,PROD00190,6,487.85,146.36,2780.74
LINE00005659,ORD0001886,1,PROD00438,3,615.97,92.4,1755.51
LINE00005660,ORD0001887,1,PROD00209,2,550.03,0.0,1100.06
LINE00005661,ORD0001887,2,PROD00019,2,1100.59,0.0,2201.18
LINE00005662,ORD0001887,3,PROD00076,1,699.63,139.93,559.7
LINE00005663,ORD0001887,4,PROD00047,6,190.38,0.0,1142.28
LINE00005664,ORD0001887,5,PROD00181,4,571.07,0.0,2284.28
LINE00005665,ORD0001888,1,PROD00058,4,1127.55,0.0,4510.2
LINE00005666,ORD0001888,2,PROD00485,6,582.8,0.0,3496.8
LINE00005667,ORD0001889,1,PROD00053,1,129.51,0.0,129.51
LINE00005668,ORD0001889,2,PROD00473,6,951.96,571.18,5140.58
LINE00005669,ORD0001890,1,PROD00215,4,896.2,0.0,3584.8
LINE00005670,ORD0001890,2,PROD00021,1,695.45,34.77,660.68
LINE00005671,ORD0001891,1,PROD00190,2,1039.17,207.83,1870.51
LINE00005672,ORD0001891,2,PROD00013,3,124.69,0.0,374.07
LINE00005673,ORD0001891,3,PROD00276,2,757.99,151.6,1364.38
LINE00005674,ORD0001891,4,PROD00481,4,925.01,370.0,3330.04
LINE00005675,ORD0001892,1,PROD00052,2,402.83,0.0,805.66
LINE00005676,ORD0001892,2,PROD00408,2,274.15,109.66,438.64
LINE00005677,ORD0001892,3,PROD00389,4,1042.25,208.45,3960.55
LINE00005678,ORD0001892,4,PROD00239,4,365.56,0.0,1462.24
LINE00005679,ORD0001893,1,PROD00080,1,730.91,0.0,730.91
LINE00005680,ORD0001893,2,PROD00261,2,443.75,0.0,887.5
LINE00005681,ORD0001893,3,PROD00489,3,86.17,0.0,258.51
LINE00005682,ORD0001893,4,PROD00398,2,135.83,0.0,271.66
LINE00005683,ORD0001894,1,PROD00378,1,363.39,0.0,363.39
LINE00005684,ORD0001894,2,PROD00160,2,651.59,0.0,1303.18
LINE00005685,ORD0001894,3,PROD00126,3,1009.96,0.0,3029.88
LINE00005686,ORD0001894,4,PROD00053,2,574.83,0.0,1149.66
LINE00005687,ORD0001894,5,PROD00094,3,309.58,0.0,928.74
LINE00005688,ORD0001895,1,PROD00447,3,446.9,0.0,1340.7
LINE00005689,ORD0001895,2,PROD00094,2,601.75,120.35,1083.15
LINE00005690,ORD0001896,1,PROD00344,4,366.65,0.0,1466.6
LINE00005691,ORD0001897,1,PROD00084,3,810.54,121.58,2310.04
LINE00005692,ORD0001898,1,PROD00429,6,860.58,516.35,4647.13
LINE00005693,ORD0001898,2,PROD00259,2,1180.48,472.19,1888.77
LINE00005694,ORD0001898,3,PROD00060,3,391.14,117.34,1056.08
LINE00005695,ORD0001898,4,PROD00064,2,918.01,367.2,1468.82
LINE00005696,ORD0001898,5,PROD00440,6,523.66,0.0,3141.96
LINE00005697,ORD0001899,1,PROD00445,6,19.29,23.15,92.59
LINE00005698,ORD0001899,2,PROD00300,1,886.93,88.69,798.24
LINE00005699,ORD0001899,3,PROD00376,2,883.01,176.6,1589.42
LINE00005700,ORD0001900,1,PROD00039,1,84.19,0.0,84.19
LINE00005701,ORD0001900,2,PROD00442,3,834.4,250.32,2252.88
LINE00005702,ORD0001900,3,PROD00493,3,777.33,116.6,2215.39
LINE00005703,ORD0001900,4,PROD00032,3,314.49,0.0,943.47
LINE00005704,ORD0001901,1,PROD00329,3,308.0,0.0,924.0
LINE00005705,ORD0001902,1,PROD00365,6,198.32,0.0,1189.92
LINE00005706,ORD0001903,1,PROD00114,3,701.82,0.0,2105.46
LINE00005707,ORD0001903,2,PROD00325,2,533.5,0.0,1067.0
LINE00005708,ORD0001903,3,PROD00344,3,935.16,561.1,2244.38
LINE00005709,ORD0001903,4,PROD00258,3,1048.75,0.0,3146.25
LINE00005710,ORD0001904,1,PROD00335,2,369.02,36.9,701.14
LINE00005711,ORD0001904,2,PROD00165,3,1150.15,345.05,3105.4
LINE00005712,ORD0001904,3,PROD00078,2,853.57,0.0,1707.14
LINE00005713,ORD0001904,4,PROD00244,3,243.09,36.46,692.81
LINE00005714,ORD0001904,5,PROD00081,6,358.69,0.0,2152.14
LINE00005715,ORD0001905,1,PROD00281,4,80.44,0.0,321.76
LINE00005716,ORD0001905,2,PROD00063,3,293.36,0.0,880.08
LINE00005717,ORD0001905,3,PROD00372,3,434.44,0.0,1303.32
LINE00005718,ORD0001905,4,PROD00021,6,488.48,146.54,2784.34
LINE00005719,ORD0001906,1,PROD00458,3,278.39,0.0,835.17
LINE00005720,ORD0001906,2,PROD00174,3,423.01,126.9,1142.13
LINE00005721,ORD0001906,3,PROD00462,5,709.53,709.53,2838.12
LINE00005722,ORD0001907,1,PROD00113,5,911.21,0.0,4556.05
LINE00005723,ORD0001907,2,PROD00478,3,568.73,341.24,1364.95
LINE00005724,ORD0001907,3,PROD00296,3,331.84,99.55,895.97
LINE00005725,ORD0001907,4,PROD00172,3,943.8,283.14,2548.26
LINE00005726,ORD0001907,5,PROD00064,2,846.56,0.0,1693.12
LINE00005727,ORD0001908,1,PROD00420,2,1052.5,210.5,1894.5
LINE00005728,ORD0001909,1,PROD00461,2,885.13,0.0,1770.26
LINE00005729,ORD0001909,2,PROD00052,2,130.11,13.01,247.21
LINE00005730,ORD0001910,1,PROD00389,4,171.57,0.0,686.28
LINE00005731,ORD0001910,2,PROD00052,5,549.43,549.43,2197.72
LINE00005732,ORD0001910,3,PROD00340,6,40.99,49.19,196.75
LINE00005733,ORD0001910,4,PROD00112,5,623.19,0.0,3115.95
LINE00005734,ORD0001911,1,PROD00335,2,527.3,0.0,1054.6
LINE00005735,ORD0001912,1,PROD00463,1,7.03,0.0,7.03
LINE00005736,ORD0001912,2,PROD00280,4,343.7,137.48,1237.32
LINE00005737,ORD0001912,3,PROD00246,5,794.88,397.44,3576.96
LINE00005738,ORD0001912,4,PROD00131,1,1080.16,0.0,1080.16
LINE00005739,ORD0001912,5,PROD00402,5,353.6,0.0,1768.0
LINE00005740,ORD0001913,1,PROD00278,5,1055.59,0.0,5277.95
LINE00005741,ORD0001913,2,PROD00266,4,493.87,0.0,1975.48
LINE00005742,ORD0001914,1,PROD00128,3,1018.73,305.62,2750.57
LINE00005743,ORD0001915,1,PROD00395,2,179.47,0.0,358.94
LINE00005744,ORD0001915,2,PROD00198,2,1122.86,0.0,2245.72
LINE00005745,ORD0001915,3,PROD00179,3,929.61,278.88,2509.95
LINE00005746,ORD0001915,4,PROD00221,3,683.03,0.0,2049.09
LINE00005747,ORD0001916,1,PROD00464,6,1118.63,671.18,6040.6
LINE00005748,ORD0001916,2,PROD00268,2,23.06,0.0,46.12
LINE00005749,ORD0001916,3,PROD00240,5,631.23,0.0,3156.15
LINE00005750,ORD0001917,1,PROD00045,2,445.02,89.0,801.04
LINE00005751,ORD0001917,2,PROD00318,4,225.75,180.6,722.4
LINE00005752,ORD0001918,1,PROD00213,4,1080.03,0.0,4320.12
LINE00005753,ORD0001919,1,PROD00473,2,440.52,0.0,881.04
LINE00005754,ORD0001919,2,PROD00334,2,52.55,10.51,94.59
LINE00005755,ORD0001919,3,PROD00457,4,504.38,100.88,1916.64
LINE00005756,ORD0001919,4,PROD00250,2,411.36,0.0,822.72
LINE00005757,ORD0001919,5,PROD00007,1,87.89,0.0,87.89
LINE00005758,ORD0001920,1,PROD00480,3,59.66,0.0,178.98
LINE00005759,ORD0001920,2,PROD00075,5,616.58,0.0,3082.9
LINE00005760,ORD0001920,3,PROD00263,4,156.79,0.0,627.16
LINE00005761,ORD0001920,4,PROD00452,3,713.3,0.0,2139.9
LINE00005762,ORD0001920,5,PROD00259,1,596.47,0.0,596.47
LINE00005763,ORD0001921,1,PROD00106,5,987.85,246.96,4692.29
LINE00005764,ORD0001921,2,PROD00120,3,68.47,0.0,205.41
LINE00005765,ORD0001921,3,PROD00356,5,478.14,119.53,2271.17
LINE00005766,ORD0001921,4,PROD00347,4,529.86,0.0,2119.44
LINE00005767,ORD0001922,1,PROD00227,4,1067.79,0.0,4271.16
LINE00005768,ORD0001922,2,PROD00422,5,981.24,245.31,4660.89
LINE00005769,ORD0001923,1,PROD00210,5,997.24,0.0,4986.2
LINE00005770,ORD0001923,2,PROD00481,4,1057.67,846.14,3384.54
LINE00005771,ORD0001924,1,PROD00207,5,693.93,693.93,2775.72
LINE00005772,ORD0001924,2,PROD00046,6,446.17,0.0,2677.02
LINE00005773,ORD0001924,3,PROD00248,2,235.83,0.0,471.66
LINE00005774,ORD0001924,4,PROD00101,5,179.04,0.0,895.2
LINE00005775,ORD0001924,5,PROD00379,6,741.37,444.82,4003.4
LINE00005776,ORD0001925,1,PROD00157,1,1110.04,0.0,1110.04
LINE00005777,ORD0001925,2,PROD00073,1,524.49,26.22,498.27
LINE00005778,ORD0001925,3,PROD00203,5,445.46,0.0,2227.3
LINE00005779,ORD0001925,4,PROD00276,3,374.18,0.0,1122.54
LINE00005780,ORD0001926,1,PROD00151,4,531.01,424.81,1699.23
LINE00005781,ORD0001926,2,PROD00142,3,686.24,205.87,1852.85
LINE00005782,ORD0001926,3,PROD00195,1,603.98,0.0,603.98
LINE00005783,ORD0001926,4,PROD00278,5,910.2,0.0,4551.0
LINE00005784,ORD0001927,1,PROD00469,5,1106.2,553.1,4977.9
LINE00005785,ORD0001927,2,PROD00390,6,899.28,539.57,4856.11
LINE00005786,ORD0001927,3,PROD00307,2,203.6,20.36,386.84
LINE00005787,ORD0001927,4,PROD00270,4,345.73,276.58,1106.34
LINE00005788,ORD0001927,5,PROD00487,1,573.6,0.0,573.6
LINE00005789,ORD0001928,1,PROD00118,2,978.61,391.44,1565.78
LINE00005790,ORD0001928,2,PROD00094,5,1158.61,1158.61,4634.44
LINE00005791,ORD0001928,3,PROD00015,3,389.24,0.0,1167.72
LINE00005792,ORD0001929,1,PROD00353,2,65.69,13.14,118.24
LINE00005793,ORD0001930,1,PROD00445,2,1161.3,116.13,2206.47
LINE00005794,ORD0001930,2,PROD00241,4,65.6,0.0,262.4
LINE00005795,ORD0001930,3,PROD00493,5,571.39,0.0,2856.95
LINE00005796,ORD0001930,4,PROD00430,2,164.23,0.0,328.46
LINE00005797,ORD0001931,1,PROD00207,5,928.87,928.87,3715.48
LINE00005798,ORD0001931,2,PROD00444,2,52.46,20.98,83.94
LINE00005799,ORD0001931,3,PROD00269,5,155.08,0.0,775.4
LINE00005800,ORD0001932,1,PROD00492,4,1173.49,0.0,4693.96
LINE00005801,ORD0001932,2,PROD00258,6,464.58,0.0,2787.48
LINE00005802,ORD0001932,3,PROD00121,6,745.14,447.08,4023.76
LINE00005803,ORD0001932,4,PROD00281,2,473.65,189.46,757.84
LINE00005804,ORD0001933,1,PROD00004,4,880.09,0.0,3520.36
LINE00005805,ORD0001934,1,PROD00366,1,826.74,0.0,826.74
LINE00005806,ORD0001934,2,PROD00274,4,1172.28,0.0,4689.12
LINE00005807,ORD0001934,3,PROD00343,5,622.9,622.9,2491.6
LINE00005808,ORD0001934,4,PROD00353,4,809.86,647.89,2591.55
LINE00005809,ORD0001935,1,PROD00044,1,1016.2,0.0,1016.2
LINE00005810,ORD0001935,2,PROD00084,5,150.52,0.0,752.6
LINE00005811,ORD0001935,3,PROD00399,5,490.63,0.0,2453.15
LINE00005812,ORD0001936,1,PROD00373,4,307.21,122.88,1105.96
LINE00005813,ORD0001937,1,PROD00152,6,249.16,74.75,1420.21
LINE00005814,ORD0001937,2,PROD00460,4,1006.24,0.0,4024.96
LINE00005815,ORD0001937,3,PROD00388,6,549.62,659.54,2638.18
LINE00005816,ORD0001937,4,PROD00436,1,210.29,10.51,199.78
LINE00005817,ORD0001938,1,PROD00218,3,745.54,111.83,2124.79
LINE00005818,ORD0001938,2,PROD00489,3,1022.5,0.0,3067.5
LINE00005819,ORD0001938,3,PROD00261,5,1070.82,535.41,4818.69
LINE00005820,ORD0001938,4,PROD00034,2,268.16,53.63,482.69
LINE00005821,ORD0001938,5,PROD00018,4,862.32,172.46,3276.82
LINE00005822,ORD0001939,1,PROD00061,5,125.41,125.41,501.64
LINE00005823,ORD0001939,2,PROD00214,5,1121.66,0.0,5608.3
LINE00005824,ORD0001939,3,PROD00273,2,288.87,0.0,577.74
LINE00005825,ORD0001940,1,PROD00298,1,484.64,0.0,484.64
LINE00005826,ORD0001940,2,PROD00072,1,46.59,2.33,44.26
LINE00005827,ORD0001941,1,PROD00379,6,592.14,0.0,3552.84
LINE00005828,ORD0001941,2,PROD00061,6,703.6,0.0,4221.6
LINE00005829,ORD0001941,3,PROD00499,6,735.67,0.0,4414.02
LINE00005830,ORD0001942,1,PROD00168,2,67.62,0.0,135.24
LINE00005831,ORD0001943,1,PROD00326,2,1126.06,0.0,2252.12
LINE00005832,ORD0001943,2,PROD00445,1,241.64,24.16,217.48
LINE00005833,ORD0001943,3,PROD00466,2,769.93,0.0,1539.86
LINE00005834,ORD0001944,1,PROD00437,6,1039.03,0.0,6234.18
LINE00005835,ORD0001944,2,PROD00068,5,239.71,239.71,958.84
LINE00005836,ORD0001944,3,PROD00409,6,190.53,0.0,1143.18
LINE00005837,ORD0001944,4,PROD00028,6,7.61,0.0,45.66
LINE00005838,ORD0001945,1,PROD00321,5,1027.7,0.0,5138.5
LINE00005839,ORD0001945,2,PROD00210,4,84.2,67.36,269.44
LINE00005840,ORD0001945,3,PROD00142,3,181.34,54.4,489.62
LINE00005841,ORD0001945,4,PROD00323,6,486.26,0.0,2917.56
LINE00005842,ORD0001946,1,PROD00450,6,967.56,580.54,5224.82
LINE00005843,ORD0001946,2,PROD00433,5,798.01,0.0,3990.05
LINE00005844,ORD0001946,3,PROD00401,6,203.27,0.0,1219.62
LINE00005845,ORD0001947,1,PROD00423,6,508.95,0.0,3053.7
LINE00005846,ORD0001948,1,PROD00308,1,649.52,64.95,584.57
LINE00005847,ORD0001948,2,PROD00191,2,816.31,326.52,1306.1
LINE00005848,ORD0001949,1,PROD00045,2,1072.44,0.0,2144.88
LINE00005849,ORD0001949,2,PROD00373,3,1086.56,0.0,3259.68
LINE00005850,ORD0001949,3,PROD00261,1,422.91,0.0,422.91
LINE00005851,ORD0001949,4,PROD00083,1,970.82,0.0,970.82
LINE00005852,ORD0001950,1,PROD00280,4,91.16,18.23,346.41
LINE00005853,ORD0001950,2,PROD00480,1,206.63,41.33,165.3
LINE00005854,ORD0001950,3,PROD00068,5,709.31,0.0,3546.55
LINE00005855,ORD0001950,4,PROD00132,2,334.39,0.0,668.78
LINE00005856,ORD0001951,1,PROD00106,6,179.41,215.29,861.17
LINE00005857,ORD0001951,2,PROD00245,6,793.88,952.66,3810.62
LINE00005858,ORD0001952,1,PROD00091,5,136.21,34.05,647.0
LINE00005859,ORD0001952,2,PROD00244,1,875.93,0.0,875.93
LINE00005860,ORD0001952,3,PROD00174,4,438.88,87.78,1667.74
LINE00005861,ORD0001952,4,PROD00218,4,998.48,199.7,3794.22
LINE00005862,ORD0001953,1,PROD00210,1,828.42,0.0,828.42
LINE00005863,ORD0001953,2,PROD00348,2,1038.7,0.0,2077.4
LINE00005864,ORD0001954,1,PROD00465,1,344.15,0.0,344.15
LINE00005865,ORD0001954,2,PROD00063,1,455.82,0.0,455.82
LINE00005866,ORD0001955,1,PROD00200,1,1177.41,235.48,941.93
LINE00005867,ORD0001955,2,PROD00096,3,389.33,116.8,1051.19
LINE00005868,ORD0001955,3,PROD00131,1,34.65,3.46,31.19
LINE00005869,ORD0001956,1,PROD00130,6,156.88,0.0,941.28
LINE00005870,ORD0001957,1,PROD00158,1,453.51,45.35,408.16
LINE00005871,ORD0001957,2,PROD00002,4,402.48,80.5,1529.42
LINE00005872,ORD0001957,3,PROD00262,5,186.88,186.88,747.52
LINE00005873,ORD0001958,1,PROD00412,5,972.84,0.0,4864.2
LINE00005874,ORD0001958,2,PROD00386,2,752.13,0.0,1504.26
LINE00005875,ORD0001958,3,PROD00195,6,1008.51,1210.21,4840.85
LINE00005876,ORD0001958,4,PROD00306,4,530.15,0.0,2120.6
LINE00005877,ORD0001959,1,PROD00444,5,984.65,0.0,4923.25
LINE00005878,ORD0001959,2,PROD00355,3,1183.22,0.0,3549.66
LINE00005879,ORD0001959,3,PROD00099,1,598.02,0.0,598.02
LINE00005880,ORD0001959,4,PROD00438,6,383.57,230.14,2071.28
LINE00005881,ORD0001959,5,PROD00192,1,815.63,0.0,815.63
LINE00005882,ORD0001960,1,PROD00287,3,1195.61,0.0,3586.83
LINE00005883,ORD0001960,2,PROD00449,5,744.59,0.0,3722.95
LINE00005884,ORD0001960,3,PROD00007,5,569.67,0.0,2848.35
LINE00005885,ORD0001961,1,PROD00268,4,114.6,45.84,412.56
LINE00005886,ORD0001962,1,PROD00054,3,925.28,0.0,2775.84
LINE00005887,ORD0001963,1,PROD00063,1,794.39,39.72,754.67
LINE00005888,ORD0001963,2,PROD00328,1,710.35,142.07,568.28
LINE00005889,ORD0001964,1,PROD00363,4,829.29,0.0,3317.16
LINE00005890,ORD0001965,1,PROD00242,6,687.97,206.39,3921.43
LINE00005891,ORD0001965,2,PROD00305,3,1128.7,677.22,2708.88
LINE00005892,ORD0001966,1,PROD00146,4,615.94,0.0,2463.76
LINE00005893,ORD0001966,2,PROD00224,5,940.07,0.0,4700.35
LINE00005894,ORD0001966,3,PROD00357,2,867.54,0.0,1735.08
LINE00005895,ORD0001966,4,PROD00186,3,654.84,0.0,1964.52
LINE00005896,ORD0001967,1,PROD00175,3,693.56,208.07,1872.61
LINE00005897,ORD0001967,2,PROD00043,4,363.21,72.64,1380.2
LINE00005898,ORD0001967,3,PROD00172,4,533.8,0.0,2135.2
LINE00005899,ORD0001967,4,PROD00354,4,353.69,141.48,1273.28
LINE00005900,ORD0001968,1,PROD00366,3,286.65,0.0,859.95
LINE00005901,ORD0001968,2,PROD00198,3,936.21,280.86,2527.77
LINE00005902,ORD0001968,3,PROD00482,2,132.66,26.53,238.79
LINE00005903,ORD0001968,4,PROD00305,6,125.32,75.19,676.73
LINE00005904,ORD0001969,1,PROD00101,4,7.33,2.93,26.39
LINE00005905,ORD0001969,2,PROD00082,6,1168.76,1402.51,5610.05
LINE00005906,ORD0001969,3,PROD00027,4,246.63,0.0,986.52
LINE00005907,ORD0001969,4,PROD00010,5,183.91,0.0,919.55
LINE00005908,ORD0001969,5,PROD00011,3,617.33,0.0,1851.99
LINE00005909,ORD0001970,1,PROD00393,3,178.63,26.79,509.1
LINE00005910,ORD0001971,1,PROD00338,5,136.82,0.0,684.1
LINE00005911,ORD0001971,2,PROD00123,5,984.94,246.24,4678.46
LINE00005912,ORD0001972,1,PROD00405,6,752.23,0.0,4513.38
LINE00005913,ORD0001972,2,PROD00084,4,122.71,98.17,392.67
LINE00005914,ORD0001973,1,PROD00316,5,1138.55,569.27,5123.48
LINE00005915,ORD0001973,2,PROD00393,5,842.06,210.51,3999.79
LINE00005916,ORD0001973,3,PROD00315,4,1056.24,0.0,4224.96
LINE00005917,ORD0001974,1,PROD00292,2,128.26,12.83,243.69
LINE00005918,ORD0001975,1,PROD00484,2,1007.49,0.0,2014.98
LINE00005919,ORD0001975,2,PROD00190,5,930.07,465.04,4185.31
LINE00005920,ORD0001975,3,PROD00020,6,1038.76,0.0,6232.56
LINE00005921,ORD0001975,4,PROD00118,4,293.95,0.0,1175.8
LINE00005922,ORD0001976,1,PROD00282,5,29.4,29.4,117.6
LINE00005923,ORD0001977,1,PROD00142,6,540.35,0.0,3242.1
LINE00005924,ORD0001977,2,PROD00450,4,744.32,297.73,2679.55
LINE00005925,ORD0001977,3,PROD00174,6,525.25,157.58,2993.92
LINE00005926,ORD0001978,1,PROD00169,5,571.13,0.0,2855.65
LINE00005927,ORD0001978,2,PROD00474,6,833.09,0.0,4998.54
LINE00005928,ORD0001978,3,PROD00485,2,1067.93,0.0,2135.86
LINE00005929,ORD0001978,4,PROD00318,6,755.72,0.0,4534.32
LINE00005930,ORD0001978,5,PROD00244,6,1028.14,0.0,6168.84
LINE00005931,ORD0001979,1,PROD00018,6,971.35,0.0,5828.1
LINE00005932,ORD0001979,2,PROD00120,1,865.75,173.15,692.6
LINE00005933,ORD0001979,3,PROD00369,4,934.83,373.93,3365.39
LINE00005934,ORD0001979,4,PROD00222,5,67.37,33.69,303.16
LINE00005935,ORD0001980,1,PROD00386,2,379.6,151.84,607.36
LINE00005936,ORD0001980,2,PROD00017,2,1011.07,0.0,2022.14
LINE00005937,ORD0001980,3,PROD00212,1,649.62,32.48,617.14
LINE00005938,ORD0001981,1,PROD00138,6,99.56,59.74,537.62
LINE00005939,ORD0001981,2,PROD00040,6,1175.94,1411.13,5644.51
LINE00005940,ORD0001981,3,PROD00002,1,447.44,89.49,357.95
LINE00005941,ORD0001981,4,PROD00253,5,133.69,133.69,534.76
LINE00005942,ORD0001982,1,PROD00205,4,236.07,47.21,897.07
LINE00005943,ORD0001983,1,PROD00331,1,1167.25,58.36,1108.89
LINE00005944,ORD0001983,2,PROD00491,2,598.52,0.0,1197.04
LINE00005945,ORD0001984,1,PROD00298,4,1117.83,447.13,4024.19
LINE00005946,ORD0001984,2,PROD00007,4,567.34,0.0,2269.36
LINE00005947,ORD0001984,3,PROD00120,4,82.41,0.0,329.64
LINE00005948,ORD0001985,1,PROD00069,2,1073.61,0.0,2147.22
LINE00005949,ORD0001985,2,PROD00414,4,812.96,650.37,2601.47
LINE00005950,ORD0001985,3,PROD00228,3,402.37,241.42,965.69
LINE00005951,ORD0001985,4,PROD00456,3,1119.19,167.88,3189.69
LINE00005952,ORD0001985,5,PROD00084,6,619.11,0.0,3714.66
LINE00005953,ORD0001986,1,PROD00430,1,1044.81,52.24,992.57
LINE00005954,ORD0001987,1,PROD00025,6,383.25,0.0,2299.5
LINE00005955,ORD0001987,2,PROD00247,6,798.59,0.0,4791.54
LINE00005956,ORD0001987,3,PROD00454,6,337.39,404.87,1619.47
LINE00005957,ORD0001988,1,PROD00454,2,639.31,0.0,1278.62
LINE00005958,ORD0001988,2,PROD00244,6,542.01,0.0,3252.06
LINE00005959,ORD0001988,3,PROD00368,6,1085.31,651.19,5860.67
LINE00005960,ORD0001988,4,PROD00335,2,276.54,55.31,497.77
LINE00005961,ORD0001988,5,PROD00286,2,346.79,0.0,693.58
LINE00005962,ORD0001989,1,PROD00127,3,667.21,0.0,2001.63
LINE00005963,ORD0001989,2,PROD00007,6,184.72,110.83,997.49
LINE00005964,ORD0001989,3,PROD00019,1,893.96,0.0,893.96
LINE00005965,ORD0001990,1,PROD00353,2,586.71,0.0,1173.42
LINE00005966,ORD0001990,2,PROD00415,1,656.88,65.69,591.19
LINE00005967,ORD0001990,3,PROD00109,5,972.61,486.31,4376.74
LINE00005968,ORD0001990,4,PROD00176,5,823.85,823.85,3295.4
LINE00005969,ORD0001991,1,PROD00482,2,336.1,0.0,672.2
LINE00005970,ORD0001991,2,PROD00069,4,835.77,0.0,3343.08
LINE00005971,ORD0001991,3,PROD00389,5,345.37,0.0,1726.85
LINE00005972,ORD0001992,1,PROD00283,3,906.26,0.0,2718.78
LINE00005973,ORD0001992,2,PROD00129,5,559.38,0.0,2796.9
LINE00005974,ORD0001992,3,PROD00291,5,883.73,0.0,4418.65
LINE00005975,ORD0001992,4,PROD00334,2,974.27,194.85,1753.69
LINE00005976,ORD0001992,5,PROD00379,4,266.9,0.0,1067.6
LINE00005977,ORD0001993,1,PROD00027,3,126.73,0.0,380.19
LINE00005978,ORD0001993,2,PROD00097,5,500.09,0.0,2500.45
LINE00005979,ORD0001994,1,PROD00187,3,331.66,199.0,795.98
LINE00005980,ORD0001994,2,PROD00384,6,875.23,1050.28,4201.1
LINE00005981,ORD0001995,1,PROD00121,5,879.54,439.77,3957.93
LINE00005982,ORD0001995,2,PROD00229,2,1160.45,0.0,2320.9
LINE00005983,ORD0001996,1,PROD00118,4,249.35,199.48,797.92
LINE00005984,ORD0001996,2,PROD00168,3,895.73,0.0,2687.19
LINE00005985,ORD0001996,3,PROD00426,5,198.11,198.11,792.44
LINE00005986,ORD0001996,4,PROD00354,5,1121.25,560.62,5045.63
LINE00005987,ORD0001996,5,PROD00035,3,684.34,205.3,1847.72
LINE00005988,ORD0001997,1,PROD00484,-3,645.82,-0.0,-1937.46
LINE00005989,ORD0001997,2,PROD00176,5,404.47,0.0,2022.35
LINE00005990,ORD0001997,3,PROD00155,4,588.34,117.67,2235.69
LINE00005991,ORD0001998,1,PROD00020,2,557.81,0.0,1115.62
LINE00005992,ORD0001998,2,PROD00238,4,291.4,0.0,1165.6
LINE00005993,ORD0001999,1,PROD00031,3,966.67,145.0,2755.01
LINE00005994,ORD0002000,1,PROD00023,2,638.87,255.55,1022.19
LINE00005995,ORD0002000,2,PROD00460,3,1112.65,333.8,3004.15
LINE00005996,ORD0002000,3,PROD00318,5,134.96,0.0,674.8
LINE00005997,ORD0002001,1,PROD00110,6,327.78,98.33,1868.35
LINE00005998,ORD0002001,2,PROD00251,2,764.5,76.45,1452.55
LINE00005999,ORD0002001,3,PROD00262,5,688.87,0.0,3444.35
LINE00006000,ORD0002002,1,PROD00059,3,936.86,0.0,2810.58
LINE00006001,ORD0002003,1,PROD00221,1,243.06,12.15,230.91
LINE00006002,ORD0002003,2,PROD00056,1,1100.09,110.01,990.08
LINE00006003,ORD0002004,1,PROD00290,1,886.15,88.62,797.53
LINE00006004,ORD0002004,2,PROD00234,4,30.51,0.0,122.04
LINE00006005,ORD0002004,3,PROD00230,5,1074.66,1074.66,4298.64
LINE00006006,ORD0002004,4,PROD00027,2,124.13,24.83,223.43
LINE00006007,ORD0002004,5,PROD00036,6,212.09,254.51,1018.03
LINE00006008,ORD0002005,1,PROD00465,4,203.53,0.0,814.12
LINE00006009,ORD0002005,2,PROD00145,3,444.15,133.24,1199.21
LINE00006010,ORD0002006,1,PROD00066,5,16.06,0.0,80.3
LINE00006011,ORD0002007,1,PROD00260,1,144.67,28.93,115.74
LINE00006012,ORD0002007,2,PROD00467,5,514.75,514.75,2059.0
LINE00006013,ORD0002008,1,PROD00451,5,488.76,0.0,2443.8
LINE00006014,ORD0002009,1,PROD00041,1,740.82,0.0,740.82
LINE00006015,ORD0002009,2,PROD00254,6,905.58,0.0,5433.48
LINE00006016,ORD0002009,3,PROD00474,2,923.24,0.0,1846.48
LINE00006017,ORD0002009,4,PROD00260,4,671.13,536.9,2147.62
LINE00006018,ORD0002010,1,PROD00372,3,838.82,0.0,2516.46
LINE00006019,ORD0002010,2,PROD00339,4,682.03,272.81,2455.31
LINE00006020,ORD0002010,3,PROD00103,1,752.94,0.0,752.94
LINE00006021,ORD0002011,1,PROD00255,1,439.57,0.0,439.57
LINE00006022,ORD0002011,2,PROD00423,3,686.22,411.73,1646.93
LINE00006023,ORD0002011,3,PROD00034,2,54.71,10.94,98.48
LINE00006024,ORD0002012,1,PROD00462,4,871.56,348.62,3137.62
LINE00006025,ORD0002013,1,PROD00037,3,428.13,0.0,1284.39
LINE00006026,ORD0002013,2,PROD00430,2,709.77,0.0,1419.54
LINE00006027,ORD0002014,1,PROD00426,6,206.35,61.91,1176.19
LINE00006028,ORD0002014,2,PROD00433,3,1024.45,0.0,3073.35
LINE00006029,ORD0002014,3,PROD00193,2,879.9,175.98,1583.82
LINE00006030,ORD0002014,4,PROD00304,2,383.75,76.75,690.75
LINE00006031,ORD0002015,1,PROD00432,1,531.66,53.17,478.49
LINE00006032,ORD0002015,2,PROD00247,1,785.73,0.0,785.73
LINE00006033,ORD0002015,3,PROD00232,1,384.21,0.0,384.21
LINE00006034,ORD0002015,4,PROD00083,2,580.69,232.28,929.1
LINE00006035,ORD0002015,5,PROD00103,6,171.56,51.47,977.89
LINE00006036,ORD0002016,1,PROD00057,4,138.42,27.68,526.0
LINE00006037,ORD0002016,2,PROD00388,4,676.66,0.0,2706.64
LINE00006038,ORD0002016,3,PROD00270,5,1001.91,0.0,5009.55
LINE00006039,ORD0002016,4,PROD00049,1,944.84,94.48,850.36
LINE00006040,ORD0002016,5,PROD00153,1,934.94,0.0,934.94
LINE00006041,ORD0002017,1,PROD00482,1,229.65,11.48,218.17
LINE00006042,ORD0002017,2,PROD00160,6,644.55,0.0,3867.3
LINE00006043,ORD0002017,3,PROD00479,2,90.42,0.0,180.84
LINE00006044,ORD0002018,1,PROD00243,6,936.28,0.0,5617.68
LINE00006045,ORD0002018,2,PROD00159,5,951.65,0.0,4758.25
LINE00006046,ORD0002019,1,PROD00235,3,32.63,0.0,97.89
LINE00006047,ORD0002019,2,PROD00281,5,684.95,342.48,3082.27
LINE00006048,ORD0002019,3,PROD00088,3,268.6,0.0,805.8
LINE00006049,ORD0002020,1,PROD00044,4,854.47,341.79,3076.09
LINE00006050,ORD0002020,2,PROD00157,1,20.52,1.03,19.49
LINE00006051,ORD0002021,1,PROD00208,3,412.49,0.0,1237.47
LINE00006052,ORD0002021,2,PROD00005,3,917.16,0.0,2751.48
LINE00006053,ORD0002021,3,PROD00014,2,786.77,0.0,1573.54
LINE00006054,ORD0002021,4,PROD00405,4,647.11,129.42,2459.02
LINE00006055,ORD0002022,1,PROD00026,6,199.43,0.0,1196.58
LINE00006056,ORD0002022,2,PROD00329,3,167.44,0.0,502.32
LINE00006057,ORD0002022,3,PROD00239,3,195.87,0.0,587.61
LINE00006058,ORD0002023,1,PROD00257,3,192.04,0.0,576.12
LINE00006059,ORD0002024,1,PROD00207,1,1190.62,0.0,1190.62
LINE00006060,ORD0002024,2,PROD00011,4,169.68,0.0,678.72
LINE00006061,ORD0002024,3,PROD00370,5,740.39,0.0,3701.95
LINE00006062,ORD0002025,1,PROD00353,1,635.82,127.16,508.66
LINE00006063,ORD0002026,1,PROD00166,6,989.07,296.72,5637.7
LINE00006064,ORD0002026,2,PROD00116,2,82.55,16.51,148.59
LINE00006065,ORD0002026,3,PROD00142,2,462.9,0.0,925.8
LINE00006066,ORD0002026,4,PROD00051,6,453.13,0.0,2718.78
LINE00006067,ORD0002026,5,PROD00379,1,155.48,0.0,155.48
LINE00006068,ORD0002027,1,PROD00335,1,679.08,33.95,645.13
LINE00006069,ORD0002027,2,PROD00323,3,1102.56,0.0,3307.68
LINE00006070,ORD0002028,1,PROD00470,4,141.31,113.05,452.19
LINE00006071,ORD0002028,2,PROD00070,4,1068.34,213.67,4059.69
LINE00006072,ORD0002028,3,PROD00089,1,627.47,62.75,564.72
LINE00006073,ORD0002029,1,PROD00099,5,694.37,347.19,3124.66
LINE00006074,ORD0002029,2,PROD00292,3,669.79,0.0,2009.37
LINE00006075,ORD0002029,3,PROD00136,3,625.97,93.9,1784.01
LINE00006076,ORD0002029,4,PROD00005,2,485.5,97.1,873.9
LINE00006077,ORD0002030,1,PROD00239,4,425.88,0.0,1703.52
LINE00006078,ORD0002031,1,PROD00017,3,336.89,0.0,1010.67
LINE00006079,ORD0002031,2,PROD00453,2,775.35,77.54,1473.16
LINE00006080,ORD0002031,3,PROD00063,6,967.08,580.25,5222.23
LINE00006081,ORD0002031,4,PROD00220,3,551.97,82.8,1573.11
LINE00006082,ORD0002032,1,PROD00378,6,21.75,13.05,117.45
LINE00006083,ORD0002032,2,PROD00090,4,674.31,0.0,2697.24
LINE00006084,ORD0002032,3,PROD00011,1,27.6,2.76,24.84
LINE00006085,ORD0002033,1,PROD00305,6,1125.83,1351.0,5403.98
LINE00006086,ORD0002033,2,PROD00158,4,876.49,701.19,2804.77
LINE00006087,ORD0002033,3,PROD00171,4,490.07,196.03,1764.25
LINE00006088,ORD0002033,4,PROD00459,3,1049.53,0.0,3148.59
LINE00006089,ORD0002033,5,PROD00257,1,672.58,67.26,605.32
LINE00006090,ORD0002034,1,PROD00084,1,240.62,12.03,228.59
LINE00006091,ORD0002034,2,PROD00105,1,1100.54,110.05,990.49
LINE00006092,ORD0002034,3,PROD00285,1,371.92,0.0,371.92
LINE00006093,ORD0002035,1,PROD00068,5,785.64,392.82,3535.38
LINE00006094,ORD0002036,1,PROD00146,4,25.47,20.38,81.5
LINE00006095,ORD0002036,2,PROD00256,4,192.33,76.93,692.39
LINE00006096,ORD0002036,3,PROD00113,2,1023.42,0.0,2046.84
LINE00006097,ORD0002036,4,PROD00392,2,205.7,0.0,411.4
LINE00006098,ORD0002036,5,PROD00458,4,280.6,0.0,1122.4
LINE00006099,ORD0002037,1,PROD00216,5,1058.14,264.54,5026.16
LINE00006100,ORD0002037,2,PROD00066,5,175.44,0.0,877.2
LINE00006101,ORD0002038,1,PROD00243,5,119.12,0.0,595.6
LINE00006102,ORD0002038,2,PROD00088,3,1098.47,659.08,2636.33
LINE00006103,ORD0002039,1,PROD00414,5,430.78,0.0,2153.9
LINE00006104,ORD0002039,2,PROD00404,4,427.81,0.0,1711.24
LINE00006105,ORD0002039,3,PROD00224,5,278.82,0.0,1394.1
LINE00006106,ORD0002039,4,PROD00037,3,835.18,0.0,2505.54
LINE00006107,ORD0002039,5,PROD00460,2,951.89,0.0,1903.78
LINE00006108,ORD0002040,1,PROD00128,6,1005.35,0.0,6032.1
LINE00006109,ORD0002040,2,PROD00068,2,687.47,137.49,1237.45
LINE00006110,ORD0002040,3,PROD00458,6,927.55,0.0,5565.3
LINE00006111,ORD0002040,4,PROD00396,2,1123.29,0.0,2246.58
LINE00006112,ORD0002041,1,PROD00458,2,815.53,81.55,1549.51
LINE00006113,ORD0002041,2,PROD00080,6,14.85,0.0,89.1
LINE00006114,ORD0002042,1,PROD00312,5,604.32,302.16,2719.44
LINE00006115,ORD0002042,2,PROD00348,6,571.32,0.0,3427.92
LINE00006116,ORD0002043,1,PROD00030,6,885.96,0.0,5315.76
LINE00006117,ORD0002043,2,PROD00217,6,425.78,0.0,2554.68
LINE00006118,ORD0002044,1,PROD00148,1,906.93,90.69,816.24
LINE00006119,ORD0002045,1,PROD00390,1,972.35,48.62,923.73
LINE00006120,ORD0002046,1,PROD00352,6,831.09,249.33,4737.21
LINE00006121,ORD0002046,2,PROD00458,6,557.07,0.0,3342.42
LINE00006122,ORD0002046,3,PROD00099,2,294.46,29.45,559.47
LINE00006123,ORD0002046,4,PROD00106,6,769.62,230.89,4386.83
LINE00006124,ORD0002046,5,PROD00060,4,878.75,0.0,3515.0
LINE00006125,ORD0002047,1,PROD00242,5,404.88,404.88,1619.52
LINE00006126,ORD0002047,2,PROD00369,2,1030.79,206.16,1855.42
LINE00006127,ORD0002047,3,PROD00137,6,1129.53,1355.44,5421.74
LINE00006128,ORD0002047,4,PROD00309,6,836.75,251.03,4769.47
LINE00006129,ORD0002048,1,PROD00490,4,1159.23,0.0,4636.92
LINE00006130,ORD0002049,1,PROD00389,6,258.29,0.0,1549.74
LINE00006131,ORD0002049,2,PROD00453,6,644.55,386.73,3480.57
LINE00006132,ORD0002050,1,PROD00028,5,1187.23,593.62,5342.53
LINE00006133,ORD0002051,1,PROD00154,5,129.23,32.31,613.84
LINE00006134,ORD0002051,2,PROD00366,3,398.29,0.0,1194.87
LINE00006135,ORD0002051,3,PROD00102,4,927.65,742.12,2968.48
LINE00006136,ORD0002051,4,PROD00129,4,1033.05,0.0,4132.2
LINE00006137,ORD0002051,5,PROD00377,1,1100.63,0.0,1100.63
LINE00006138,ORD0002052,1,PROD00288,2,1016.16,0.0,2032.32
LINE00006139,ORD0002052,2,PROD00036,4,347.27,0.0,1389.08
LINE00006140,ORD0002053,1,PROD00334,5,155.45,38.86,738.39
LINE00006141,ORD0002053,2,PROD00305,1,296.54,29.65,266.89
LINE00006142,ORD0002053,3,PROD00344,2,815.0,0.0,1630.0
LINE00006143,ORD0002053,4,PROD00465,2,1141.59,456.64,1826.54
LINE00006144,ORD0002054,1,PROD00413,6,313.52,0.0,1881.12
LINE00006145,ORD0002054,2,PROD00231,2,521.03,0.0,1042.06
LINE00006146,ORD0002054,3,PROD00306,1,511.01,51.1,459.91
LINE00006147,ORD0002054,4,PROD00114,4,181.5,145.2,580.8
LINE00006148,ORD0002055,1,PROD00468,5,40.9,0.0,204.5
LINE00006149,ORD0002056,1,PROD00140,5,421.66,0.0,2108.3
LINE00006150,ORD0002057,1,PROD00147,3,910.42,0.0,2731.26
LINE00006151,ORD0002058,1,PROD00459,4,1045.25,0.0,4181.0
LINE00006152,ORD0002058,2,PROD00050,5,107.57,26.89,510.96
LINE00006153,ORD0002058,3,PROD00149,4,980.24,196.05,3724.91
LINE00006154,ORD0002058,4,PROD00408,5,1059.78,0.0,5298.9
LINE00006155,ORD0002058,5,PROD00073,4,736.93,0.0,2947.72
LINE00006156,ORD0002059,1,PROD00128,3,247.44,37.12,705.2
LINE00006157,ORD0002059,2,PROD00355,4,179.96,0.0,719.84
LINE00006158,ORD0002059,3,PROD00078,3,912.81,136.92,2601.51
LINE00006159,ORD0002059,4,PROD00086,6,64.95,19.49,370.21
LINE00006160,ORD0002059,5,PROD00125,4,1098.29,439.32,3953.84
LINE00006161,ORD0002060,1,PROD00397,5,861.73,430.87,3877.78
LINE00006162,ORD0002061,1,PROD00052,2,1141.65,456.66,1826.64
LINE00006163,ORD0002061,2,PROD00114,5,525.3,0.0,2626.5
LINE00006164,ORD0002061,3,PROD00110,5,432.95,108.24,2056.51
LINE00006165,ORD0002062,1,PROD00252,3,1130.23,339.07,3051.62
LINE00006166,ORD0002062,2,PROD00105,3,227.13,0.0,681.39
LINE00006167,ORD0002062,3,PROD00303,6,354.03,0.0,2124.18
LINE00006168,ORD0002062,4,PROD00198,2,959.43,0.0,1918.86
LINE00006169,ORD0002062,5,PROD00114,5,931.23,232.81,4423.34
LINE00006170,ORD0002063,1,PROD00004,3,362.92,0.0,1088.76
LINE00006171,ORD0002063,2,PROD00434,3,138.24,0.0,414.72
LINE00006172,ORD0002063,3,PROD00336,3,1195.51,0.0,3586.53
LINE00006173,ORD0002064,1,PROD00305,5,470.88,0.0,2354.4
LINE00006174,ORD0002064,2,PROD00402,2,766.1,76.61,1455.59
LINE00006175,ORD0002064,3,PROD00163,2,663.75,66.38,1261.12
LINE00006176,ORD0002064,4,PROD00379,6,907.46,272.24,5172.52
LINE00006177,ORD0002064,5,PROD00100,5,1199.79,299.95,5699.0
LINE00006178,ORD0002065,1,PROD00466,3,837.58,502.55,2010.19
LINE00006179,ORD0002065,2,PROD00238,4,999.2,0.0,3996.8
LINE00006180,ORD0002065,3,PROD00210,1,552.33,0.0,552.33
LINE00006181,ORD0002066,1,PROD00219,3,1016.52,0.0,3049.56
LINE00006182,ORD0002066,2,PROD00104,3,574.2,0.0,1722.6
LINE00006183,ORD0002066,3,PROD00349,1,317.42,15.87,301.55
LINE00006184,ORD0002067,1,PROD00469,2,60.12,0.0,120.24
LINE00006185,ORD0002067,2,PROD00294,4,476.47,95.29,1810.59
LINE00006186,ORD0002067,3,PROD00179,4,1149.31,229.86,4367.38
LINE00006187,ORD0002068,1,PROD00117,1,830.47,0.0,830.47
LINE00006188,ORD0002068,2,PROD00481,3,833.33,125.0,2374.99
LINE00006189,ORD0002068,3,PROD00383,4,1002.41,200.48,3809.16
LINE00006190,ORD0002068,4,PROD00358,2,282.11,112.84,451.38
LINE00006191,ORD0002068,5,PROD00127,5,464.83,464.83,1859.32
LINE00006192,ORD0002069,1,PROD00062,5,1082.17,270.54,5140.31
LINE00006193,ORD0002069,2,PROD00430,2,1157.64,0.0,2315.28
LINE00006194,ORD0002069,3,PROD00253,3,1150.73,345.22,3106.97
LINE00006195,ORD0002069,4,PROD00435,4,929.55,185.91,3532.29
LINE00006196,ORD0002070,1,PROD00469,1,306.81,0.0,306.81
LINE00006197,ORD0002070,2,PROD00307,1,478.09,95.62,382.47
LINE00006198,ORD0002070,3,PROD00384,2,422.0,0.0,844.0
LINE00006199,ORD0002071,1,PROD00178,6,1118.57,0.0,6711.42
LINE00006200,ORD0002071,2,PROD00497,6,450.85,0.0,2705.1
LINE00006201,ORD0002071,3,PROD00234,2,741.59,0.0,1483.18
LINE00006202,ORD0002071,4,PROD00098,6,668.39,802.07,3208.27
LINE00006203,ORD0002071,5,PROD00282,4,176.81,141.45,565.79
LINE00006204,ORD0002072,1,PROD00241,6,323.15,96.94,1841.96
LINE00006205,ORD0002073,1,PROD00122,2,1081.97,216.39,1947.55
LINE00006206,ORD0002073,2,PROD00028,5,410.9,410.9,1643.6
LINE00006207,ORD0002073,3,PROD00287,2,752.22,75.22,1429.22
LINE00006208,ORD0002073,4,PROD00346,4,1153.34,0.0,4613.36
LINE00006209,ORD0002073,5,PROD00445,4,246.09,196.87,787.49
LINE00006210,ORD0002074,1,PROD00163,3,1096.97,0.0,3290.91
LINE00006211,ORD0002075,1,PROD00231,2,828.64,165.73,1491.55
LINE00006212,ORD0002076,1,PROD00091,3,102.25,0.0,306.75
LINE00006213,ORD0002076,2,PROD00038,1,1011.9,0.0,1011.9
LINE00006214,ORD0002076,3,PROD00486,5,34.17,8.54,162.31
LINE00006215,ORD0002076,4,PROD00279,4,279.99,56.0,1063.96
LINE00006216,ORD0002076,5,PROD00233,3,214.01,0.0,642.03
LINE00006217,ORD0002077,1,PROD00172,4,501.7,0.0,2006.8
LINE00006218,ORD0002077,2,PROD00300,3,640.08,0.0,1920.24
LINE00006219,ORD0002077,3,PROD00260,6,914.4,0.0,5486.4
LINE00006220,ORD0002078,1,PROD00039,1,8.83,0.0,8.83
LINE00006221,ORD0002078,2,PROD00047,1,430.99,0.0,430.99
LINE00006222,ORD0002078,3,PROD00459,2,321.1,128.44,513.76
LINE00006223,ORD0002079,1,PROD00268,4,869.6,173.92,3304.48
LINE00006224,ORD0002079,2,PROD00315,4,843.27,0.0,3373.08
LINE00006225,ORD0002079,3,PROD00149,5,469.72,117.43,2231.17
LINE00006226,ORD0002079,4,PROD00103,3,245.94,73.78,664.04
LINE00006227,ORD0002080,1,PROD00413,2,248.86,0.0,497.72
LINE00006228,ORD0002080,2,PROD00225,4,988.15,0.0,3952.6
LINE00006229,ORD0002080,3,PROD00045,4,35.03,0.0,140.12
LINE00006230,ORD0002080,4,PROD00098,1,566.23,28.31,537.92
LINE00006231,ORD0002081,1,PROD00136,2,286.81,28.68,544.94
LINE00006232,ORD0002081,2,PROD00047,1,327.76,0.0,327.76
LINE00006233,ORD0002081,3,PROD00246,2,579.61,0.0,1159.22
LINE00006234,ORD0002082,1,PROD00235,5,664.91,0.0,3324.55
LINE00006235,ORD0002082,2,PROD00434,2,73.25,14.65,131.85
LINE00006236,ORD0002082,3,PROD00462,6,240.72,0.0,1444.32
LINE00006237,ORD0002082,4,PROD00489,3,90.85,0.0,272.55
LINE00006238,ORD0002082,5,PROD00175,5,638.96,0.0,3194.8
LINE00006239,ORD0002083,1,PROD00029,6,483.25,579.9,2319.6
LINE00006240,ORD0002083,2,PROD00350,1,347.01,0.0,347.01
LINE00006241,ORD0002083,3,PROD00068,5,554.18,0.0,2770.9
LINE00006242,ORD0002084,1,PROD00017,1,1181.21,59.06,1122.15
LINE00006243,ORD0002084,2,PROD00201,2,332.76,0.0,665.52
LINE00006244,ORD0002084,3,PROD00019,2,648.89,0.0,1297.78
LINE00006245,ORD0002084,4,PROD00028,1,15.62,0.0,15.62
LINE00006246,ORD0002084,5,PROD00386,1,448.92,0.0,448.92
LINE00006247,ORD0002085,1,PROD00024,4,1169.75,0.0,4679.0
LINE00006248,ORD0002085,2,PROD00261,6,395.56,0.0,2373.36
LINE00006249,ORD0002086,1,PROD00488,4,235.29,94.12,847.04
LINE00006250,ORD0002086,2,PROD00308,6,961.61,0.0,5769.66
LINE00006251,ORD0002086,3,PROD00160,4,172.64,69.06,621.5
LINE00006252,ORD0002086,4,PROD00135,1,972.94,0.0,972.94
LINE00006253,ORD0002086,5,PROD00015,4,341.49,136.6,1229.36
LINE00006254,ORD0002087,1,PROD00087,4,697.29,0.0,2789.16
LINE00006255,ORD0002087,2,PROD00102,6,879.5,527.7,4749.3
LINE00006256,ORD0002087,3,PROD00361,5,390.47,97.62,1854.73
LINE00006257,ORD0002088,1,PROD00119,3,239.7,71.91,647.19
LINE00006258,ORD0002088,2,PROD00359,2,396.02,0.0,792.04
LINE00006259,ORD0002088,3,PROD00043,3,139.5,0.0,418.5
LINE00006260,ORD0002088,4,PROD00206,4,1084.88,433.95,3905.57
LINE00006261,ORD0002088,5,PROD00299,2,123.51,49.4,197.62
LINE00006262,ORD0002089,1,PROD00393,4,624.41,249.76,2247.88
LINE00006263,ORD0002089,2,PROD00263,5,776.13,194.03,3686.62
LINE00006264,ORD0002090,1,PROD00454,6,1030.82,309.25,5875.67
LINE00006265,ORD0002090,2,PROD00239,6,547.9,0.0,3287.4
LINE00006266,ORD0002090,3,PROD00186,6,717.9,430.74,3876.66
LINE00006267,ORD0002090,4,PROD00375,4,643.66,0.0,2574.64
LINE00006268,ORD0002091,1,PROD00338,3,888.01,266.4,2397.63
LINE00006269,ORD0002091,2,PROD00061,4,526.58,0.0,2106.32
LINE00006270,ORD0002091,3,PROD00353,4,1025.76,0.0,4103.04
LINE00006271,ORD0002091,4,PROD00244,6,758.62,455.17,4096.55
LINE00006272,ORD0002091,5,PROD00384,5,1188.7,297.18,5646.32
LINE00006273,ORD0002092,1,PROD00169,5,33.45,0.0,167.25
LINE00006274,ORD0002092,2,PROD00146,1,781.54,78.15,703.39
LINE00006275,ORD0002092,3,PROD00473,2,795.42,79.54,1511.3
LINE00006276,ORD0002093,1,PROD00075,1,890.43,0.0,890.43
LINE00006277,ORD0002093,2,PROD00165,1,442.03,0.0,442.03
LINE00006278,ORD0002093,3,PROD00326,5,1007.17,0.0,5035.85
LINE00006279,ORD0002094,1,PROD00273,5,630.26,630.26,2521.04
LINE00006280,ORD0002094,2,PROD00439,2,418.97,41.9,796.04
LINE00006281,ORD0002094,3,PROD00126,2,872.95,87.3,1658.6
LINE00006282,ORD0002094,4,PROD00227,6,1097.89,0.0,6587.34
LINE00006283,ORD0002095,1,PROD00234,1,526.4,105.28,421.12
LINE00006284,ORD0002095,2,PROD00003,1,480.55,0.0,480.55
LINE00006285,ORD0002095,3,PROD00242,5,101.22,101.22,404.88
LINE00006286,ORD0002095,4,PROD00447,6,786.42,0.0,4718.52
LINE00006287,ORD0002096,1,PROD00276,1,117.52,23.5,94.02
LINE00006288,ORD0002096,2,PROD00408,6,1134.93,680.96,6128.62
LINE00006289,ORD0002096,3,PROD00031,3,1094.29,656.57,2626.3
LINE00006290,ORD0002096,4,PROD00122,4,779.42,311.77,2805.91
LINE00006291,ORD0002097,1,PROD00221,2,170.49,0.0,340.98
LINE00006292,ORD0002097,2,PROD00205,4,833.36,0.0,3333.44
LINE00006293,ORD0002098,1,PROD00042,6,310.42,0.0,1862.52
LINE00006294,ORD0002098,2,PROD00110,5,1189.65,297.41,5650.84
LINE00006295,ORD0002098,3,PROD00012,1,88.33,0.0,88.33
LINE00006296,ORD0002099,1,PROD00202,4,207.13,0.0,828.52
LINE00006297,ORD0002099,2,PROD00152,2,1145.64,114.56,2176.72
LINE00006298,ORD0002100,1,PROD00281,5,714.99,0.0,3574.95
LINE00006299,ORD0002101,1,PROD00115,2,793.96,0.0,1587.92
LINE00006300,ORD0002101,2,PROD00311,3,1089.05,0.0,3267.15
LINE00006301,ORD0002101,3,PROD00126,6,405.91,121.77,2313.69
LINE00006302,ORD0002101,4,PROD00095,3,352.31,105.69,951.24
LINE00006303,ORD0002101,5,PROD00400,2,939.55,93.95,1785.15
LINE00006304,ORD0002102,1,PROD00373,2,313.04,62.61,563.47
LINE00006305,ORD0002102,2,PROD00218,5,1188.48,1188.48,4753.92
LINE00006306,ORD0002102,3,PROD00009,4,984.27,393.71,3543.37
LINE00006307,ORD0002102,4,PROD00198,4,336.28,269.02,1076.1
LINE00006308,ORD0002103,1,PROD00320,2,256.98,102.79,411.17
LINE00006309,ORD0002103,2,PROD00450,1,213.4,21.34,192.06
LINE00006310,ORD0002103,3,PROD00329,1,16.11,0.0,16.11
LINE00006311,ORD0002103,4,PROD00374,4,70.88,56.7,226.82
LINE00006312,ORD0002104,1,PROD00101,1,750.84,150.17,600.67
LINE00006313,ORD0002104,2,PROD00343,1,346.56,17.33,329.23
LINE00006314,ORD0002104,3,PROD00200,2,829.99,0.0,1659.98
LINE00006315,ORD0002104,4,PROD00112,1,196.23,19.62,176.61
LINE00006316,ORD0002105,1,PROD00132,5,113.67,56.84,511.51
LINE00006317,ORD0002105,2,PROD00342,3,1197.09,0.0,3591.27
LINE00006318,ORD0002106,1,PROD00353,4,424.77,0.0,1699.08
LINE00006319,ORD0002106,2,PROD00124,6,1054.96,0.0,6329.76
LINE00006320,ORD0002106,3,PROD00295,5,819.05,409.53,3685.72
LINE00006321,ORD0002106,4,PROD00493,4,185.41,0.0,741.64
LINE00006322,ORD0002106,5,PROD00116,4,551.13,0.0,2204.52
LINE00006323,ORD0002107,1,PROD00231,2,1041.12,0.0,2082.24
LINE00006324,ORD0002107,2,PROD00297,6,892.88,0.0,5357.28
LINE00006325,ORD0002108,1,PROD00476,2,130.0,0.0,260.0
LINE00006326,ORD0002109,1,PROD00310,3,353.46,0.0,1060.38
LINE00006327,ORD0002109,2,PROD00347,1,844.49,0.0,844.49
LINE00006328,ORD0002109,3,PROD00287,2,269.77,0.0,539.54
LINE00006329,ORD0002109,4,PROD00355,2,1008.0,0.0,2016.0
LINE00006330,ORD0002110,1,PROD00422,6,511.19,0.0,3067.14
LINE00006331,ORD0002110,2,PROD00271,5,20.6,0.0,103.0
LINE00006332,ORD0002111,1,PROD00314,5,373.46,186.73,1680.57
LINE00006333,ORD0002112,1,PROD00308,6,468.06,0.0,2808.36
LINE00006334,ORD0002112,2,PROD00027,1,300.01,60.0,240.01
LINE00006335,ORD0002113,1,PROD00304,4,561.57,224.63,2021.65
LINE00006336,ORD0002114,1,PROD00146,6,1053.01,0.0,6318.06
LINE00006337,ORD0002115,1,PROD00322,5,886.22,221.56,4209.54
LINE00006338,ORD0002115,2,PROD00034,1,463.8,23.19,440.61
LINE00006339,ORD0002115,3,PROD00431,2,139.09,13.91,264.27
LINE00006340,ORD0002115,4,PROD00249,3,568.97,85.35,1621.56
LINE00006341,ORD0002116,1,PROD00223,2,368.0,0.0,736.0
LINE00006342,ORD0002116,2,PROD00226,5,658.03,658.03,2632.12
LINE00006343,ORD0002117,1,PROD00472,2,580.28,0.0,1160.56
LINE00006344,ORD0002117,2,PROD00200,6,242.15,72.65,1380.25
LINE00006345,ORD0002117,3,PROD00363,5,716.26,179.07,3402.23
LINE00006346,ORD0002117,4,PROD00423,1,1183.86,0.0,1183.86
LINE00006347,ORD0002118,1,PROD00276,6,1196.07,0.0,7176.42
LINE00006348,ORD0002118,2,PROD00315,1,874.09,87.41,786.68
LINE00006349,ORD0002118,3,PROD00204,6,1059.95,0.0,6359.7
LINE00006350,ORD0002119,1,PROD00369,5,166.07,0.0,830.35
LINE00006351,ORD0002119,2,PROD00381,4,693.89,277.56,2498.0
LINE00006352,ORD0002119,3,PROD00155,3,297.05,178.23,712.92
LINE00006353,ORD0002119,4,PROD00169,2,817.45,0.0,1634.9
LINE00006354,ORD0002119,5,PROD00493,4,490.38,0.0,1961.52
LINE00006355,ORD0002120,1,PROD00203,2,1095.62,0.0,2191.24
LINE00006356,ORD0002120,2,PROD00181,4,384.03,76.81,1459.31
LINE00006357,ORD0002120,3,PROD00361,2,747.43,298.97,1195.89
LINE00006358,ORD0002120,4,PROD00125,5,1117.92,0.0,5589.6
LINE00006359,ORD0002121,1,PROD00417,2,479.72,0.0,959.44
LINE00006360,ORD0002122,1,PROD00478,3,754.16,452.5,1809.98
LINE00006361,ORD0002123,1,PROD00482,6,402.09,0.0,2412.54
LINE00006362,ORD0002124,1,PROD00319,1,1079.12,215.82,863.3
LINE00006363,ORD0002125,1,PROD00382,1,60.54,6.05,54.49
LINE00006364,ORD0002125,2,PROD00447,4,207.67,0.0,830.68
LINE00006365,ORD0002125,3,PROD00214,4,176.34,0.0,705.36
LINE00006366,ORD0002126,1,PROD00185,3,961.4,0.0,2884.2
LINE00006367,ORD0002126,2,PROD00430,5,297.33,297.33,1189.32
LINE00006368,ORD0002126,3,PROD00190,3,1004.36,0.0,3013.08
LINE00006369,ORD0002126,4,PROD00297,4,878.73,0.0,3514.92
LINE00006370,ORD0002127,1,PROD00145,3,226.15,33.92,644.53
LINE00006371,ORD0002127,2,PROD00302,2,781.83,156.37,1407.29
LINE00006372,ORD0002127,3,PROD00363,1,751.03,75.1,675.93
LINE00006373,ORD0002127,4,PROD00387,3,739.38,110.91,2107.23
LINE00006374,ORD0002128,1,PROD00295,4,1189.9,0.0,4759.6
LINE00006375,ORD0002128,2,PROD00422,5,359.25,359.25,1437.0
LINE00006376,ORD0002128,3,PROD00057,3,457.5,274.5,1098.0
LINE00006377,ORD0002129,1,PROD00330,1,953.07,0.0,953.07
LINE00006378,ORD0002129,2,PROD00302,5,795.66,397.83,3580.47
LINE00006379,ORD0002129,3,PROD00248,3,806.87,242.06,2178.55
LINE00006380,ORD0002129,4,PROD00156,5,994.7,497.35,4476.15
LINE00006381,ORD0002130,1,PROD00065,6,1048.45,314.54,5976.16
LINE00006382,ORD0002131,1,PROD00069,2,831.64,0.0,1663.28
LINE00006383,ORD0002131,2,PROD00006,5,663.2,331.6,2984.4
LINE00006384,ORD0002131,3,PROD00441,6,824.22,0.0,4945.32
LINE00006385,ORD0002131,4,PROD00340,2,121.4,0.0,242.8
LINE00006386,ORD0002132,1,PROD00077,6,1158.9,0.0,6953.4
LINE00006387,ORD0002133,1,PROD00387,1,785.57,78.56,707.01
LINE00006388,ORD0002134,1,PROD00344,5,41.22,0.0,206.1
LINE00006389,ORD0002134,2,PROD00024,4,690.81,276.32,2486.92
LINE00006390,ORD0002134,3,PROD00454,5,576.61,0.0,2883.05
LINE00006391,ORD0002134,4,PROD00254,3,287.61,43.14,819.69
LINE00006392,ORD0002134,5,PROD00489,6,5.57,3.34,30.08
LINE00006393,ORD0002135,1,PROD00333,6,607.69,0.0,3646.14
LINE00006394,ORD0002135,2,PROD00197,1,906.43,0.0,906.43
LINE00006395,ORD0002135,3,PROD00078,1,302.81,60.56,242.25
LINE00006396,ORD0002135,4,PROD00274,1,553.9,55.39,498.51
LINE00006397,ORD0002136,1,PROD00321,6,626.76,752.11,3008.45
LINE00006398,ORD0002136,2,PROD00201,1,524.28,0.0,524.28
LINE00006399,ORD0002136,3,PROD00261,4,1124.97,449.99,4049.89
LINE00006400,ORD0002136,4,PROD00083,4,325.9,0.0,1303.6
LINE00006401,ORD0002136,5,PROD00472,2,1053.16,0.0,2106.32
LINE00006402,ORD0002137,1,PROD00205,3,368.91,0.0,1106.73
LINE00006403,ORD0002137,2,PROD00374,1,113.94,11.39,102.55
LINE00006404,ORD0002137,3,PROD00189,3,365.76,219.46,877.82
LINE00006405,ORD0002137,4,PROD00349,6,552.73,0.0,3316.38
LINE00006406,ORD0002137,5,PROD00151,1,532.1,0.0,532.1
LINE00006407,ORD0002138,1,PROD00333,3,774.14,0.0,2322.42
LINE00006408,ORD0002138,2,PROD00198,6,89.97,0.0,539.82
LINE00006409,ORD0002138,3,PROD00352,1,312.92,0.0,312.92
LINE00006410,ORD0002138,4,PROD00452,6,771.79,463.07,4167.67
LINE00006411,ORD0002138,5,PROD00078,2,93.54,0.0,187.08
LINE00006412,ORD0002139,1,PROD00194,6,634.36,761.23,3044.93
LINE00006413,ORD0002140,1,PROD00054,1,365.56,36.56,329.0
LINE00006414,ORD0002140,2,PROD00006,3,474.84,0.0,1424.52
LINE00006415,ORD0002140,3,PROD00222,1,1109.59,0.0,1109.59
LINE00006416,ORD0002140,4,PROD00263,1,562.29,28.11,534.18
LINE00006417,ORD0002141,1,PROD00381,1,508.01,0.0,508.01
LINE00006418,ORD0002141,2,PROD00148,1,770.76,38.54,732.22
LINE00006419,ORD0002141,3,PROD00173,1,1197.62,0.0,1197.62
LINE00006420,ORD0002142,1,PROD00490,6,1165.14,0.0,6990.84
LINE00006421,ORD0002142,2,PROD00411,3,419.73,251.84,1007.35
LINE00006422,ORD0002142,3,PROD00247,2,605.64,0.0,1211.28
LINE00006423,ORD0002142,4,PROD00458,2,748.37,0.0,1496.74
LINE00006424,ORD0002142,5,PROD00057,5,747.17,0.0,3735.85
LINE00006425,ORD0002143,1,PROD00416,4,970.0,0.0,3880.0
LINE00006426,ORD0002143,2,PROD00139,5,573.46,573.46,2293.84
LINE00006427,ORD0002143,3,PROD00162,5,897.74,0.0,4488.7
LINE00006428,ORD0002143,4,PROD00358,5,389.37,0.0,1946.85
LINE00006429,ORD0002144,1,PROD00106,3,748.1,0.0,2244.3
LINE00006430,ORD0002144,2,PROD00396,4,425.27,170.11,1530.97
LINE00006431,ORD0002144,3,PROD00404,2,272.19,0.0,544.38
LINE00006432,ORD0002144,4,PROD00281,5,228.5,0.0,1142.5
LINE00006433,ORD0002144,5,PROD00058,5,110.64,27.66,525.54
LINE00006434,ORD0002145,1,PROD00225,5,307.07,307.07,1228.28
LINE00006435,ORD0002145,2,PROD00342,3,521.69,156.51,1408.56
LINE00006436,ORD0002145,3,PROD00419,2,901.71,360.68,1442.74
LINE00006437,ORD0002145,4,PROD00209,2,375.38,37.54,713.22
LINE00006438,ORD0002146,1,PROD00241,1,569.54,0.0,569.54
LINE00006439,ORD0002146,2,PROD00432,6,686.81,0.0,4120.86
LINE00006440,ORD0002146,3,PROD00166,6,91.98,0.0,551.88
LINE00006441,ORD0002146,4,PROD00217,6,337.88,0.0,2027.28
LINE00006442,ORD0002146,5,PROD00054,4,788.15,0.0,3152.6
LINE00006443,ORD0002147,1,PROD00222,6,523.46,0.0,3140.76
LINE00006444,ORD0002147,2,PROD00303,2,741.16,296.46,1185.86
LINE00006445,ORD0002148,1,PROD00404,3,560.79,0.0,1682.37
LINE00006446,ORD0002148,2,PROD00166,4,166.52,0.0,666.08
LINE00006447,ORD0002148,3,PROD00301,6,586.25,351.75,3165.75
LINE00006448,ORD0002149,1,PROD00161,5,926.94,231.74,4402.96
LINE00006449,ORD0002149,2,PROD00271,1,130.1,0.0,130.1
LINE00006450,ORD0002149,3,PROD00104,5,1031.69,1031.69,4126.76
LINE00006451,ORD0002149,4,PROD00316,6,270.9,0.0,1625.4
LINE00006452,ORD0002149,5,PROD00016,5,980.91,245.23,4659.32
LINE00006453,ORD0002150,1,PROD00059,3,1130.42,169.56,3221.7
LINE00006454,ORD0002151,1,PROD00352,6,889.47,533.68,4803.14
LINE00006455,ORD0002151,2,PROD00295,4,597.38,0.0,2389.52
LINE00006456,ORD0002151,3,PROD00169,3,1112.81,0.0,3338.43
LINE00006457,ORD0002152,1,PROD00202,3,1195.96,358.79,3229.09
LINE00006458,ORD0002152,2,PROD00458,1,319.79,31.98,287.81
LINE00006459,ORD0002152,3,PROD00044,4,547.17,0.0,2188.68
LINE00006460,ORD0002152,4,PROD00471,5,341.39,0.0,1706.95
LINE00006461,ORD0002152,5,PROD00167,4,306.19,0.0,1224.76
LINE00006462,ORD0002153,1,PROD00114,3,166.59,49.98,449.79
LINE00006463,ORD0002153,2,PROD00208,2,166.19,16.62,315.76
LINE00006464,ORD0002154,1,PROD00337,6,585.41,702.49,2809.97
LINE00006465,ORD0002154,2,PROD00093,1,394.06,19.7,374.36
LINE00006466,ORD0002154,3,PROD00173,1,614.56,0.0,614.56
LINE00006467,ORD0002154,4,PROD00223,6,269.32,323.18,1292.74
LINE00006468,ORD0002154,5,PROD00040,1,993.19,99.32,893.87
LINE00006469,ORD0002155,1,PROD00328,3,689.4,0.0,2068.2
LINE00006470,ORD0002155,2,PROD00330,6,733.84,0.0,4403.04
LINE00006471,ORD0002155,3,PROD00487,2,203.5,81.4,325.6
LINE00006472,ORD0002155,4,PROD00411,5,955.28,477.64,4298.76
LINE00006473,ORD0002156,1,PROD00440,3,380.31,0.0,1140.93
LINE00006474,ORD0002157,1,PROD00475,1,71.48,3.57,67.91
LINE00006475,ORD0002157,2,PROD00411,5,637.4,0.0,3187.0
LINE00006476,ORD0002157,3,PROD00416,6,10.41,0.0,62.46
LINE00006477,ORD0002157,4,PROD00013,5,503.74,0.0,2518.7
LINE00006478,ORD0002158,1,PROD00120,6,493.15,0.0,2958.9
LINE00006479,ORD0002158,2,PROD00396,4,1029.22,0.0,4116.88
LINE00006480,ORD0002158,3,PROD00386,5,545.69,0.0,2728.45
LINE00006481,ORD0002159,1,PROD00082,2,534.73,213.89,855.57
LINE00006482,ORD0002159,2,PROD00091,6,952.73,571.64,5144.74
LINE00006483,ORD0002159,3,PROD00375,4,297.44,0.0,1189.76
LINE00006484,ORD0002159,4,PROD00234,5,490.09,245.04,2205.41
LINE00006485,ORD0002159,5,PROD00024,2,451.75,0.0,903.5
LINE00006486,ORD0002160,1,PROD00276,4,925.02,0.0,3700.08
LINE00006487,ORD0002160,2,PROD00493,-3,868.5,-0.0,-2605.5
LINE00006488,ORD0002160,3,PROD00477,4,1037.43,0.0,4149.72
LINE00006489,ORD0002160,4,PROD00430,1,338.27,0.0,338.27
LINE00006490,ORD0002161,1,PROD00249,1,166.33,8.32,158.01
LINE00006491,ORD0002161,2,PROD00387,2,140.17,14.02,266.32
LINE00006492,ORD0002161,3,PROD00348,4,358.76,0.0,1435.04
LINE00006493,ORD0002161,4,PROD00393,4,645.61,516.49,2065.95
LINE00006494,ORD0002161,5,PROD00349,3,231.24,69.37,624.35
LINE00006495,ORD0002162,1,PROD00237,4,196.25,0.0,785.0
LINE00006496,ORD0002162,2,PROD00140,3,603.85,0.0,1811.55
LINE00006497,ORD0002162,3,PROD00427,1,833.82,0.0,833.82
LINE00006498,ORD0002162,4,PROD00005,1,870.29,87.03,783.26
LINE00006499,ORD0002162,5,PROD00190,6,1115.67,1338.8,5355.22
LINE00006500,ORD0002163,1,PROD00226,1,516.01,0.0,516.01
LINE00006501,ORD0002163,2,PROD00135,1,451.7,90.34,361.36
LINE00006502,ORD0002164,1,PROD00174,5,1034.36,258.59,4913.21
LINE00006503,ORD0002164,2,PROD00248,2,843.6,0.0,1687.2
LINE00006504,ORD0002164,3,PROD00093,6,759.91,0.0,4559.46
LINE00006505,ORD0002164,4,PROD00193,5,764.65,0.0,3823.25
LINE00006506,ORD0002164,5,PROD00121,5,616.27,308.13,2773.22
LINE00006507,ORD0002165,1,PROD00034,2,1011.87,202.37,1821.37
LINE00006508,ORD0002165,2,PROD00429,6,1090.9,0.0,6545.4
LINE00006509,ORD0002166,1,PROD00062,5,228.21,114.11,1026.94
LINE00006510,ORD0002167,1,PROD00132,3,72.06,0.0,216.18
LINE00006511,ORD0002167,2,PROD00184,5,839.45,209.86,3987.39
LINE00006512,ORD0002167,3,PROD00109,6,760.23,0.0,4561.38
LINE00006513,ORD0002167,4,PROD00119,4,534.04,213.62,1922.54
LINE00006514,ORD0002167,5,PROD00175,3,619.38,0.0,1858.14
LINE00006515,ORD0002168,1,PROD00210,5,43.64,21.82,196.38
LINE00006516,ORD0002168,2,PROD00049,4,762.11,304.84,2743.6
LINE00006517,ORD0002168,3,PROD00385,2,606.66,0.0,1213.32
LINE00006518,ORD0002169,1,PROD00373,6,829.74,995.69,3982.75
LINE00006519,ORD0002169,2,PROD00256,1,736.47,147.29,589.18
LINE00006520,ORD0002170,1,PROD00342,6,340.97,0.0,2045.82
LINE00006521,ORD0002170,2,PROD00455,5,890.18,0.0,4450.9
LINE00006522,ORD0002170,3,PROD00127,2,430.55,43.06,818.04
LINE00006523,ORD0002170,4,PROD00464,5,621.22,0.0,3106.1
LINE00006524,ORD0002171,1,PROD00205,2,221.25,0.0,442.5
LINE00006525,ORD0002171,2,PROD00464,6,1062.01,637.21,5734.85
LINE00006526,ORD0002171,3,PROD00121,4,601.47,120.29,2285.59
LINE00006527,ORD0002171,4,PROD00093,1,641.32,0.0,641.32
LINE00006528,ORD0002171,5,PROD00465,5,943.36,0.0,4716.8
LINE00006529,ORD0002172,1,PROD00326,4,997.78,0.0,3991.12
LINE00006530,ORD0002173,1,PROD00345,2,521.79,0.0,1043.58
LINE00006531,ORD0002173,2,PROD00446,1,865.55,0.0,865.55
LINE00006532,ORD0002174,1,PROD00073,2,467.71,0.0,935.42
LINE00006533,ORD0002174,2,PROD00417,6,27.8,0.0,166.8
LINE00006534,ORD0002174,3,PROD00038,3,453.88,0.0,1361.64
LINE00006535,ORD0002174,4,PROD00376,3,878.93,0.0,2636.79
LINE00006536,ORD0002175,1,PROD00326,6,222.41,266.89,1067.57
LINE00006537,ORD0002175,2,PROD00054,4,813.74,0.0,3254.96
LINE00006538,ORD0002176,1,PROD00336,3,877.04,526.22,2104.9
LINE00006539,ORD0002176,2,PROD00491,5,1048.31,524.15,4717.4
LINE00006540,ORD0002176,3,PROD00345,2,775.26,310.1,1240.42
LINE00006541,ORD0002176,4,PROD00273,3,816.69,0.0,2450.07
LINE00006542,ORD0002176,5,PROD00029,3,840.92,252.28,2270.48
LINE00006543,ORD0002177,1,PROD00048,1,221.46,0.0,221.46
LINE00006544,ORD0002177,2,PROD00086,3,758.88,455.33,1821.31
LINE00006545,ORD0002178,1,PROD00280,6,843.82,1012.58,4050.34
LINE00006546,ORD0002179,1,PROD00080,5,1123.68,0.0,5618.4
LINE00006547,ORD0002180,1,PROD00282,5,189.45,0.0,947.25
LINE00006548,ORD0002180,2,PROD00381,6,976.21,0.0,5857.26
LINE00006549,ORD0002180,3,PROD00305,2,392.83,157.13,628.53
LINE00006550,ORD0002181,1,PROD00267,2,19.36,3.87,34.85
LINE00006551,ORD0002181,2,PROD00075,1,494.75,24.74,470.01
LINE00006552,ORD0002181,3,PROD00025,4,1057.94,423.18,3808.58
LINE00006553,ORD0002181,4,PROD00283,1,502.38,0.0,502.38
LINE00006554,ORD0002182,1,PROD00350,3,505.09,0.0,1515.27
LINE00006555,ORD0002182,2,PROD00381,3,1001.52,0.0,3004.56
LINE00006556,ORD0002182,3,PROD00222,1,886.76,0.0,886.76
LINE00006557,ORD0002183,1,PROD00052,4,396.0,158.4,1425.6
LINE00006558,ORD0002184,1,PROD00267,3,752.8,225.84,2032.56
LINE00006559,ORD0002184,2,PROD00231,3,822.73,0.0,2468.19
LINE00006560,ORD0002184,3,PROD00434,6,569.58,683.5,2733.98
LINE00006561,ORD0002185,1,PROD00297,4,160.49,0.0,641.96
LINE00006562,ORD0002185,2,PROD00145,2,276.07,110.43,441.71
LINE00006563,ORD0002185,3,PROD00055,6,947.15,284.14,5398.76
LINE00006564,ORD0002185,4,PROD00039,5,364.51,91.13,1731.42
LINE00006565,ORD0002185,5,PROD00232,6,530.94,0.0,3185.64
LINE00006566,ORD0002186,1,PROD00202,2,35.27,3.53,67.01
LINE00006567,ORD0002186,2,PROD00361,6,806.74,968.09,3872.35
LINE00006568,ORD0002186,3,PROD00130,4,538.12,430.5,1721.98
LINE00006569,ORD0002187,1,PROD00369,1,123.94,12.39,111.55
LINE00006570,ORD0002188,1,PROD00219,4,960.1,768.08,3072.32
LINE00006571,ORD0002188,2,PROD00188,4,705.07,564.06,2256.22
LINE00006572,ORD0002188,3,PROD00013,2,416.56,41.66,791.46
LINE00006573,ORD0002189,1,PROD00282,1,179.18,0.0,179.18
LINE00006574,ORD0002189,2,PROD00184,3,806.97,121.05,2299.86
LINE00006575,ORD0002189,3,PROD00393,6,189.69,0.0,1138.14
LINE00006576,ORD0002189,4,PROD00095,6,419.78,0.0,2518.68
LINE00006577,ORD0002190,1,PROD00097,4,154.36,0.0,617.44
LINE00006578,ORD0002190,2,PROD00271,6,1186.08,711.65,6404.83
LINE00006579,ORD0002190,3,PROD00324,1,968.3,0.0,968.3
LINE00006580,ORD0002191,1,PROD00368,4,128.38,0.0,513.52
LINE00006581,ORD0002191,2,PROD00195,3,773.19,0.0,2319.57
LINE00006582,ORD0002192,1,PROD00449,5,485.51,0.0,2427.55
LINE00006583,ORD0002193,1,PROD00236,6,548.54,0.0,3291.24
LINE00006584,ORD0002194,1,PROD00083,4,406.63,0.0,1626.52
LINE00006585,ORD0002194,2,PROD00212,1,549.56,0.0,549.56
LINE00006586,ORD0002194,3,PROD00436,4,595.12,0.0,2380.48
LINE00006587,ORD0002194,4,PROD00103,5,88.95,44.48,400.27
LINE00006588,ORD0002194,5,PROD00205,1,849.8,0.0,849.8
LINE00006589,ORD0002195,1,PROD00258,6,804.41,241.32,4585.14
LINE00006590,ORD0002195,2,PROD00451,3,154.86,23.23,441.35
LINE00006591,ORD0002196,1,PROD00439,2,527.28,105.46,949.1
LINE00006592,ORD0002196,2,PROD00163,5,118.12,0.0,590.6
LINE00006593,ORD0002197,1,PROD00223,5,1073.49,1073.49,4293.96
LINE00006594,ORD0002197,2,PROD00075,3,551.45,82.72,1571.63
LINE00006595,ORD0002197,3,PROD00058,5,593.47,296.74,2670.61
LINE00006596,ORD0002198,1,PROD00156,3,810.52,486.31,1945.25
LINE00006597,ORD0002198,2,PROD00122,4,459.15,367.32,1469.28
LINE00006598,ORD0002198,3,PROD00417,5,49.03,12.26,232.89
LINE00006599,ORD0002198,4,PROD00149,4,74.25,29.7,267.3
LINE00006600,ORD0002198,5,PROD00237,4,88.27,17.65,335.43
LINE00006601,ORD0002199,1,PROD00452,1,1055.02,52.75,1002.27
LINE00006602,ORD0002199,2,PROD00135,3,91.81,0.0,275.43
LINE00006603,ORD0002199,3,PROD00345,4,67.08,53.66,214.66
LINE00006604,ORD0002199,4,PROD00301,5,696.46,0.0,3482.3
LINE00006605,ORD0002200,1,PROD00076,4,1074.87,0.0,4299.48
LINE00006606,ORD0002200,2,PROD00339,5,40.28,40.28,161.12
LINE00006607,ORD0002201,1,PROD00003,5,540.27,270.13,2431.22
LINE00006608,ORD0002201,2,PROD00249,1,258.92,0.0,258.92
LINE00006609,ORD0002202,1,PROD00223,6,993.03,595.82,5362.36
LINE00006610,ORD0002202,2,PROD00372,4,1090.38,436.15,3925.37
LINE00006611,ORD0002203,1,PROD00320,4,581.96,0.0,2327.84
LINE00006612,ORD0002203,2,PROD00419,4,452.38,90.48,1719.04
LINE00006613,ORD0002203,3,PROD00125,4,1188.48,0.0,4753.92
LINE00006614,ORD0002203,4,PROD00247,5,1041.31,0.0,5206.55
LINE00006615,ORD0002204,1,PROD00153,5,1146.54,0.0,5732.7
LINE00006616,ORD0002204,2,PROD00316,2,1127.4,0.0,2254.8
LINE00006617,ORD0002204,3,PROD00176,4,810.56,0.0,3242.24
LINE00006618,ORD0002205,1,PROD00099,1,662.76,132.55,530.21
LINE00006619,ORD0002205,2,PROD00464,2,992.02,0.0,1984.04
LINE00006620,ORD0002206,1,PROD00471,3,518.16,77.72,1476.76
LINE00006621,ORD0002207,1,PROD00277,3,95.51,57.31,229.22
LINE00006622,ORD0002208,1,PROD00095,5,669.93,669.93,2679.72
LINE00006623,ORD0002208,2,PROD00380,4,67.67,0.0,270.68
LINE00006624,ORD0002208,3,PROD00314,2,359.51,71.9,647.12
LINE00006625,ORD0002208,4,PROD00157,1,287.82,0.0,287.82
LINE00006626,ORD0002208,5,PROD00190,2,541.73,0.0,1083.46
LINE00006627,ORD0002209,1,PROD00127,6,477.11,572.53,2290.13
LINE00006628,ORD0002209,2,PROD00275,5,1032.11,0.0,5160.55
LINE00006629,ORD0002209,3,PROD00255,1,687.39,0.0,687.39
LINE00006630,ORD0002209,4,PROD00363,3,1185.02,0.0,3555.06
LINE00006631,ORD0002210,1,PROD00304,2,589.01,0.0,1178.02
LINE00006632,ORD0002210,2,PROD00310,3,1084.98,162.75,3092.19
LINE00006633,ORD0002210,3,PROD00344,2,1020.25,102.03,1938.47
LINE00006634,ORD0002210,4,PROD00078,1,104.29,10.43,93.86
LINE00006635,ORD0002210,5,PROD00182,3,785.43,117.81,2238.48
LINE00006636,ORD0002211,1,PROD00323,3,583.5,175.05,1575.45
LINE00006637,ORD0002211,2,PROD00062,4,250.63,50.13,952.39
LINE00006638,ORD0002211,3,PROD00164,6,90.3,0.0,541.8
LINE00006639,ORD0002211,4,PROD00283,1,1041.39,0.0,1041.39
LINE00006640,ORD0002211,5,PROD00161,4,1091.82,218.36,4148.92
LINE00006641,ORD0002212,1,PROD00240,5,968.63,0.0,4843.15
LINE00006642,ORD0002213,1,PROD00203,2,963.7,96.37,1831.03
LINE00006643,ORD0002214,1,PROD00079,2,395.94,0.0,791.88
LINE00006644,ORD0002215,1,PROD00169,1,516.47,0.0,516.47
LINE00006645,ORD0002215,2,PROD00279,2,964.61,385.84,1543.38
LINE00006646,ORD0002215,3,PROD00084,3,381.01,0.0,1143.03
LINE00006647,ORD0002215,4,PROD00238,6,761.47,913.76,3655.06
LINE00006648,ORD0002215,5,PROD00444,2,337.6,135.04,540.16
LINE00006649,ORD0002216,1,PROD00429,3,912.88,273.86,2464.78
LINE00006650,ORD0002216,2,PROD00332,6,667.79,801.35,3205.39
LINE00006651,ORD0002216,3,PROD00339,5,827.76,0.0,4138.8
LINE00006652,ORD0002216,4,PROD00076,1,112.33,11.23,101.1
LINE00006653,ORD0002217,1,PROD00313,2,242.65,24.27,461.03
LINE00006654,ORD0002217,2,PROD00375,2,443.76,88.75,798.77
LINE00006655,ORD0002217,3,PROD00211,6,722.61,433.57,3902.09
LINE00006656,ORD0002217,4,PROD00214,6,389.43,116.83,2219.75
LINE00006657,ORD0002217,5,PROD00206,1,149.21,0.0,149.21
LINE00006658,ORD0002218,1,PROD00182,3,633.68,95.05,1805.99
LINE00006659,ORD0002218,2,PROD00122,1,102.47,0.0,102.47
LINE00006660,ORD0002218,3,PROD00053,3,440.21,132.06,1188.57
LINE00006661,ORD0002219,1,PROD00345,6,71.76,86.11,344.45
LINE00006662,ORD0002219,2,PROD00016,1,502.12,100.42,401.7
LINE00006663,ORD0002219,3,PROD00390,3,510.96,306.58,1226.3
LINE00006664,ORD0002219,4,PROD00328,4,578.66,0.0,2314.64
LINE00006665,ORD0002219,5,PROD00010,1,229.42,11.47,217.95
LINE00006666,ORD0002220,1,PROD00369,5,954.57,954.57,3818.28
LINE00006667,ORD0002221,1,PROD00464,5,46.12,0.0,230.6
LINE00006668,ORD0002221,2,PROD00369,6,512.94,0.0,3077.64
LINE00006669,ORD0002222,1,PROD00272,5,1075.0,268.75,5106.25
LINE00006670,ORD0002222,2,PROD00217,2,935.35,0.0,1870.7
LINE00006671,ORD0002222,3,PROD00007,5,843.69,0.0,4218.45
LINE00006672,ORD0002222,4,PROD00457,5,816.74,816.74,3266.96
LINE00006673,ORD0002222,5,PROD00087,4,796.7,159.34,3027.46
LINE00006674,ORD0002223,1,PROD00102,5,123.95,30.99,588.76
LINE00006675,ORD0002224,1,PROD00454,6,793.96,476.38,4287.38
LINE00006676,ORD0002225,1,PROD00279,4,399.91,79.98,1519.66
LINE00006677,ORD0002226,1,PROD00095,1,327.41,16.37,311.04
LINE00006678,ORD0002227,1,PROD00456,3,242.91,36.44,692.29
LINE00006679,ORD0002228,1,PROD00261,1,737.35,0.0,737.35
LINE00006680,ORD0002229,1,PROD00461,1,584.35,0.0,584.35
LINE00006681,ORD0002229,2,PROD00373,2,16.82,6.73,26.91
LINE00006682,ORD0002229,3,PROD00187,3,1126.59,675.95,2703.82
LINE00006683,ORD0002229,4,PROD00384,1,784.91,0.0,784.91
LINE00006684,ORD0002230,1,PROD00007,4,1131.54,452.62,4073.54
LINE00006685,ORD0002230,2,PROD00302,1,784.69,0.0,784.69
LINE00006686,ORD0002230,3,PROD00116,5,920.3,0.0,4601.5
LINE00006687,ORD0002230,4,PROD00136,2,429.56,171.82,687.3
LINE00006688,ORD0002230,5,PROD00312,2,777.28,0.0,1554.56
LINE00006689,ORD0002231,1,PROD00331,6,929.75,0.0,5578.5
LINE00006690,ORD0002231,2,PROD00155,1,1107.56,221.51,886.05
LINE00006691,ORD0002232,1,PROD00337,1,173.56,17.36,156.2
LINE00006692,ORD0002232,2,PROD00355,6,1096.36,0.0,6578.16
LINE00006693,ORD0002233,1,PROD00123,2,482.88,0.0,965.76
LINE00006694,ORD0002234,1,PROD00376,2,1178.44,117.84,2239.04
LINE00006695,ORD0002234,2,PROD00421,5,22.53,0.0,112.65
LINE00006696,ORD0002235,1,PROD00461,6,320.06,96.02,1824.34
LINE00006697,ORD0002235,2,PROD00310,6,1043.1,0.0,6258.6
LINE00006698,ORD0002235,3,PROD00062,6,866.57,0.0,5199.42
LINE00006699,ORD0002235,4,PROD00466,1,1008.48,50.42,958.06
LINE00006700,ORD0002236,1,PROD00250,1,969.63,96.96,872.67
LINE00006701,ORD0002236,2,PROD00271,4,990.78,198.16,3764.96
LINE00006702,ORD0002236,3,PROD00149,3,410.75,0.0,1232.25
LINE00006703,ORD0002236,4,PROD00125,6,782.51,939.01,3756.05
LINE00006704,ORD0002236,5,PROD00263,3,815.43,122.31,2323.98
LINE00006705,ORD0002237,1,PROD00348,2,549.42,0.0,1098.84
LINE00006706,ORD0002237,2,PROD00024,1,611.4,122.28,489.12
LINE00006707,ORD0002237,3,PROD00445,2,241.36,24.14,458.58
LINE00006708,ORD0002238,1,PROD00362,2,473.08,47.31,898.85
LINE00006709,ORD0002239,1,PROD00031,1,508.79,0.0,508.79
LINE00006710,ORD0002239,2,PROD00476,2,295.78,118.31,473.25
LINE00006711,ORD0002239,3,PROD00203,3,121.53,0.0,364.59
LINE00006712,ORD0002240,1,PROD00285,6,794.03,238.21,4525.97
LINE00006713,ORD0002240,2,PROD00349,3,1176.66,0.0,3529.98
LINE00006714,ORD0002241,1,PROD00416,6,1146.22,343.87,6533.45
LINE00006715,ORD0002241,2,PROD00007,2,424.67,0.0,849.34
LINE00006716,ORD0002241,3,PROD00065,2,324.53,129.81,519.25
LINE00006717,ORD0002241,4,PROD00087,4,942.33,0.0,3769.32
LINE00006718,ORD0002242,1,PROD00206,2,227.93,0.0,455.86
LINE00006719,ORD0002242,2,PROD00070,5,732.59,183.15,3479.8
LINE00006720,ORD0002242,3,PROD00067,6,623.49,0.0,3740.94
LINE00006721,ORD0002242,4,PROD00008,2,727.08,290.83,1163.33
LINE00006722,ORD0002243,1,PROD00042,5,860.47,0.0,4302.35
LINE00006723,ORD0002244,1,PROD00122,1,935.82,93.58,842.24
LINE00006724,ORD0002245,1,PROD00006,6,1018.99,0.0,6113.94
LINE00006725,ORD0002245,2,PROD00212,5,935.1,467.55,4207.95
LINE00006726,ORD0002245,3,PROD00291,3,504.5,151.35,1362.15
LINE00006727,ORD0002245,4,PROD00460,3,759.81,0.0,2279.43
LINE00006728,ORD0002245,5,PROD00484,6,429.17,515.0,2060.02
LINE00006729,ORD0002246,1,PROD00033,6,114.27,34.28,651.34
LINE00006730,ORD0002246,2,PROD00114,2,1052.17,0.0,2104.34
LINE00006731,ORD0002246,3,PROD00402,2,1071.78,0.0,2143.56
LINE00006732,ORD0002246,4,PROD00369,5,353.73,0.0,1768.65
LINE00006733,ORD0002246,5,PROD00150,2,133.26,26.65,239.87
LINE00006734,ORD0002247,1,PROD00450,2,157.71,0.0,315.42
LINE00006735,ORD0002247,2,PROD00332,2,919.39,0.0,1838.78
LINE00006736,ORD0002248,1,PROD00319,3,879.73,0.0,2639.19
LINE00006737,ORD0002249,1,PROD00386,4,6.75,0.0,27.0
LINE00006738,ORD0002249,2,PROD00001,2,717.5,287.0,1148.0
LINE00006739,ORD0002249,3,PROD00252,5,409.08,204.54,1840.86
LINE00006740,ORD0002250,1,PROD00183,1,207.91,10.4,197.51
LINE00006741,ORD0002250,2,PROD00089,2,65.01,26.0,104.02
LINE00006742,ORD0002251,1,PROD00043,3,474.44,0.0,1423.32
LINE00006743,ORD0002251,2,PROD00223,5,1185.08,0.0,5925.4
LINE00006744,ORD0002251,3,PROD00404,6,198.72,238.46,953.86
LINE00006745,ORD0002252,1,PROD00145,3,293.94,44.09,837.73
LINE00006746,ORD0002253,1,PROD00004,2,594.67,0.0,1189.34
LINE00006747,ORD0002253,2,PROD00316,3,277.43,0.0,832.29
LINE00006748,ORD0002253,3,PROD00212,4,162.85,32.57,618.83
LINE00006749,ORD0002254,1,PROD00492,1,46.8,4.68,42.12
LINE00006750,ORD0002254,2,PROD00477,4,461.43,0.0,1845.72
LINE00006751,ORD0002255,1,PROD00126,3,168.92,101.35,405.41
LINE00006752,ORD0002255,2,PROD00249,5,530.68,132.67,2520.73
LINE00006753,ORD0002256,1,PROD00486,5,660.25,0.0,3301.25
LINE00006754,ORD0002256,2,PROD00447,5,118.06,0.0,590.3
LINE00006755,ORD0002256,3,PROD00186,1,281.04,14.05,266.99
LINE00006756,ORD0002257,1,PROD00408,5,1134.78,0.0,5673.9
LINE00006757,ORD0002257,2,PROD00015,3,301.61,0.0,904.83
LINE00006758,ORD0002257,3,PROD00288,1,285.34,28.53,256.81
LINE00006759,ORD0002257,4,PROD00083,4,840.15,0.0,3360.6
LINE00006760,ORD0002258,1,PROD00369,3,292.95,0.0,878.85
LINE00006761,ORD0002258,2,PROD00131,4,128.45,51.38,462.42
LINE00006762,ORD0002258,3,PROD00007,2,645.15,0.0,1290.3
LINE00006763,ORD0002258,4,PROD00391,5,839.08,419.54,3775.86
LINE00006764,ORD0002258,5,PROD00114,5,443.35,443.35,1773.4
LINE00006765,ORD0002259,1,PROD00399,1,223.75,22.38,201.37
LINE00006766,ORD0002259,2,PROD00389,3,182.55,0.0,547.65
LINE00006767,ORD0002259,3,PROD00329,1,63.38,0.0,63.38
LINE00006768,ORD0002259,4,PROD00456,1,487.94,48.79,439.15
LINE00006769,ORD0002259,5,PROD00441,6,434.79,0.0,2608.74
LINE00006770,ORD0002260,1,PROD00134,3,683.08,102.46,1946.78
LINE00006771,ORD0002260,2,PROD00097,5,1102.19,0.0,5510.95
LINE00006772,ORD0002260,3,PROD00238,2,1117.94,223.59,2012.29
LINE00006773,ORD0002261,1,PROD00021,2,738.2,295.28,1181.12
LINE00006774,ORD0002262,1,PROD00085,5,659.28,0.0,3296.4
LINE00006775,ORD0002262,2,PROD00317,2,802.63,0.0,1605.26
LINE00006776,ORD0002262,3,PROD00410,3,15.49,9.29,37.18
LINE00006777,ORD0002262,4,PROD00356,1,497.13,49.71,447.42
LINE00006778,ORD0002262,5,PROD00036,1,1086.95,108.7,978.25
LINE00006779,ORD0002263,1,PROD00351,3,755.25,0.0,2265.75
LINE00006780,ORD0002263,2,PROD00074,6,1165.53,0.0,6993.18
LINE00006781,ORD0002264,1,PROD00490,6,348.14,0.0,2088.84
LINE00006782,ORD0002264,2,PROD00063,4,403.6,80.72,1533.68
LINE00006783,ORD0002264,3,PROD00231,3,800.29,480.17,1920.7
LINE00006784,ORD0002265,1,PROD00436,2,408.92,0.0,817.84
LINE00006785,ORD0002265,2,PROD00237,1,1171.23,0.0,1171.23
LINE00006786,ORD0002266,1,PROD00476,6,661.61,198.48,3771.18
LINE00006787,ORD0002266,2,PROD00022,5,820.14,205.03,3895.67
LINE00006788,ORD0002266,3,PROD00474,3,696.98,0.0,2090.94
LINE00006789,ORD0002267,1,PROD00162,4,122.86,0.0,491.44
LINE00006790,ORD0002267,2,PROD00362,2,484.73,48.47,920.99
LINE00006791,ORD0002267,3,PROD00256,5,347.92,0.0,1739.6
LINE00006792,ORD0002268,1,PROD00158,4,869.52,173.9,3304.18
LINE00006793,ORD0002269,1,PROD00081,5,889.79,889.79,3559.16
LINE00006794,ORD0002270,1,PROD00234,1,188.42,18.84,169.58
LINE00006795,ORD0002270,2,PROD00500,6,70.25,84.3,337.2
LINE00006796,ORD0002270,3,PROD00014,4,909.4,0.0,3637.6
LINE00006797,ORD0002270,4,PROD00028,4,1131.29,452.52,4072.64
LINE00006798,ORD0002271,1,PROD00345,2,178.2,0.0,356.4
LINE00006799,ORD0002271,2,PROD00413,5,479.3,239.65,2156.85
LINE00006800,ORD0002272,1,PROD00275,1,79.04,7.9,71.14
LINE00006801,ORD0002272,2,PROD00278,1,345.14,0.0,345.14
LINE00006802,ORD0002272,3,PROD00352,6,726.89,218.07,4143.27
LINE00006803,ORD0002272,4,PROD00035,3,318.26,190.96,763.82
LINE00006804,ORD0002272,5,PROD00090,2,336.38,134.55,538.21
LINE00006805,ORD0002273,1,PROD00218,5,496.35,0.0,2481.75
LINE00006806,ORD0002273,2,PROD00093,5,103.4,51.7,465.3
LINE00006807,ORD0002274,1,PROD00396,4,855.73,684.58,2738.34
LINE00006808,ORD0002275,1,PROD00040,3,988.71,593.23,2372.9
LINE00006809,ORD0002275,2,PROD00265,5,497.16,124.29,2361.51
LINE00006810,ORD0002275,3,PROD00298,2,258.2,103.28,413.12
LINE00006811,ORD0002275,4,PROD00369,4,582.18,116.44,2212.28
LINE00006812,ORD0002275,5,PROD00300,4,497.27,0.0,1989.08
LINE00006813,ORD0002276,1,PROD00115,6,1067.51,320.25,6084.81
LINE00006814,ORD0002276,2,PROD00339,4,670.64,536.51,2146.05
LINE00006815,ORD0002276,3,PROD00371,5,422.78,211.39,1902.51
LINE00006816,ORD0002277,1,PROD00395,1,1071.41,0.0,1071.41
LINE00006817,ORD0002277,2,PROD00356,5,746.36,186.59,3545.21
LINE00006818,ORD0002277,3,PROD00460,2,342.28,68.46,616.1
LINE00006819,ORD0002277,4,PROD00010,1,638.54,31.93,606.61
LINE00006820,ORD0002278,1,PROD00276,2,265.1,106.04,424.16
LINE00006821,ORD0002278,2,PROD00079,4,317.75,63.55,1207.45
LINE00006822,ORD0002278,3,PROD00370,6,497.06,149.12,2833.24
LINE00006823,ORD0002278,4,PROD00383,2,201.09,20.11,382.07
LINE00006824,ORD0002279,1,PROD00173,1,285.04,0.0,285.04
LINE00006825,ORD0002279,2,PROD00205,6,879.78,0.0,5278.68
LINE00006826,ORD0002279,3,PROD00201,3,61.63,36.98,147.91
LINE00006827,ORD0002279,4,PROD00423,2,59.89,23.96,95.82
LINE00006828,ORD0002279,5,PROD00080,2,1137.24,227.45,2047.03
LINE00006829,ORD0002280,1,PROD00455,4,372.41,148.96,1340.68
LINE00006830,ORD0002281,1,PROD00380,6,742.51,0.0,4455.06
LINE00006831,ORD0002281,2,PROD00472,3,111.48,0.0,334.44
LINE00006832,ORD0002281,3,PROD00472,2,339.24,67.85,610.63
LINE00006833,ORD0002282,1,PROD00420,6,159.15,190.98,763.92
LINE00006834,ORD0002283,1,PROD00139,3,794.13,0.0,2382.39
LINE00006835,ORD0002284,1,PROD00076,1,974.83,97.48,877.35
LINE00006836,ORD0002284,2,PROD00491,3,1020.93,0.0,3062.79
LINE00006837,ORD0002285,1,PROD00129,6,935.75,0.0,5614.5
LINE00006838,ORD0002285,2,PROD00478,2,370.61,74.12,667.1
LINE00006839,ORD0002285,3,PROD00270,2,417.65,0.0,835.3
LINE00006840,ORD0002286,1,PROD00065,6,726.96,436.18,3925.58
LINE00006841,ORD0002286,2,PROD00099,1,421.63,0.0,421.63
LINE00006842,ORD0002286,3,PROD00185,3,833.38,0.0,2500.14
LINE00006843,ORD0002286,4,PROD00400,5,367.56,183.78,1654.02
LINE00006844,ORD0002287,1,PROD00145,6,1188.45,0.0,7130.7
LINE00006845,ORD0002287,2,PROD00127,5,343.63,171.82,1546.33
LINE00006846,ORD0002288,1,PROD00006,2,533.81,53.38,1014.24
LINE00006847,ORD0002288,2,PROD00333,4,581.45,465.16,1860.64
LINE00006848,ORD0002288,3,PROD00203,1,333.67,16.68,316.99
LINE00006849,ORD0002289,1,PROD00055,2,281.85,56.37,507.33
LINE00006850,ORD0002289,2,PROD00024,4,1061.4,849.12,3396.48
LINE00006851,ORD0002289,3,PROD00160,2,938.07,0.0,1876.14
LINE00006852,ORD0002290,1,PROD00236,2,275.9,0.0,551.8
LINE00006853,ORD0002290,2,PROD00395,6,551.23,661.48,2645.9
LINE00006854,ORD0002291,1,PROD00054,6,898.26,1077.91,4311.65
LINE00006855,ORD0002291,2,PROD00084,4,75.96,0.0,303.84
LINE00006856,ORD0002292,1,PROD00007,3,1032.37,154.86,2942.25
LINE00006857,ORD0002292,2,PROD00386,5,33.72,0.0,168.6
LINE00006858,ORD0002292,3,PROD00088,4,1021.07,204.21,3880.07
LINE00006859,ORD0002293,1,PROD00465,5,808.28,0.0,4041.4
LINE00006860,ORD0002294,1,PROD00330,2,536.52,0.0,1073.04
LINE00006861,ORD0002295,1,PROD00180,3,239.57,0.0,718.71
LINE00006862,ORD0002295,2,PROD00418,2,144.97,28.99,260.95
LINE00006863,ORD0002295,3,PROD00242,5,995.21,0.0,4976.05
LINE00006864,ORD0002295,4,PROD00094,5,978.44,978.44,3913.76
LINE00006865,ORD0002295,5,PROD00356,3,1072.93,160.94,3057.85
LINE00006866,ORD0002296,1,PROD00285,3,492.03,73.8,1402.29
LINE00006867,ORD0002297,1,PROD00198,4,330.85,264.68,1058.72
LINE00006868,ORD0002297,2,PROD00010,6,799.03,958.84,3835.34
LINE00006869,ORD0002297,3,PROD00295,3,912.45,136.87,2600.48
LINE00006870,ORD0002297,4,PROD00213,4,11.29,9.03,36.13
LINE00006871,ORD0002297,5,PROD00198,2,623.79,0.0,1247.58
LINE00006872,ORD0002298,1,PROD00323,3,727.64,218.29,1964.63
LINE00006873,ORD0002298,2,PROD00494,1,636.67,31.83,604.84
LINE00006874,ORD0002298,3,PROD00418,1,973.43,0.0,973.43
LINE00006875,ORD0002298,4,PROD00211,6,246.01,295.21,1180.85
LINE00006876,ORD0002299,1,PROD00498,3,925.47,0.0,2776.41
LINE00006877,ORD0002299,2,PROD00048,1,282.76,0.0,282.76
LINE00006878,ORD0002300,1,PROD00027,6,1117.95,1341.54,5366.16
LINE00006879,ORD0002300,2,PROD00164,4,866.27,0.0,3465.08
LINE00006880,ORD0002301,1,PROD00405,4,1061.12,424.45,3820.03
LINE00006881,ORD0002301,2,PROD00382,2,1076.94,215.39,1938.49
LINE00006882,ORD0002301,3,PROD00143,6,682.28,0.0,4093.68
LINE00006883,ORD0002302,1,PROD00010,4,730.46,0.0,2921.84
LINE00006884,ORD0002302,2,PROD00116,2,52.75,0.0,105.5
LINE00006885,ORD0002302,3,PROD00208,4,707.52,0.0,2830.08
LINE00006886,ORD0002302,4,PROD00367,1,1167.49,0.0,1167.49
LINE00006887,ORD0002302,5,PROD00205,1,197.19,9.86,187.33
LINE00006888,ORD0002303,1,PROD00145,1,937.63,0.0,937.63
LINE00006889,ORD0002303,2,PROD00360,1,719.04,0.0,719.04
LINE00006890,ORD0002303,3,PROD00432,3,580.02,87.0,1653.06
LINE00006891,ORD0002303,4,PROD00493,6,780.08,0.0,4680.48
LINE00006892,ORD0002304,1,PROD00201,4,705.12,0.0,2820.48
LINE00006893,ORD0002305,1,PROD00286,1,416.36,0.0,416.36
LINE00006894,ORD0002306,1,PROD00144,2,420.44,42.04,798.84
LINE00006895,ORD0002306,2,PROD00441,1,981.03,98.1,882.93
LINE00006896,ORD0002306,3,PROD00158,6,408.09,122.43,2326.11
LINE00006897,ORD0002306,4,PROD00125,3,359.8,0.0,1079.4
LINE00006898,ORD0002307,1,PROD00277,5,1007.4,0.0,5037.0
LINE00006899,ORD0002307,2,PROD00398,6,221.29,0.0,1327.74
LINE00006900,ORD0002307,3,PROD00201,6,424.93,0.0,2549.58
LINE00006901,ORD0002307,4,PROD00275,2,554.49,0.0,1108.98
LINE00006902,ORD0002307,5,PROD00392,1,1188.49,59.42,1129.07
LINE00006903,ORD0002308,1,PROD00263,4,577.13,230.85,2077.67
LINE00006904,ORD0002309,1,PROD00274,1,342.51,0.0,342.51
LINE00006905,ORD0002309,2,PROD00006,6,108.3,0.0,649.8
LINE00006906,ORD0002309,3,PROD00162,4,262.79,0.0,1051.16
LINE00006907,ORD0002309,4,PROD00015,5,760.62,0.0,3803.1
LINE00006908,ORD0002309,5,PROD00131,4,939.61,0.0,3758.44
LINE00006909,ORD0002310,1,PROD00260,6,319.1,95.73,1818.87
LINE00006910,ORD0002311,1,PROD00306,1,1034.7,51.74,982.96
LINE00006911,ORD0002311,2,PROD00439,1,580.05,0.0,580.05
LINE00006912,ORD0002311,3,PROD00030,2,669.86,0.0,1339.72
LINE00006913,ORD0002311,4,PROD00319,5,222.17,0.0,1110.85
LINE00006914,ORD0002312,1,PROD00270,1,338.22,67.64,270.58
LINE00006915,ORD0002313,1,PROD00285,2,144.82,14.48,275.16
LINE00006916,ORD0002313,2,PROD00496,3,1057.03,317.11,2853.98
LINE00006917,ORD0002313,3,PROD00237,5,1008.83,0.0,5044.15
LINE00006918,ORD0002313,4,PROD00429,5,235.55,117.78,1059.97
LINE00006919,ORD0002313,5,PROD00470,6,267.61,80.28,1525.38
LINE00006920,ORD0002314,1,PROD00216,4,724.36,579.49,2317.95
LINE00006921,ORD0002314,2,PROD00219,6,140.01,84.01,756.05
LINE00006922,ORD0002314,3,PROD00267,1,269.0,0.0,269.0
LINE00006923,ORD0002315,1,PROD00283,2,821.75,0.0,1643.5
LINE00006924,ORD0002315,2,PROD00123,6,850.05,0.0,5100.3
LINE00006925,ORD0002316,1,PROD00348,2,552.71,0.0,1105.42
LINE00006926,ORD0002316,2,PROD00355,4,1178.1,235.62,4476.78
LINE00006927,ORD0002316,3,PROD00387,1,403.17,0.0,403.17
LINE00006928,ORD0002317,1,PROD00437,1,782.57,78.26,704.31
LINE00006929,ORD0002317,2,PROD00078,6,1006.77,302.03,5738.59
LINE00006930,ORD0002317,3,PROD00185,1,493.99,24.7,469.29
LINE00006931,ORD0002318,1,PROD00395,4,490.37,392.3,1569.18
LINE00006932,ORD0002318,2,PROD00242,4,658.39,263.36,2370.2
LINE00006933,ORD0002318,3,PROD00263,1,231.69,0.0,231.69
LINE00006934,ORD0002318,4,PROD00108,6,308.73,185.24,1667.14
LINE00006935,ORD0002319,1,PROD00201,4,161.63,0.0,646.52
LINE00006936,ORD0002319,2,PROD00317,6,513.06,0.0,3078.36
LINE00006937,ORD0002319,3,PROD00277,3,515.67,154.7,1392.31
LINE00006938,ORD0002319,4,PROD00257,4,427.77,0.0,1711.08
LINE00006939,ORD0002319,5,PROD00206,5,915.09,0.0,4575.45
LINE00006940,ORD0002320,1,PROD00034,6,26.84,32.21,128.83
LINE00006941,ORD0002320,2,PROD00254,5,842.65,842.65,3370.6
LINE00006942,ORD0002320,3,PROD00269,3,14.82,0.0,44.46
LINE00006943,ORD0002320,4,PROD00332,1,975.12,0.0,975.12
LINE00006944,ORD0002321,1,PROD00277,3,249.99,75.0,674.97
LINE00006945,ORD0002322,1,PROD00036,1,427.48,0.0,427.48
LINE00006946,ORD0002323,1,PROD00356,1,17.43,0.0,17.43
LINE00006947,ORD0002323,2,PROD00098,5,255.94,255.94,1023.76
LINE00006948,ORD0002323,3,PROD00335,3,826.57,0.0,2479.71
LINE00006949,ORD0002324,1,PROD00169,3,944.41,0.0,2833.23
LINE00006950,ORD0002324,2,PROD00377,4,87.19,0.0,348.76
LINE00006951,ORD0002324,3,PROD00112,4,1136.05,0.0,4544.2
LINE00006952,ORD0002324,4,PROD00397,4,471.03,0.0,1884.12
LINE00006953,ORD0002324,5,PROD00096,5,894.64,0.0,4473.2
LINE00006954,ORD0002325,1,PROD00497,4,816.74,326.7,2940.26
LINE00006955,ORD0002325,2,PROD00306,1,1158.79,57.94,1100.85
LINE00006956,ORD0002325,3,PROD00331,3,837.0,0.0,2511.0
LINE00006957,ORD0002326,1,PROD00209,2,316.94,126.78,507.1
LINE00006958,ORD0002326,2,PROD00219,5,232.22,232.22,928.88
LINE00006959,ORD0002326,3,PROD00095,1,316.02,63.2,252.82
LINE00006960,ORD0002327,1,PROD00133,5,1119.86,0.0,5599.3
LINE00006961,ORD0002327,2,PROD00364,6,964.19,1157.03,4628.11
LINE00006962,ORD0002327,3,PROD00472,1,87.4,0.0,87.4
LINE00006963,ORD0002328,1,PROD00295,3,873.53,262.06,2358.53
LINE00006964,ORD0002328,2,PROD00261,5,100.24,100.24,400.96
LINE00006965,ORD0002328,3,PROD00096,6,352.7,423.24,1692.96
LINE00006966,ORD0002328,4,PROD00456,3,979.57,0.0,2938.71
LINE00006967,ORD0002328,5,PROD00424,3,598.09,0.0,1794.27
LINE00006968,ORD0002329,1,PROD00303,3,780.76,0.0,2342.28
LINE00006969,ORD0002329,2,PROD00482,3,758.25,0.0,2274.75
LINE00006970,ORD0002330,1,PROD00171,5,486.5,243.25,2189.25
LINE00006971,ORD0002330,2,PROD00114,2,703.21,281.28,1125.14
LINE00006972,ORD0002331,1,PROD00223,2,128.12,0.0,256.24
LINE00006973,ORD0002331,2,PROD00406,2,648.61,129.72,1167.5
LINE00006974,ORD0002331,3,PROD00022,3,167.06,100.24,400.94
LINE00006975,ORD0002331,4,PROD00173,1,845.62,0.0,845.62
LINE00006976,ORD0002331,5,PROD00094,5,43.8,0.0,219.0
LINE00006977,ORD0002332,1,PROD00147,4,32.21,0.0,128.84
LINE00006978,ORD0002332,2,PROD00074,1,954.98,95.5,859.48
LINE00006979,ORD0002332,3,PROD00408,2,338.68,0.0,677.36
LINE00006980,ORD0002333,1,PROD00167,2,1057.25,211.45,1903.05
LINE00006981,ORD0002334,1,PROD00462,5,671.81,0.0,3359.05
LINE00006982,ORD0002334,2,PROD00311,4,254.71,0.0,1018.84
LINE00006983,ORD0002334,3,PROD00205,4,324.75,259.8,1039.2
LINE00006984,ORD0002334,4,PROD00023,1,654.56,0.0,654.56
LINE00006985,ORD0002334,5,PROD00081,2,1179.84,117.98,2241.7
LINE00006986,ORD0002335,1,PROD00389,-3,736.03,-0.0,-2208.09
LINE00006987,ORD0002335,2,PROD00432,6,1153.52,0.0,6921.12
LINE00006988,ORD0002335,3,PROD00420,3,265.18,79.55,715.99
LINE00006989,ORD0002336,1,PROD00309,5,964.34,241.09,4580.61
LINE00006990,ORD0002336,2,PROD00486,1,560.57,0.0,560.57
LINE00006991,ORD0002336,3,PROD00223,1,568.14,0.0,568.14
LINE00006992,ORD0002337,1,PROD00308,5,670.89,335.44,3019.01
LINE00006993,ORD0002337,2,PROD00113,2,571.69,57.17,1086.21
LINE00006994,ORD0002337,3,PROD00094,1,119.96,23.99,95.97
LINE00006995,ORD0002337,4,PROD00240,4,1101.07,0.0,4404.28
LINE00006996,ORD0002338,1,PROD00063,6,653.07,0.0,3918.42
LINE00006997,ORD0002338,2,PROD00254,5,364.5,182.25,1640.25
LINE00006998,ORD0002338,3,PROD00183,5,697.89,0.0,3489.45
LINE00006999,ORD0002339,1,PROD00149,5,125.45,0.0,627.25
LINE00007000,ORD0002339,2,PROD00436,1,685.2,0.0,685.2
LINE00007001,ORD0002340,1,PROD00234,3,966.66,290.0,2609.98
LINE00007002,ORD0002340,2,PROD00102,5,187.27,46.82,889.53
LINE00007003,ORD0002341,1,PROD00443,2,31.56,0.0,63.12
LINE00007004,ORD0002342,1,PROD00477,2,546.01,0.0,1092.02
LINE00007005,ORD0002343,1,PROD00328,3,55.38,0.0,166.14
LINE00007006,ORD0002343,2,PROD00130,2,245.19,98.08,392.3
LINE00007007,ORD0002343,3,PROD00214,1,963.83,0.0,963.83
LINE00007008,ORD0002344,1,PROD00185,6,554.88,665.86,2663.42
LINE00007009,ORD0002344,2,PROD00214,6,77.65,93.18,372.72
LINE00007010,ORD0002344,3,PROD00118,1,751.13,150.23,600.9
LINE00007011,ORD0002345,1,PROD00195,4,87.53,35.01,315.11
LINE00007012,ORD0002345,2,PROD00037,3,609.39,0.0,1828.17
LINE00007013,ORD0002346,1,PROD00488,2,853.49,341.4,1365.58
LINE00007014,ORD0002347,1,PROD00134,6,350.22,0.0,2101.32
LINE00007015,ORD0002348,1,PROD00106,1,678.84,135.77,543.07
LINE00007016,ORD0002348,2,PROD00448,2,1160.18,0.0,2320.36
LINE00007017,ORD0002348,3,PROD00479,1,949.64,47.48,902.16
LINE00007018,ORD0002348,4,PROD00163,1,426.8,85.36,341.44
LINE00007019,ORD0002348,5,PROD00225,1,100.11,0.0,100.11
LINE00007020,ORD0002349,1,PROD00227,5,1109.9,1109.9,4439.6
LINE00007021,ORD0002349,2,PROD00239,5,379.87,0.0,1899.35
LINE00007022,ORD0002349,3,PROD00441,6,842.69,0.0,5056.14
LINE00007023,ORD0002349,4,PROD00417,4,224.22,0.0,896.88
LINE00007024,ORD0002350,1,PROD00171,1,1124.95,56.25,1068.7
LINE00007025,ORD0002351,1,PROD00412,1,560.51,0.0,560.51
LINE00007026,ORD0002351,2,PROD00308,5,775.75,0.0,3878.75
LINE00007027,ORD0002351,3,PROD00403,2,243.06,48.61,437.51
LINE00007028,ORD0002351,4,PROD00359,2,493.48,0.0,986.96
LINE00007029,ORD0002351,5,PROD00010,3,771.3,115.69,2198.21
LINE00007030,ORD0002352,1,PROD00215,6,904.33,0.0,5425.98
LINE00007031,ORD0002352,2,PROD00253,4,66.16,0.0,264.64
LINE00007032,ORD0002352,3,PROD00066,5,459.29,0.0,2296.45
LINE00007033,ORD0002352,4,PROD00127,4,250.8,100.32,902.88
LINE00007034,ORD0002353,1,PROD00434,6,119.09,142.91,571.63
LINE00007035,ORD0002354,1,PROD00072,5,606.72,0.0,3033.6
LINE00007036,ORD0002354,2,PROD00275,1,620.91,62.09,558.82
LINE00007037,ORD0002354,3,PROD00222,4,949.78,0.0,3799.12
LINE00007038,ORD0002355,1,PROD00138,6,352.91,0.0,2117.46
LINE00007039,ORD0002355,2,PROD00483,3,89.27,26.78,241.03
LINE00007040,ORD0002356,1,PROD00125,1,262.12,0.0,262.12
LINE00007041,ORD0002356,2,PROD00343,3,40.36,12.11,108.97
LINE00007042,ORD0002356,3,PROD00166,3,728.77,218.63,1967.68
LINE00007043,ORD0002356,4,PROD00023,2,150.6,60.24,240.96
LINE00007044,ORD0002357,1,PROD00124,6,549.24,0.0,3295.44
LINE00007045,ORD0002357,2,PROD00366,5,296.38,148.19,1333.71
LINE00007046,ORD0002358,1,PROD00195,5,125.96,125.96,503.84
LINE00007047,ORD0002359,1,PROD00470,3,381.44,0.0,1144.32
LINE00007048,ORD0002359,2,PROD00029,5,33.44,0.0,167.2
LINE00007049,ORD0002359,3,PROD00378,5,807.45,0.0,4037.25
LINE00007050,ORD0002360,1,PROD00420,5,404.56,404.56,1618.24
LINE00007051,ORD0002360,2,PROD00182,4,76.04,0.0,304.16
LINE00007052,ORD0002360,3,PROD00098,1,1009.8,100.98,908.82
LINE00007053,ORD0002360,4,PROD00365,2,765.48,306.19,1224.77
LINE00007054,ORD0002361,1,PROD00395,1,182.38,9.12,173.26
LINE00007055,ORD0002361,2,PROD00007,5,226.91,0.0,1134.55
LINE00007056,ORD0002362,1,PROD00145,2,943.92,188.78,1699.06
LINE00007057,ORD0002362,2,PROD00058,3,948.5,284.55,2560.95
LINE00007058,ORD0002362,3,PROD00264,2,304.07,30.41,577.73
LINE00007059,ORD0002363,1,PROD00431,4,1115.57,0.0,4462.28
LINE00007060,ORD0002363,2,PROD00044,2,178.05,17.81,338.29
LINE00007061,ORD0002363,3,PROD00058,1,255.73,0.0,255.73
LINE00007062,ORD0002364,1,PROD00392,5,498.38,0.0,2491.9
LINE00007063,ORD0002365,1,PROD00407,1,808.0,0.0,808.0
LINE00007064,ORD0002365,2,PROD00451,3,83.66,0.0,250.98
LINE00007065,ORD0002365,3,PROD00318,5,908.25,454.12,4087.13
LINE00007066,ORD0002366,1,PROD00401,2,732.71,0.0,1465.42
LINE00007067,ORD0002366,2,PROD00330,6,1192.85,0.0,7157.1
LINE00007068,ORD0002366,3,PROD00009,5,600.35,150.09,2851.66
LINE00007069,ORD0002366,4,PROD00173,4,29.39,0.0,117.56
LINE00007070,ORD0002367,1,PROD00170,2,91.34,0.0,182.68
LINE00007071,ORD0002367,2,PROD00079,2,584.58,0.0,1169.16
LINE00007072,ORD0002367,3,PROD00300,1,482.3,0.0,482.3
LINE00007073,ORD0002367,4,PROD00419,3,911.72,0.0,2735.16
LINE00007074,ORD0002368,1,PROD00374,3,142.0,42.6,383.4
LINE00007075,ORD0002368,2,PROD00433,1,304.81,0.0,304.81
LINE00007076,ORD0002368,3,PROD00155,5,63.67,0.0,318.35
LINE00007077,ORD0002368,4,PROD00381,6,1037.43,622.46,5602.12
LINE00007078,ORD0002368,5,PROD00029,2,732.67,0.0,1465.34
LINE00007079,ORD0002369,1,PROD00207,5,629.96,157.49,2992.31
LINE00007080,ORD0002369,2,PROD00056,1,1113.74,222.75,890.99
LINE00007081,ORD0002369,3,PROD00447,5,1042.82,260.7,4953.4
LINE00007082,ORD0002369,4,PROD00138,1,1014.41,50.72,963.69
LINE00007083,ORD0002369,5,PROD00311,5,928.67,464.33,4179.02
LINE00007084,ORD0002370,1,PROD00021,1,501.58,50.16,451.42
LINE00007085,ORD0002371,1,PROD00192,1,1096.61,0.0,1096.61
LINE00007086,ORD0002371,2,PROD00237,3,521.18,78.18,1485.36
LINE00007087,ORD0002372,1,PROD00101,2,142.65,14.27,271.03
LINE00007088,ORD0002372,2,PROD00321,3,745.19,0.0,2235.57
LINE00007089,ORD0002372,3,PROD00497,3,882.39,0.0,2647.17
LINE00007090,ORD0002373,1,PROD00157,1,543.45,0.0,543.45
LINE00007091,ORD0002373,2,PROD00296,4,635.86,254.34,2289.1
LINE00007092,ORD0002373,3,PROD00320,1,957.96,0.0,957.96
LINE00007093,ORD0002374,1,PROD00252,5,644.74,161.19,3062.51
LINE00007094,ORD0002374,2,PROD00459,3,1131.25,678.75,2715.0
LINE00007095,ORD0002375,1,PROD00257,3,164.36,98.62,394.46
LINE00007096,ORD0002376,1,PROD00082,4,893.69,0.0,3574.76
LINE00007097,ORD0002377,1,PROD00400,2,6.5,0.0,13.0
LINE00007098,ORD0002378,1,PROD00007,6,260.13,78.04,1482.74
LINE00007099,ORD0002378,2,PROD00096,1,131.87,0.0,131.87
LINE00007100,ORD0002378,3,PROD00390,2,216.37,0.0,432.74
LINE00007101,ORD0002378,4,PROD00069,5,135.45,0.0,677.25
LINE00007102,ORD0002379,1,PROD00302,3,904.24,135.64,2577.08
LINE00007103,ORD0002380,1,PROD00262,6,689.34,0.0,4136.04
LINE00007104,ORD0002380,2,PROD00037,3,234.69,35.2,668.87
LINE00007105,ORD0002381,1,PROD00311,3,495.53,0.0,1486.59
LINE00007106,ORD0002381,2,PROD00057,1,296.24,0.0,296.24
LINE00007107,ORD0002381,3,PROD00335,6,326.87,0.0,1961.22
LINE00007108,ORD0002381,4,PROD00050,2,266.0,0.0,532.0
LINE00007109,ORD0002381,5,PROD00379,2,685.18,68.52,1301.84
LINE00007110,ORD0002382,1,PROD00375,3,838.68,0.0,2516.04
LINE00007111,ORD0002383,1,PROD00037,6,543.56,0.0,3261.36
LINE00007112,ORD0002384,1,PROD00251,6,915.55,274.66,5218.64
LINE00007113,ORD0002384,2,PROD00258,4,821.96,0.0,3287.84
LINE00007114,ORD0002384,3,PROD00208,4,433.88,0.0,1735.52
LINE00007115,ORD0002385,1,PROD00193,1,946.65,189.33,757.32
LINE00007116,ORD0002385,2,PROD00018,1,607.12,0.0,607.12
LINE00007117,ORD0002386,1,PROD00390,5,528.23,264.12,2377.03
LINE00007118,ORD0002386,2,PROD00346,3,193.38,0.0,580.14
LINE00007119,ORD0002387,1,PROD00388,1,879.79,0.0,879.79
LINE00007120,ORD0002387,2,PROD00171,4,432.5,0.0,1730.0
LINE00007121,ORD0002387,3,PROD00116,6,485.44,291.26,2621.38
LINE00007122,ORD0002388,1,PROD00037,2,732.79,146.56,1319.02
LINE00007123,ORD0002388,2,PROD00084,6,972.11,0.0,5832.66
LINE00007124,ORD0002389,1,PROD00415,6,13.18,0.0,79.08
LINE00007125,ORD0002389,2,PROD00241,5,1199.32,299.83,5696.77
LINE00007126,ORD0002389,3,PROD00432,6,39.34,23.6,212.44
LINE00007127,ORD0002389,4,PROD00238,6,633.6,190.08,3611.52
LINE00007128,ORD0002389,5,PROD00234,6,1153.83,0.0,6922.98
LINE00007129,ORD0002390,1,PROD00169,3,488.23,146.47,1318.22
LINE00007130,ORD0002390,2,PROD00224,6,675.38,202.61,3849.67
LINE00007131,ORD0002390,3,PROD00231,1,189.72,37.94,151.78
LINE00007132,ORD0002390,4,PROD00145,4,858.73,686.98,2747.94
LINE00007133,ORD0002390,5,PROD00177,6,313.56,0.0,1881.36
LINE00007134,ORD0002391,1,PROD00486,3,542.43,0.0,1627.29
LINE00007135,ORD0002391,2,PROD00496,4,1071.39,0.0,4285.56
LINE00007136,ORD0002391,3,PROD00482,5,635.86,0.0,3179.3
LINE00007137,ORD0002391,4,PROD00474,5,94.24,0.0,471.2
LINE00007138,ORD0002392,1,PROD00402,1,609.36,0.0,609.36
LINE00007139,ORD0002392,2,PROD00352,1,1152.86,115.29,1037.57
LINE00007140,ORD0002392,3,PROD00342,3,425.36,0.0,1276.08
LINE00007141,ORD0002392,4,PROD00167,3,383.65,0.0,1150.95
LINE00007142,ORD0002392,5,PROD00411,2,471.68,0.0,943.36
LINE00007143,ORD0002393,1,PROD00436,1,839.05,0.0,839.05
LINE00007144,ORD0002393,2,PROD00102,6,1114.13,0.0,6684.78
LINE00007145,ORD0002393,3,PROD00473,1,54.6,2.73,51.87
LINE00007146,ORD0002393,4,PROD00160,6,449.09,134.73,2559.81
LINE00007147,ORD0002394,1,PROD00129,6,318.44,95.53,1815.11
LINE00007148,ORD0002395,1,PROD00325,3,954.17,0.0,2862.51
LINE00007149,ORD0002395,2,PROD00271,2,692.11,0.0,1384.22
LINE00007150,ORD0002395,3,PROD00079,2,509.65,0.0,1019.3
LINE00007151,ORD0002396,1,PROD00299,3,543.81,163.14,1468.29
LINE00007152,ORD0002396,2,PROD00100,2,489.44,0.0,978.88
LINE00007153,ORD0002396,3,PROD00491,4,43.89,35.11,140.45
LINE00007154,ORD0002396,4,PROD00036,1,720.87,0.0,720.87
LINE00007155,ORD0002396,5,PROD00443,2,992.96,198.59,1787.33
LINE00007156,ORD0002397,1,PROD00080,6,970.32,0.0,5821.92
LINE00007157,ORD0002398,1,PROD00051,6,1140.88,342.26,6503.02
LINE00007158,ORD0002398,2,PROD00178,3,665.84,0.0,1997.52
LINE00007159,ORD0002398,3,PROD00385,6,105.84,63.5,571.54
LINE00007160,ORD0002398,4,PROD00081,4,833.12,0.0,3332.48
LINE00007161,ORD0002399,1,PROD00111,1,674.62,67.46,607.16
LINE00007162,ORD0002399,2,PROD00088,1,1134.98,0.0,1134.98
LINE00007163,ORD0002400,1,PROD00103,4,424.04,0.0,1696.16
LINE00007164,ORD0002400,2,PROD00319,3,1105.42,0.0,3316.26
LINE00007165,ORD0002400,3,PROD00489,4,1025.76,820.61,3282.43
LINE00007166,ORD0002400,4,PROD00190,5,116.68,58.34,525.06
LINE00007167,ORD0002400,5,PROD00075,3,278.51,41.78,793.75
LINE00007168,ORD0002401,1,PROD00055,6,323.73,388.48,1553.9
LINE00007169,ORD0002401,2,PROD00246,5,560.19,0.0,2800.95
LINE00007170,ORD0002401,3,PROD00070,6,666.46,0.0,3998.76
LINE00007171,ORD0002401,4,PROD00084,5,577.5,0.0,2887.5
LINE00007172,ORD0002402,1,PROD00282,3,788.02,118.2,2245.86
LINE00007173,ORD0002402,2,PROD00207,3,153.48,0.0,460.44
LINE00007174,ORD0002402,3,PROD00394,1,587.51,117.5,470.01
LINE00007175,ORD0002402,4,PROD00427,3,825.0,123.75,2351.25
LINE00007176,ORD0002402,5,PROD00365,5,182.64,182.64,730.56
LINE00007177,ORD0002403,1,PROD00425,2,790.74,0.0,1581.48
LINE00007178,ORD0002403,2,PROD00436,6,68.43,41.06,369.52
LINE00007179,ORD0002403,3,PROD00071,1,473.83,0.0,473.83
LINE00007180,ORD0002404,1,PROD00485,1,134.41,0.0,134.41
LINE00007181,ORD0002404,2,PROD00011,1,590.44,0.0,590.44
LINE00007182,ORD0002404,3,PROD00279,3,855.07,128.26,2436.95
LINE00007183,ORD0002404,4,PROD00118,6,791.39,237.42,4510.92
LINE00007184,ORD0002404,5,PROD00192,4,362.6,0.0,1450.4
LINE00007185,ORD0002405,1,PROD00373,1,872.01,43.6,828.41
LINE00007186,ORD0002405,2,PROD00470,1,158.44,7.92,150.52
LINE00007187,ORD0002406,1,PROD00322,5,1020.42,0.0,5102.1
LINE00007188,ORD0002406,2,PROD00495,1,502.41,0.0,502.41
LINE00007189,ORD0002407,1,PROD00264,4,159.98,0.0,639.92
LINE00007190,ORD0002408,1,PROD00246,1,997.58,49.88,947.7
LINE00007191,ORD0002409,1,PROD00223,5,477.71,119.43,2269.12
LINE00007192,ORD0002410,1,PROD00352,6,1138.43,0.0,6830.58
LINE00007193,ORD0002410,2,PROD00208,4,464.76,0.0,1859.04
LINE00007194,ORD0002410,3,PROD00349,3,660.04,198.01,1782.11
LINE00007195,ORD0002410,4,PROD00335,6,915.87,549.52,4945.7
LINE00007196,ORD0002411,1,PROD00341,6,962.41,0.0,5774.46
LINE00007197,ORD0002411,2,PROD00462,2,347.81,0.0,695.62
LINE00007198,ORD0002411,3,PROD00260,3,881.2,528.72,2114.88
LINE00007199,ORD0002412,1,PROD00114,4,353.24,0.0,1412.96
LINE00007200,ORD0002412,2,PROD00150,5,510.33,510.33,2041.32
LINE00007201,ORD0002412,3,PROD00169,3,132.3,19.85,377.05
LINE00007202,ORD0002412,4,PROD00216,2,594.69,59.47,1129.91
LINE00007203,ORD0002412,5,PROD00486,4,1129.14,0.0,4516.56
LINE00007204,ORD0002413,1,PROD00430,3,445.78,0.0,1337.34
LINE00007205,ORD0002414,1,PROD00109,1,835.77,83.58,752.19
LINE00007206,ORD0002414,2,PROD00195,2,110.9,0.0,221.8
LINE00007207,ORD0002414,3,PROD00212,5,1143.22,571.61,5144.49
LINE00007208,ORD0002415,1,PROD00110,3,33.54,5.03,95.59
LINE00007209,ORD0002415,2,PROD00346,3,394.36,118.31,1064.77
LINE00007210,ORD0002415,3,PROD00303,3,502.98,301.79,1207.15
LINE00007211,ORD0002415,4,PROD00001,4,1102.77,0.0,4411.08
LINE00007212,ORD0002415,5,PROD00259,3,443.89,66.58,1265.09
LINE00007213,ORD0002416,1,PROD00121,2,523.99,209.6,838.38
LINE00007214,ORD0002416,2,PROD00094,3,216.01,0.0,648.03
LINE00007215,ORD0002416,3,PROD00272,2,434.68,0.0,869.36
LINE00007216,ORD0002416,4,PROD00467,5,768.19,0.0,3840.95
LINE00007217,ORD0002416,5,PROD00043,1,401.62,0.0,401.62
LINE00007218,ORD0002417,1,PROD00168,4,222.48,0.0,889.92
LINE00007219,ORD0002417,2,PROD00061,5,1133.79,283.45,5385.5
LINE00007220,ORD0002418,1,PROD00132,2,122.75,49.1,196.4
LINE00007221,ORD0002418,2,PROD00495,1,852.42,0.0,852.42
LINE00007222,ORD0002418,3,PROD00080,6,604.26,0.0,3625.56
LINE00007223,ORD0002418,4,PROD00401,4,140.83,112.66,450.66
LINE00007224,ORD0002418,5,PROD00036,3,563.86,0.0,1691.58
LINE00007225,ORD0002419,1,PROD00323,2,569.29,56.93,1081.65
LINE00007226,ORD0002419,2,PROD00095,2,293.13,117.25,469.01
LINE00007227,ORD0002419,3,PROD00058,1,34.31,0.0,34.31
LINE00007228,ORD0002419,4,PROD00223,6,812.59,0.0,4875.54
LINE00007229,ORD0002420,1,PROD00315,5,417.75,0.0,2088.75
LINE00007230,ORD0002420,2,PROD00399,6,802.93,240.88,4576.7
LINE00007231,ORD0002420,3,PROD00006,3,1177.15,353.15,3178.3
LINE00007232,ORD0002420,4,PROD00119,2,1038.52,0.0,2077.04
LINE00007233,ORD0002420,5,PROD00123,6,1008.72,0.0,6052.32
LINE00007234,ORD0002421,1,PROD00192,5,757.83,757.83,3031.32
LINE00007235,ORD0002421,2,PROD00110,5,522.64,261.32,2351.88
LINE00007236,ORD0002421,3,PROD00201,6,787.91,0.0,4727.46
LINE00007237,ORD0002422,1,PROD00202,4,349.65,0.0,1398.6
LINE00007238,ORD0002423,1,PROD00168,5,1020.61,0.0,5103.05
LINE00007239,ORD0002423,2,PROD00406,3,525.58,0.0,1576.74
LINE00007240,ORD0002423,3,PROD00027,5,517.02,517.02,2068.08
LINE00007241,ORD0002423,4,PROD00166,6,376.46,451.75,1807.01
LINE00007242,ORD0002423,5,PROD00149,1,1025.68,0.0,1025.68
LINE00007243,ORD0002424,1,PROD00493,3,951.94,0.0,2855.82
LINE00007244,ORD0002424,2,PROD00266,5,315.44,0.0,1577.2
LINE00007245,ORD0002425,1,PROD00406,5,254.97,0.0,1274.85
LINE00007246,ORD0002425,2,PROD00474,3,574.85,86.23,1638.32
LINE00007247,ORD0002425,3,PROD00185,4,658.64,526.91,2107.65
LINE00007248,ORD0002425,4,PROD00303,2,611.81,0.0,1223.62
LINE00007249,ORD0002425,5,PROD00268,5,954.27,0.0,4771.35
LINE00007250,ORD0002426,1,PROD00241,6,545.41,0.0,3272.46
LINE00007251,ORD0002426,2,PROD00262,5,1126.77,0.0,5633.85
LINE00007252,ORD0002426,3,PROD00255,1,746.95,0.0,746.95
LINE00007253,ORD0002427,1,PROD00001,6,1162.27,0.0,6973.62
LINE00007254,ORD0002427,2,PROD00146,1,1138.23,227.65,910.58
LINE00007255,ORD0002427,3,PROD00271,4,1108.01,0.0,4432.04
LINE00007256,ORD0002427,4,PROD00489,4,723.81,0.0,2895.24
LINE00007257,ORD0002428,1,PROD00499,2,521.29,104.26,938.32
LINE00007258,ORD0002428,2,PROD00176,5,407.82,407.82,1631.28
LINE00007259,ORD0002428,3,PROD00083,2,328.37,0.0,656.74
LINE00007260,ORD0002428,4,PROD00333,1,471.69,0.0,471.69
LINE00007261,ORD0002429,1,PROD00057,6,1165.7,0.0,6994.2
LINE00007262,ORD0002430,1,PROD00426,1,632.65,126.53,506.12
LINE00007263,ORD0002430,2,PROD00323,6,727.1,0.0,4362.6
LINE00007264,ORD0002430,3,PROD00069,5,1127.96,0.0,5639.8
LINE00007265,ORD0002430,4,PROD00334,1,879.63,0.0,879.63
LINE00007266,ORD0002430,5,PROD00187,2,139.44,55.78,223.1
LINE00007267,ORD0002431,1,PROD00097,3,945.0,0.0,2835.0
LINE00007268,ORD0002431,2,PROD00243,2,676.64,270.66,1082.62
LINE00007269,ORD0002431,3,PROD00076,5,805.99,0.0,4029.95
LINE00007270,ORD0002431,4,PROD00465,4,1172.03,468.81,4219.31
LINE00007271,ORD0002431,5,PROD00014,1,126.01,6.3,119.71
LINE00007272,ORD0002432,1,PROD00409,5,773.86,773.86,3095.44
LINE00007273,ORD0002432,2,PROD00240,3,1124.95,0.0,3374.85
LINE00007274,ORD0002432,3,PROD00325,1,824.12,82.41,741.71
LINE00007275,ORD0002432,4,PROD00393,2,458.1,91.62,824.58
LINE00007276,ORD0002433,1,PROD00209,5,968.59,968.59,3874.36
LINE00007277,ORD0002433,2,PROD00457,6,410.34,0.0,2462.04
LINE00007278,ORD0002433,3,PROD00209,3,770.34,0.0,2311.02
LINE00007279,ORD0002433,4,PROD00196,3,518.54,155.56,1400.06
LINE00007280,ORD0002433,5,PROD00177,6,840.41,0.0,5042.46
LINE00007281,ORD0002434,1,PROD00302,6,412.04,0.0,2472.24
LINE00007282,ORD0002434,2,PROD00203,1,939.92,0.0,939.92
LINE00007283,ORD0002434,3,PROD00275,4,153.54,0.0,614.16
LINE00007284,ORD0002435,1,PROD00213,1,357.67,17.88,339.79
LINE00007285,ORD0002435,2,PROD00127,1,611.25,122.25,489.0
LINE00007286,ORD0002435,3,PROD00169,6,37.3,0.0,223.8
LINE00007287,ORD0002436,1,PROD00250,4,62.25,49.8,199.2
LINE00007288,ORD0002436,2,PROD00031,5,554.9,0.0,2774.5
LINE00007289,ORD0002436,3,PROD00404,6,1032.0,309.6,5882.4
LINE00007290,ORD0002437,1,PROD00139,5,423.83,105.96,2013.19
LINE00007291,ORD0002437,2,PROD00354,3,1004.85,301.46,2713.09
LINE00007292,ORD0002437,3,PROD00496,2,379.12,0.0,758.24
LINE00007293,ORD0002437,4,PROD00273,5,280.84,0.0,1404.2
LINE00007294,ORD0002438,1,PROD00209,4,683.52,0.0,2734.08
LINE00007295,ORD0002438,2,PROD00091,5,77.09,0.0,385.45
LINE00007296,ORD0002438,3,PROD00217,1,800.08,40.0,760.08
LINE00007297,ORD0002438,4,PROD00036,3,471.21,0.0,1413.63
LINE00007298,ORD0002438,5,PROD00192,6,873.6,1048.32,4193.28
LINE00007299,ORD0002439,1,PROD00352,3,680.82,0.0,2042.46
LINE00007300,ORD0002439,2,PROD00066,6,757.83,0.0,4546.98
LINE00007301,ORD0002439,3,PROD00063,2,281.93,112.77,451.09
LINE00007302,ORD0002439,4,PROD00148,2,657.14,0.0,1314.28
LINE00007303,ORD0002439,5,PROD00012,2,765.97,76.6,1455.34
LINE00007304,ORD0002440,1,PROD00445,4,412.06,82.41,1565.83
LINE00007305,ORD0002440,2,PROD00192,5,972.35,486.18,4375.57
LINE00007306,ORD0002441,1,PROD00034,3,277.59,83.28,749.49
LINE00007307,ORD0002441,2,PROD00097,4,773.19,0.0,3092.76
LINE00007308,ORD0002441,3,PROD00401,5,319.15,159.58,1436.17
LINE00007309,ORD0002441,4,PROD00248,5,280.64,0.0,1403.2
LINE00007310,ORD0002442,1,PROD00193,4,1122.28,0.0,4489.12
LINE00007311,ORD0002442,2,PROD00269,2,748.99,0.0,1497.98
LINE00007312,ORD0002442,3,PROD00078,1,945.36,47.27,898.09
LINE00007313,ORD0002442,4,PROD00410,2,409.07,0.0,818.14
LINE00007314,ORD0002443,1,PROD00441,4,369.37,0.0,1477.48
LINE00007315,ORD0002443,2,PROD00158,3,941.28,0.0,2823.84
LINE00007316,ORD0002443,3,PROD00194,4,762.52,610.02,2440.06
LINE00007317,ORD0002444,1,PROD00269,5,618.86,618.86,2475.44
LINE00007318,ORD0002444,2,PROD00140,1,634.22,0.0,634.22
LINE00007319,ORD0002445,1,PROD00313,1,929.89,0.0,929.89
LINE00007320,ORD0002445,2,PROD00313,6,728.63,0.0,4371.78
LINE00007321,ORD0002446,1,PROD00281,1,70.88,3.54,67.34
LINE00007322,ORD0002446,2,PROD00393,5,894.33,447.17,4024.48
LINE00007323,ORD0002446,3,PROD00206,2,409.71,0.0,819.42
LINE00007324,ORD0002446,4,PROD00093,1,1062.58,53.13,1009.45
LINE00007325,ORD0002447,1,PROD00180,5,164.93,41.23,783.42
LINE00007326,ORD0002447,2,PROD00287,1,140.2,0.0,140.2
LINE00007327,ORD0002448,1,PROD00215,3,1176.8,353.04,3177.36
LINE00007328,ORD0002448,2,PROD00007,6,1164.1,0.0,6984.6
LINE00007329,ORD0002448,3,PROD00084,2,227.73,0.0,455.46
LINE00007330,ORD0002448,4,PROD00114,3,8.59,1.29,24.48
LINE00007331,ORD0002449,1,PROD00353,5,104.05,52.03,468.22
LINE00007332,ORD0002449,2,PROD00158,6,1097.81,1317.37,5269.49
LINE00007333,ORD0002450,1,PROD00209,1,175.47,35.09,140.38
LINE00007334,ORD0002450,2,PROD00003,4,304.01,243.21,972.83
LINE00007335,ORD0002451,1,PROD00125,3,12.69,0.0,38.07
LINE00007336,ORD0002451,2,PROD00036,4,660.77,0.0,2643.08
LINE00007337,ORD0002451,3,PROD00240,1,702.69,70.27,632.42
LINE00007338,ORD0002451,4,PROD00215,6,1112.76,0.0,6676.56
LINE00007339,ORD0002451,5,PROD00358,1,1053.4,52.67,1000.73
LINE00007340,ORD0002452,1,PROD00455,3,52.8,0.0,158.4
LINE00007341,ORD0002452,2,PROD00237,2,48.53,0.0,97.06
LINE00007342,ORD0002453,1,PROD00096,2,680.61,0.0,1361.22
LINE00007343,ORD0002453,2,PROD00260,4,1171.41,0.0,4685.64
LINE00007344,ORD0002454,1,PROD00210,2,268.49,0.0,536.98
LINE00007345,ORD0002454,2,PROD00307,4,146.86,0.0,587.44
LINE00007346,ORD0002455,1,PROD00464,4,1170.87,936.7,3746.78
LINE00007347,ORD0002455,2,PROD00240,6,662.87,795.44,3181.78
LINE00007348,ORD0002455,3,PROD00148,3,372.75,0.0,1118.25
LINE00007349,ORD0002455,4,PROD00367,3,981.54,588.92,2355.7
LINE00007350,ORD0002455,5,PROD00342,2,267.4,0.0,534.8
LINE00007351,ORD0002456,1,PROD00112,3,489.59,0.0,1468.77
LINE00007352,ORD0002457,1,PROD00157,3,1059.77,158.97,3020.34
LINE00007353,ORD0002457,2,PROD00484,4,1139.9,455.96,4103.64
LINE00007354,ORD0002458,1,PROD00044,5,163.46,40.87,776.43
LINE00007355,ORD0002458,2,PROD00037,5,423.4,423.4,1693.6
LINE00007356,ORD0002458,3,PROD00360,2,563.19,0.0,1126.38
LINE00007357,ORD0002458,4,PROD00298,3,854.01,512.41,2049.62
LINE00007358,ORD0002459,1,PROD00376,5,551.29,275.64,2480.81
LINE00007359,ORD0002459,2,PROD00325,1,672.8,67.28,605.52
LINE00007360,ORD0002459,3,PROD00215,3,124.65,37.4,336.55
LINE00007361,ORD0002459,4,PROD00316,4,742.59,0.0,2970.36
LINE00007362,ORD0002460,1,PROD00155,4,717.33,286.93,2582.39
LINE00007363,ORD0002460,2,PROD00301,6,900.13,540.08,4860.7
LINE00007364,ORD0002461,1,PROD00027,4,226.28,0.0,905.12
LINE00007365,ORD0002461,2,PROD00063,2,1073.83,0.0,2147.66
LINE00007366,ORD0002461,3,PROD00061,1,366.28,0.0,366.28
LINE00007367,ORD0002462,1,PROD00125,4,637.03,0.0,2548.12
LINE00007368,ORD0002462,2,PROD00372,5,1018.14,509.07,4581.63
LINE00007369,ORD0002462,3,PROD00269,2,296.38,0.0,592.76
LINE00007370,ORD0002463,1,PROD00148,2,824.1,329.64,1318.56
LINE00007371,ORD0002463,2,PROD00356,5,167.12,0.0,835.6
LINE00007372,ORD0002463,3,PROD00382,6,831.88,0.0,4991.28
LINE00007373,ORD0002463,4,PROD00383,3,730.64,109.6,2082.32
LINE00007374,ORD0002464,1,PROD00238,1,1091.81,0.0,1091.81
LINE00007375,ORD0002465,1,PROD00471,2,967.85,193.57,1742.13
LINE00007376,ORD0002465,2,PROD00448,3,1006.05,0.0,3018.15
LINE00007377,ORD0002465,3,PROD00480,1,303.73,0.0,303.73
LINE00007378,ORD0002465,4,PROD00379,1,497.07,0.0,497.07
LINE00007379,ORD0002466,1,PROD00358,1,277.23,27.72,249.51
LINE00007380,ORD0002466,2,PROD00205,4,905.55,724.44,2897.76
LINE00007381,ORD0002466,3,PROD00466,2,142.88,28.58,257.18
LINE00007382,ORD0002467,1,PROD00142,1,526.9,0.0,526.9
LINE00007383,ORD0002467,2,PROD00302,2,1012.09,202.42,1821.76
LINE00007384,ORD0002467,3,PROD00263,1,133.83,26.77,107.06
LINE00007385,ORD0002467,4,PROD00415,2,88.57,17.71,159.43
LINE00007386,ORD0002467,5,PROD00076,1,207.68,10.38,197.3
LINE00007387,ORD0002468,1,PROD00385,3,81.15,0.0,243.45
LINE00007388,ORD0002468,2,PROD00400,1,87.66,4.38,83.28
LINE00007389,ORD0002468,3,PROD00041,4,879.16,703.33,2813.31
LINE00007390,ORD0002469,1,PROD00483,1,728.27,0.0,728.27
LINE00007391,ORD0002469,2,PROD00198,4,891.64,0.0,3566.56
LINE00007392,ORD0002469,3,PROD00332,5,992.48,0.0,4962.4
LINE00007393,ORD0002470,1,PROD00115,3,270.44,0.0,811.32
LINE00007394,ORD0002470,2,PROD00133,2,723.31,0.0,1446.62
LINE00007395,ORD0002471,1,PROD00265,2,727.4,290.96,1163.84
LINE00007396,ORD0002471,2,PROD00107,6,189.89,0.0,1139.34
LINE00007397,ORD0002471,3,PROD00125,3,846.41,126.96,2412.27
LINE00007398,ORD0002471,4,PROD00423,3,1069.93,160.49,3049.3
LINE00007399,ORD0002471,5,PROD00086,2,928.3,92.83,1763.77
LINE00007400,ORD0002472,1,PROD00391,4,129.47,51.79,466.09
LINE00007401,ORD0002472,2,PROD00216,6,283.96,0.0,1703.76
LINE00007402,ORD0002472,3,PROD00228,3,1070.84,0.0,3212.52
LINE00007403,ORD0002473,1,PROD00279,6,1116.11,0.0,6696.66
LINE00007404,ORD0002473,2,PROD00130,4,843.3,674.64,2698.56
LINE00007405,ORD0002473,3,PROD00269,1,284.34,0.0,284.34
LINE00007406,ORD0002473,4,PROD00085,1,19.82,3.96,15.86
LINE00007407,ORD0002474,1,PROD00364,6,348.3,104.49,1985.31
LINE00007408,ORD0002474,2,PROD00490,3,1083.01,649.81,2599.22
LINE00007409,ORD0002474,3,PROD00343,6,1145.78,343.73,6530.95
LINE00007410,ORD0002475,1,PROD00252,4,442.16,0.0,1768.64
LINE00007411,ORD0002475,2,PROD00469,2,583.54,58.35,1108.73
LINE00007412,ORD0002475,3,PROD00081,6,379.52,0.0,2277.12
LINE00007413,ORD0002475,4,PROD00105,5,139.97,0.0,699.85
LINE00007414,ORD0002476,1,PROD00150,3,884.32,132.65,2520.31
LINE00007415,ORD0002476,2,PROD00101,3,134.64,40.39,363.53
LINE00007416,ORD0002476,3,PROD00421,1,42.28,8.46,33.82
LINE00007417,ORD0002476,4,PROD00476,3,742.21,0.0,2226.63
LINE00007418,ORD0002477,1,PROD00122,2,308.5,0.0,617.0
LINE00007419,ORD0002477,2,PROD00492,1,703.21,0.0,703.21
LINE00007420,ORD0002477,3,PROD00104,6,611.12,0.0,3666.72
LINE00007421,ORD0002477,4,PROD00190,4,329.84,0.0,1319.36
LINE00007422,ORD0002477,5,PROD00304,4,512.45,0.0,2049.8
LINE00007423,ORD0002478,1,PROD00282,4,514.54,0.0,2058.16
LINE00007424,ORD0002479,1,PROD00139,6,347.85,208.71,1878.39
LINE00007425,ORD0002480,1,PROD00160,4,1155.52,0.0,4622.08
LINE00007426,ORD0002481,1,PROD00049,3,84.6,12.69,241.11
LINE00007427,ORD0002481,2,PROD00356,4,797.38,0.0,3189.52
LINE00007428,ORD0002481,3,PROD00071,2,1179.08,0.0,2358.16
LINE00007429,ORD0002481,4,PROD00296,5,606.55,0.0,3032.75
LINE00007430,ORD0002482,1,PROD00170,5,323.86,0.0,1619.3
LINE00007431,ORD0002482,2,PROD00244,3,907.16,0.0,2721.48
LINE00007432,ORD0002483,1,PROD00348,6,978.35,587.01,5283.09
LINE00007433,ORD0002483,2,PROD00011,5,174.22,87.11,783.99
LINE00007434,ORD0002483,3,PROD00351,2,855.66,171.13,1540.19
LINE00007435,ORD0002484,1,PROD00006,3,41.0,0.0,123.0
LINE00007436,ORD0002484,2,PROD00222,1,9.39,0.0,9.39
LINE00007437,ORD0002484,3,PROD00478,5,1190.16,595.08,5355.72
LINE00007438,ORD0002485,1,PROD00481,4,718.63,0.0,2874.52
LINE00007439,ORD0002485,2,PROD00463,6,521.53,0.0,3129.18
LINE00007440,ORD0002485,3,PROD00069,5,455.07,0.0,2275.35
LINE00007441,ORD0002485,4,PROD00422,6,187.69,0.0,1126.14
LINE00007442,ORD0002486,1,PROD00268,5,490.94,490.94,1963.76
LINE00007443,ORD0002486,2,PROD00257,5,956.07,956.07,3824.28
LINE00007444,ORD0002486,3,PROD00415,4,678.69,271.48,2443.28
LINE00007445,ORD0002486,4,PROD00120,4,1152.31,460.92,4148.32
LINE00007446,ORD0002487,1,PROD00318,5,1043.68,0.0,5218.4
LINE00007447,ORD0002487,2,PROD00437,4,1161.25,0.0,4645.0
LINE00007448,ORD0002487,3,PROD00413,3,571.07,0.0,1713.21
LINE00007449,ORD0002488,1,PROD00397,6,106.51,0.0,639.06
LINE00007450,ORD0002488,2,PROD00353,6,486.19,0.0,2917.14
LINE00007451,ORD0002489,1,PROD00161,5,346.45,0.0,1732.25
LINE00007452,ORD0002489,2,PROD00013,4,386.18,0.0,1544.72
LINE00007453,ORD0002489,3,PROD00158,1,97.42,0.0,97.42
LINE00007454,ORD0002489,4,PROD00092,3,554.05,0.0,1662.15
LINE00007455,ORD0002490,1,PROD00348,3,590.83,88.62,1683.87
LINE00007456,ORD0002490,2,PROD00262,5,838.2,0.0,4191.0
LINE00007457,ORD0002490,3,PROD00411,1,846.27,0.0,846.27
LINE00007458,ORD0002491,1,PROD00254,6,271.18,162.71,1464.37
LINE00007459,ORD0002492,1,PROD00440,4,1136.99,454.8,4093.16
LINE00007460,ORD0002493,1,PROD00371,6,86.09,51.65,464.89
LINE00007461,ORD0002493,2,PROD00453,2,957.71,383.08,1532.34
LINE00007462,ORD0002493,3,PROD00307,2,450.82,0.0,901.64
LINE00007463,ORD0002493,4,PROD00369,6,129.56,0.0,777.36
LINE00007464,ORD0002494,1,PROD00483,4,279.15,0.0,1116.6
LINE00007465,ORD0002494,2,PROD00070,2,225.17,90.07,360.27
LINE00007466,ORD0002494,3,PROD00233,4,1061.7,0.0,4246.8
LINE00007467,ORD0002495,1,PROD00491,3,176.98,53.09,477.85
LINE00007468,ORD0002495,2,PROD00400,6,852.63,511.58,4604.2
LINE00007469,ORD0002495,3,PROD00295,2,204.67,40.93,368.41
LINE00007470,ORD0002496,1,PROD00160,2,330.72,0.0,661.44
LINE00007471,ORD0002497,1,PROD00388,2,786.64,314.66,1258.62
LINE00007472,ORD0002497,2,PROD00361,1,864.31,0.0,864.31
LINE00007473,ORD0002497,3,PROD00208,5,328.48,0.0,1642.4
LINE00007474,ORD0002497,4,PROD00225,6,845.4,0.0,5072.4
LINE00007475,ORD0002497,5,PROD00012,5,423.5,0.0,2117.5
LINE00007476,ORD0002498,1,PROD00339,6,1124.22,0.0,6745.32
LINE00007477,ORD0002498,2,PROD00286,6,712.23,0.0,4273.38
LINE00007478,ORD0002499,1,PROD00138,4,838.27,0.0,3353.08
LINE00007479,ORD0002499,2,PROD00331,4,567.59,0.0,2270.36
LINE00007480,ORD0002499,3,PROD00319,5,872.76,0.0,4363.8
LINE00007481,ORD0002500,1,PROD00021,1,295.12,14.76,280.36
LINE00007482,ORD0002500,2,PROD00249,1,628.83,0.0,628.83
LINE00007483,ORD0002501,1,PROD00500,1,1092.12,0.0,1092.12
LINE00007484,ORD0002501,2,PROD00328,1,527.19,0.0,527.19
LINE00007485,ORD0002501,3,PROD00124,-3,576.01,-0.0,-1728.03
LINE00007486,ORD0002502,1,PROD00492,1,648.13,0.0,648.13
LINE00007487,ORD0002502,2,PROD00334,3,1042.77,156.42,2971.89
LINE00007488,ORD0002502,3,PROD00500,4,1000.4,0.0,4001.6
LINE00007489,ORD0002503,1,PROD00050,3,1084.01,0.0,3252.03
LINE00007490,ORD0002504,1,PROD00312,4,1134.98,0.0,4539.92
LINE00007491,ORD0002504,2,PROD00156,5,170.91,85.45,769.1
LINE00007492,ORD0002504,3,PROD00210,1,441.11,22.06,419.05
LINE00007493,ORD0002504,4,PROD00283,2,616.41,0.0,1232.82
LINE00007494,ORD0002504,5,PROD00180,6,734.21,440.53,3964.73
LINE00007495,ORD0002505,1,PROD00454,1,758.72,0.0,758.72
LINE00007496,ORD0002505,2,PROD00114,1,237.69,0.0,237.69
LINE00007497,ORD0002505,3,PROD00310,3,390.57,117.17,1054.54
LINE00007498,ORD0002506,1,PROD00006,2,718.97,0.0,1437.94
LINE00007499,ORD0002506,2,PROD00418,6,901.93,0.0,5411.58
LINE00007500,ORD0002506,3,PROD00214,4,23.92,19.14,76.54
LINE00007501,ORD0002507,1,PROD00437,2,7.67,0.0,15.34
LINE00007502,ORD0002507,2,PROD00252,2,1018.22,203.64,1832.8
LINE00007503,ORD0002507,3,PROD00238,2,743.68,74.37,1412.99
LINE00007504,ORD0002508,1,PROD00022,4,964.8,0.0,3859.2
LINE00007505,ORD0002509,1,PROD00381,6,968.92,0.0,5813.52
LINE00007506,ORD0002509,2,PROD00415,1,845.37,169.07,676.3
LINE00007507,ORD0002509,3,PROD00109,1,272.63,0.0,272.63
LINE00007508,ORD0002509,4,PROD00364,6,195.64,0.0,1173.84
LINE00007509,ORD0002510,1,PROD00370,2,242.59,24.26,460.92
LINE00007510,ORD0002510,2,PROD00360,3,385.76,57.86,1099.42
LINE00007511,ORD0002510,3,PROD00200,3,481.94,0.0,1445.82
LINE00007512,ORD0002511,1,PROD00438,6,377.66,0.0,2265.96
LINE00007513,ORD0002511,2,PROD00113,2,101.55,10.16,192.94
LINE00007514,ORD0002511,3,PROD00299,5,202.53,0.0,1012.65
LINE00007515,ORD0002511,4,PROD00489,4,1104.03,0.0,4416.12
LINE00007516,ORD0002512,1,PROD00143,5,765.35,0.0,3826.75
LINE00007517,ORD0002512,2,PROD00112,6,1136.54,0.0,6819.24
LINE00007518,ORD0002513,1,PROD00369,4,869.57,695.66,2782.62
LINE00007519,ORD0002513,2,PROD00195,1,718.76,71.88,646.88
LINE00007520,ORD0002513,3,PROD00299,6,69.78,20.93,397.75
LINE00007521,ORD0002513,4,PROD00003,2,698.71,0.0,1397.42
LINE00007522,ORD0002513,5,PROD00323,3,1142.4,0.0,3427.2
LINE00007523,ORD0002514,1,PROD00442,6,554.38,665.26,2661.02
LINE00007524,ORD0002515,1,PROD00388,5,994.21,248.55,4722.5
LINE00007525,ORD0002516,1,PROD00295,2,831.12,0.0,1662.24
LINE00007526,ORD0002516,2,PROD00375,6,794.57,0.0,4767.42
LINE00007527,ORD0002516,3,PROD00330,6,80.32,0.0,481.92
LINE00007528,ORD0002517,1,PROD00366,6,1023.98,0.0,6143.88
LINE00007529,ORD0002517,2,PROD00335,5,208.92,0.0,1044.6
LINE00007530,ORD0002518,1,PROD00141,2,330.25,132.1,528.4
LINE00007531,ORD0002518,2,PROD00361,6,726.32,0.0,4357.92
LINE00007532,ORD0002518,3,PROD00367,1,386.49,0.0,386.49
LINE00007533,ORD0002519,1,PROD00135,1,68.13,3.41,64.72
LINE00007534,ORD0002519,2,PROD00488,5,1106.17,0.0,5530.85
LINE00007535,ORD0002519,3,PROD00234,6,379.89,455.87,1823.47
LINE00007536,ORD0002519,4,PROD00095,5,700.4,700.4,2801.6
LINE00007537,ORD0002519,5,PROD00334,3,486.43,145.93,1313.36
LINE00007538,ORD0002520,1,PROD00487,6,322.75,0.0,1936.5
LINE00007539,ORD0002520,2,PROD00103,5,1104.03,276.01,5244.14
LINE00007540,ORD0002520,3,PROD00296,5,743.42,371.71,3345.39
LINE00007541,ORD0002520,4,PROD00095,4,613.19,0.0,2452.76
LINE00007542,ORD0002521,1,PROD00099,4,686.32,274.53,2470.75
LINE00007543,ORD0002521,2,PROD00229,1,45.55,0.0,45.55
LINE00007544,ORD0002521,3,PROD00379,4,339.17,0.0,1356.68
LINE00007545,ORD0002521,4,PROD00073,3,743.64,0.0,2230.92
LINE00007546,ORD0002522,1,PROD00460,2,1009.21,0.0,2018.42
LINE00007547,ORD0002522,2,PROD00173,5,1069.97,0.0,5349.85
LINE00007548,ORD0002522,3,PROD00193,3,103.44,0.0,310.32
LINE00007549,ORD0002522,4,PROD00495,4,950.2,760.16,3040.64
LINE00007550,ORD0002522,5,PROD00275,5,83.39,83.39,333.56
LINE00007551,ORD0002523,1,PROD00442,4,192.88,38.58,732.94
LINE00007552,ORD0002523,2,PROD00316,2,139.38,13.94,264.82
LINE00007553,ORD0002524,1,PROD00087,5,475.88,0.0,2379.4
LINE00007554,ORD0002525,1,PROD00211,5,485.77,0.0,2428.85
LINE00007555,ORD0002525,2,PROD00365,3,1014.82,0.0,3044.46
LINE00007556,ORD0002526,1,PROD00341,3,995.26,0.0,2985.78
LINE00007557,ORD0002526,2,PROD00160,1,900.71,0.0,900.71
LINE00007558,ORD0002527,1,PROD00345,4,504.18,403.34,1613.38
LINE00007559,ORD0002528,1,PROD00245,4,141.43,28.29,537.43
LINE00007560,ORD0002528,2,PROD00267,4,1012.16,0.0,4048.64
LINE00007561,ORD0002528,3,PROD00239,4,360.71,0.0,1442.84
LINE00007562,ORD0002528,4,PROD00023,1,329.7,0.0,329.7
LINE00007563,ORD0002528,5,PROD00411,6,654.64,196.39,3731.45
LINE00007564,ORD0002529,1,PROD00272,6,360.06,432.07,1728.29
LINE00007565,ORD0002529,2,PROD00304,4,230.34,184.27,737.09
LINE00007566,ORD0002529,3,PROD00360,6,325.34,0.0,1952.04
LINE00007567,ORD0002529,4,PROD00067,6,95.76,0.0,574.56
LINE00007568,ORD0002530,1,PROD00125,5,364.6,0.0,1823.0
LINE00007569,ORD0002530,2,PROD00063,6,391.39,0.0,2348.34
LINE00007570,ORD0002530,3,PROD00331,5,567.93,0.0,2839.65
LINE00007571,ORD0002530,4,PROD00318,6,419.29,0.0,2515.74
LINE00007572,ORD0002531,1,PROD00387,2,1086.8,0.0,2173.6
LINE00007573,ORD0002531,2,PROD00192,4,1038.43,830.74,3322.98
LINE00007574,ORD0002531,3,PROD00442,5,1039.92,0.0,5199.6
LINE00007575,ORD0002531,4,PROD00400,2,333.32,133.33,533.31
LINE00007576,ORD0002531,5,PROD00325,5,1008.04,0.0,5040.2
LINE00007577,ORD0002532,1,PROD00102,6,600.09,360.05,3240.49
LINE00007578,ORD0002533,1,PROD00209,2,321.66,0.0,643.32
LINE00007579,ORD0002533,2,PROD00165,2,1056.9,0.0,2113.8
LINE00007580,ORD0002533,3,PROD00256,6,906.21,543.73,4893.53
LINE00007581,ORD0002533,4,PROD00072,3,373.34,0.0,1120.02
LINE00007582,ORD0002533,5,PROD00108,5,139.23,0.0,696.15
LINE00007583,ORD0002534,1,PROD00442,2,576.86,0.0,1153.72
LINE00007584,ORD0002534,2,PROD00408,2,705.6,0.0,1411.2
LINE00007585,ORD0002535,1,PROD00410,5,128.62,32.16,610.94
LINE00007586,ORD0002536,1,PROD00133,5,905.54,226.38,4301.32
LINE00007587,ORD0002536,2,PROD00191,2,1087.64,217.53,1957.75
LINE00007588,ORD0002536,3,PROD00315,3,889.65,0.0,2668.95
LINE00007589,ORD0002537,1,PROD00121,5,512.01,512.01,2048.04
LINE00007590,ORD0002537,2,PROD00166,1,622.62,0.0,622.62
LINE00007591,ORD0002537,3,PROD00315,5,1172.19,0.0,5860.95
LINE00007592,ORD0002537,4,PROD00403,4,471.85,0.0,1887.4
LINE00007593,ORD0002537,5,PROD00103,6,358.95,107.69,2046.01
LINE00007594,ORD0002538,1,PROD00491,1,600.04,0.0,600.04
LINE00007595,ORD0002538,2,PROD00173,6,135.62,81.37,732.35
LINE00007596,ORD0002538,3,PROD00236,5,286.93,71.73,1362.92
LINE00007597,ORD0002539,1,PROD00343,2,265.59,53.12,478.06
LINE00007598,ORD0002539,2,PROD00292,6,313.06,0.0,1878.36
LINE00007599,ORD0002539,3,PROD00463,3,1195.05,717.03,2868.12
LINE00007600,ORD0002540,1,PROD00137,2,1092.51,437.0,1748.02
LINE00007601,ORD0002540,2,PROD00101,6,754.58,0.0,4527.48
LINE00007602,ORD0002541,1,PROD00396,1,474.91,47.49,427.42
LINE00007603,ORD0002541,2,PROD00112,3,1037.38,0.0,3112.14
LINE00007604,ORD0002541,3,PROD00083,6,623.45,0.0,3740.7
LINE00007605,ORD0002542,1,PROD00340,3,601.31,0.0,1803.93
LINE00007606,ORD0002542,2,PROD00003,2,570.64,114.13,1027.15
LINE00007607,ORD0002542,3,PROD00283,4,456.31,0.0,1825.24
LINE00007608,ORD0002543,1,PROD00406,6,1161.96,348.59,6623.17
LINE00007609,ORD0002543,2,PROD00264,5,829.16,207.29,3938.51
LINE00007610,ORD0002543,3,PROD00485,5,208.93,208.93,835.72
LINE00007611,ORD0002544,1,PROD00076,3,859.76,0.0,2579.28
LINE00007612,ORD0002544,2,PROD00379,4,921.12,0.0,3684.48
LINE00007613,ORD0002544,3,PROD00105,1,128.27,25.65,102.62
LINE00007614,ORD0002544,4,PROD00410,4,71.9,0.0,287.6
LINE00007615,ORD0002544,5,PROD00336,6,598.68,718.42,2873.66
LINE00007616,ORD0002545,1,PROD00364,3,372.84,55.93,1062.59
LINE00007617,ORD0002545,2,PROD00321,3,129.19,0.0,387.57
LINE00007618,ORD0002545,3,PROD00472,1,1005.14,0.0,1005.14
LINE00007619,ORD0002546,1,PROD00039,6,1159.69,347.91,6610.23
LINE00007620,ORD0002546,2,PROD00157,3,381.48,114.44,1030.0
LINE00007621,ORD0002547,1,PROD00088,2,767.37,153.47,1381.27
LINE00007622,ORD0002548,1,PROD00137,3,927.71,0.0,2783.13
LINE00007623,ORD0002548,2,PROD00005,6,45.28,54.34,217.34
LINE00007624,ORD0002549,1,PROD00177,6,150.04,0.0,900.24
LINE00007625,ORD0002550,1,PROD00376,6,366.76,0.0,2200.56
LINE00007626,ORD0002551,1,PROD00157,6,653.61,196.08,3725.58
LINE00007627,ORD0002551,2,PROD00500,3,607.32,364.39,1457.57
LINE00007628,ORD0002552,1,PROD00018,6,898.43,0.0,5390.58
LINE00007629,ORD0002553,1,PROD00183,6,275.63,0.0,1653.78
LINE00007630,ORD0002553,2,PROD00205,1,696.87,0.0,696.87
LINE00007631,ORD0002553,3,PROD00183,2,353.57,0.0,707.14
LINE00007632,ORD0002553,4,PROD00082,3,502.44,150.73,1356.59
LINE00007633,ORD0002554,1,PROD00354,4,504.12,0.0,2016.48
LINE00007634,ORD0002554,2,PROD00439,6,1012.84,607.7,5469.34
LINE00007635,ORD0002554,3,PROD00069,3,431.67,64.75,1230.26
LINE00007636,ORD0002555,1,PROD00352,1,447.79,0.0,447.79
LINE00007637,ORD0002555,2,PROD00072,1,463.24,0.0,463.24
LINE00007638,ORD0002556,1,PROD00224,5,365.6,182.8,1645.2
LINE00007639,ORD0002556,2,PROD00222,4,552.66,110.53,2100.11
LINE00007640,ORD0002556,3,PROD00025,6,150.02,0.0,900.12
LINE00007641,ORD0002556,4,PROD00206,2,696.95,69.7,1324.2
LINE00007642,ORD0002557,1,PROD00427,4,538.46,0.0,2153.84
LINE00007643,ORD0002557,2,PROD00319,3,797.85,119.68,2273.87
LINE00007644,ORD0002558,1,PROD00351,6,282.51,339.01,1356.05
LINE00007645,ORD0002558,2,PROD00196,5,231.38,57.85,1099.05
LINE00007646,ORD0002558,3,PROD00205,4,1056.34,0.0,4225.36
LINE00007647,ORD0002559,1,PROD00070,3,247.38,0.0,742.14
LINE00007648,ORD0002559,2,PROD00204,5,986.18,493.09,4437.81
LINE00007649,ORD0002560,1,PROD00244,5,782.19,391.1,3519.85
LINE00007650,ORD0002560,2,PROD00380,6,703.9,844.68,3378.72
LINE00007651,ORD0002561,1,PROD00321,3,729.56,0.0,2188.68
LINE00007652,ORD0002561,2,PROD00182,4,763.52,152.7,2901.38
LINE00007653,ORD0002561,3,PROD00267,1,263.91,0.0,263.91
LINE00007654,ORD0002561,4,PROD00242,6,458.27,0.0,2749.62
LINE00007655,ORD0002562,1,PROD00468,2,1025.4,205.08,1845.72
LINE00007656,ORD0002563,1,PROD00284,4,801.01,640.81,2563.23
LINE00007657,ORD0002563,2,PROD00027,3,362.84,217.7,870.82
LINE00007658,ORD0002563,3,PROD00127,4,704.51,0.0,2818.04
LINE00007659,ORD0002564,1,PROD00095,2,331.94,0.0,663.88
LINE00007660,ORD0002564,2,PROD00422,2,1056.17,0.0,2112.34
LINE00007661,ORD0002564,3,PROD00419,4,833.26,666.61,2666.43
LINE00007662,ORD0002564,4,PROD00294,5,392.44,98.11,1864.09
LINE00007663,ORD0002564,5,PROD00369,4,550.24,0.0,2200.96
LINE00007664,ORD0002565,1,PROD00236,4,1146.93,0.0,4587.72
LINE00007665,ORD0002566,1,PROD00363,1,855.5,0.0,855.5
LINE00007666,ORD0002566,2,PROD00007,1,272.31,0.0,272.31
LINE00007667,ORD0002566,3,PROD00210,1,1078.39,215.68,862.71
LINE00007668,ORD0002567,1,PROD00023,3,440.47,264.28,1057.13
LINE00007669,ORD0002568,1,PROD00343,4,612.47,122.49,2327.39
LINE00007670,ORD0002568,2,PROD00119,1,1098.6,0.0,1098.6
LINE00007671,ORD0002568,3,PROD00285,4,877.04,0.0,3508.16
LINE00007672,ORD0002569,1,PROD00206,6,288.51,86.55,1644.51
LINE00007673,ORD0002569,2,PROD00078,5,432.53,0.0,2162.65
LINE00007674,ORD0002569,3,PROD00388,5,498.86,0.0,2494.3
LINE00007675,ORD0002569,4,PROD00303,5,1026.63,1026.63,4106.52
LINE00007676,ORD0002570,1,PROD00042,5,378.72,94.68,1798.92
LINE00007677,ORD0002571,1,PROD00451,6,529.01,0.0,3174.06
LINE00007678,ORD0002571,2,PROD00217,6,119.99,71.99,647.95
LINE00007679,ORD0002571,3,PROD00270,4,342.86,0.0,1371.44
LINE00007680,ORD0002571,4,PROD00354,5,745.32,0.0,3726.6
LINE00007681,ORD0002572,1,PROD00008,1,790.43,39.52,750.91
LINE00007682,ORD0002572,2,PROD00146,1,670.07,0.0,670.07
LINE00007683,ORD0002572,3,PROD00117,2,439.65,87.93,791.37
LINE00007684,ORD0002573,1,PROD00001,6,1198.75,0.0,7192.5
LINE00007685,ORD0002573,2,PROD00018,1,503.09,25.15,477.94
LINE00007686,ORD0002573,3,PROD00013,6,538.6,161.58,3070.02
LINE00007687,ORD0002574,1,PROD00114,6,824.68,0.0,4948.08
LINE00007688,ORD0002574,2,PROD00235,1,42.66,8.53,34.13
LINE00007689,ORD0002575,1,PROD00246,3,109.74,0.0,329.22
LINE00007690,ORD0002575,2,PROD00380,3,909.53,0.0,2728.59
LINE00007691,ORD0002576,1,PROD00103,2,647.21,0.0,1294.42
LINE00007692,ORD0002577,1,PROD00405,5,1153.07,0.0,5765.35
LINE00007693,ORD0002578,1,PROD00444,1,148.12,14.81,133.31
LINE00007694,ORD0002578,2,PROD00448,1,650.5,32.52,617.98
LINE00007695,ORD0002578,3,PROD00233,6,425.39,0.0,2552.34
LINE00007696,ORD0002578,4,PROD00372,3,132.65,0.0,397.95
LINE00007697,ORD0002578,5,PROD00497,4,26.29,0.0,105.16
LINE00007698,ORD0002579,1,PROD00137,6,1049.11,314.73,5979.93
LINE00007699,ORD0002579,2,PROD00198,3,821.96,246.59,2219.29
LINE00007700,ORD0002579,3,PROD00326,1,988.91,98.89,890.02
LINE00007701,ORD0002579,4,PROD00388,6,1196.33,0.0,7177.98
LINE00007702,ORD0002580,1,PROD00275,4,184.84,0.0,739.36
LINE00007703,ORD0002581,1,PROD00475,4,604.97,483.98,1935.9
LINE00007704,ORD0002581,2,PROD00074,1,1008.0,100.8,907.2
LINE00007705,ORD0002581,3,PROD00179,3,1170.95,175.64,3337.21
LINE00007706,ORD0002581,4,PROD00161,3,183.42,0.0,550.26
LINE00007707,ORD0002581,5,PROD00434,2,973.4,0.0,1946.8
LINE00007708,ORD0002582,1,PROD00489,1,284.2,0.0,284.2
LINE00007709,ORD0002582,2,PROD00398,3,127.37,19.11,363.0
LINE00007710,ORD0002582,3,PROD00309,1,472.87,0.0,472.87
LINE00007711,ORD0002582,4,PROD00235,3,859.18,128.88,2448.66
LINE00007712,ORD0002582,5,PROD00390,2,231.59,0.0,463.18
LINE00007713,ORD0002583,1,PROD00352,3,132.02,0.0,396.06
LINE00007714,ORD0002583,2,PROD00107,1,535.84,0.0,535.84
LINE00007715,ORD0002583,3,PROD00344,5,1166.54,1166.54,4666.16
LINE00007716,ORD0002584,1,PROD00185,1,315.99,0.0,315.99
LINE00007717,ORD0002584,2,PROD00189,3,1197.44,179.62,3412.7
LINE00007718,ORD0002584,3,PROD00372,5,336.18,336.18,1344.72
LINE00007719,ORD0002585,1,PROD00373,3,1064.68,638.81,2555.23
LINE00007720,ORD0002585,2,PROD00218,4,493.84,0.0,1975.36
LINE00007721,ORD0002585,3,PROD00332,5,991.88,991.88,3967.52
LINE00007722,ORD0002585,4,PROD00479,3,936.71,140.51,2669.62
LINE00007723,ORD0002585,5,PROD00469,4,258.25,0.0,1033.0
LINE00007724,ORD0002586,1,PROD00201,1,849.72,42.49,807.23
LINE00007725,ORD0002586,2,PROD00103,1,576.82,0.0,576.82
LINE00007726,ORD0002587,1,PROD00247,4,367.54,0.0,1470.16
LINE00007727,ORD0002587,2,PROD00185,2,961.3,0.0,1922.6
LINE00007728,ORD0002588,1,PROD00415,1,354.88,35.49,319.39
LINE00007729,ORD0002588,2,PROD00278,5,397.19,0.0,1985.95
LINE00007730,ORD0002588,3,PROD00008,2,704.4,140.88,1267.92
LINE00007731,ORD0002589,1,PROD00029,1,16.83,0.0,16.83
LINE00007732,ORD0002589,2,PROD00349,2,457.26,91.45,823.07
LINE00007733,ORD0002589,3,PROD00309,1,20.56,0.0,20.56
LINE00007734,ORD0002589,4,PROD00120,5,41.01,41.01,164.04
LINE00007735,ORD0002589,5,PROD00388,5,1139.74,569.87,5128.83
LINE00007736,ORD0002590,1,PROD00308,2,369.78,0.0,739.56
LINE00007737,ORD0002590,2,PROD00232,1,511.02,0.0,511.02
LINE00007738,ORD0002590,3,PROD00464,6,572.58,0.0,3435.48
LINE00007739,ORD0002590,4,PROD00091,5,1124.3,281.07,5340.43
LINE00007740,ORD0002590,5,PROD00134,5,586.06,0.0,2930.3
LINE00007741,ORD0002591,1,PROD00485,1,813.01,81.3,731.71
LINE00007742,ORD0002591,2,PROD00341,6,607.15,0.0,3642.9
LINE00007743,ORD0002591,3,PROD00465,1,209.87,0.0,209.87
LINE00007744,ORD0002592,1,PROD00322,6,920.17,0.0,5521.02
LINE00007745,ORD0002592,2,PROD00149,2,737.95,73.8,1402.1
LINE00007746,ORD0002592,3,PROD00252,2,182.86,18.29,347.43
LINE00007747,ORD0002592,4,PROD00114,5,1189.87,594.93,5354.42
LINE00007748,ORD0002593,1,PROD00054,3,1028.73,0.0,3086.19
LINE00007749,ORD0002594,1,PROD00476,3,249.84,0.0,749.52
LINE00007750,ORD0002594,2,PROD00111,2,291.7,0.0,583.4
LINE00007751,ORD0002594,3,PROD00433,6,1061.65,0.0,6369.9
LINE00007752,ORD0002595,1,PROD00457,2,661.15,66.11,1256.19
LINE00007753,ORD0002595,2,PROD00070,6,619.12,0.0,3714.72
LINE00007754,ORD0002595,3,PROD00127,4,562.11,0.0,2248.44
LINE00007755,ORD0002595,4,PROD00306,3,506.97,0.0,1520.91
LINE00007756,ORD0002595,5,PROD00145,3,234.46,0.0,703.38
LINE00007757,ORD0002596,1,PROD00230,3,468.77,140.63,1265.68
LINE00007758,ORD0002596,2,PROD00183,5,654.02,0.0,3270.1
LINE00007759,ORD0002596,3,PROD00493,3,1133.84,0.0,3401.52
LINE00007760,ORD0002596,4,PROD00367,1,1111.17,222.23,888.94
LINE00007761,ORD0002597,1,PROD00405,3,1049.15,629.49,2517.96
LINE00007762,ORD0002597,2,PROD00264,4,721.61,0.0,2886.44
LINE00007763,ORD0002597,3,PROD00103,5,244.99,61.25,1163.7
LINE00007764,ORD0002598,1,PROD00284,4,123.01,24.6,467.44
LINE00007765,ORD0002598,2,PROD00440,6,634.85,0.0,3809.1
LINE00007766,ORD0002598,3,PROD00493,4,551.92,0.0,2207.68
LINE00007767,ORD0002599,1,PROD00201,6,521.23,312.74,2814.64
LINE00007768,ORD0002599,2,PROD00186,3,316.09,47.41,900.86
LINE00007769,ORD0002599,3,PROD00190,1,66.84,0.0,66.84
LINE00007770,ORD0002599,4,PROD00153,4,870.07,0.0,3480.28
LINE00007771,ORD0002599,5,PROD00431,1,568.34,0.0,568.34
LINE00007772,ORD0002600,1,PROD00163,2,102.22,0.0,204.44
LINE00007773,ORD0002600,2,PROD00406,3,297.76,178.66,714.62
LINE00007774,ORD0002600,3,PROD00260,1,233.57,0.0,233.57
LINE00007775,ORD0002601,1,PROD00323,6,316.84,190.1,1710.94
LINE00007776,ORD0002601,2,PROD00077,4,841.78,336.71,3030.41
LINE00007777,ORD0002602,1,PROD00456,5,126.83,126.83,507.32
LINE00007778,ORD0002602,2,PROD00229,5,1048.59,262.15,4980.8
LINE00007779,ORD0002603,1,PROD00486,3,1068.45,320.54,2884.81
LINE00007780,ORD0002603,2,PROD00307,3,733.47,440.08,1760.33
LINE00007781,ORD0002603,3,PROD00264,1,815.75,0.0,815.75
LINE00007782,ORD0002603,4,PROD00061,5,812.0,0.0,4060.0
LINE00007783,ORD0002603,5,PROD00432,4,523.17,209.27,1883.41
LINE00007784,ORD0002604,1,PROD00497,1,1125.1,0.0,1125.1
LINE00007785,ORD0002604,2,PROD00252,5,1044.55,0.0,5222.75
LINE00007786,ORD0002604,3,PROD00141,5,519.38,129.84,2467.06
LINE00007787,ORD0002604,4,PROD00203,4,944.21,755.37,3021.47
LINE00007788,ORD0002605,1,PROD00035,3,783.95,0.0,2351.85
LINE00007789,ORD0002606,1,PROD00122,4,30.73,0.0,122.92
LINE00007790,ORD0002606,2,PROD00388,3,1177.69,706.61,2826.46
LINE00007791,ORD0002606,3,PROD00256,5,20.64,20.64,82.56
LINE00007792,ORD0002606,4,PROD00488,5,931.61,0.0,4658.05
LINE00007793,ORD0002606,5,PROD00012,1,838.85,0.0,838.85
LINE00007794,ORD0002607,1,PROD00155,4,545.02,0.0,2180.08
LINE00007795,ORD0002607,2,PROD00260,6,560.46,0.0,3362.76
LINE00007796,ORD0002607,3,PROD00248,2,477.58,0.0,955.16
LINE00007797,ORD0002607,4,PROD00193,3,808.41,0.0,2425.23
LINE00007798,ORD0002608,1,PROD00023,2,797.07,0.0,1594.14
LINE00007799,ORD0002608,2,PROD00223,6,540.01,162.0,3078.06
LINE00007800,ORD0002609,1,PROD00378,1,678.39,67.84,610.55
LINE00007801,ORD0002609,2,PROD00380,2,1131.17,226.23,2036.11
LINE00007802,ORD0002610,1,PROD00118,6,826.56,495.94,4463.42
LINE00007803,ORD0002610,2,PROD00402,1,94.58,9.46,85.12
LINE00007804,ORD0002611,1,PROD00034,5,534.44,133.61,2538.59
LINE00007805,ORD0002611,2,PROD00248,5,706.46,0.0,3532.3
LINE00007806,ORD0002611,3,PROD00040,3,147.86,22.18,421.4
LINE00007807,ORD0002612,1,PROD00448,3,1029.14,0.0,3087.42
LINE00007808,ORD0002612,2,PROD00417,2,346.11,69.22,623.0
LINE00007809,ORD0002612,3,PROD00208,4,386.45,309.16,1236.64
LINE00007810,ORD0002613,1,PROD00375,2,1087.09,0.0,2174.18
LINE00007811,ORD0002613,2,PROD00239,1,920.0,0.0,920.0
LINE00007812,ORD0002613,3,PROD00226,4,465.74,0.0,1862.96
LINE00007813,ORD0002613,4,PROD00213,5,114.57,0.0,572.85
LINE00007814,ORD0002614,1,PROD00263,3,336.06,100.82,907.36
LINE00007815,ORD0002615,1,PROD00003,4,724.44,0.0,2897.76
LINE00007816,ORD0002615,2,PROD00153,2,709.9,0.0,1419.8
LINE00007817,ORD0002615,3,PROD00125,5,150.68,0.0,753.4
LINE00007818,ORD0002616,1,PROD00394,3,769.0,0.0,2307.0
LINE00007819,ORD0002616,2,PROD00244,5,230.8,230.8,923.2
LINE00007820,ORD0002617,1,PROD00222,6,160.03,0.0,960.18
LINE00007821,ORD0002617,2,PROD00050,3,1168.14,350.44,3153.98
LINE00007822,ORD0002617,3,PROD00399,1,436.52,87.3,349.22
LINE00007823,ORD0002618,1,PROD00199,5,907.9,0.0,4539.5
LINE00007824,ORD0002618,2,PROD00335,6,535.27,321.16,2890.46
LINE00007825,ORD0002618,3,PROD00311,5,413.24,103.31,1962.89
LINE00007826,ORD0002618,4,PROD00200,2,1180.98,0.0,2361.96
LINE00007827,ORD0002619,1,PROD00280,5,1081.92,1081.92,4327.68
LINE00007828,ORD0002619,2,PROD00253,2,316.98,0.0,633.96
LINE00007829,ORD0002620,1,PROD00035,5,593.83,0.0,2969.15
LINE00007830,ORD0002620,2,PROD00264,1,818.34,163.67,654.67
LINE00007831,ORD0002621,1,PROD00410,3,64.61,0.0,193.83
LINE00007832,ORD0002621,2,PROD00048,2,337.99,0.0,675.98
LINE00007833,ORD0002622,1,PROD00442,2,118.21,23.64,212.78
LINE00007834,ORD0002623,1,PROD00301,5,632.44,0.0,3162.2
LINE00007835,ORD0002623,2,PROD00451,1,314.93,0.0,314.93
LINE00007836,ORD0002624,1,PROD00472,1,775.89,0.0,775.89
LINE00007837,ORD0002624,2,PROD00091,3,1096.35,0.0,3289.05
LINE00007838,ORD0002624,3,PROD00360,1,188.85,18.89,169.96
LINE00007839,ORD0002624,4,PROD00099,3,786.7,0.0,2360.1
LINE00007840,ORD0002625,1,PROD00111,6,334.98,401.98,1607.9
LINE00007841,ORD0002625,2,PROD00031,6,733.66,0.0,4401.96
LINE00007842,ORD0002626,1,PROD00057,5,1166.35,1166.35,4665.4
LINE00007843,ORD0002626,2,PROD00430,1,399.74,0.0,399.74
LINE00007844,ORD0002626,3,PROD00340,5,702.51,702.51,2810.04
LINE00007845,ORD0002626,4,PROD00377,5,853.91,853.91,3415.64
LINE00007846,ORD0002627,1,PROD00043,6,651.01,781.21,3124.85
LINE00007847,ORD0002628,1,PROD00125,6,1199.37,0.0,7196.22
LINE00007848,ORD0002628,2,PROD00191,2,485.23,0.0,970.46
LINE00007849,ORD0002628,3,PROD00238,1,886.69,0.0,886.69
LINE00007850,ORD0002628,4,PROD00163,2,618.04,0.0,1236.08
LINE00007851,ORD0002629,1,PROD00218,3,756.03,0.0,2268.09
LINE00007852,ORD0002629,2,PROD00147,4,1067.35,426.94,3842.46
LINE00007853,ORD0002630,1,PROD00004,3,348.85,209.31,837.24
LINE00007854,ORD0002631,1,PROD00142,3,505.59,75.84,1440.93
LINE00007855,ORD0002631,2,PROD00407,3,386.38,0.0,1159.14
LINE00007856,ORD0002631,3,PROD00062,4,668.96,0.0,2675.84
LINE00007857,ORD0002631,4,PROD00368,5,583.89,0.0,2919.45
LINE00007858,ORD0002631,5,PROD00003,3,112.08,0.0,336.24
LINE00007859,ORD0002632,1,PROD00215,2,359.63,71.93,647.33
LINE00007860,ORD0002632,2,PROD00474,1,213.9,42.78,171.12
LINE00007861,ORD0002632,3,PROD00194,5,1137.2,0.0,5686.0
LINE00007862,ORD0002632,4,PROD00392,2,822.08,0.0,1644.16
LINE00007863,ORD0002633,1,PROD00188,1,654.17,0.0,654.17
LINE00007864,ORD0002633,2,PROD00209,4,714.38,142.88,2714.64
LINE00007865,ORD0002633,3,PROD00240,3,1111.27,0.0,3333.81
LINE00007866,ORD0002633,4,PROD00019,5,859.22,0.0,4296.1
LINE00007867,ORD0002634,1,PROD00325,5,849.0,849.0,3396.0
LINE00007868,ORD0002634,2,PROD00081,3,555.67,0.0,1667.01
LINE00007869,ORD0002634,3,PROD00400,2,908.57,0.0,1817.14
LINE00007870,ORD0002634,4,PROD00356,2,1003.2,401.28,1605.12
LINE00007871,ORD0002635,1,PROD00092,6,1056.11,0.0,6336.66
LINE00007872,ORD0002635,2,PROD00423,2,204.77,0.0,409.54
LINE00007873,ORD0002635,3,PROD00362,1,946.16,0.0,946.16
LINE00007874,ORD0002636,1,PROD00055,3,739.33,0.0,2217.99
LINE00007875,ORD0002636,2,PROD00260,6,1153.39,1384.07,5536.27
LINE00007876,ORD0002637,1,PROD00443,2,105.04,0.0,210.08
LINE00007877,ORD0002637,2,PROD00039,1,904.95,0.0,904.95
LINE00007878,ORD0002638,1,PROD00359,1,664.21,0.0,664.21
LINE00007879,ORD0002639,1,PROD00199,5,680.73,0.0,3403.65
LINE00007880,ORD0002639,2,PROD00404,4,963.17,385.27,3467.41
LINE00007881,ORD0002639,3,PROD00203,6,1012.31,0.0,6073.86
LINE00007882,ORD0002639,4,PROD00013,1,854.47,0.0,854.47
LINE00007883,ORD0002639,5,PROD00346,5,870.05,0.0,4350.25
LINE00007884,ORD0002640,1,PROD00201,2,1069.42,213.88,1924.96
LINE00007885,ORD0002640,2,PROD00080,1,485.94,48.59,437.35
LINE00007886,ORD0002640,3,PROD00135,1,582.79,0.0,582.79
LINE00007887,ORD0002641,1,PROD00129,6,24.55,7.37,139.93
LINE00007888,ORD0002641,2,PROD00089,5,803.63,0.0,4018.15
LINE00007889,ORD0002641,3,PROD00136,2,359.48,71.9,647.06
LINE00007890,ORD0002641,4,PROD00297,6,729.25,437.55,3937.95
LINE00007891,ORD0002642,1,PROD00062,4,1068.94,427.58,3848.18
LINE00007892,ORD0002642,2,PROD00203,4,40.59,8.12,154.24
LINE00007893,ORD0002642,3,PROD00215,5,350.32,350.32,1401.28
LINE00007894,ORD0002642,4,PROD00014,3,816.54,122.48,2327.14
LINE00007895,ORD0002643,1,PROD00179,3,155.6,46.68,420.12
LINE00007896,ORD0002644,1,PROD00153,4,297.54,0.0,1190.16
LINE00007897,ORD0002645,1,PROD00499,6,1167.5,1401.0,5604.0
LINE00007898,ORD0002646,1,PROD00171,4,633.28,506.62,2026.5
LINE00007899,ORD0002646,2,PROD00161,2,36.29,0.0,72.58
LINE00007900,ORD0002646,3,PROD00331,4,561.06,0.0,2244.24
LINE00007901,ORD0002646,4,PROD00477,5,618.11,618.11,2472.44
LINE00007902,ORD0002647,1,PROD00125,5,1129.22,282.31,5363.79
LINE00007903,ORD0002648,1,PROD00108,6,364.06,436.87,1747.49
LINE00007904,ORD0002648,2,PROD00476,2,385.8,77.16,694.44
LINE00007905,ORD0002649,1,PROD00463,1,1044.31,0.0,1044.31
LINE00007906,ORD0002649,2,PROD00473,4,315.53,126.21,1135.91
LINE00007907,ORD0002649,3,PROD00074,6,855.44,256.63,4876.01
LINE00007908,ORD0002650,1,PROD00189,6,939.58,563.75,5073.73
LINE00007909,ORD0002650,2,PROD00174,2,1095.83,0.0,2191.66
LINE00007910,ORD0002650,3,PROD00171,4,800.75,0.0,3203.0
LINE00007911,ORD0002650,4,PROD00375,6,692.85,415.71,3741.39
LINE00007912,ORD0002651,1,PROD00033,2,1054.26,421.7,1686.82
LINE00007913,ORD0002651,2,PROD00206,5,557.02,0.0,2785.1
LINE00007914,ORD0002652,1,PROD00272,4,251.89,201.51,806.05
LINE00007915,ORD0002652,2,PROD00024,2,449.55,89.91,809.19
LINE00007916,ORD0002652,3,PROD00327,2,929.17,92.92,1765.42
LINE00007917,ORD0002653,1,PROD00225,1,969.53,96.95,872.58
LINE00007918,ORD0002653,2,PROD00048,6,498.66,299.2,2692.76
LINE00007919,ORD0002653,3,PROD00012,2,610.18,0.0,1220.36
LINE00007920,ORD0002653,4,PROD00256,2,778.2,155.64,1400.76
LINE00007921,ORD0002654,1,PROD00302,1,214.37,21.44,192.93
LINE00007922,ORD0002654,2,PROD00171,5,282.76,70.69,1343.11
LINE00007923,ORD0002654,3,PROD00378,6,870.59,0.0,5223.54
LINE00007924,ORD0002655,1,PROD00162,1,734.32,73.43,660.89
LINE00007925,ORD0002655,2,PROD00082,4,669.92,267.97,2411.71
LINE00007926,ORD0002656,1,PROD00095,5,328.94,0.0,1644.7
LINE00007927,ORD0002656,2,PROD00194,1,617.29,123.46,493.83
LINE00007928,ORD0002656,3,PROD00233,3,155.72,0.0,467.16
LINE00007929,ORD0002657,1,PROD00025,3,1003.21,150.48,2859.15
LINE00007930,ORD0002657,2,PROD00458,2,427.46,42.75,812.17
LINE00007931,ORD0002657,3,PROD00488,2,572.71,114.54,1030.88
LINE00007932,ORD0002657,4,PROD00339,1,112.34,22.47,89.87
LINE00007933,ORD0002658,1,PROD00225,5,68.46,34.23,308.07
LINE00007934,ORD0002658,2,PROD00089,2,1026.24,0.0,2052.48
LINE00007935,ORD0002658,3,PROD00432,6,603.03,0.0,3618.18
LINE00007936,ORD0002658,4,PROD00449,4,907.05,362.82,3265.38
LINE00007937,ORD0002659,1,PROD00383,3,669.35,0.0,2008.05
LINE00007938,ORD0002659,2,PROD00385,1,629.11,0.0,629.11
LINE00007939,ORD0002659,3,PROD00497,2,631.19,0.0,1262.38
LINE00007940,ORD0002659,4,PROD00076,5,635.89,158.97,3020.48
LINE00007941,ORD0002660,1,PROD00223,1,456.03,22.8,433.23
LINE00007942,ORD0002660,2,PROD00317,5,195.25,195.25,781.0
LINE00007943,ORD0002660,3,PROD00076,5,920.18,230.04,4370.86
LINE00007944,ORD0002660,4,PROD00054,5,217.9,0.0,1089.5
LINE00007945,ORD0002661,1,PROD00260,4,604.13,120.83,2295.69
LINE00007946,ORD0002661,2,PROD00276,1,319.47,31.95,287.52
LINE00007947,ORD0002661,3,PROD00083,4,615.81,246.32,2216.92
LINE00007948,ORD0002661,4,PROD00203,3,966.03,289.81,2608.28
LINE00007949,ORD0002661,5,PROD00152,4,830.9,664.72,2658.88
LINE00007950,ORD0002662,1,PROD00321,5,432.26,0.0,2161.3
LINE00007951,ORD0002663,1,PROD00088,4,87.89,17.58,333.98
LINE00007952,ORD0002663,2,PROD00430,4,685.54,137.11,2605.05
LINE00007953,ORD0002663,3,PROD00071,2,968.94,193.79,1744.09
LINE00007954,ORD0002664,1,PROD00171,4,516.52,0.0,2066.08
LINE00007955,ORD0002664,2,PROD00221,3,1087.72,0.0,3263.16
LINE00007956,ORD0002664,3,PROD00118,3,729.9,218.97,1970.73
LINE00007957,ORD0002665,1,PROD00305,3,244.01,0.0,732.03
LINE00007958,ORD0002666,1,PROD00278,3,278.44,0.0,835.32
LINE00007959,ORD0002666,2,PROD00055,5,1049.43,0.0,5247.15
LINE00007960,ORD0002666,3,PROD00128,6,1195.36,1434.43,5737.73
LINE00007961,ORD0002666,4,PROD00370,1,395.87,39.59,356.28
LINE00007962,ORD0002666,5,PROD00135,4,920.46,0.0,3681.84
LINE00007963,ORD0002667,1,PROD00258,2,976.22,390.49,1561.95
LINE00007964,ORD0002667,2,PROD00056,5,58.13,14.53,276.12
LINE00007965,ORD0002667,3,PROD00089,5,128.95,0.0,644.75
LINE00007966,ORD0002667,4,PROD00440,3,1134.21,340.26,3062.37
LINE00007967,ORD0002667,5,PROD00382,6,514.27,154.28,2931.34
LINE00007968,ORD0002668,1,PROD00469,6,496.54,595.85,2383.39
LINE00007969,ORD0002668,2,PROD00336,4,125.94,25.19,478.57
LINE00007970,ORD0002668,3,PROD00154,3,1040.52,0.0,3121.56
LINE00007971,ORD0002669,1,PROD00265,5,551.0,0.0,2755.0
LINE00007972,ORD0002670,1,PROD00336,1,1148.66,0.0,1148.66
LINE00007973,ORD0002670,2,PROD00134,5,279.94,69.98,1329.72
LINE00007974,ORD0002670,3,PROD00420,6,799.42,0.0,4796.52
LINE00007975,ORD0002670,4,PROD00157,1,1185.84,0.0,1185.84
LINE00007976,ORD0002671,1,PROD00029,5,1015.06,1015.06,4060.24
LINE00007977,ORD0002672,1,PROD00100,6,909.01,0.0,5454.06
LINE00007978,ORD0002673,1,PROD00365,4,1132.42,905.94,3623.74
LINE00007979,ORD0002674,1,PROD00120,5,372.08,93.02,1767.38
LINE00007980,ORD0002674,2,PROD00166,3,633.82,0.0,1901.46
LINE00007981,ORD0002674,3,PROD00262,6,516.97,310.18,2791.64
LINE00007982,ORD0002674,4,PROD00150,4,724.64,0.0,2898.56
LINE00007983,ORD0002674,5,PROD00284,1,1080.58,0.0,1080.58
LINE00007984,ORD0002675,1,PROD00278,-3,1110.5,-0.0,-3331.5
LINE00007985,ORD0002675,2,PROD00244,6,321.21,0.0,1927.26
LINE00007986,ORD0002675,3,PROD00015,1,533.72,26.69,507.03
LINE00007987,ORD0002675,4,PROD00421,2,1038.06,0.0,2076.12
LINE00007988,ORD0002676,1,PROD00260,1,339.17,0.0,339.17
LINE00007989,ORD0002677,1,PROD00355,4,759.69,151.94,2886.82
LINE00007990,ORD0002677,2,PROD00086,1,934.78,93.48,841.3
LINE00007991,ORD0002678,1,PROD00140,4,744.89,148.98,2830.58
LINE00007992,ORD0002679,1,PROD00450,4,29.18,0.0,116.72
LINE00007993,ORD0002679,2,PROD00001,4,957.9,0.0,3831.6
LINE00007994,ORD0002679,3,PROD00273,3,44.45,0.0,133.35
LINE00007995,ORD0002679,4,PROD00033,1,1058.84,0.0,1058.84
LINE00007996,ORD0002680,1,PROD00353,6,186.69,0.0,1120.14
LINE00007997,ORD0002680,2,PROD00063,4,226.17,0.0,904.68
LINE00007998,ORD0002680,3,PROD00427,5,725.94,181.49,3448.21
LINE00007999,ORD0002680,4,PROD00384,5,671.89,0.0,3359.45
LINE00008000,ORD0002680,5,PROD00028,6,729.88,437.93,3941.35
LINE00008001,ORD0002681,1,PROD00377,2,298.92,29.89,567.95
LINE00008002,ORD0002681,2,PROD00361,6,1015.25,0.0,6091.5
LINE00008003,ORD0002681,3,PROD00174,3,422.26,0.0,1266.78
LINE00008004,ORD0002682,1,PROD00361,6,752.23,0.0,4513.38
LINE00008005,ORD0002683,1,PROD00330,5,817.88,0.0,4089.4
LINE00008006,ORD0002683,2,PROD00065,3,1017.62,0.0,3052.86
LINE00008007,ORD0002683,3,PROD00320,1,203.99,0.0,203.99
LINE00008008,ORD0002683,4,PROD00014,6,1005.28,0.0,6031.68
LINE00008009,ORD0002684,1,PROD00447,4,1082.29,865.83,3463.33
LINE00008010,ORD0002684,2,PROD00078,2,415.66,0.0,831.32
LINE00008011,ORD0002684,3,PROD00473,3,507.05,0.0,1521.15
LINE00008012,ORD0002684,4,PROD00353,6,614.04,0.0,3684.24
LINE00008013,ORD0002685,1,PROD00233,1,153.55,0.0,153.55
LINE00008014,ORD0002685,2,PROD00328,4,370.71,0.0,1482.84
LINE00008015,ORD0002685,3,PROD00078,4,1098.52,219.7,4174.38
LINE00008016,ORD0002685,4,PROD00373,1,347.2,0.0,347.2
LINE00008017,ORD0002686,1,PROD00265,5,370.53,370.53,1482.12
LINE00008018,ORD0002686,2,PROD00246,6,753.48,0.0,4520.88
LINE00008019,ORD0002686,3,PROD00386,6,99.72,119.66,478.66
LINE00008020,ORD0002686,4,PROD00216,6,689.19,0.0,4135.14
LINE00008021,ORD0002686,5,PROD00165,6,121.95,146.34,585.36
LINE00008022,ORD0002687,1,PROD00432,5,1183.75,1183.75,4735.0
LINE00008023,ORD0002687,2,PROD00450,6,482.41,0.0,2894.46
LINE00008024,ORD0002687,3,PROD00169,3,804.45,0.0,2413.35
LINE00008025,ORD0002687,4,PROD00326,6,40.28,0.0,241.68
LINE00008026,ORD0002688,1,PROD00007,3,1050.22,0.0,3150.66
LINE00008027,ORD0002688,2,PROD00249,3,811.09,0.0,2433.27
LINE00008028,ORD0002688,3,PROD00172,2,770.87,77.09,1464.65
LINE00008029,ORD0002689,1,PROD00270,1,128.33,0.0,128.33
LINE00008030,ORD0002689,2,PROD00118,6,507.9,0.0,3047.4
LINE00008031,ORD0002689,3,PROD00265,1,915.43,91.54,823.89
LINE00008032,ORD0002689,4,PROD00230,2,734.87,0.0,1469.74
LINE00008033,ORD0002689,5,PROD00050,1,113.08,0.0,113.08
LINE00008034,ORD0002690,1,PROD00382,1,794.47,79.45,715.02
LINE00008035,ORD0002690,2,PROD00153,6,869.56,521.74,4695.62
LINE00008036,ORD0002690,3,PROD00167,2,420.27,0.0,840.54
LINE00008037,ORD0002690,4,PROD00231,2,1046.69,0.0,2093.38
LINE00008038,ORD0002691,1,PROD00427,5,364.22,0.0,1821.1
LINE00008039,ORD0002692,1,PROD00301,3,750.26,225.08,2025.7
LINE00008040,ORD0002692,2,PROD00492,3,783.39,0.0,2350.17
LINE00008041,ORD0002692,3,PROD00375,3,9.36,0.0,28.08
LINE00008042,ORD0002692,4,PROD00311,5,700.44,350.22,3151.98
LINE00008043,ORD0002693,1,PROD00419,6,797.35,0.0,4784.1
LINE00008044,ORD0002693,2,PROD00439,1,775.45,0.0,775.45
LINE00008045,ORD0002694,1,PROD00097,6,828.36,248.51,4721.65
LINE00008046,ORD0002694,2,PROD00357,1,608.08,60.81,547.27
LINE00008047,ORD0002694,3,PROD00071,6,577.07,173.12,3289.3
LINE00008048,ORD0002694,4,PROD00278,6,987.46,0.0,5924.76
LINE00008049,ORD0002694,5,PROD00489,5,278.42,139.21,1252.89
LINE00008050,ORD0002695,1,PROD00041,3,296.41,88.92,800.31
LINE00008051,ORD0002695,2,PROD00116,1,218.14,10.91,207.23
LINE00008052,ORD0002695,3,PROD00148,5,656.94,164.24,3120.46
LINE00008053,ORD0002695,4,PROD00133,5,266.85,0.0,1334.25
LINE00008054,ORD0002695,5,PROD00007,5,744.77,186.19,3537.66
LINE00008055,ORD0002696,1,PROD00186,3,1036.69,0.0,3110.07
LINE00008056,ORD0002696,2,PROD00080,2,642.36,0.0,1284.72
LINE00008057,ORD0002696,3,PROD00016,2,778.65,0.0,1557.3
LINE00008058,ORD0002696,4,PROD00397,5,149.29,0.0,746.45
LINE00008059,ORD0002697,1,PROD00439,6,681.74,204.52,3885.92
LINE00008060,ORD0002697,2,PROD00074,3,1082.6,324.78,2923.02
LINE00008061,ORD0002697,3,PROD00287,4,599.05,0.0,2396.2
LINE00008062,ORD0002697,4,PROD00266,2,531.8,106.36,957.24
LINE00008063,ORD0002697,5,PROD00239,4,454.77,0.0,1819.08
LINE00008064,ORD0002698,1,PROD00429,5,916.39,0.0,4581.95
LINE00008065,ORD0002698,2,PROD00056,3,150.69,0.0,452.07
LINE00008066,ORD0002698,3,PROD00298,3,527.12,0.0,1581.36
LINE00008067,ORD0002698,4,PROD00257,5,266.76,266.76,1067.04
LINE00008068,ORD0002698,5,PROD00136,4,892.48,0.0,3569.92
LINE00008069,ORD0002699,1,PROD00197,5,585.09,0.0,2925.45
LINE00008070,ORD0002699,2,PROD00269,2,786.3,0.0,1572.6
LINE00008071,ORD0002699,3,PROD00148,3,900.31,270.09,2430.84
LINE00008072,ORD0002700,1,PROD00133,5,93.36,93.36,373.44
LINE00008073,ORD0002700,2,PROD00369,3,587.02,176.11,1584.95
LINE00008074,ORD0002700,3,PROD00453,4,271.98,108.79,979.13
LINE00008075,ORD0002700,4,PROD00016,4,1127.16,450.86,4057.78
LINE00008076,ORD0002700,5,PROD00155,3,62.86,9.43,179.15
LINE00008077,ORD0002701,1,PROD00151,1,152.31,0.0,152.31
LINE00008078,ORD0002701,2,PROD00380,4,979.79,391.92,3527.24
LINE00008079,ORD0002701,3,PROD00335,4,898.54,0.0,3594.16
LINE00008080,ORD0002702,1,PROD00461,1,911.64,0.0,911.64
LINE00008081,ORD0002703,1,PROD00440,2,412.44,0.0,824.88
LINE00008082,ORD0002704,1,PROD00326,3,1165.49,174.82,3321.65
LINE00008083,ORD0002704,2,PROD00066,2,638.27,0.0,1276.54
LINE00008084,ORD0002704,3,PROD00253,3,751.16,225.35,2028.13
LINE00008085,ORD0002704,4,PROD00218,6,608.03,0.0,3648.18
LINE00008086,ORD0002705,1,PROD00312,6,809.35,0.0,4856.1
LINE00008087,ORD0002706,1,PROD00189,3,865.26,519.16,2076.62
LINE00008088,ORD0002706,2,PROD00095,6,433.76,260.26,2342.3
LINE00008089,ORD0002706,3,PROD00323,5,89.52,22.38,425.22
LINE00008090,ORD0002706,4,PROD00086,1,561.37,112.27,449.1
LINE00008091,ORD0002706,5,PROD00292,4,42.11,16.84,151.6
LINE00008092,ORD0002707,1,PROD00400,2,619.36,61.94,1176.78
LINE00008093,ORD0002708,1,PROD00351,1,583.95,0.0,583.95
LINE00008094,ORD0002708,2,PROD00223,5,298.16,0.0,1490.8
LINE00008095,ORD0002709,1,PROD00259,4,509.71,203.88,1834.96
LINE00008096,ORD0002709,2,PROD00253,3,938.15,281.44,2533.01
LINE00008097,ORD0002709,3,PROD00045,5,348.91,0.0,1744.55
LINE00008098,ORD0002709,4,PROD00067,4,236.19,0.0,944.76
LINE00008099,ORD0002709,5,PROD00143,1,492.45,0.0,492.45
LINE00008100,ORD0002710,1,PROD00449,1,559.02,0.0,559.02
LINE00008101,ORD0002710,2,PROD00429,4,344.72,0.0,1378.88
LINE00008102,ORD0002710,3,PROD00293,5,816.05,204.01,3876.24
LINE00008103,ORD0002710,4,PROD00258,2,1028.32,0.0,2056.64
LINE00008104,ORD0002710,5,PROD00490,4,893.42,0.0,3573.68
LINE00008105,ORD0002711,1,PROD00495,3,168.54,0.0,505.62
LINE00008106,ORD0002711,2,PROD00029,3,25.09,0.0,75.27
LINE00008107,ORD0002712,1,PROD00323,1,426.85,42.69,384.16
LINE00008108,ORD0002712,2,PROD00146,2,854.37,341.75,1366.99
LINE00008109,ORD0002712,3,PROD00416,3,72.93,10.94,207.85
LINE00008110,ORD0002712,4,PROD00092,2,450.78,90.16,811.4
LINE00008111,ORD0002712,5,PROD00089,6,463.87,278.32,2504.9
LINE00008112,ORD0002713,1,PROD00437,6,1099.13,1318.96,5275.82
LINE00008113,ORD0002713,2,PROD00242,6,198.57,0.0,1191.42
LINE00008114,ORD0002713,3,PROD00045,3,104.95,0.0,314.85
LINE00008115,ORD0002714,1,PROD00092,5,782.78,782.78,3131.12
LINE00008116,ORD0002714,2,PROD00029,6,611.18,0.0,3667.08
LINE00008117,ORD0002714,3,PROD00220,2,86.04,0.0,172.08
LINE00008118,ORD0002714,4,PROD00297,6,110.07,66.04,594.38
LINE00008119,ORD0002714,5,PROD00080,5,942.21,0.0,4711.05
LINE00008120,ORD0002715,1,PROD00228,5,818.87,818.87,3275.48
LINE00008121,ORD0002715,2,PROD00330,6,339.75,407.7,1630.8
LINE00008122,ORD0002716,1,PROD00075,3,118.36,0.0,355.08
LINE00008123,ORD0002716,2,PROD00338,4,507.47,405.98,1623.9
LINE00008124,ORD0002716,3,PROD00417,1,1158.1,57.91,1100.19
LINE00008125,ORD0002717,1,PROD00476,4,518.01,103.6,1968.44
LINE00008126,ORD0002717,2,PROD00333,6,487.02,0.0,2922.12
LINE00008127,ORD0002717,3,PROD00468,6,156.72,0.0,940.32
LINE00008128,ORD0002717,4,PROD00053,4,49.92,9.98,189.7
LINE00008129,ORD0002717,5,PROD00346,2,1126.23,0.0,2252.46
LINE00008130,ORD0002718,1,PROD00466,5,191.39,0.0,956.95
LINE00008131,ORD0002718,2,PROD00318,2,110.19,22.04,198.34
LINE00008132,ORD0002718,3,PROD00046,5,602.93,0.0,3014.65
LINE00008133,ORD0002718,4,PROD00347,5,888.9,888.9,3555.6
LINE00008134,ORD0002718,5,PROD00103,1,419.87,0.0,419.87
LINE00008135,ORD0002719,1,PROD00468,1,787.48,39.37,748.11
LINE00008136,ORD0002720,1,PROD00495,3,934.75,0.0,2804.25
LINE00008137,ORD0002720,2,PROD00203,5,1163.99,0.0,5819.95
LINE00008138,ORD0002721,1,PROD00367,6,595.6,178.68,3394.92
LINE00008139,ORD0002721,2,PROD00232,3,413.81,0.0,1241.43
LINE00008140,ORD0002721,3,PROD00137,3,789.94,236.98,2132.84
LINE00008141,ORD0002721,4,PROD00142,2,309.15,0.0,618.3
LINE00008142,ORD0002722,1,PROD00005,2,762.4,304.96,1219.84
LINE00008143,ORD0002722,2,PROD00041,5,440.54,0.0,2202.7
LINE00008144,ORD0002722,3,PROD00471,3,371.06,111.32,1001.86
LINE00008145,ORD0002722,4,PROD00441,3,543.16,0.0,1629.48
LINE00008146,ORD0002722,5,PROD00152,6,1076.28,1291.54,5166.14
LINE00008147,ORD0002723,1,PROD00175,3,262.61,0.0,787.83
LINE00008148,ORD0002723,2,PROD00390,3,786.88,0.0,2360.64
LINE00008149,ORD0002723,3,PROD00117,5,676.1,676.1,2704.4
LINE00008150,ORD0002723,4,PROD00088,6,187.93,0.0,1127.58
LINE00008151,ORD0002724,1,PROD00383,4,778.48,622.78,2491.14
LINE00008152,ORD0002724,2,PROD00417,3,930.88,0.0,2792.64
LINE00008153,ORD0002724,3,PROD00355,3,550.0,82.5,1567.5
LINE00008154,ORD0002724,4,PROD00421,6,667.7,801.24,3204.96
LINE00008155,ORD0002724,5,PROD00084,2,1114.33,0.0,2228.66
LINE00008156,ORD0002725,1,PROD00233,1,626.03,62.6,563.43
LINE00008157,ORD0002726,1,PROD00452,1,106.74,21.35,85.39
LINE00008158,ORD0002726,2,PROD00499,5,538.95,134.74,2560.01
LINE00008159,ORD0002726,3,PROD00422,2,1190.21,0.0,2380.42
LINE00008160,ORD0002726,4,PROD00218,5,1074.78,268.69,5105.21
LINE00008161,ORD0002727,1,PROD00338,2,440.82,176.33,705.31
LINE00008162,ORD0002727,2,PROD00424,5,96.57,48.28,434.57
LINE00008163,ORD0002727,3,PROD00317,5,428.3,107.08,2034.42
LINE00008164,ORD0002728,1,PROD00136,6,534.49,0.0,3206.94
LINE00008165,ORD0002729,1,PROD00326,4,670.51,0.0,2682.04
LINE00008166,ORD0002729,2,PROD00177,2,670.09,0.0,1340.18
LINE00008167,ORD0002729,3,PROD00015,1,804.97,0.0,804.97
LINE00008168,ORD0002729,4,PROD00458,6,1053.03,0.0,6318.18
LINE00008169,ORD0002729,5,PROD00121,3,487.96,73.19,1390.69
LINE00008170,ORD0002730,1,PROD00134,5,976.96,0.0,4884.8
LINE00008171,ORD0002731,1,PROD00089,6,9.69,0.0,58.14
LINE00008172,ORD0002731,2,PROD00435,6,583.92,0.0,3503.52
LINE00008173,ORD0002731,3,PROD00008,4,836.9,167.38,3180.22
LINE00008174,ORD0002731,4,PROD00046,1,100.71,0.0,100.71
LINE00008175,ORD0002731,5,PROD00121,3,524.99,78.75,1496.22
LINE00008176,ORD0002732,1,PROD00376,6,957.63,0.0,5745.78
LINE00008177,ORD0002733,1,PROD00234,3,655.87,0.0,1967.61
LINE00008178,ORD0002733,2,PROD00441,6,730.84,0.0,4385.04
LINE00008179,ORD0002733,3,PROD00427,5,824.39,0.0,4121.95
LINE00008180,ORD0002733,4,PROD00129,5,126.09,0.0,630.45
LINE00008181,ORD0002733,5,PROD00252,1,129.31,0.0,129.31
LINE00008182,ORD0002734,1,PROD00142,4,701.18,140.24,2664.48
LINE00008183,ORD0002734,2,PROD00425,5,320.88,0.0,1604.4
LINE00008184,ORD0002734,3,PROD00059,3,739.85,0.0,2219.55
LINE00008185,ORD0002734,4,PROD00476,3,387.47,116.24,1046.17
LINE00008186,ORD0002735,1,PROD00340,6,957.69,287.31,5458.83
LINE00008187,ORD0002735,2,PROD00097,2,888.25,0.0,1776.5
LINE00008188,ORD0002735,3,PROD00098,6,1105.96,0.0,6635.76
LINE00008189,ORD0002735,4,PROD00004,5,1027.0,0.0,5135.0
LINE00008190,ORD0002736,1,PROD00376,2,91.95,0.0,183.9
LINE00008191,ORD0002736,2,PROD00247,4,858.86,0.0,3435.44
LINE00008192,ORD0002736,3,PROD00341,2,412.3,0.0,824.6
LINE00008193,ORD0002736,4,PROD00452,5,742.24,0.0,3711.2
LINE00008194,ORD0002736,5,PROD00442,4,575.33,0.0,2301.32
LINE00008195,ORD0002737,1,PROD00031,4,461.69,0.0,1846.76
LINE00008196,ORD0002738,1,PROD00289,4,1166.47,0.0,4665.88
LINE00008197,ORD0002739,1,PROD00138,2,1151.11,0.0,2302.22
LINE00008198,ORD0002739,2,PROD00072,4,736.29,147.26,2797.9
LINE00008199,ORD0002739,3,PROD00016,5,1083.58,1083.58,4334.32
LINE00008200,ORD0002740,1,PROD00254,5,908.77,0.0,4543.85
LINE00008201,ORD0002740,2,PROD00418,2,388.35,0.0,776.7
LINE00008202,ORD0002740,3,PROD00274,4,132.57,106.06,424.22
LINE00008203,ORD0002740,4,PROD00103,5,1133.28,566.64,5099.76
LINE00008204,ORD0002740,5,PROD00055,4,805.51,0.0,3222.04
LINE00008205,ORD0002741,1,PROD00024,5,1112.01,1112.01,4448.04
LINE00008206,ORD0002741,2,PROD00123,2,599.15,239.66,958.64
LINE00008207,ORD0002741,3,PROD00208,4,1049.03,839.22,3356.9
LINE00008208,ORD0002742,1,PROD00380,6,574.12,0.0,3444.72
LINE00008209,ORD0002742,2,PROD00072,6,940.54,0.0,5643.24
LINE00008210,ORD0002742,3,PROD00459,4,211.84,169.47,677.89
LINE00008211,ORD0002743,1,PROD00463,3,376.05,0.0,1128.15
LINE00008212,ORD0002743,2,PROD00285,3,370.52,55.58,1055.98
LINE00008213,ORD0002743,3,PROD00089,6,71.92,0.0,431.52
LINE00008214,ORD0002743,4,PROD00251,4,982.09,0.0,3928.36
LINE00008215,ORD0002744,1,PROD00318,5,464.93,464.93,1859.72
LINE00008216,ORD0002744,2,PROD00097,2,407.6,81.52,733.68
LINE00008217,ORD0002744,3,PROD00387,5,584.36,292.18,2629.62
LINE00008218,ORD0002745,1,PROD00351,4,720.92,576.74,2306.94
LINE00008219,ORD0002745,2,PROD00293,4,1080.26,0.0,4321.04
LINE00008220,ORD0002745,3,PROD00133,6,101.59,0.0,609.54
LINE00008221,ORD0002746,1,PROD00092,1,1028.72,0.0,1028.72
LINE00008222,ORD0002746,2,PROD00135,6,239.15,0.0,1434.9
LINE00008223,ORD0002746,3,PROD00456,6,614.43,737.32,2949.26
LINE00008224,ORD0002747,1,PROD00251,1,916.5,0.0,916.5
LINE00008225,ORD0002747,2,PROD00169,3,158.25,94.95,379.8
LINE00008226,ORD0002747,3,PROD00403,5,679.33,0.0,3396.65
LINE00008227,ORD0002747,4,PROD00170,5,459.1,0.0,2295.5
LINE00008228,ORD0002747,5,PROD00484,6,652.76,195.83,3720.73
LINE00008229,ORD0002748,1,PROD00133,4,843.95,0.0,3375.8
LINE00008230,ORD0002748,2,PROD00103,1,526.14,52.61,473.53
LINE00008231,ORD0002749,1,PROD00062,6,323.82,0.0,1942.92
LINE00008232,ORD0002749,2,PROD00149,5,1049.69,0.0,5248.45
LINE00008233,ORD0002749,3,PROD00006,5,706.36,0.0,3531.8
LINE00008234,ORD0002749,4,PROD00007,4,28.74,5.75,109.21
LINE00008235,ORD0002749,5,PROD00065,5,850.31,212.58,4038.97
LINE00008236,ORD0002750,1,PROD00287,1,612.43,0.0,612.43
LINE00008237,ORD0002750,2,PROD00324,2,1132.84,0.0,2265.68
LINE00008238,ORD0002750,3,PROD00094,1,41.95,4.2,37.75
LINE00008239,ORD0002751,1,PROD00079,2,281.37,0.0,562.74
LINE00008240,ORD0002751,2,PROD00434,5,1072.05,0.0,5360.25
LINE00008241,ORD0002751,3,PROD00366,3,595.29,0.0,1785.87
LINE00008242,ORD0002751,4,PROD00035,4,814.78,0.0,3259.12
LINE00008243,ORD0002752,1,PROD00410,2,426.29,0.0,852.58
LINE00008244,ORD0002752,2,PROD00371,3,545.73,0.0,1637.19
LINE00008245,ORD0002752,3,PROD00124,1,1144.51,0.0,1144.51
LINE00008246,ORD0002752,4,PROD00276,4,276.09,55.22,1049.14
LINE00008247,ORD0002752,5,PROD00113,4,788.26,0.0,3153.04
LINE00008248,ORD0002753,1,PROD00448,1,975.95,97.6,878.35
LINE00008249,ORD0002753,2,PROD00210,3,291.54,174.92,699.7
LINE00008250,ORD0002753,3,PROD00264,5,203.18,101.59,914.31
LINE00008251,ORD0002753,4,PROD00211,6,229.93,0.0,1379.58
LINE00008252,ORD0002754,1,PROD00056,1,705.66,35.28,670.38
LINE00008253,ORD0002754,2,PROD00006,4,659.68,0.0,2638.72
LINE00008254,ORD0002754,3,PROD00323,1,832.18,0.0,832.18
LINE00008255,ORD0002754,4,PROD00042,3,457.82,0.0,1373.46
LINE00008256,ORD0002754,5,PROD00281,3,666.13,99.92,1898.47
LINE00008257,ORD0002755,1,PROD00267,6,584.76,0.0,3508.56
LINE00008258,ORD0002755,2,PROD00233,2,789.61,157.92,1421.3
LINE00008259,ORD0002755,3,PROD00378,3,1086.69,326.01,2934.06
LINE00008260,ORD0002755,4,PROD00099,2,1098.89,439.56,1758.22
LINE00008261,ORD0002755,5,PROD00125,1,1197.85,239.57,958.28
LINE00008262,ORD0002756,1,PROD00465,1,896.07,0.0,896.07
LINE00008263,ORD0002756,2,PROD00123,1,395.33,19.77,375.56
LINE00008264,ORD0002756,3,PROD00274,6,1109.67,0.0,6658.02
LINE00008265,ORD0002756,4,PROD00438,2,843.85,0.0,1687.7
LINE00008266,ORD0002756,5,PROD00073,6,456.1,0.0,2736.6
LINE00008267,ORD0002757,1,PROD00120,4,709.59,141.92,2696.44
LINE00008268,ORD0002757,2,PROD00304,1,1167.09,0.0,1167.09
LINE00008269,ORD0002757,3,PROD00446,5,990.3,0.0,4951.5
LINE00008270,ORD0002757,4,PROD00209,3,627.19,0.0,1881.57
LINE00008271,ORD0002757,5,PROD00220,1,80.96,0.0,80.96
LINE00008272,ORD0002758,1,PROD00424,5,661.43,661.43,2645.72
LINE00008273,ORD0002758,2,PROD00032,3,576.81,346.09,1384.34
LINE00008274,ORD0002759,1,PROD00389,3,654.67,196.4,1767.61
LINE00008275,ORD0002760,1,PROD00179,4,134.11,26.82,509.62
LINE00008276,ORD0002760,2,PROD00123,2,774.75,309.9,1239.6
LINE00008277,ORD0002760,3,PROD00428,6,16.1,19.32,77.28
LINE00008278,ORD0002760,4,PROD00315,4,1079.99,216.0,4103.96
LINE00008279,ORD0002761,1,PROD00329,1,950.8,0.0,950.8
LINE00008280,ORD0002761,2,PROD00289,6,534.61,0.0,3207.66
LINE00008281,ORD0002761,3,PROD00389,6,880.26,528.16,4753.4
LINE00008282,ORD0002761,4,PROD00295,4,524.25,0.0,2097.0
LINE00008283,ORD0002761,5,PROD00234,1,694.92,0.0,694.92
LINE00008284,ORD0002762,1,PROD00407,1,1005.4,100.54,904.86
LINE00008285,ORD0002762,2,PROD00037,2,865.29,346.12,1384.46
LINE00008286,ORD0002762,3,PROD00412,6,533.13,639.76,2559.02
LINE00008287,ORD0002763,1,PROD00024,4,260.02,0.0,1040.08
LINE00008288,ORD0002763,2,PROD00356,6,642.25,0.0,3853.5
LINE00008289,ORD0002763,3,PROD00253,1,1011.58,0.0,1011.58
LINE00008290,ORD0002763,4,PROD00012,6,812.03,0.0,4872.18
LINE00008291,ORD0002764,1,PROD00345,5,161.08,80.54,724.86
LINE00008292,ORD0002765,1,PROD00500,4,339.18,135.67,1221.05
LINE00008293,ORD0002766,1,PROD00110,2,337.59,67.52,607.66
LINE00008294,ORD0002766,2,PROD00215,6,988.91,0.0,5933.46
LINE00008295,ORD0002766,3,PROD00348,4,180.78,36.16,686.96
LINE00008296,ORD0002766,4,PROD00302,6,80.37,96.44,385.78
LINE00008297,ORD0002766,5,PROD00248,1,135.7,27.14,108.56
LINE00008298,ORD0002767,1,PROD00240,6,335.63,0.0,2013.78
LINE00008299,ORD0002767,2,PROD00026,2,1121.88,0.0,2243.76
LINE00008300,ORD0002768,1,PROD00352,5,973.7,486.85,4381.65
LINE00008301,ORD0002768,2,PROD00054,1,739.85,147.97,591.88
LINE00008302,ORD0002768,3,PROD00238,3,954.94,0.0,2864.82
LINE00008303,ORD0002768,4,PROD00259,3,796.42,238.93,2150.33
LINE00008304,ORD0002768,5,PROD00209,4,163.36,0.0,653.44
LINE00008305,ORD0002769,1,PROD00141,4,579.32,115.86,2201.42
LINE00008306,ORD0002769,2,PROD00137,2,754.04,150.81,1357.27
LINE00008307,ORD0002769,3,PROD00128,1,923.8,0.0,923.8
LINE00008308,ORD0002769,4,PROD00331,3,708.36,0.0,2125.08
LINE00008309,ORD0002769,5,PROD00325,1,1048.98,104.9,944.08
LINE00008310,ORD0002770,1,PROD00392,1,1190.24,238.05,952.19
LINE00008311,ORD0002771,1,PROD00036,3,1064.92,0.0,3194.76
LINE00008312,ORD0002771,2,PROD00496,4,318.96,63.79,1212.05
LINE00008313,ORD0002771,3,PROD00108,2,295.18,0.0,590.36
LINE00008314,ORD0002771,4,PROD00215,6,519.35,623.22,2492.88
LINE00008315,ORD0002772,1,PROD00405,4,747.97,598.38,2393.5
LINE00008316,ORD0002772,2,PROD00466,6,352.83,105.85,2011.13
LINE00008317,ORD0002772,3,PROD00112,3,959.53,0.0,2878.59
LINE00008318,ORD0002773,1,PROD00259,3,27.85,4.18,79.37
LINE00008319,ORD0002773,2,PROD00165,6,61.13,0.0,366.78
LINE00008320,ORD0002774,1,PROD00179,4,955.39,191.08,3630.48
LINE00008321,ORD0002774,2,PROD00018,1,751.11,37.56,713.55
LINE00008322,ORD0002775,1,PROD00449,1,548.18,0.0,548.18
LINE00008323,ORD0002775,2,PROD00312,6,603.86,181.16,3442.0
LINE00008324,ORD0002776,1,PROD00461,6,748.43,224.53,4266.05
LINE00008325,ORD0002776,2,PROD00419,2,1065.16,0.0,2130.32
LINE00008326,ORD0002777,1,PROD00312,5,751.68,0.0,3758.4
LINE00008327,ORD0002777,2,PROD00173,3,1185.66,711.4,2845.58
LINE00008328,ORD0002778,1,PROD00112,4,286.6,0.0,1146.4
LINE00008329,ORD0002778,2,PROD00036,2,719.87,71.99,1367.75
LINE00008330,ORD0002778,3,PROD00020,2,297.42,0.0,594.84
LINE00008331,ORD0002778,4,PROD00479,4,145.6,0.0,582.4
LINE00008332,ORD0002779,1,PROD00240,6,1014.21,1217.05,4868.21
LINE00008333,ORD0002779,2,PROD00062,6,1193.48,358.04,6802.84
LINE00008334,ORD0002779,3,PROD00446,5,608.46,152.12,2890.18
LINE00008335,ORD0002779,4,PROD00042,5,874.57,874.57,3498.28
LINE00008336,ORD0002780,1,PROD00211,4,964.22,0.0,3856.88
LINE00008337,ORD0002780,2,PROD00493,4,787.24,314.9,2834.06
LINE00008338,ORD0002780,3,PROD00029,2,324.04,0.0,648.08
LINE00008339,ORD0002780,4,PROD00196,3,1023.71,0.0,3071.13
LINE00008340,ORD0002780,5,PROD00136,4,918.63,0.0,3674.52
LINE00008341,ORD0002781,1,PROD00018,4,973.65,0.0,3894.6
LINE00008342,ORD0002781,2,PROD00462,6,782.2,469.32,4223.88
LINE00008343,ORD0002782,1,PROD00391,2,762.2,0.0,1524.4
LINE00008344,ORD0002782,2,PROD00099,4,1118.11,0.0,4472.44
LINE00008345,ORD0002782,3,PROD00416,4,1013.71,202.74,3852.1
LINE00008346,ORD0002783,1,PROD00383,5,1166.99,291.75,5543.2
LINE00008347,ORD0002783,2,PROD00212,1,320.06,0.0,320.06
LINE00008348,ORD0002783,3,PROD00455,3,1118.99,335.7,3021.27
LINE00008349,ORD0002784,1,PROD00162,4,104.69,20.94,397.82
LINE00008350,ORD0002784,2,PROD00263,5,1130.84,565.42,5088.78
LINE00008351,ORD0002785,1,PROD00031,6,1164.1,0.0,6984.6
LINE00008352,ORD0002785,2,PROD00285,2,445.57,89.11,802.03
LINE00008353,ORD0002785,3,PROD00024,2,671.72,67.17,1276.27
LINE00008354,ORD0002785,4,PROD00121,2,903.42,0.0,1806.84
LINE00008355,ORD0002786,1,PROD00491,3,87.56,0.0,262.68
LINE00008356,ORD0002786,2,PROD00038,1,210.2,0.0,210.2
LINE00008357,ORD0002786,3,PROD00211,2,677.53,0.0,1355.06
LINE00008358,ORD0002787,1,PROD00077,6,1058.41,0.0,6350.46
LINE00008359,ORD0002788,1,PROD00001,5,1119.98,280.0,5319.9
LINE00008360,ORD0002788,2,PROD00320,6,1119.42,1343.3,5373.22
LINE00008361,ORD0002788,3,PROD00126,4,1112.37,222.47,4227.01
LINE00008362,ORD0002788,4,PROD00469,2,182.48,0.0,364.96
LINE00008363,ORD0002788,5,PROD00462,2,799.67,0.0,1599.34
LINE00008364,ORD0002789,1,PROD00278,2,973.15,0.0,1946.3
LINE00008365,ORD0002790,1,PROD00005,2,148.31,0.0,296.62
LINE00008366,ORD0002790,2,PROD00067,1,470.08,0.0,470.08
LINE00008367,ORD0002790,3,PROD00381,3,117.13,0.0,351.39
LINE00008368,ORD0002791,1,PROD00138,4,57.29,11.46,217.7
LINE00008369,ORD0002791,2,PROD00379,5,822.87,411.44,3702.91
LINE00008370,ORD0002791,3,PROD00223,2,304.52,121.81,487.23
LINE00008371,ORD0002791,4,PROD00304,5,35.11,0.0,175.55
LINE00008372,ORD0002791,5,PROD00238,1,1037.99,0.0,1037.99
LINE00008373,ORD0002792,1,PROD00012,5,850.24,425.12,3826.08
LINE00008374,ORD0002792,2,PROD00345,3,1077.52,0.0,3232.56
LINE00008375,ORD0002792,3,PROD00467,5,227.81,227.81,911.24
LINE00008376,ORD0002792,4,PROD00370,2,929.63,92.96,1766.3
LINE00008377,ORD0002793,1,PROD00420,2,551.35,0.0,1102.7
LINE00008378,ORD0002793,2,PROD00443,6,744.01,0.0,4464.06
LINE00008379,ORD0002793,3,PROD00296,6,1075.79,0.0,6454.74
LINE00008380,ORD0002793,4,PROD00149,5,231.16,57.79,1098.01
LINE00008381,ORD0002793,5,PROD00027,3,274.65,0.0,823.95
LINE00008382,ORD0002794,1,PROD00137,6,227.77,136.66,1229.96
LINE00008383,ORD0002795,1,PROD00177,1,1097.15,109.72,987.43
LINE00008384,ORD0002795,2,PROD00332,4,354.54,0.0,1418.16
LINE00008385,ORD0002795,3,PROD00490,1,496.56,0.0,496.56
LINE00008386,ORD0002795,4,PROD00061,5,1157.36,0.0,5786.8
LINE00008387,ORD0002795,5,PROD00123,2,1185.61,237.12,2134.1
LINE00008388,ORD0002796,1,PROD00026,2,1165.91,233.18,2098.64
LINE00008389,ORD0002796,2,PROD00498,4,758.33,0.0,3033.32
LINE00008390,ORD0002796,3,PROD00135,3,407.87,0.0,1223.61
LINE00008391,ORD0002796,4,PROD00140,6,672.45,0.0,4034.7
LINE00008392,ORD0002796,5,PROD00120,1,264.64,0.0,264.64
LINE00008393,ORD0002797,1,PROD00214,4,1124.33,0.0,4497.32
LINE00008394,ORD0002797,2,PROD00115,2,1003.87,0.0,2007.74
LINE00008395,ORD0002797,3,PROD00283,1,1129.53,225.91,903.62
LINE00008396,ORD0002797,4,PROD00112,1,718.79,35.94,682.85
LINE00008397,ORD0002798,1,PROD00154,6,765.12,459.07,4131.65
LINE00008398,ORD0002798,2,PROD00129,3,178.06,0.0,534.18
LINE00008399,ORD0002799,1,PROD00031,2,339.88,135.95,543.81
LINE00008400,ORD0002799,2,PROD00252,3,203.79,122.27,489.1
LINE00008401,ORD0002799,3,PROD00313,2,624.43,124.89,1123.97
LINE00008402,ORD0002800,1,PROD00371,6,544.6,163.38,3104.22
LINE00008403,ORD0002801,1,PROD00281,2,148.95,59.58,238.32
LINE00008404,ORD0002802,1,PROD00406,6,463.6,556.32,2225.28
LINE00008405,ORD0002802,2,PROD00149,6,976.88,0.0,5861.28
LINE00008406,ORD0002802,3,PROD00419,6,55.03,0.0,330.18
LINE00008407,ORD0002802,4,PROD00450,2,15.49,0.0,30.98
LINE00008408,ORD0002803,1,PROD00408,4,673.08,269.23,2423.09
LINE00008409,ORD0002803,2,PROD00081,4,704.04,0.0,2816.16
LINE00008410,ORD0002803,3,PROD00433,4,886.89,0.0,3547.56
LINE00008411,ORD0002803,4,PROD00082,3,589.41,353.65,1414.58
LINE00008412,ORD0002804,1,PROD00120,2,761.26,304.5,1218.02
LINE00008413,ORD0002804,2,PROD00028,5,1026.81,0.0,5134.05
LINE00008414,ORD0002804,3,PROD00301,1,805.93,0.0,805.93
LINE00008415,ORD0002804,4,PROD00032,1,1010.56,0.0,1010.56
LINE00008416,ORD0002805,1,PROD00420,1,65.41,0.0,65.41
LINE00008417,ORD0002805,2,PROD00396,5,1063.96,0.0,5319.8
LINE00008418,ORD0002805,3,PROD00432,1,240.77,24.08,216.69
LINE00008419,ORD0002805,4,PROD00172,5,579.87,0.0,2899.35
LINE00008420,ORD0002805,5,PROD00239,1,1069.42,0.0,1069.42
LINE00008421,ORD0002806,1,PROD00188,5,1011.93,252.98,4806.67
LINE00008422,ORD0002806,2,PROD00447,3,1171.5,0.0,3514.5
LINE00008423,ORD0002806,3,PROD00444,4,215.54,0.0,862.16
LINE00008424,ORD0002806,4,PROD00460,2,715.56,286.22,1144.9
LINE00008425,ORD0002806,5,PROD00262,3,445.12,0.0,1335.36
LINE00008426,ORD0002807,1,PROD00046,1,686.73,68.67,618.06
LINE00008427,ORD0002807,2,PROD00499,3,797.16,0.0,2391.48
LINE00008428,ORD0002807,3,PROD00441,2,1104.56,441.82,1767.3
LINE00008429,ORD0002807,4,PROD00103,1,434.67,86.93,347.74
LINE00008430,ORD0002808,1,PROD00033,6,626.6,187.98,3571.62
LINE00008431,ORD0002808,2,PROD00469,6,452.93,271.76,2445.82
LINE00008432,ORD0002809,1,PROD00208,3,377.88,113.36,1020.28
LINE00008433,ORD0002809,2,PROD00150,2,221.98,0.0,443.96
LINE00008434,ORD0002809,3,PROD00249,4,488.94,0.0,1955.76
LINE00008435,ORD0002809,4,PROD00137,2,720.84,144.17,1297.51
LINE00008436,ORD0002810,1,PROD00012,2,1076.38,215.28,1937.48
LINE00008437,ORD0002810,2,PROD00115,1,132.29,0.0,132.29
LINE00008438,ORD0002811,1,PROD00329,1,1156.0,57.8,1098.2
LINE00008439,ORD0002812,1,PROD00378,5,532.49,0.0,2662.45
LINE00008440,ORD0002813,1,PROD00369,4,781.0,0.0,3124.0
LINE00008441,ORD0002813,2,PROD00056,2,18.16,0.0,36.32
LINE00008442,ORD0002813,3,PROD00017,5,262.38,0.0,1311.9
LINE00008443,ORD0002813,4,PROD00190,5,847.88,0.0,4239.4
LINE00008444,ORD0002814,1,PROD00256,2,249.79,0.0,499.58
LINE00008445,ORD0002814,2,PROD00491,3,94.39,0.0,283.17
LINE00008446,ORD0002814,3,PROD00385,5,911.47,0.0,4557.35
LINE00008447,ORD0002815,1,PROD00278,3,1144.51,686.71,2746.82
LINE00008448,ORD0002815,2,PROD00043,6,619.35,0.0,3716.1
LINE00008449,ORD0002816,1,PROD00291,4,881.97,0.0,3527.88
LINE00008450,ORD0002816,2,PROD00167,6,1054.35,0.0,6326.1
LINE00008451,ORD0002816,3,PROD00367,2,559.85,223.94,895.76
LINE00008452,ORD0002817,1,PROD00338,5,131.3,0.0,656.5
LINE00008453,ORD0002817,2,PROD00283,3,989.77,0.0,2969.31
LINE00008454,ORD0002817,3,PROD00155,6,582.16,349.3,3143.66
LINE00008455,ORD0002817,4,PROD00388,6,1002.92,601.75,5415.77
LINE00008456,ORD0002817,5,PROD00285,1,511.43,102.29,409.14
LINE00008457,ORD0002818,1,PROD00102,4,142.54,114.03,456.13
LINE00008458,ORD0002818,2,PROD00325,4,175.36,0.0,701.44
LINE00008459,ORD0002819,1,PROD00238,6,146.6,0.0,879.6
LINE00008460,ORD0002819,2,PROD00392,6,752.02,902.42,3609.7
LINE00008461,ORD0002819,3,PROD00078,5,386.94,0.0,1934.7
LINE00008462,ORD0002820,1,PROD00372,3,1053.14,0.0,3159.42
LINE00008463,ORD0002820,2,PROD00164,6,38.77,46.52,186.1
LINE00008464,ORD0002820,3,PROD00122,3,935.98,140.4,2667.54
LINE00008465,ORD0002820,4,PROD00094,6,172.46,103.48,931.28
LINE00008466,ORD0002820,5,PROD00398,4,29.73,5.95,112.97
LINE00008467,ORD0002821,1,PROD00049,4,666.65,133.33,2533.27
LINE00008468,ORD0002821,2,PROD00153,1,672.07,0.0,672.07
LINE00008469,ORD0002822,1,PROD00251,4,1159.08,927.26,3709.06
LINE00008470,ORD0002822,2,PROD00497,4,723.5,289.4,2604.6
LINE00008471,ORD0002822,3,PROD00443,5,677.6,677.6,2710.4
LINE00008472,ORD0002822,4,PROD00482,2,627.14,62.71,1191.57
LINE00008473,ORD0002823,1,PROD00317,2,281.74,112.7,450.78
LINE00008474,ORD0002823,2,PROD00310,6,1124.62,1349.54,5398.18
LINE00008475,ORD0002823,3,PROD00164,5,963.62,0.0,4818.1
LINE00008476,ORD0002824,1,PROD00336,5,74.86,37.43,336.87
LINE00008477,ORD0002824,2,PROD00086,4,831.3,0.0,3325.2
LINE00008478,ORD0002824,3,PROD00452,3,1198.64,0.0,3595.92
LINE00008479,ORD0002824,4,PROD00361,5,40.06,0.0,200.3
LINE00008480,ORD0002824,5,PROD00310,1,942.55,0.0,942.55
LINE00008481,ORD0002825,1,PROD00100,2,82.39,32.96,131.82
LINE00008482,ORD0002825,2,PROD00035,1,258.46,0.0,258.46
LINE00008483,ORD0002825,3,PROD00339,-3,869.26,-0.0,-2607.78
LINE00008484,ORD0002826,1,PROD00121,3,95.75,0.0,287.25
LINE00008485,ORD0002826,2,PROD00477,1,729.71,0.0,729.71
LINE00008486,ORD0002826,3,PROD00463,6,495.67,0.0,2974.02
LINE00008487,ORD0002826,4,PROD00457,5,1129.82,1129.82,4519.28
LINE00008488,ORD0002827,1,PROD00093,1,361.76,18.09,343.67
LINE00008489,ORD0002827,2,PROD00096,4,782.06,0.0,3128.24
LINE00008490,ORD0002828,1,PROD00202,5,791.4,791.4,3165.6
LINE00008491,ORD0002828,2,PROD00352,1,984.3,98.43,885.87
LINE00008492,ORD0002828,3,PROD00460,6,319.82,95.95,1822.97
LINE00008493,ORD0002829,1,PROD00059,1,511.35,51.14,460.21
LINE00008494,ORD0002830,1,PROD00465,4,360.92,0.0,1443.68
LINE00008495,ORD0002831,1,PROD00481,3,368.65,110.59,995.36
LINE00008496,ORD0002831,2,PROD00487,4,145.69,116.55,466.21
LINE00008497,ORD0002832,1,PROD00168,1,1112.58,0.0,1112.58
LINE00008498,ORD0002832,2,PROD00385,1,115.4,23.08,92.32
LINE00008499,ORD0002832,3,PROD00008,5,1103.31,0.0,5516.55
LINE00008500,ORD0002833,1,PROD00245,6,143.57,0.0,861.42
LINE00008501,ORD0002833,2,PROD00238,1,77.45,0.0,77.45
LINE00008502,ORD0002833,3,PROD00127,5,560.98,0.0,2804.9
LINE00008503,ORD0002833,4,PROD00386,6,556.61,0.0,3339.66
LINE00008504,ORD0002834,1,PROD00159,1,1091.6,109.16,982.44
LINE00008505,ORD0002835,1,PROD00032,6,549.89,0.0,3299.34
LINE00008506,ORD0002835,2,PROD00221,2,505.44,50.54,960.34
LINE00008507,ORD0002836,1,PROD00360,4,255.7,102.28,920.52
LINE00008508,ORD0002837,1,PROD00390,5,631.01,0.0,3155.05
LINE00008509,ORD0002837,2,PROD00458,3,702.97,421.78,1687.13
LINE00008510,ORD0002837,3,PROD00032,6,407.25,488.7,1954.8
LINE00008511,ORD0002837,4,PROD00488,4,688.66,0.0,2754.64
LINE00008512,ORD0002838,1,PROD00291,6,1189.56,713.74,6423.62
LINE00008513,ORD0002838,2,PROD00093,1,399.79,0.0,399.79
LINE00008514,ORD0002838,3,PROD00031,4,832.0,665.6,2662.4
LINE00008515,ORD0002839,1,PROD00054,1,126.57,25.31,101.26
LINE00008516,ORD0002839,2,PROD00349,3,240.62,144.37,577.49
LINE00008517,ORD0002839,3,PROD00392,4,311.29,0.0,1245.16
LINE00008518,ORD0002839,4,PROD00008,1,460.59,0.0,460.59
LINE00008519,ORD0002839,5,PROD00016,1,1007.59,0.0,1007.59
LINE00008520,ORD0002840,1,PROD00088,6,424.31,509.17,2036.69
LINE00008521,ORD0002840,2,PROD00104,1,634.46,0.0,634.46
LINE00008522,ORD0002840,3,PROD00194,3,8.98,2.69,24.25
LINE00008523,ORD0002841,1,PROD00352,5,1146.13,573.07,5157.58
LINE00008524,ORD0002841,2,PROD00035,5,877.4,0.0,4387.0
LINE00008525,ORD0002841,3,PROD00102,1,350.92,17.55,333.37
LINE00008526,ORD0002841,4,PROD00209,6,613.0,183.9,3494.1
LINE00008527,ORD0002841,5,PROD00141,5,310.29,0.0,1551.45
LINE00008528,ORD0002842,1,PROD00058,6,931.54,0.0,5589.24
LINE00008529,ORD0002843,1,PROD00196,1,582.17,0.0,582.17
LINE00008530,ORD0002843,2,PROD00057,2,1045.44,418.18,1672.7
LINE00008531,ORD0002843,3,PROD00158,4,653.39,261.36,2352.2
LINE00008532,ORD0002843,4,PROD00376,2,1086.73,108.67,2064.79
LINE00008533,ORD0002843,5,PROD00004,1,239.88,0.0,239.88
LINE00008534,ORD0002844,1,PROD00320,6,686.95,0.0,4121.7
LINE00008535,ORD0002844,2,PROD00181,1,404.66,0.0,404.66
LINE00008536,ORD0002845,1,PROD00127,3,841.79,252.54,2272.83
LINE00008537,ORD0002845,2,PROD00057,5,839.42,0.0,4197.1
LINE00008538,ORD0002845,3,PROD00303,2,142.51,0.0,285.02
LINE00008539,ORD0002845,4,PROD00096,4,1049.23,0.0,4196.92
LINE00008540,ORD0002845,5,PROD00459,6,316.88,0.0,1901.28
LINE00008541,ORD0002846,1,PROD00004,6,1069.42,320.83,6095.69
LINE00008542,ORD0002846,2,PROD00251,6,174.84,52.45,996.59
LINE00008543,ORD0002847,1,PROD00063,2,838.4,167.68,1509.12
LINE00008544,ORD0002847,2,PROD00374,4,128.59,0.0,514.36
LINE00008545,ORD0002848,1,PROD00369,1,1055.98,105.6,950.38
LINE00008546,ORD0002848,2,PROD00001,3,993.87,0.0,2981.61
LINE00008547,ORD0002849,1,PROD00367,2,339.18,33.92,644.44
LINE00008548,ORD0002849,2,PROD00214,5,770.39,385.19,3466.76
LINE00008549,ORD0002849,3,PROD00029,5,131.12,65.56,590.04
LINE00008550,ORD0002849,4,PROD00191,2,38.04,3.8,72.28
LINE00008551,ORD0002849,5,PROD00011,4,826.0,0.0,3304.0
LINE00008552,ORD0002850,1,PROD00127,6,762.46,0.0,4574.76
LINE00008553,ORD0002851,1,PROD00170,6,579.76,695.71,2782.85
LINE00008554,ORD0002851,2,PROD00197,4,967.43,193.49,3676.23
LINE00008555,ORD0002851,3,PROD00285,1,284.95,0.0,284.95
LINE00008556,ORD0002851,4,PROD00433,2,281.12,0.0,562.24
LINE00008557,ORD0002851,5,PROD00356,3,286.24,0.0,858.72
LINE00008558,ORD0002852,1,PROD00249,4,112.69,0.0,450.76
LINE00008559,ORD0002852,2,PROD00178,2,873.27,0.0,1746.54
LINE00008560,ORD0002852,3,PROD00309,1,884.31,0.0,884.31
LINE00008561,ORD0002853,1,PROD00292,3,956.04,0.0,2868.12
LINE00008562,ORD0002853,2,PROD00330,1,909.47,0.0,909.47
LINE00008563,ORD0002853,3,PROD00271,6,111.27,0.0,667.62
LINE00008564,ORD0002854,1,PROD00329,2,385.64,38.56,732.72
LINE00008565,ORD0002854,2,PROD00423,1,1156.5,57.83,1098.67
LINE00008566,ORD0002854,3,PROD00326,2,1071.47,0.0,2142.94
LINE00008567,ORD0002855,1,PROD00189,6,641.79,0.0,3850.74
LINE00008568,ORD0002855,2,PROD00245,1,1007.6,50.38,957.22
LINE00008569,ORD0002855,3,PROD00308,2,571.38,228.55,914.21
LINE00008570,ORD0002855,4,PROD00308,1,429.5,0.0,429.5
LINE00008571,ORD0002856,1,PROD00106,5,341.8,170.9,1538.1
LINE00008572,ORD0002857,1,PROD00159,1,263.7,0.0,263.7
LINE00008573,ORD0002858,1,PROD00469,5,323.62,0.0,1618.1
LINE00008574,ORD0002858,2,PROD00481,4,342.13,136.85,1231.67
LINE00008575,ORD0002858,3,PROD00090,5,1004.33,1004.33,4017.32
LINE00008576,ORD0002858,4,PROD00397,1,728.77,36.44,692.33
LINE00008577,ORD0002859,1,PROD00240,5,93.94,0.0,469.7
LINE00008578,ORD0002859,2,PROD00317,5,603.87,603.87,2415.48
LINE00008579,ORD0002859,3,PROD00329,1,1071.96,0.0,1071.96
LINE00008580,ORD0002859,4,PROD00290,2,180.63,36.13,325.13
LINE00008581,ORD0002860,1,PROD00027,1,1133.76,113.38,1020.38
LINE00008582,ORD0002860,2,PROD00155,4,208.01,0.0,832.04
LINE00008583,ORD0002860,3,PROD00460,2,36.12,0.0,72.24
LINE00008584,ORD0002861,1,PROD00173,2,49.67,19.87,79.47
LINE00008585,ORD0002862,1,PROD00256,1,950.75,95.08,855.67
LINE00008586,ORD0002862,2,PROD00341,3,863.67,0.0,2591.01
LINE00008587,ORD0002862,3,PROD00478,3,609.61,365.77,1463.06
LINE00008588,ORD0002862,4,PROD00101,5,927.54,0.0,4637.7
LINE00008589,ORD0002863,1,PROD00419,1,983.91,0.0,983.91
LINE00008590,ORD0002863,2,PROD00367,5,357.12,0.0,1785.6
LINE00008591,ORD0002863,3,PROD00173,2,148.51,0.0,297.02
LINE00008592,ORD0002863,4,PROD00275,3,888.29,532.97,2131.9
LINE00008593,ORD0002864,1,PROD00285,4,123.52,49.41,444.67
LINE00008594,ORD0002864,2,PROD00403,1,356.67,17.83,338.84
LINE00008595,ORD0002865,1,PROD00219,5,219.13,109.57,986.08
LINE00008596,ORD0002865,2,PROD00359,2,430.76,86.15,775.37
LINE00008597,ORD0002865,3,PROD00010,3,915.16,549.1,2196.38
LINE00008598,ORD0002865,4,PROD00241,4,824.17,0.0,3296.68
LINE00008599,ORD0002866,1,PROD00483,5,1121.12,1121.12,4484.48
LINE00008600,ORD0002866,2,PROD00320,5,835.71,0.0,4178.55
LINE00008601,ORD0002866,3,PROD00135,1,425.25,0.0,425.25
LINE00008602,ORD0002866,4,PROD00330,3,956.2,0.0,2868.6
LINE00008603,ORD0002867,1,PROD00202,4,363.88,0.0,1455.52
LINE00008604,ORD0002867,2,PROD00432,2,1128.08,451.23,1804.93
LINE00008605,ORD0002867,3,PROD00246,5,435.7,0.0,2178.5
LINE00008606,ORD0002867,4,PROD00228,1,1054.23,105.42,948.81
LINE00008607,ORD0002867,5,PROD00123,3,78.75,0.0,236.25
LINE00008608,ORD0002868,1,PROD00398,4,264.85,0.0,1059.4
LINE00008609,ORD0002868,2,PROD00462,1,936.55,0.0,936.55
LINE00008610,ORD0002868,3,PROD00046,5,244.19,0.0,1220.95
LINE00008611,ORD0002868,4,PROD00432,5,503.75,251.88,2266.87
LINE00008612,ORD0002868,5,PROD00351,2,802.99,160.6,1445.38
LINE00008613,ORD0002869,1,PROD00354,5,83.77,0.0,418.85
LINE00008614,ORD0002869,2,PROD00193,4,744.61,148.92,2829.52
LINE00008615,ORD0002869,3,PROD00299,6,858.17,0.0,5149.02
LINE00008616,ORD0002870,1,PROD00022,6,658.88,0.0,3953.28
LINE00008617,ORD0002871,1,PROD00455,1,603.36,0.0,603.36
LINE00008618,ORD0002871,2,PROD00394,4,284.98,0.0,1139.92
LINE00008619,ORD0002871,3,PROD00182,1,625.3,125.06,500.24
LINE00008620,ORD0002871,4,PROD00315,1,330.01,0.0,330.01
LINE00008621,ORD0002871,5,PROD00461,4,831.63,0.0,3326.52
LINE00008622,ORD0002872,1,PROD00452,4,43.42,34.74,138.94
LINE00008623,ORD0002872,2,PROD00250,1,548.37,109.67,438.7
LINE00008624,ORD0002872,3,PROD00249,3,351.88,0.0,1055.64
LINE00008625,ORD0002872,4,PROD00478,6,875.93,0.0,5255.58
LINE00008626,ORD0002872,5,PROD00219,6,477.65,573.18,2292.72
LINE00008627,ORD0002873,1,PROD00255,1,357.27,17.86,339.41
LINE00008628,ORD0002873,2,PROD00028,6,1177.49,706.49,6358.45
LINE00008629,ORD0002873,3,PROD00098,6,73.87,88.64,354.58
LINE00008630,ORD0002873,4,PROD00186,5,950.04,475.02,4275.18
LINE00008631,ORD0002873,5,PROD00236,5,536.25,268.12,2413.13
LINE00008632,ORD0002874,1,PROD00128,5,1063.78,0.0,5318.9
LINE00008633,ORD0002875,1,PROD00029,2,81.78,8.18,155.38
LINE00008634,ORD0002875,2,PROD00200,6,393.89,0.0,2363.34
LINE00008635,ORD0002875,3,PROD00499,4,709.69,0.0,2838.76
LINE00008636,ORD0002875,4,PROD00297,3,1140.87,171.13,3251.48
LINE00008637,ORD0002875,5,PROD00450,4,804.72,0.0,3218.88
LINE00008638,ORD0002876,1,PROD00137,5,170.71,85.36,768.19
LINE00008639,ORD0002876,2,PROD00127,5,115.4,115.4,461.6
LINE00008640,ORD0002876,3,PROD00302,6,451.81,0.0,2710.86
LINE00008641,ORD0002876,4,PROD00324,6,429.46,0.0,2576.76
LINE00008642,ORD0002876,5,PROD00179,1,760.23,0.0,760.23
LINE00008643,ORD0002877,1,PROD00069,3,282.33,0.0,846.99
LINE00008644,ORD0002877,2,PROD00124,1,345.8,69.16,276.64
LINE00008645,ORD0002877,3,PROD00383,1,827.81,41.39,786.42
LINE00008646,ORD0002878,1,PROD00452,3,141.72,42.52,382.64
LINE00008647,ORD0002878,2,PROD00131,5,928.97,464.49,4180.36
LINE00008648,ORD0002878,3,PROD00453,1,241.87,48.37,193.5
LINE00008649,ORD0002878,4,PROD00297,6,317.1,0.0,1902.6
LINE00008650,ORD0002879,1,PROD00466,1,522.67,26.13,496.54
LINE00008651,ORD0002879,2,PROD00096,5,768.12,0.0,3840.6
LINE00008652,ORD0002879,3,PROD00012,4,193.79,0.0,775.16
LINE00008653,ORD0002879,4,PROD00173,2,806.51,161.3,1451.72
LINE00008654,ORD0002879,5,PROD00067,5,739.14,184.78,3510.92
LINE00008655,ORD0002880,1,PROD00052,1,1005.49,0.0,1005.49
LINE00008656,ORD0002880,2,PROD00302,3,799.31,0.0,2397.93
LINE00008657,ORD0002880,3,PROD00358,5,912.72,228.18,4335.42
LINE00008658,ORD0002880,4,PROD00015,2,260.53,104.21,416.85
LINE00008659,ORD0002880,5,PROD00237,5,101.14,101.14,404.56
LINE00008660,ORD0002881,1,PROD00221,6,480.76,144.23,2740.33
LINE00008661,ORD0002881,2,PROD00026,1,154.87,0.0,154.87
LINE00008662,ORD0002882,1,PROD00278,3,95.74,14.36,272.86
LINE00008663,ORD0002882,2,PROD00333,6,167.9,201.48,805.92
LINE00008664,ORD0002882,3,PROD00248,1,958.64,0.0,958.64
LINE00008665,ORD0002883,1,PROD00151,5,748.96,374.48,3370.32
LINE00008666,ORD0002883,2,PROD00440,5,831.36,0.0,4156.8
LINE00008667,ORD0002883,3,PROD00366,6,71.39,0.0,428.34
LINE00008668,ORD0002883,4,PROD00296,5,743.68,371.84,3346.56
LINE00008669,ORD0002883,5,PROD00457,2,465.11,0.0,930.22
LINE00008670,ORD0002884,1,PROD00500,2,907.77,363.11,1452.43
LINE00008671,ORD0002884,2,PROD00029,6,460.57,0.0,2763.42
LINE00008672,ORD0002884,3,PROD00210,5,787.25,0.0,3936.25
LINE00008673,ORD0002884,4,PROD00445,6,51.3,0.0,307.8
LINE00008674,ORD0002884,5,PROD00387,6,218.77,0.0,1312.62
LINE00008675,ORD0002885,1,PROD00458,1,271.74,27.17,244.57
LINE00008676,ORD0002885,2,PROD00109,2,419.23,0.0,838.46
LINE00008677,ORD0002885,3,PROD00031,3,145.43,21.81,414.48
LINE00008678,ORD0002885,4,PROD00268,4,720.9,576.72,2306.88
LINE00008679,ORD0002886,1,PROD00125,4,573.3,229.32,2063.88
LINE00008680,ORD0002886,2,PROD00064,4,873.43,349.37,3144.35
LINE00008681,ORD0002886,3,PROD00301,5,433.05,0.0,2165.25
LINE00008682,ORD0002886,4,PROD00471,5,373.32,373.32,1493.28
LINE00008683,ORD0002887,1,PROD00132,3,592.93,88.94,1689.85
LINE00008684,ORD0002887,2,PROD00387,1,419.47,0.0,419.47
LINE00008685,ORD0002888,1,PROD00155,2,752.53,0.0,1505.06
LINE00008686,ORD0002888,2,PROD00063,6,360.48,432.58,1730.3
LINE00008687,ORD0002888,3,PROD00284,5,48.21,0.0,241.05
LINE00008688,ORD0002888,4,PROD00034,1,1189.63,118.96,1070.67
LINE00008689,ORD0002889,1,PROD00492,2,995.08,0.0,1990.16
LINE00008690,ORD0002889,2,PROD00133,2,922.22,92.22,1752.22
LINE00008691,ORD0002889,3,PROD00185,5,72.78,0.0,363.9
LINE00008692,ORD0002890,1,PROD00198,4,203.28,0.0,813.12
LINE00008693,ORD0002890,2,PROD00452,3,168.21,25.23,479.4
LINE00008694,ORD0002890,3,PROD00215,1,727.55,145.51,582.04
LINE00008695,ORD0002890,4,PROD00191,6,660.9,198.27,3767.13
LINE00008696,ORD0002890,5,PROD00199,1,786.54,78.65,707.89
LINE00008697,ORD0002891,1,PROD00456,1,617.92,0.0,617.92
LINE00008698,ORD0002891,2,PROD00483,5,635.41,635.41,2541.64
LINE00008699,ORD0002891,3,PROD00409,5,16.03,8.02,72.13
LINE00008700,ORD0002891,4,PROD00272,4,1114.43,0.0,4457.72
LINE00008701,ORD0002892,1,PROD00316,5,582.2,582.2,2328.8
LINE00008702,ORD0002892,2,PROD00041,6,873.11,1047.73,4190.93
LINE00008703,ORD0002893,1,PROD00497,2,240.66,0.0,481.32
LINE00008704,ORD0002893,2,PROD00055,2,672.45,134.49,1210.41
LINE00008705,ORD0002893,3,PROD00098,3,1071.57,0.0,3214.71
LINE00008706,ORD0002893,4,PROD00087,4,717.24,286.9,2582.06
LINE00008707,ORD0002894,1,PROD00013,4,122.17,97.74,390.94
LINE00008708,ORD0002894,2,PROD00401,1,219.48,21.95,197.53
LINE00008709,ORD0002894,3,PROD00138,4,1027.75,0.0,4111.0
LINE00008710,ORD0002894,4,PROD00182,2,84.95,0.0,169.9
LINE00008711,ORD0002894,5,PROD00106,6,448.33,134.5,2555.48
LINE00008712,ORD0002895,1,PROD00387,5,1147.42,573.71,5163.39
LINE00008713,ORD0002895,2,PROD00500,2,218.17,43.63,392.71
LINE00008714,ORD0002895,3,PROD00059,5,533.46,533.46,2133.84
LINE00008715,ORD0002895,4,PROD00136,1,447.56,0.0,447.56
LINE00008716,ORD0002895,5,PROD00060,6,739.02,0.0,4434.12
LINE00008717,ORD0002896,1,PROD00047,5,21.56,10.78,97.02
LINE00008718,ORD0002897,1,PROD00371,4,983.06,0.0,3932.24
LINE00008719,ORD0002897,2,PROD00494,5,685.72,685.72,2742.88
LINE00008720,ORD0002897,3,PROD00061,5,1178.08,1178.08,4712.32
LINE00008721,ORD0002897,4,PROD00494,2,612.69,0.0,1225.38
LINE00008722,ORD0002898,1,PROD00347,1,323.07,32.31,290.76
LINE00008723,ORD0002898,2,PROD00402,3,1167.05,0.0,3501.15
LINE00008724,ORD0002898,3,PROD00146,1,410.13,82.03,328.1
LINE00008725,ORD0002898,4,PROD00101,1,1089.75,0.0,1089.75
LINE00008726,ORD0002899,1,PROD00029,5,1140.21,570.11,5130.94
LINE00008727,ORD0002899,2,PROD00021,1,1056.1,52.8,1003.3
LINE00008728,ORD0002899,3,PROD00318,3,380.12,0.0,1140.36
LINE00008729,ORD0002900,1,PROD00043,2,877.66,87.77,1667.55
LINE00008730,ORD0002900,2,PROD00211,5,506.17,253.09,2277.76
LINE00008731,ORD0002900,3,PROD00057,5,1055.28,0.0,5276.4
LINE00008732,ORD0002900,4,PROD00208,4,595.92,0.0,2383.68
LINE00008733,ORD0002901,1,PROD00319,5,809.22,809.22,3236.88
LINE00008734,ORD0002902,1,PROD00158,6,1093.41,1312.09,5248.37
LINE00008735,ORD0002902,2,PROD00191,3,298.8,89.64,806.76
LINE00008736,ORD0002903,1,PROD00085,5,993.64,496.82,4471.38
LINE00008737,ORD0002903,2,PROD00030,4,969.93,775.94,3103.78
LINE00008738,ORD0002903,3,PROD00288,6,486.23,0.0,2917.38
LINE00008739,ORD0002903,4,PROD00316,1,371.75,18.59,353.16
LINE00008740,ORD0002904,1,PROD00468,5,645.94,645.94,2583.76
LINE00008741,ORD0002904,2,PROD00175,2,54.91,0.0,109.82
LINE00008742,ORD0002904,3,PROD00228,1,37.58,0.0,37.58
LINE00008743,ORD0002905,1,PROD00424,4,51.68,0.0,206.72
LINE00008744,ORD0002905,2,PROD00031,5,1042.21,0.0,5211.05
LINE00008745,ORD0002905,3,PROD00348,2,668.81,0.0,1337.62
LINE00008746,ORD0002905,4,PROD00004,4,934.35,0.0,3737.4
LINE00008747,ORD0002906,1,PROD00485,5,781.76,390.88,3517.92
LINE00008748,ORD0002906,2,PROD00482,4,236.16,0.0,944.64
LINE00008749,ORD0002906,3,PROD00428,4,300.89,60.18,1143.38
LINE00008750,ORD0002906,4,PROD00030,2,302.63,0.0,605.26
LINE00008751,ORD0002907,1,PROD00474,6,41.27,0.0,247.62
LINE00008752,ORD0002908,1,PROD00054,5,560.31,560.31,2241.24
LINE00008753,ORD0002908,2,PROD00006,2,41.53,0.0,83.06
LINE00008754,ORD0002908,3,PROD00040,4,272.21,108.88,979.96
LINE00008755,ORD0002909,1,PROD00059,2,1162.48,232.5,2092.46
LINE00008756,ORD0002909,2,PROD00011,1,30.1,0.0,30.1
LINE00008757,ORD0002909,3,PROD00487,2,927.19,0.0,1854.38
LINE00008758,ORD0002909,4,PROD00494,3,778.23,116.73,2217.96
LINE00008759,ORD0002910,1,PROD00163,4,104.68,41.87,376.85
LINE00008760,ORD0002910,2,PROD00463,5,855.05,0.0,4275.25
LINE00008761,ORD0002911,1,PROD00098,1,841.91,42.1,799.81
LINE00008762,ORD0002911,2,PROD00337,3,675.75,202.73,1824.52
LINE00008763,ORD0002911,3,PROD00270,2,351.66,0.0,703.32
LINE00008764,ORD0002911,4,PROD00440,2,175.5,0.0,351.0
LINE00008765,ORD0002912,1,PROD00339,3,540.24,0.0,1620.72
LINE00008766,ORD0002912,2,PROD00295,2,464.94,0.0,929.88
LINE00008767,ORD0002912,3,PROD00401,1,494.84,0.0,494.84
LINE00008768,ORD0002912,4,PROD00410,2,1199.8,0.0,2399.6
LINE00008769,ORD0002912,5,PROD00442,1,175.62,17.56,158.06
LINE00008770,ORD0002913,1,PROD00173,3,939.72,0.0,2819.16
LINE00008771,ORD0002913,2,PROD00481,4,619.4,123.88,2353.72
LINE00008772,ORD0002913,3,PROD00269,6,960.34,0.0,5762.04
LINE00008773,ORD0002914,1,PROD00180,1,473.29,0.0,473.29
LINE00008774,ORD0002914,2,PROD00258,4,942.51,377.0,3393.04
LINE00008775,ORD0002914,3,PROD00023,6,719.42,0.0,4316.52
LINE00008776,ORD0002914,4,PROD00240,3,369.64,0.0,1108.92
LINE00008777,ORD0002914,5,PROD00092,6,1015.42,609.25,5483.27
LINE00008778,ORD0002915,1,PROD00205,1,216.32,0.0,216.32
LINE00008779,ORD0002915,2,PROD00206,3,282.16,169.3,677.18
LINE00008780,ORD0002915,3,PROD00281,5,404.39,404.39,1617.56
LINE00008781,ORD0002915,4,PROD00268,1,77.15,3.86,73.29
LINE00008782,ORD0002915,5,PROD00040,3,93.99,56.39,225.58
LINE00008783,ORD0002916,1,PROD00028,1,1048.26,209.65,838.61
LINE00008784,ORD0002916,2,PROD00075,6,1101.96,0.0,6611.76
LINE00008785,ORD0002916,3,PROD00277,1,908.72,0.0,908.72
LINE00008786,ORD0002916,4,PROD00393,3,944.42,141.66,2691.6
LINE00008787,ORD0002917,1,PROD00264,2,630.71,0.0,1261.42
LINE00008788,ORD0002917,2,PROD00454,3,610.09,366.05,1464.22
LINE00008789,ORD0002918,1,PROD00008,6,493.53,296.12,2665.06
LINE00008790,ORD0002918,2,PROD00024,6,158.51,0.0,951.06
LINE00008791,ORD0002919,1,PROD00472,1,264.11,52.82,211.29
LINE00008792,ORD0002919,2,PROD00288,6,563.21,675.85,2703.41
LINE00008793,ORD0002919,3,PROD00137,1,262.25,52.45,209.8
LINE00008794,ORD0002919,4,PROD00156,2,969.53,0.0,1939.06
LINE00008795,ORD0002919,5,PROD00012,1,383.49,19.17,364.32
LINE00008796,ORD0002920,1,PROD00032,5,452.56,0.0,2262.8
LINE00008797,ORD0002920,2,PROD00176,3,487.19,0.0,1461.57
LINE00008798,ORD0002920,3,PROD00084,5,645.9,322.95,2906.55
LINE00008799,ORD0002920,4,PROD00345,4,147.7,0.0,590.8
LINE00008800,ORD0002920,5,PROD00472,3,996.86,598.12,2392.46
LINE00008801,ORD0002921,1,PROD00359,6,806.33,967.6,3870.38
LINE00008802,ORD0002921,2,PROD00294,1,844.96,0.0,844.96
LINE00008803,ORD0002921,3,PROD00178,3,243.51,0.0,730.53
LINE00008804,ORD0002921,4,PROD00478,1,99.54,4.98,94.56
LINE00008805,ORD0002922,1,PROD00439,1,998.41,0.0,998.41
LINE00008806,ORD0002922,2,PROD00190,6,922.11,1106.53,4426.13
LINE00008807,ORD0002922,3,PROD00360,4,965.49,0.0,3861.96
LINE00008808,ORD0002922,4,PROD00162,6,438.02,0.0,2628.12
LINE00008809,ORD0002922,5,PROD00240,3,905.03,271.51,2443.58
LINE00008810,ORD0002923,1,PROD00002,5,970.88,0.0,4854.4
LINE00008811,ORD0002923,2,PROD00144,3,984.46,0.0,2953.38
LINE00008812,ORD0002924,1,PROD00330,1,8.83,0.44,8.39
LINE00008813,ORD0002925,1,PROD00289,3,370.03,111.01,999.08
LINE00008814,ORD0002926,1,PROD00345,2,742.88,297.15,1188.61
LINE00008815,ORD0002926,2,PROD00086,2,350.82,35.08,666.56
LINE00008816,ORD0002927,1,PROD00486,4,195.7,156.56,626.24
LINE00008817,ORD0002927,2,PROD00141,3,666.67,0.0,2000.01
LINE00008818,ORD0002927,3,PROD00163,3,860.77,258.23,2324.08
LINE00008819,ORD0002927,4,PROD00154,4,228.39,0.0,913.56
LINE00008820,ORD0002927,5,PROD00339,5,893.64,0.0,4468.2
LINE00008821,ORD0002928,1,PROD00403,1,189.71,37.94,151.77
LINE00008822,ORD0002929,1,PROD00483,5,872.28,218.07,4143.33
LINE00008823,ORD0002930,1,PROD00234,5,1101.83,1101.83,4407.32
LINE00008824,ORD0002930,2,PROD00204,5,1052.46,526.23,4736.07
LINE00008825,ORD0002931,1,PROD00451,1,689.46,0.0,689.46
LINE00008826,ORD0002931,2,PROD00138,5,396.52,0.0,1982.6
LINE00008827,ORD0002931,3,PROD00292,1,505.58,0.0,505.58
LINE00008828,ORD0002931,4,PROD00409,6,370.75,0.0,2224.5
LINE00008829,ORD0002932,1,PROD00424,1,17.58,0.0,17.58
LINE00008830,ORD0002932,2,PROD00055,2,863.16,0.0,1726.32
LINE00008831,ORD0002932,3,PROD00057,6,239.22,287.06,1148.26
LINE00008832,ORD0002933,1,PROD00127,2,170.74,0.0,341.48
LINE00008833,ORD0002934,1,PROD00153,5,664.97,332.49,2992.36
LINE00008834,ORD0002934,2,PROD00272,5,492.55,123.14,2339.61
LINE00008835,ORD0002934,3,PROD00377,4,581.7,0.0,2326.8
LINE00008836,ORD0002934,4,PROD00351,5,154.3,0.0,771.5
LINE00008837,ORD0002934,5,PROD00094,2,1083.26,0.0,2166.52
LINE00008838,ORD0002935,1,PROD00099,1,721.69,0.0,721.69
LINE00008839,ORD0002935,2,PROD00464,6,1095.18,1314.22,5256.86
LINE00008840,ORD0002936,1,PROD00293,1,1093.7,54.69,1039.01
LINE00008841,ORD0002936,2,PROD00212,1,324.92,0.0,324.92
LINE00008842,ORD0002936,3,PROD00131,6,367.24,440.69,1762.75
LINE00008843,ORD0002936,4,PROD00416,3,870.64,522.38,2089.54
LINE00008844,ORD0002937,1,PROD00332,5,316.08,0.0,1580.4
LINE00008845,ORD0002937,2,PROD00211,1,860.15,0.0,860.15
LINE00008846,ORD0002937,3,PROD00327,4,21.97,8.79,79.09
LINE00008847,ORD0002937,4,PROD00325,1,1141.79,0.0,1141.79
LINE00008848,ORD0002938,1,PROD00046,2,209.44,83.78,335.1
LINE00008849,ORD0002939,1,PROD00237,1,760.61,76.06,684.55
LINE00008850,ORD0002939,2,PROD00347,1,44.46,0.0,44.46
LINE00008851,ORD0002939,3,PROD00134,3,336.03,50.4,957.69
LINE00008852,ORD0002940,1,PROD00297,2,639.87,127.97,1151.77
LINE00008853,ORD0002940,2,PROD00020,2,173.35,0.0,346.7
LINE00008854,ORD0002940,3,PROD00132,1,1140.33,228.07,912.26
LINE00008855,ORD0002940,4,PROD00293,6,757.47,227.24,4317.58
LINE00008856,ORD0002941,1,PROD00174,6,777.84,933.41,3733.63
LINE00008857,ORD0002942,1,PROD00032,6,267.1,160.26,1442.34
LINE00008858,ORD0002942,2,PROD00057,3,1139.61,0.0,3418.83
LINE00008859,ORD0002942,3,PROD00309,4,295.62,118.25,1064.23
LINE00008860,ORD0002942,4,PROD00474,6,196.18,58.85,1118.23
LINE00008861,ORD0002943,1,PROD00338,1,918.02,45.9,872.12
LINE00008862,ORD0002943,2,PROD00053,6,681.02,0.0,4086.12
LINE00008863,ORD0002943,3,PROD00013,3,231.57,138.94,555.77
LINE00008864,ORD0002944,1,PROD00214,3,1103.62,662.17,2648.69
LINE00008865,ORD0002945,1,PROD00393,6,850.65,0.0,5103.9
LINE00008866,ORD0002945,2,PROD00483,5,1111.74,1111.74,4446.96
LINE00008867,ORD0002945,3,PROD00315,1,930.46,46.52,883.94
LINE00008868,ORD0002945,4,PROD00104,5,852.42,0.0,4262.1
LINE00008869,ORD0002946,1,PROD00121,1,1055.64,105.56,950.08
LINE00008870,ORD0002946,2,PROD00341,4,432.38,345.9,1383.62
LINE00008871,ORD0002947,1,PROD00001,1,932.19,186.44,745.75
LINE00008872,ORD0002947,2,PROD00046,6,124.38,0.0,746.28
LINE00008873,ORD0002947,3,PROD00361,4,32.52,13.01,117.07
LINE00008874,ORD0002947,4,PROD00450,3,343.58,0.0,1030.74
LINE00008875,ORD0002947,5,PROD00106,4,88.64,0.0,354.56
LINE00008876,ORD0002948,1,PROD00014,1,78.2,7.82,70.38
LINE00008877,ORD0002948,2,PROD00291,4,145.07,29.01,551.27
LINE00008878,ORD0002948,3,PROD00392,1,995.16,99.52,895.64
LINE00008879,ORD0002949,1,PROD00030,2,501.84,0.0,1003.68
LINE00008880,ORD0002949,2,PROD00203,4,601.71,120.34,2286.5
LINE00008881,ORD0002949,3,PROD00095,5,456.27,0.0,2281.35
LINE00008882,ORD0002950,1,PROD00434,6,636.98,0.0,3821.88
LINE00008883,ORD0002950,2,PROD00241,2,572.44,0.0,1144.88
LINE00008884,ORD0002950,3,PROD00204,4,294.96,0.0,1179.84
LINE00008885,ORD0002951,1,PROD00254,6,395.88,475.06,1900.22
LINE00008886,ORD0002951,2,PROD00031,5,919.88,0.0,4599.4
LINE00008887,ORD0002951,3,PROD00304,3,883.82,265.15,2386.31
LINE00008888,ORD0002951,4,PROD00354,3,79.92,47.95,191.81
LINE00008889,ORD0002951,5,PROD00038,5,963.6,0.0,4818.0
LINE00008890,ORD0002952,1,PROD00163,3,448.95,269.37,1077.48
LINE00008891,ORD0002952,2,PROD00249,4,552.51,442.01,1768.03
LINE00008892,ORD0002952,3,PROD00483,5,529.04,529.04,2116.16
LINE00008893,ORD0002952,4,PROD00154,1,388.95,77.79,311.16
LINE00008894,ORD0002952,5,PROD00341,1,1092.92,54.65,1038.27
LINE00008895,ORD0002953,1,PROD00467,5,1075.93,0.0,5379.65
LINE00008896,ORD0002953,2,PROD00494,3,252.82,0.0,758.46
LINE00008897,ORD0002953,3,PROD00075,6,1175.16,0.0,7050.96
LINE00008898,ORD0002953,4,PROD00394,3,170.89,51.27,461.4
LINE00008899,ORD0002954,1,PROD00404,4,795.74,318.3,2864.66
LINE00008900,ORD0002954,2,PROD00211,4,686.35,137.27,2608.13
LINE00008901,ORD0002954,3,PROD00418,5,515.54,257.77,2319.93
LINE00008902,ORD0002954,4,PROD00286,1,65.78,3.29,62.49
LINE00008903,ORD0002954,5,PROD00205,2,606.32,0.0,1212.64
LINE00008904,ORD0002955,1,PROD00254,3,141.68,0.0,425.04
LINE00008905,ORD0002956,1,PROD00344,6,772.84,0.0,4637.04
LINE00008906,ORD0002956,2,PROD00494,1,351.6,35.16,316.44
LINE00008907,ORD0002956,3,PROD00121,4,55.96,22.38,201.46
LINE00008908,ORD0002956,4,PROD00036,3,118.46,0.0,355.38
LINE00008909,ORD0002956,5,PROD00249,1,91.82,0.0,91.82
LINE00008910,ORD0002957,1,PROD00007,1,88.13,0.0,88.13
LINE00008911,ORD0002957,2,PROD00157,6,791.72,475.03,4275.29
LINE00008912,ORD0002957,3,PROD00093,5,1102.32,551.16,4960.44
LINE00008913,ORD0002957,4,PROD00008,3,1190.71,178.61,3393.52
LINE00008914,ORD0002958,1,PROD00013,3,1104.78,0.0,3314.34
LINE00008915,ORD0002958,2,PROD00078,1,1129.67,0.0,1129.67
LINE00008916,ORD0002958,3,PROD00128,2,240.1,96.04,384.16
LINE00008917,ORD0002958,4,PROD00127,6,420.27,0.0,2521.62
LINE00008918,ORD0002958,5,PROD00439,3,543.87,0.0,1631.61
LINE00008919,ORD0002959,1,PROD00249,5,316.21,0.0,1581.05
LINE00008920,ORD0002959,2,PROD00038,2,753.62,150.72,1356.52
LINE00008921,ORD0002960,1,PROD00365,1,716.99,143.4,573.59
LINE00008922,ORD0002960,2,PROD00246,3,1182.19,709.31,2837.26
LINE00008923,ORD0002961,1,PROD00337,3,1097.4,0.0,3292.2
LINE00008924,ORD0002961,2,PROD00025,3,1177.9,176.69,3357.01
LINE00008925,ORD0002962,1,PROD00223,4,79.01,63.21,252.83
LINE00008926,ORD0002962,2,PROD00076,4,323.23,0.0,1292.92
LINE00008927,ORD0002962,3,PROD00378,3,255.08,153.05,612.19
LINE00008928,ORD0002962,4,PROD00113,4,771.96,308.78,2779.06
LINE00008929,ORD0002963,1,PROD00234,5,395.74,197.87,1780.83
LINE00008930,ORD0002963,2,PROD00429,3,133.11,0.0,399.33
LINE00008931,ORD0002963,3,PROD00013,4,717.35,0.0,2869.4
LINE00008932,ORD0002964,1,PROD00329,5,282.25,70.56,1340.69
LINE00008933,ORD0002964,2,PROD00208,5,568.08,0.0,2840.4
LINE00008934,ORD0002964,3,PROD00497,1,523.79,0.0,523.79
LINE00008935,ORD0002965,1,PROD00267,1,529.64,52.96,476.68
LINE00008936,ORD0002966,1,PROD00315,6,113.15,0.0,678.9
LINE00008937,ORD0002966,2,PROD00284,3,750.48,112.57,2138.87
LINE00008938,ORD0002967,1,PROD00092,6,884.44,0.0,5306.64
LINE00008939,ORD0002967,2,PROD00359,5,402.16,402.16,1608.64
LINE00008940,ORD0002968,1,PROD00163,5,279.49,0.0,1397.45
LINE00008941,ORD0002968,2,PROD00040,1,95.29,19.06,76.23
LINE00008942,ORD0002968,3,PROD00178,6,71.47,21.44,407.38
LINE00008943,ORD0002968,4,PROD00111,1,379.78,0.0,379.78
LINE00008944,ORD0002969,1,PROD00085,2,1119.5,0.0,2239.0
LINE00008945,ORD0002969,2,PROD00195,4,188.6,0.0,754.4
LINE00008946,ORD0002969,3,PROD00419,3,615.57,0.0,1846.71
LINE00008947,ORD0002969,4,PROD00474,3,864.89,259.47,2335.2
LINE00008948,ORD0002969,5,PROD00170,5,466.95,0.0,2334.75
LINE00008949,ORD0002970,1,PROD00280,1,868.17,0.0,868.17
LINE00008950,ORD0002970,2,PROD00075,5,174.21,0.0,871.05
LINE00008951,ORD0002971,1,PROD00040,6,562.78,337.67,3039.01
LINE00008952,ORD0002971,2,PROD00257,6,235.35,141.21,1270.89
LINE00008953,ORD0002971,3,PROD00206,3,113.85,34.15,307.4
LINE00008954,ORD0002971,4,PROD00314,5,345.63,0.0,1728.15
LINE00008955,ORD0002972,1,PROD00453,5,1042.35,260.59,4951.16
LINE00008956,ORD0002972,2,PROD00305,1,636.62,0.0,636.62
LINE00008957,ORD0002972,3,PROD00274,5,101.55,25.39,482.36
LINE00008958,ORD0002973,1,PROD00051,4,1068.37,213.67,4059.81
LINE00008959,ORD0002974,1,PROD00378,3,432.25,129.68,1167.07
LINE00008960,ORD0002974,2,PROD00219,1,1182.25,236.45,945.8
LINE00008961,ORD0002974,3,PROD00027,1,1102.76,55.14,1047.62
LINE00008962,ORD0002975,1,PROD00161,1,1176.56,58.83,1117.73
LINE00008963,ORD0002976,1,PROD00216,2,225.68,0.0,451.36
LINE00008964,ORD0002977,1,PROD00054,3,537.49,161.25,1451.22
LINE00008965,ORD0002977,2,PROD00229,2,488.83,195.53,782.13
LINE00008966,ORD0002978,1,PROD00281,6,972.48,583.49,5251.39
LINE00008967,ORD0002978,2,PROD00091,3,461.38,0.0,1384.14
LINE00008968,ORD0002979,1,PROD00462,6,210.24,126.14,1135.3
LINE00008969,ORD0002980,1,PROD00418,5,383.83,0.0,1919.15
LINE00008970,ORD0002980,2,PROD00126,3,982.78,0.0,2948.34
LINE00008971,ORD0002980,3,PROD00129,1,118.13,11.81,106.32
LINE00008972,ORD0002980,4,PROD00468,2,478.09,47.81,908.37
LINE00008973,ORD0002980,5,PROD00167,2,482.42,0.0,964.84
LINE00008974,ORD0002981,1,PROD00482,3,289.66,0.0,868.98
LINE00008975,ORD0002982,1,PROD00015,6,272.69,163.61,1472.53
LINE00008976,ORD0002982,2,PROD00018,3,387.97,0.0,1163.91
LINE00008977,ORD0002982,3,PROD00024,1,208.95,20.89,188.06
LINE00008978,ORD0002983,1,PROD00406,4,449.6,359.68,1438.72
LINE00008979,ORD0002983,2,PROD00239,4,526.3,0.0,2105.2
LINE00008980,ORD0002983,3,PROD00290,1,1144.25,0.0,1144.25
LINE00008981,ORD0002984,1,PROD00497,1,772.56,77.26,695.3
LINE00008982,ORD0002984,2,PROD00356,-3,1174.18,-352.25,-3170.29
LINE00008983,ORD0002984,3,PROD00155,1,570.59,57.06,513.53
LINE00008984,ORD0002985,1,PROD00313,1,176.98,0.0,176.98
LINE00008985,ORD0002985,2,PROD00404,5,186.4,0.0,932.0
LINE00008986,ORD0002985,3,PROD00361,3,107.68,32.3,290.74
LINE00008987,ORD0002985,4,PROD00417,4,648.24,0.0,2592.96
LINE00008988,ORD0002986,1,PROD00187,2,257.3,25.73,488.87
LINE00008989,ORD0002986,2,PROD00473,3,1158.31,347.49,3127.44
LINE00008990,ORD0002987,1,PROD00176,4,88.0,0.0,352.0
LINE00008991,ORD0002987,2,PROD00358,2,849.26,0.0,1698.52
LINE00008992,ORD0002987,3,PROD00318,2,1094.33,109.43,2079.23
LINE00008993,ORD0002987,4,PROD00234,4,123.67,24.73,469.95
LINE00008994,ORD0002988,1,PROD00274,1,109.39,0.0,109.39
LINE00008995,ORD0002989,1,PROD00421,5,416.52,416.52,1666.08
LINE00008996,ORD0002990,1,PROD00333,6,86.11,0.0,516.66
LINE00008997,ORD0002990,2,PROD00365,5,328.68,164.34,1479.06
LINE00008998,ORD0002990,3,PROD00361,5,662.63,0.0,3313.15
LINE00008999,ORD0002991,1,PROD00222,1,678.27,67.83,610.44
LINE00009000,ORD0002992,1,PROD00189,2,438.17,0.0,876.34
LINE00009001,ORD0002992,2,PROD00204,2,814.67,325.87,1303.47
LINE00009002,ORD0002992,3,PROD00013,3,30.04,4.51,85.61
LINE00009003,ORD0002992,4,PROD00462,6,413.17,0.0,2479.02
LINE00009004,ORD0002992,5,PROD00006,2,1093.98,218.8,1969.16
LINE00009005,ORD0002993,1,PROD00486,5,661.67,0.0,3308.35
LINE00009006,ORD0002994,1,PROD00351,5,87.62,21.91,416.19
LINE00009007,ORD0002995,1,PROD00392,4,1120.71,0.0,4482.84
LINE00009008,ORD0002995,2,PROD00212,4,845.06,676.05,2704.19
LINE00009009,ORD0002996,1,PROD00444,2,725.93,0.0,1451.86
LINE00009010,ORD0002996,2,PROD00126,2,397.76,0.0,795.52
LINE00009011,ORD0002997,1,PROD00048,4,387.18,0.0,1548.72
LINE00009012,ORD0002997,2,PROD00137,2,238.96,47.79,430.13
LINE00009013,ORD0002997,3,PROD00032,5,832.02,0.0,4160.1
LINE00009014,ORD0002997,4,PROD00140,5,321.5,160.75,1446.75
LINE00009015,ORD0002997,5,PROD00365,3,334.99,50.25,954.72
LINE00009016,ORD0002998,1,PROD00158,1,324.94,0.0,324.94
LINE00009017,ORD0002998,2,PROD00326,3,1196.7,179.51,3410.59
LINE00009018,ORD0002999,1,PROD00394,4,228.14,0.0,912.56
LINE00009019,ORD0002999,2,PROD00437,1,959.13,191.83,767.3
LINE00009020,ORD0002999,3,PROD00046,5,1137.93,1137.93,4551.72
LINE00009021,ORD0002999,4,PROD00262,1,773.28,0.0,773.28
LINE00009022,ORD0002999,5,PROD00341,6,916.12,0.0,5496.72
LINE00009023,ORD0003000,1,PROD00019,2,1035.45,207.09,1863.81
LINE00009024,ORD0003000,2,PROD00469,4,333.59,133.44,1200.92
LINE00009025,ORD0003000,3,PROD00235,3,920.34,552.2,2208.82
LINE00009026,ORD0003000,4,PROD00473,2,731.7,0.0,1463.4
LINE00009027,ORD0003000,5,PROD00221,2,1193.06,477.22,1908.9
LINE00009028,ORD0003001,1,PROD00451,1,1136.63,0.0,1136.63
LINE00009029,ORD0003001,2,PROD00122,3,515.24,77.29,1468.43
LINE00009030,ORD0003001,3,PROD00038,6,231.71,69.51,1320.75
LINE00009031,ORD0003002,1,PROD00240,4,1189.84,237.97,4521.39
LINE00009032,ORD0003003,1,PROD00214,6,843.65,1012.38,4049.52
LINE00009033,ORD0003003,2,PROD00377,6,399.08,478.9,1915.58
LINE00009034,ORD0003003,3,PROD00078,5,1173.97,0.0,5869.85
LINE00009035,ORD0003003,4,PROD00340,3,506.48,0.0,1519.44
LINE00009036,ORD0003003,5,PROD00179,4,903.03,0.0,3612.12
LINE00009037,ORD0003004,1,PROD00307,2,832.6,0.0,1665.2
LINE00009038,ORD0003005,1,PROD00262,3,17.55,0.0,52.65
LINE00009039,ORD0003005,2,PROD00203,6,1171.05,0.0,7026.3
LINE00009040,ORD0003006,1,PROD00235,2,398.43,0.0,796.86
LINE00009041,ORD0003006,2,PROD00471,1,767.33,0.0,767.33
LINE00009042,ORD0003006,3,PROD00336,6,1110.46,0.0,6662.76
LINE00009043,ORD0003006,4,PROD00430,6,1161.83,1394.2,5576.78
LINE00009044,ORD0003006,5,PROD00468,2,453.51,45.35,861.67
LINE00009045,ORD0003007,1,PROD00493,4,683.29,0.0,2733.16
LINE00009046,ORD0003007,2,PROD00092,3,1190.43,0.0,3571.29
LINE00009047,ORD0003007,3,PROD00099,2,1191.49,238.3,2144.68
LINE00009048,ORD0003008,1,PROD00005,2,994.46,0.0,1988.92
LINE00009049,ORD0003008,2,PROD00096,2,808.81,0.0,1617.62
LINE00009050,ORD0003008,3,PROD00156,2,940.03,0.0,1880.06
LINE00009051,ORD0003008,4,PROD00013,5,349.83,349.83,1399.32
LINE00009052,ORD0003009,1,PROD00148,3,429.57,0.0,1288.71
LINE00009053,ORD0003010,1,PROD00421,4,977.03,0.0,3908.12
LINE00009054,ORD0003010,2,PROD00463,2,602.49,241.0,963.98
LINE00009055,ORD0003010,3,PROD00037,5,1013.02,506.51,4558.59
LINE00009056,ORD0003011,1,PROD00396,2,583.54,0.0,1167.08
LINE00009057,ORD0003011,2,PROD00230,2,240.89,24.09,457.69
LINE00009058,ORD0003011,3,PROD00443,2,821.23,0.0,1642.46
LINE00009059,ORD0003011,4,PROD00147,5,952.33,0.0,4761.65
LINE00009060,ORD0003012,1,PROD00327,4,1193.72,0.0,4774.88
LINE00009061,ORD0003012,2,PROD00348,5,982.8,0.0,4914.0
LINE00009062,ORD0003013,1,PROD00148,5,726.9,363.45,3271.05
LINE00009063,ORD0003013,2,PROD00179,5,199.5,49.88,947.62
LINE00009064,ORD0003013,3,PROD00305,5,467.6,0.0,2338.0
LINE00009065,ORD0003014,1,PROD00383,4,523.19,418.55,1674.21
LINE00009066,ORD0003014,2,PROD00489,6,914.4,0.0,5486.4
LINE00009067,ORD0003014,3,PROD00002,1,1158.43,0.0,1158.43
LINE00009068,ORD0003014,4,PROD00407,5,961.73,961.73,3846.92
LINE00009069,ORD0003014,5,PROD00076,4,116.46,23.29,442.55
LINE00009070,ORD0003015,1,PROD00057,3,922.31,553.39,2213.54
LINE00009071,ORD0003015,2,PROD00259,4,678.68,0.0,2714.72
LINE00009072,ORD0003016,1,PROD00437,6,1022.14,1226.57,4906.27
LINE00009073,ORD0003016,2,PROD00345,3,1003.78,150.57,2860.77
LINE00009074,ORD0003017,1,PROD00452,5,390.06,97.52,1852.78
LINE00009075,ORD0003017,2,PROD00495,6,463.17,555.8,2223.22
LINE00009076,ORD0003017,3,PROD00006,3,485.35,72.8,1383.25
LINE00009077,ORD0003018,1,PROD00332,6,38.54,11.56,219.68
LINE00009078,ORD0003018,2,PROD00161,2,339.25,135.7,542.8
LINE00009079,ORD0003019,1,PROD00209,2,877.66,175.53,1579.79
LINE00009080,ORD0003020,1,PROD00150,2,555.11,0.0,1110.22
LINE00009081,ORD0003021,1,PROD00394,3,990.49,297.15,2674.32
LINE00009082,ORD0003021,2,PROD00153,6,374.58,224.75,2022.73
LINE00009083,ORD0003021,3,PROD00353,1,923.11,0.0,923.11
LINE00009084,ORD0003021,4,PROD00347,3,203.17,0.0,609.51
LINE00009085,ORD0003021,5,PROD00115,3,699.65,0.0,2098.95
LINE00009086,ORD0003022,1,PROD00140,1,444.94,0.0,444.94
LINE00009087,ORD0003022,2,PROD00263,5,358.6,0.0,1793.0
LINE00009088,ORD0003022,3,PROD00063,4,372.03,148.81,1339.31
LINE00009089,ORD0003022,4,PROD00073,3,800.97,0.0,2402.91
LINE00009090,ORD0003023,1,PROD00380,6,717.66,0.0,4305.96
LINE00009091,ORD0003023,2,PROD00500,5,887.87,887.87,3551.48
LINE00009092,ORD0003024,1,PROD00264,5,529.11,132.28,2513.27
LINE00009093,ORD0003024,2,PROD00162,1,94.36,18.87,75.49
LINE00009094,ORD0003024,3,PROD00268,3,11.56,6.94,27.74
LINE00009095,ORD0003024,4,PROD00032,5,140.01,70.0,630.05
LINE00009096,ORD0003024,5,PROD00289,5,532.26,266.13,2395.17
LINE00009097,ORD0003025,1,PROD00387,3,560.86,168.26,1514.32
LINE00009098,ORD0003026,1,PROD00344,1,366.11,36.61,329.5
LINE00009099,ORD0003027,1,PROD00007,5,57.42,57.42,229.68
LINE00009100,ORD0003027,2,PROD00373,6,190.39,57.12,1085.22
LINE00009101,ORD0003027,3,PROD00294,5,177.17,0.0,885.85
LINE00009102,ORD0003027,4,PROD00399,1,881.52,88.15,793.37
LINE00009103,ORD0003028,1,PROD00138,3,161.95,24.29,461.56
LINE00009104,ORD0003028,2,PROD00152,5,542.35,271.18,2440.57
LINE00009105,ORD0003029,1,PROD00405,3,208.93,62.68,564.11
LINE00009106,ORD0003029,2,PROD00162,1,447.88,0.0,447.88
LINE00009107,ORD0003029,3,PROD00153,4,226.9,181.52,726.08
LINE00009108,ORD0003029,4,PROD00251,5,741.35,741.35,2965.4
LINE00009109,ORD0003030,1,PROD00478,5,723.52,723.52,2894.08
LINE00009110,ORD0003030,2,PROD00070,6,1009.27,1211.12,4844.5
LINE00009111,ORD0003031,1,PROD00208,3,251.88,0.0,755.64
LINE00009112,ORD0003032,1,PROD00440,3,171.38,25.71,488.43
LINE00009113,ORD0003033,1,PROD00320,6,1035.04,0.0,6210.24
LINE00009114,ORD0003033,2,PROD00246,5,769.32,769.32,3077.28
LINE00009115,ORD0003034,1,PROD00200,5,1128.2,0.0,5641.0
LINE00009116,ORD0003034,2,PROD00261,6,625.6,0.0,3753.6
LINE00009117,ORD0003035,1,PROD00190,4,495.81,0.0,1983.24
LINE00009118,ORD0003035,2,PROD00241,1,791.58,0.0,791.58
LINE00009119,ORD0003035,3,PROD00242,3,717.06,215.12,1936.06
LINE00009120,ORD0003036,1,PROD00084,6,240.17,144.1,1296.92
LINE00009121,ORD0003036,2,PROD00273,5,811.43,0.0,4057.15
LINE00009122,ORD0003036,3,PROD00341,5,925.86,925.86,3703.44
LINE00009123,ORD0003037,1,PROD00144,5,308.55,0.0,1542.75
LINE00009124,ORD0003038,1,PROD00471,3,499.3,0.0,1497.9
LINE00009125,ORD0003038,2,PROD00360,2,698.65,0.0,1397.3
LINE00009126,ORD0003038,3,PROD00185,5,704.36,0.0,3521.8
LINE00009127,ORD0003038,4,PROD00461,5,66.8,33.4,300.6
LINE00009128,ORD0003038,5,PROD00417,2,65.29,6.53,124.05
LINE00009129,ORD0003039,1,PROD00463,2,815.62,0.0,1631.24
LINE00009130,ORD0003039,2,PROD00205,3,305.01,0.0,915.03
LINE00009131,ORD0003039,3,PROD00142,1,173.98,0.0,173.98
LINE00009132,ORD0003039,4,PROD00248,2,848.81,0.0,1697.62
LINE00009133,ORD0003039,5,PROD00145,6,277.98,166.79,1501.09
LINE00009134,ORD0003040,1,PROD00135,4,189.03,37.81,718.31
LINE00009135,ORD0003040,2,PROD00211,2,857.28,342.91,1371.65
LINE00009136,ORD0003040,3,PROD00158,5,1134.39,1134.39,4537.56
LINE00009137,ORD0003040,4,PROD00012,5,439.33,109.83,2086.82
LINE00009138,ORD0003040,5,PROD00155,1,291.35,58.27,233.08
LINE00009139,ORD0003041,1,PROD00163,2,277.23,110.89,443.57
LINE00009140,ORD0003041,2,PROD00357,6,33.06,0.0,198.36
LINE00009141,ORD0003042,1,PROD00057,3,602.31,361.39,1445.54
LINE00009142,ORD0003043,1,PROD00017,6,1193.94,0.0,7163.64
LINE00009143,ORD0003044,1,PROD00059,6,44.3,0.0,265.8
LINE00009144,ORD0003044,2,PROD00132,6,127.72,0.0,766.32
LINE00009145,ORD0003044,3,PROD00262,1,177.23,0.0,177.23
LINE00009146,ORD0003044,4,PROD00023,5,1090.49,1090.49,4361.96
LINE00009147,ORD0003044,5,PROD00001,3,719.12,107.87,2049.49
LINE00009148,ORD0003045,1,PROD00319,6,198.06,0.0,1188.36
LINE00009149,ORD0003045,2,PROD00064,2,1140.27,0.0,2280.54
LINE00009150,ORD0003046,1,PROD00173,5,652.56,0.0,3262.8
LINE00009151,ORD0003047,1,PROD00265,4,106.63,0.0,426.52
LINE00009152,ORD0003047,2,PROD00066,6,167.41,0.0,1004.46
LINE00009153,ORD0003048,1,PROD00066,1,159.47,15.95,143.52
LINE00009154,ORD0003048,2,PROD00476,4,698.74,139.75,2655.21
LINE00009155,ORD0003048,3,PROD00231,1,305.29,0.0,305.29
LINE00009156,ORD0003048,4,PROD00463,1,641.83,128.37,513.46
LINE00009157,ORD0003049,1,PROD00026,1,952.2,0.0,952.2
LINE00009158,ORD0003049,2,PROD00299,5,804.82,0.0,4024.1
LINE00009159,ORD0003050,1,PROD00020,2,413.92,0.0,827.84
LINE00009160,ORD0003050,2,PROD00187,1,896.38,0.0,896.38
LINE00009161,ORD0003050,3,PROD00395,6,1070.85,0.0,6425.1
LINE00009162,ORD0003051,1,PROD00109,5,773.77,386.88,3481.97
LINE00009163,ORD0003051,2,PROD00197,3,897.93,134.69,2559.1
LINE00009164,ORD0003051,3,PROD00259,3,679.21,101.88,1935.75
LINE00009165,ORD0003051,4,PROD00318,6,711.18,213.35,4053.73
LINE00009166,ORD0003051,5,PROD00374,2,466.85,186.74,746.96
LINE00009167,ORD0003052,1,PROD00334,6,89.4,26.82,509.58
LINE00009168,ORD0003052,2,PROD00356,6,878.91,263.67,5009.79
LINE00009169,ORD0003052,3,PROD00202,6,313.49,94.05,1786.89
LINE00009170,ORD0003052,4,PROD00223,6,754.8,0.0,4528.8
LINE00009171,ORD0003052,5,PROD00377,4,271.73,217.38,869.54
LINE00009172,ORD0003053,1,PROD00495,5,653.75,326.88,2941.87
LINE00009173,ORD0003054,1,PROD00196,5,986.68,246.67,4686.73
LINE00009174,ORD0003054,2,PROD00150,5,839.14,0.0,4195.7
LINE00009175,ORD0003054,3,PROD00260,3,625.99,0.0,1877.97
LINE00009176,ORD0003054,4,PROD00455,3,108.07,16.21,308.0
LINE00009177,ORD0003055,1,PROD00402,4,271.4,54.28,1031.32
LINE00009178,ORD0003055,2,PROD00389,3,359.18,107.75,969.79
LINE00009179,ORD0003056,1,PROD00424,3,211.73,0.0,635.19
LINE00009180,ORD0003056,2,PROD00212,3,1185.3,0.0,3555.9
LINE00009181,ORD0003056,3,PROD00062,5,240.46,0.0,1202.3
LINE00009182,ORD0003057,1,PROD00394,2,141.56,56.62,226.5
LINE00009183,ORD0003057,2,PROD00122,3,563.55,338.13,1352.52
LINE00009184,ORD0003057,3,PROD00081,5,43.61,0.0,218.05
LINE00009185,ORD0003058,1,PROD00154,1,1112.68,0.0,1112.68
LINE00009186,ORD0003058,2,PROD00485,3,15.19,2.28,43.29
LINE00009187,ORD0003058,3,PROD00464,3,1091.08,0.0,3273.24
LINE00009188,ORD0003058,4,PROD00004,2,303.77,0.0,607.54
LINE00009189,ORD0003059,1,PROD00016,5,713.17,0.0,3565.85
LINE00009190,ORD0003059,2,PROD00431,6,897.51,538.51,4846.55
LINE00009191,ORD0003059,3,PROD00077,1,776.26,155.25,621.01
LINE00009192,ORD0003060,1,PROD00380,6,526.31,631.57,2526.29
LINE00009193,ORD0003060,2,PROD00213,2,458.36,45.84,870.88
LINE00009194,ORD0003060,3,PROD00186,2,371.64,74.33,668.95
LINE00009195,ORD0003060,4,PROD00351,2,1062.93,0.0,2125.86
LINE00009196,ORD0003061,1,PROD00004,5,1186.59,593.29,5339.66
LINE00009197,ORD0003061,2,PROD00477,2,837.27,0.0,1674.54
LINE00009198,ORD0003062,1,PROD00467,1,136.46,27.29,109.17
LINE00009199,ORD0003062,2,PROD00310,2,892.07,356.83,1427.31
LINE00009200,ORD0003063,1,PROD00416,5,409.26,204.63,1841.67
LINE00009201,ORD0003063,2,PROD00040,4,390.05,0.0,1560.2
LINE00009202,ORD0003063,3,PROD00448,6,109.94,32.98,626.66
LINE00009203,ORD0003063,4,PROD00006,6,663.69,0.0,3982.14
LINE00009204,ORD0003064,1,PROD00164,5,139.42,0.0,697.1
LINE00009205,ORD0003064,2,PROD00310,5,1156.63,0.0,5783.15
LINE00009206,ORD0003065,1,PROD00411,2,70.18,0.0,140.36
LINE00009207,ORD0003066,1,PROD00085,4,601.8,0.0,2407.2
LINE00009208,ORD0003067,1,PROD00389,3,680.74,408.44,1633.78
LINE00009209,ORD0003068,1,PROD00459,1,956.8,95.68,861.12
LINE00009210,ORD0003068,2,PROD00011,2,334.64,0.0,669.28
LINE00009211,ORD0003068,3,PROD00180,4,553.69,0.0,2214.76
LINE00009212,ORD0003068,4,PROD00415,6,20.85,0.0,125.1
LINE00009213,ORD0003068,5,PROD00299,1,704.1,0.0,704.1
LINE00009214,ORD0003069,1,PROD00001,1,762.36,152.47,609.89
LINE00009215,ORD0003069,2,PROD00326,5,330.54,165.27,1487.43
LINE00009216,ORD0003070,1,PROD00459,5,113.33,0.0,566.65
LINE00009217,ORD0003070,2,PROD00440,2,940.96,0.0,1881.92
LINE00009218,ORD0003071,1,PROD00263,6,780.56,0.0,4683.36
LINE00009219,ORD0003072,1,PROD00487,2,563.96,0.0,1127.92
LINE00009220,ORD0003072,2,PROD00239,5,236.55,0.0,1182.75
LINE00009221,ORD0003072,3,PROD00098,3,521.71,0.0,1565.13
LINE00009222,ORD0003072,4,PROD00059,4,1181.44,0.0,4725.76
LINE00009223,ORD0003073,1,PROD00312,5,1099.92,1099.92,4399.68
LINE00009224,ORD0003073,2,PROD00464,3,754.35,0.0,2263.05
LINE00009225,ORD0003073,3,PROD00477,5,821.55,821.55,3286.2
LINE00009226,ORD0003074,1,PROD00284,5,77.0,38.5,346.5
LINE00009227,ORD0003074,2,PROD00202,3,1094.12,164.12,3118.24
LINE00009228,ORD0003074,3,PROD00362,2,317.76,127.1,508.42
LINE00009229,ORD0003074,4,PROD00057,4,224.79,0.0,899.16
LINE00009230,ORD0003075,1,PROD00358,3,39.3,0.0,117.9
LINE00009231,ORD0003075,2,PROD00112,2,543.73,108.75,978.71
LINE00009232,ORD0003075,3,PROD00366,1,865.19,0.0,865.19
LINE00009233,ORD0003075,4,PROD00050,6,557.7,0.0,3346.2
LINE00009234,ORD0003076,1,PROD00220,5,1126.53,563.26,5069.39
LINE00009235,ORD0003076,2,PROD00128,1,880.7,176.14,704.56
LINE00009236,ORD0003077,1,PROD00438,4,1061.47,0.0,4245.88
LINE00009237,ORD0003077,2,PROD00401,3,314.58,0.0,943.74
LINE00009238,ORD0003077,3,PROD00326,2,1132.82,113.28,2152.36
LINE00009239,ORD0003077,4,PROD00238,1,1144.12,57.21,1086.91
LINE00009240,ORD0003078,1,PROD00438,2,122.45,48.98,195.92
LINE00009241,ORD0003078,2,PROD00342,6,924.63,277.39,5270.39
LINE00009242,ORD0003078,3,PROD00372,5,677.06,169.26,3216.04
LINE00009243,ORD0003078,4,PROD00261,2,650.23,65.02,1235.44
LINE00009244,ORD0003079,1,PROD00440,4,411.61,0.0,1646.44
LINE00009245,ORD0003079,2,PROD00088,6,249.43,299.32,1197.26
LINE00009246,ORD0003080,1,PROD00383,3,1045.21,313.56,2822.07
LINE00009247,ORD0003080,2,PROD00164,2,524.72,0.0,1049.44
LINE00009248,ORD0003081,1,PROD00282,5,454.3,0.0,2271.5
LINE00009249,ORD0003081,2,PROD00302,2,1153.59,0.0,2307.18
LINE00009250,ORD0003082,1,PROD00175,2,11.43,0.0,22.86
LINE00009251,ORD0003082,2,PROD00080,3,685.47,0.0,2056.41
LINE00009252,ORD0003082,3,PROD00444,2,1084.33,216.87,1951.79
LINE00009253,ORD0003083,1,PROD00496,1,409.37,81.87,327.5
LINE00009254,ORD0003083,2,PROD00183,6,824.6,0.0,4947.6
LINE00009255,ORD0003084,1,PROD00022,5,875.87,0.0,4379.35
LINE00009256,ORD0003085,1,PROD00084,5,581.49,0.0,2907.45
LINE00009257,ORD0003085,2,PROD00376,5,1132.14,0.0,5660.7
LINE00009258,ORD0003085,3,PROD00356,5,697.01,348.51,3136.54
LINE00009259,ORD0003085,4,PROD00308,5,535.73,267.87,2410.78
LINE00009260,ORD0003086,1,PROD00113,3,63.04,0.0,189.12
LINE00009261,ORD0003086,2,PROD00314,5,658.84,658.84,2635.36
LINE00009262,ORD0003086,3,PROD00066,1,126.16,0.0,126.16
LINE00009263,ORD0003086,4,PROD00289,1,281.71,0.0,281.71
LINE00009264,ORD0003086,5,PROD00253,4,39.76,0.0,159.04
LINE00009265,ORD0003087,1,PROD00087,5,1149.0,0.0,5745.0
LINE00009266,ORD0003087,2,PROD00231,4,700.19,0.0,2800.76
LINE00009267,ORD0003087,3,PROD00031,2,950.54,190.11,1710.97
LINE00009268,ORD0003088,1,PROD00429,5,302.7,0.0,1513.5
LINE00009269,ORD0003088,2,PROD00311,3,951.7,142.76,2712.34
LINE00009270,ORD0003088,3,PROD00297,4,730.39,584.31,2337.25
LINE00009271,ORD0003088,4,PROD00041,1,62.25,0.0,62.25
LINE00009272,ORD0003089,1,PROD00426,2,533.98,213.59,854.37
LINE00009273,ORD0003089,2,PROD00259,6,899.57,1079.48,4317.94
LINE00009274,ORD0003089,3,PROD00002,1,328.37,16.42,311.95
LINE00009275,ORD0003089,4,PROD00457,1,595.18,59.52,535.66
LINE00009276,ORD0003089,5,PROD00301,1,1057.07,0.0,1057.07
LINE00009277,ORD0003090,1,PROD00368,2,399.76,159.9,639.62
LINE00009278,ORD0003090,2,PROD00249,6,195.32,0.0,1171.92
LINE00009279,ORD0003091,1,PROD00405,6,950.96,0.0,5705.76
LINE00009280,ORD0003091,2,PROD00386,3,1024.8,307.44,2766.96
LINE00009281,ORD0003092,1,PROD00169,4,637.88,0.0,2551.52
LINE00009282,ORD0003092,2,PROD00153,3,923.77,0.0,2771.31
LINE00009283,ORD0003092,3,PROD00054,3,266.98,0.0,800.94
LINE00009284,ORD0003092,4,PROD00250,1,753.42,37.67,715.75
LINE00009285,ORD0003092,5,PROD00071,1,947.61,0.0,947.61
LINE00009286,ORD0003093,1,PROD00484,1,571.61,0.0,571.61
LINE00009287,ORD0003094,1,PROD00492,2,428.45,171.38,685.52
LINE00009288,ORD0003094,2,PROD00382,3,820.34,0.0,2461.02
LINE00009289,ORD0003094,3,PROD00108,2,514.99,206.0,823.98
LINE00009290,ORD0003095,1,PROD00311,3,450.17,0.0,1350.51
LINE00009291,ORD0003095,2,PROD00092,1,154.9,15.49,139.41
LINE00009292,ORD0003095,3,PROD00094,4,952.45,0.0,3809.8
LINE00009293,ORD0003095,4,PROD00400,3,683.1,0.0,2049.3
LINE00009294,ORD0003096,1,PROD00059,3,1028.06,154.21,2929.97
LINE00009295,ORD0003096,2,PROD00166,5,740.49,185.12,3517.33
LINE00009296,ORD0003096,3,PROD00131,6,948.15,0.0,5688.9
LINE00009297,ORD0003096,4,PROD00421,6,531.0,0.0,3186.0
LINE00009298,ORD0003096,5,PROD00124,5,1165.49,582.75,5244.7
LINE00009299,ORD0003097,1,PROD00498,1,1158.8,0.0,1158.8
LINE00009300,ORD0003098,1,PROD00153,4,1119.75,0.0,4479.0
LINE00009301,ORD0003098,2,PROD00436,2,456.81,91.36,822.26
LINE00009302,ORD0003099,1,PROD00230,1,991.81,0.0,991.81
LINE00009303,ORD0003100,1,PROD00492,4,640.23,0.0,2560.92
LINE00009304,ORD0003101,1,PROD00459,2,930.2,0.0,1860.4
LINE00009305,ORD0003101,2,PROD00194,4,138.59,0.0,554.36
LINE00009306,ORD0003102,1,PROD00047,3,255.2,0.0,765.6
LINE00009307,ORD0003102,2,PROD00170,3,935.3,0.0,2805.9
LINE00009308,ORD0003102,3,PROD00432,3,540.64,0.0,1621.92
LINE00009309,ORD0003102,4,PROD00444,1,333.98,66.8,267.18
LINE00009310,ORD0003103,1,PROD00201,2,920.76,368.3,1473.22
LINE00009311,ORD0003104,1,PROD00064,6,746.19,447.71,4029.43
LINE00009312,ORD0003104,2,PROD00394,6,616.37,0.0,3698.22
LINE00009313,ORD0003104,3,PROD00369,3,14.59,0.0,43.77
LINE00009314,ORD0003104,4,PROD00087,5,273.99,0.0,1369.95
LINE00009315,ORD0003105,1,PROD00042,1,728.4,0.0,728.4
LINE00009316,ORD0003106,1,PROD00065,5,963.09,0.0,4815.45
LINE00009317,ORD0003107,1,PROD00243,4,728.63,145.73,2768.79
LINE00009318,ORD0003107,2,PROD00128,4,358.96,71.79,1364.05
LINE00009319,ORD0003107,3,PROD00497,6,278.23,0.0,1669.38
LINE00009320,ORD0003107,4,PROD00213,1,246.85,0.0,246.85
LINE00009321,ORD0003107,5,PROD00324,2,106.56,0.0,213.12
LINE00009322,ORD0003108,1,PROD00353,3,103.96,62.38,249.5
LINE00009323,ORD0003108,2,PROD00189,3,21.21,0.0,63.63
LINE00009324,ORD0003108,3,PROD00396,1,523.69,104.74,418.95
LINE00009325,ORD0003108,4,PROD00240,2,897.15,89.72,1704.58
LINE00009326,ORD0003109,1,PROD00345,5,87.2,0.0,436.0
LINE00009327,ORD0003109,2,PROD00295,4,708.1,0.0,2832.4
LINE00009328,ORD0003110,1,PROD00203,1,555.62,0.0,555.62
LINE00009329,ORD0003110,2,PROD00366,3,659.34,395.6,1582.42
LINE00009330,ORD0003110,3,PROD00433,5,227.99,57.0,1082.95
LINE00009331,ORD0003110,4,PROD00373,6,705.48,0.0,4232.88
LINE00009332,ORD0003111,1,PROD00010,1,600.81,30.04,570.77
LINE00009333,ORD0003111,2,PROD00141,3,943.05,141.46,2687.69
LINE00009334,ORD0003112,1,PROD00437,6,246.39,295.67,1182.67
LINE00009335,ORD0003112,2,PROD00108,4,101.06,0.0,404.24
LINE00009336,ORD0003112,3,PROD00098,1,235.22,11.76,223.46
LINE00009337,ORD0003112,4,PROD00415,6,139.08,0.0,834.48
LINE00009338,ORD0003112,5,PROD00493,5,130.04,130.04,520.16
LINE00009339,ORD0003113,1,PROD00406,4,306.77,0.0,1227.08
LINE00009340,ORD0003113,2,PROD00093,2,149.75,29.95,269.55
LINE00009341,ORD0003113,3,PROD00436,4,186.67,74.67,672.01
LINE00009342,ORD0003113,4,PROD00341,4,548.22,0.0,2192.88
LINE00009343,ORD0003114,1,PROD00054,3,1042.37,625.42,2501.69
LINE00009344,ORD0003114,2,PROD00357,4,958.74,0.0,3834.96
LINE00009345,ORD0003114,3,PROD00335,1,1168.17,58.41,1109.76
LINE00009346,ORD0003114,4,PROD00174,3,556.23,333.74,1334.95
LINE00009347,ORD0003115,1,PROD00475,1,1007.29,100.73,906.56
LINE00009348,ORD0003115,2,PROD00353,1,399.89,79.98,319.91
LINE00009349,ORD0003115,3,PROD00192,3,335.45,0.0,1006.35
LINE00009350,ORD0003115,4,PROD00340,4,739.42,0.0,2957.68
LINE00009351,ORD0003116,1,PROD00119,2,673.34,0.0,1346.68
LINE00009352,ORD0003116,2,PROD00087,3,169.34,50.8,457.22
LINE00009353,ORD0003116,3,PROD00258,1,746.52,74.65,671.87
LINE00009354,ORD0003117,1,PROD00346,2,1192.56,0.0,2385.12
LINE00009355,ORD0003117,2,PROD00372,3,1022.21,0.0,3066.63
LINE00009356,ORD0003117,3,PROD00462,2,184.09,0.0,368.18
LINE00009357,ORD0003117,4,PROD00215,6,191.29,114.77,1032.97
LINE00009358,ORD0003118,1,PROD00462,4,833.74,666.99,2667.97
LINE00009359,ORD0003118,2,PROD00291,4,266.13,0.0,1064.52
LINE00009360,ORD0003118,3,PROD00027,5,763.71,190.93,3627.62
LINE00009361,ORD0003118,4,PROD00125,5,694.27,694.27,2777.08
LINE00009362,ORD0003118,5,PROD00280,5,341.4,0.0,1707.0
LINE00009363,ORD0003119,1,PROD00126,5,610.66,305.33,2747.97
LINE00009364,ORD0003119,2,PROD00378,3,315.99,0.0,947.97
LINE00009365,ORD0003119,3,PROD00306,5,57.21,0.0,286.05
LINE00009366,ORD0003120,1,PROD00188,6,21.72,0.0,130.32
LINE00009367,ORD0003120,2,PROD00012,1,529.85,52.99,476.86
LINE00009368,ORD0003120,3,PROD00178,6,134.72,0.0,808.32
LINE00009369,ORD0003121,1,PROD00438,5,704.34,352.17,3169.53
LINE00009370,ORD0003121,2,PROD00128,6,387.01,0.0,2322.06
LINE00009371,ORD0003121,3,PROD00065,6,1115.93,334.78,6360.8
LINE00009372,ORD0003122,1,PROD00418,4,806.47,161.29,3064.59
LINE00009373,ORD0003122,2,PROD00117,4,668.93,133.79,2541.93
LINE00009374,ORD0003123,1,PROD00196,3,1133.71,0.0,3401.13
LINE00009375,ORD0003123,2,PROD00292,5,1009.51,0.0,5047.55
LINE00009376,ORD0003123,3,PROD00410,4,304.2,0.0,1216.8
LINE00009377,ORD0003123,4,PROD00169,2,975.52,0.0,1951.04
LINE00009378,ORD0003124,1,PROD00170,2,349.79,69.96,629.62
LINE00009379,ORD0003124,2,PROD00492,4,862.36,0.0,3449.44
LINE00009380,ORD0003124,3,PROD00306,3,509.51,0.0,1528.53
LINE00009381,ORD0003124,4,PROD00300,5,1090.66,545.33,4907.97
LINE00009382,ORD0003125,1,PROD00377,6,720.95,0.0,4325.7
LINE00009383,ORD0003125,2,PROD00144,4,1110.5,0.0,4442.0
LINE00009384,ORD0003125,3,PROD00369,4,494.35,0.0,1977.4
LINE00009385,ORD0003125,4,PROD00069,6,437.28,0.0,2623.68
LINE00009386,ORD0003126,1,PROD00415,6,126.69,0.0,760.14
LINE00009387,ORD0003126,2,PROD00451,3,584.76,0.0,1754.28
LINE00009388,ORD0003126,3,PROD00203,1,399.81,0.0,399.81
LINE00009389,ORD0003126,4,PROD00289,3,853.17,511.9,2047.61
LINE00009390,ORD0003127,1,PROD00390,5,777.7,777.7,3110.8
LINE00009391,ORD0003128,1,PROD00204,6,1188.32,0.0,7129.92
LINE00009392,ORD0003128,2,PROD00152,4,677.31,0.0,2709.24
LINE00009393,ORD0003128,3,PROD00336,5,732.94,732.94,2931.76
LINE00009394,ORD0003128,4,PROD00045,1,1038.82,207.76,831.06
LINE00009395,ORD0003129,1,PROD00045,3,880.25,264.07,2376.68
LINE00009396,ORD0003130,1,PROD00206,3,952.63,0.0,2857.89
LINE00009397,ORD0003130,2,PROD00111,4,1082.92,433.17,3898.51
LINE00009398,ORD0003130,3,PROD00462,2,723.54,144.71,1302.37
LINE00009399,ORD0003131,1,PROD00315,1,1007.89,0.0,1007.89
LINE00009400,ORD0003131,2,PROD00436,5,237.85,59.46,1129.79
LINE00009401,ORD0003131,3,PROD00025,2,225.29,22.53,428.05
LINE00009402,ORD0003131,4,PROD00113,2,489.79,97.96,881.62
LINE00009403,ORD0003132,1,PROD00374,5,609.36,609.36,2437.44
LINE00009404,ORD0003132,2,PROD00163,4,413.15,0.0,1652.6
LINE00009405,ORD0003133,1,PROD00418,4,1041.62,416.65,3749.83
LINE00009406,ORD0003133,2,PROD00093,4,420.5,336.4,1345.6
LINE00009407,ORD0003133,3,PROD00474,4,322.83,64.57,1226.75
LINE00009408,ORD0003133,4,PROD00402,5,817.22,817.22,3268.88
LINE00009409,ORD0003134,1,PROD00173,4,882.18,0.0,3528.72
LINE00009410,ORD0003134,2,PROD00047,3,160.98,24.15,458.79
LINE00009411,ORD0003134,3,PROD00213,5,1001.97,0.0,5009.85
LINE00009412,ORD0003134,4,PROD00444,5,323.76,161.88,1456.92
LINE00009413,ORD0003134,5,PROD00473,6,402.84,241.7,2175.34
LINE00009414,ORD0003135,1,PROD00355,6,456.73,0.0,2740.38
LINE00009415,ORD0003135,2,PROD00418,5,356.22,0.0,1781.1
LINE00009416,ORD0003136,1,PROD00444,1,394.31,0.0,394.31
LINE00009417,ORD0003136,2,PROD00499,4,441.3,353.04,1412.16
LINE00009418,ORD0003136,3,PROD00289,6,976.09,0.0,5856.54
LINE00009419,ORD0003136,4,PROD00324,5,70.62,35.31,317.79
LINE00009420,ORD0003136,5,PROD00364,3,846.58,0.0,2539.74
LINE00009421,ORD0003137,1,PROD00004,1,1074.33,0.0,1074.33
LINE00009422,ORD0003137,2,PROD00474,5,740.47,370.24,3332.11
LINE00009423,ORD0003137,3,PROD00193,4,978.03,0.0,3912.12
LINE00009424,ORD0003138,1,PROD00403,6,25.7,15.42,138.78
LINE00009425,ORD0003138,2,PROD00253,3,542.3,0.0,1626.9
LINE00009426,ORD0003138,3,PROD00423,2,712.34,71.23,1353.45
LINE00009427,ORD0003138,4,PROD00192,6,461.97,277.18,2494.64
LINE00009428,ORD0003138,5,PROD00261,6,1029.91,617.95,5561.51
LINE00009429,ORD0003139,1,PROD00368,6,638.29,191.49,3638.25
LINE00009430,ORD0003140,1,PROD00379,2,697.61,69.76,1325.46
LINE00009431,ORD0003141,1,PROD00385,6,135.02,0.0,810.12
LINE00009432,ORD0003141,2,PROD00319,6,398.49,0.0,2390.94
LINE00009433,ORD0003142,1,PROD00151,1,597.24,0.0,597.24
LINE00009434,ORD0003142,2,PROD00215,5,754.99,188.75,3586.2
LINE00009435,ORD0003142,3,PROD00486,4,375.19,0.0,1500.76
LINE00009436,ORD0003142,4,PROD00129,2,642.0,64.2,1219.8
LINE00009437,ORD0003143,1,PROD00123,4,952.85,190.57,3620.83
LINE00009438,ORD0003144,1,PROD00185,5,1108.58,554.29,4988.61
LINE00009439,ORD0003145,1,PROD00273,3,1076.63,161.49,3068.4
LINE00009440,ORD0003146,1,PROD00198,2,1021.48,0.0,2042.96
LINE00009441,ORD0003146,2,PROD00451,6,507.61,0.0,3045.66
LINE00009442,ORD0003146,3,PROD00389,5,756.52,0.0,3782.6
LINE00009443,ORD0003146,4,PROD00077,3,63.75,19.12,172.13
LINE00009444,ORD0003146,5,PROD00375,5,954.91,238.73,4535.82
LINE00009445,ORD0003147,1,PROD00453,4,768.15,0.0,3072.6
LINE00009446,ORD0003147,2,PROD00415,1,456.63,22.83,433.8
LINE00009447,ORD0003148,1,PROD00131,5,633.61,0.0,3168.05
LINE00009448,ORD0003149,1,PROD00341,5,102.59,25.65,487.3
LINE00009449,ORD0003149,2,PROD00488,1,581.01,0.0,581.01
LINE00009450,ORD0003149,3,PROD00357,1,973.13,48.66,924.47
LINE00009451,ORD0003150,1,PROD00132,6,641.77,385.06,3465.56
LINE00009452,ORD0003150,2,PROD00380,2,1055.63,0.0,2111.26
LINE00009453,ORD0003150,3,PROD00493,1,432.77,0.0,432.77
LINE00009454,ORD0003151,1,PROD00344,5,950.58,0.0,4752.9
LINE00009455,ORD0003152,1,PROD00382,4,406.53,81.31,1544.81
LINE00009456,ORD0003152,2,PROD00173,1,977.78,48.89,928.89
LINE00009457,ORD0003153,1,PROD00096,3,320.01,192.01,768.02
LINE00009458,ORD0003153,2,PROD00005,2,257.67,25.77,489.57
LINE00009459,ORD0003153,3,PROD00304,4,1191.51,953.21,3812.83
LINE00009460,ORD0003154,1,PROD00069,2,932.82,93.28,1772.36
LINE00009461,ORD0003154,2,PROD00353,5,813.38,406.69,3660.21
LINE00009462,ORD0003154,3,PROD00443,6,266.42,0.0,1598.52
LINE00009463,ORD0003155,1,PROD00185,2,691.03,138.21,1243.85
LINE00009464,ORD0003155,2,PROD00381,5,1044.11,0.0,5220.55
LINE00009465,ORD0003155,3,PROD00269,4,753.38,301.35,2712.17
LINE00009466,ORD0003156,1,PROD00058,3,654.37,392.62,1570.49
LINE00009467,ORD0003156,2,PROD00137,5,615.51,153.88,2923.67
LINE00009468,ORD0003156,3,PROD00323,5,960.81,960.81,3843.24
LINE00009469,ORD0003157,1,PROD00360,6,709.63,0.0,4257.78
LINE00009470,ORD0003158,1,PROD00072,3,1067.16,160.07,3041.41
LINE00009471,ORD0003158,2,PROD00018,3,513.19,0.0,1539.57
LINE00009472,ORD0003159,1,PROD00374,3,410.68,246.41,985.63
LINE00009473,ORD0003159,2,PROD00337,3,998.94,299.68,2697.14
LINE00009474,ORD0003160,1,PROD00477,2,55.02,11.0,99.04
LINE00009475,ORD0003160,2,PROD00224,3,300.03,180.02,720.07
LINE00009476,ORD0003160,3,PROD00253,4,507.13,0.0,2028.52
LINE00009477,ORD0003161,1,PROD00050,3,374.97,56.25,1068.66
LINE00009478,ORD0003162,1,PROD00385,5,481.98,0.0,2409.9
LINE00009479,ORD0003162,2,PROD00431,6,1049.18,1259.02,5036.06
LINE00009480,ORD0003162,3,PROD00247,1,526.81,0.0,526.81
LINE00009481,ORD0003162,4,PROD00115,-3,65.91,-0.0,-197.73
LINE00009482,ORD0003162,5,PROD00451,1,896.5,0.0,896.5
LINE00009483,ORD0003163,1,PROD00272,6,786.71,236.01,4484.25
LINE00009484,ORD0003163,2,PROD00069,3,195.71,117.43,469.7
LINE00009485,ORD0003164,1,PROD00289,3,1150.2,172.53,3278.07
LINE00009486,ORD0003164,2,PROD00463,3,234.01,0.0,702.03
LINE00009487,ORD0003164,3,PROD00239,6,92.62,0.0,555.72
LINE00009488,ORD0003165,1,PROD00074,1,667.08,0.0,667.08
LINE00009489,ORD0003166,1,PROD00228,2,1157.31,0.0,2314.62
LINE00009490,ORD0003167,1,PROD00105,2,453.66,0.0,907.32
LINE00009491,ORD0003167,2,PROD00397,2,1066.76,426.7,1706.82
LINE00009492,ORD0003168,1,PROD00308,1,30.39,0.0,30.39
LINE00009493,ORD0003168,2,PROD00474,3,731.47,0.0,2194.41
LINE00009494,ORD0003168,3,PROD00492,1,628.7,125.74,502.96
LINE00009495,ORD0003168,4,PROD00016,4,306.97,0.0,1227.88
LINE00009496,ORD0003168,5,PROD00228,2,248.12,24.81,471.43
LINE00009497,ORD0003169,1,PROD00104,3,553.16,82.97,1576.51
LINE00009498,ORD0003170,1,PROD00031,6,323.68,0.0,1942.08
LINE00009499,ORD0003170,2,PROD00179,2,223.94,44.79,403.09
LINE00009500,ORD0003170,3,PROD00382,4,968.04,0.0,3872.16
LINE00009501,ORD0003170,4,PROD00429,1,751.38,75.14,676.24
LINE00009502,ORD0003171,1,PROD00394,6,770.76,0.0,4624.56
LINE00009503,ORD0003171,2,PROD00270,6,671.13,0.0,4026.78
LINE00009504,ORD0003171,3,PROD00289,5,182.81,0.0,914.05
LINE00009505,ORD0003172,1,PROD00244,5,918.01,0.0,4590.05
LINE00009506,ORD0003172,2,PROD00038,4,1029.47,0.0,4117.88
LINE00009507,ORD0003172,3,PROD00036,5,249.29,249.29,997.16
LINE00009508,ORD0003172,4,PROD00456,5,1166.56,0.0,5832.8
LINE00009509,ORD0003172,5,PROD00335,1,845.02,0.0,845.02
LINE00009510,ORD0003173,1,PROD00329,1,1164.76,116.48,1048.28
LINE00009511,ORD0003173,2,PROD00010,4,202.84,162.27,649.09
LINE00009512,ORD0003174,1,PROD00404,5,850.28,212.57,4038.83
LINE00009513,ORD0003174,2,PROD00028,5,122.22,0.0,611.1
LINE00009514,ORD0003174,3,PROD00496,3,1092.46,0.0,3277.38
LINE00009515,ORD0003175,1,PROD00021,6,993.28,0.0,5959.68
LINE00009516,ORD0003175,2,PROD00285,4,1019.77,407.91,3671.17
LINE00009517,ORD0003175,3,PROD00033,6,1020.47,0.0,6122.82
LINE00009518,ORD0003175,4,PROD00142,3,844.28,506.57,2026.27
LINE00009519,ORD0003175,5,PROD00215,3,1184.07,710.44,2841.77
LINE00009520,ORD0003176,1,PROD00043,6,919.56,0.0,5517.36
LINE00009521,ORD0003176,2,PROD00436,3,494.38,148.31,1334.83
LINE00009522,ORD0003176,3,PROD00142,4,1196.57,0.0,4786.28
LINE00009523,ORD0003176,4,PROD00414,6,1047.28,0.0,6283.68
LINE00009524,ORD0003176,5,PROD00362,1,439.27,21.96,417.31
LINE00009525,ORD0003177,1,PROD00313,5,409.04,0.0,2045.2
LINE00009526,ORD0003177,2,PROD00051,2,923.88,184.78,1662.98
LINE00009527,ORD0003177,3,PROD00495,6,134.04,0.0,804.24
LINE00009528,ORD0003177,4,PROD00337,3,998.92,0.0,2996.76
LINE00009529,ORD0003178,1,PROD00276,6,669.03,200.71,3813.47
LINE00009530,ORD0003178,2,PROD00256,5,721.56,0.0,3607.8
LINE00009531,ORD0003178,3,PROD00121,1,953.97,47.7,906.27
LINE00009532,ORD0003178,4,PROD00317,1,695.42,0.0,695.42
LINE00009533,ORD0003178,5,PROD00093,2,1114.0,0.0,2228.0
LINE00009534,ORD0003179,1,PROD00071,2,149.42,0.0,298.84
LINE00009535,ORD0003179,2,PROD00476,1,1034.37,0.0,1034.37
LINE00009536,ORD0003179,3,PROD00423,2,239.13,95.65,382.61
LINE00009537,ORD0003179,4,PROD00235,5,369.13,0.0,1845.65
LINE00009538,ORD0003179,5,PROD00290,6,845.8,0.0,5074.8
LINE00009539,ORD0003180,1,PROD00170,2,1058.12,0.0,2116.24
LINE00009540,ORD0003180,2,PROD00232,4,1196.01,239.2,4544.84
LINE00009541,ORD0003181,1,PROD00205,1,620.3,0.0,620.3
LINE00009542,ORD0003181,2,PROD00357,3,135.62,20.34,386.52
LINE00009543,ORD0003181,3,PROD00112,4,274.11,0.0,1096.44
LINE00009544,ORD0003181,4,PROD00462,4,20.14,4.03,76.53
LINE00009545,ORD0003181,5,PROD00363,1,997.42,99.74,897.68
LINE00009546,ORD0003182,1,PROD00232,4,50.09,0.0,200.36
LINE00009547,ORD0003182,2,PROD00192,5,863.81,0.0,4319.05
LINE00009548,ORD0003182,3,PROD00341,4,765.81,153.16,2910.08
LINE00009549,ORD0003182,4,PROD00347,4,1149.61,229.92,4368.52
LINE00009550,ORD0003182,5,PROD00062,2,146.72,0.0,293.44
LINE00009551,ORD0003183,1,PROD00483,6,125.01,75.01,675.05
LINE00009552,ORD0003183,2,PROD00096,2,742.54,0.0,1485.08
LINE00009553,ORD0003184,1,PROD00384,6,276.86,0.0,1661.16
LINE00009554,ORD0003184,2,PROD00019,4,936.18,374.47,3370.25
LINE00009555,ORD0003185,1,PROD00225,1,426.15,21.31,404.84
LINE00009556,ORD0003186,1,PROD00208,3,998.27,598.96,2395.85
LINE00009557,ORD0003187,1,PROD00221,4,641.42,0.0,2565.68
LINE00009558,ORD0003187,2,PROD00407,5,633.81,0.0,3169.05
LINE00009559,ORD0003188,1,PROD00435,1,696.65,69.67,626.98
LINE00009560,ORD0003189,1,PROD00274,4,932.0,0.0,3728.0
LINE00009561,ORD0003189,2,PROD00142,6,226.75,0.0,1360.5
LINE00009562,ORD0003189,3,PROD00253,3,17.77,0.0,53.31
LINE00009563,ORD0003189,4,PROD00325,2,157.6,15.76,299.44
LINE00009564,ORD0003189,5,PROD00213,4,242.21,0.0,968.84
LINE00009565,ORD0003190,1,PROD00227,6,431.17,258.7,2328.32
LINE00009566,ORD0003190,2,PROD00245,2,160.0,0.0,320.0
LINE00009567,ORD0003191,1,PROD00160,5,935.68,0.0,4678.4
LINE00009568,ORD0003192,1,PROD00129,6,781.99,469.19,4222.75
LINE00009569,ORD0003192,2,PROD00048,3,991.39,0.0,2974.17
LINE00009570,ORD0003193,1,PROD00390,1,350.09,17.5,332.59
LINE00009571,ORD0003193,2,PROD00320,6,1183.31,0.0,7099.86
LINE00009572,ORD0003193,3,PROD00455,1,229.24,0.0,229.24
LINE00009573,ORD0003193,4,PROD00377,4,557.5,111.5,2118.5
LINE00009574,ORD0003194,1,PROD00179,5,180.53,45.13,857.52
LINE00009575,ORD0003194,2,PROD00120,1,1111.83,0.0,1111.83
LINE00009576,ORD0003195,1,PROD00463,6,637.74,0.0,3826.44
LINE00009577,ORD0003195,2,PROD00367,5,448.29,448.29,1793.16
LINE00009578,ORD0003196,1,PROD00236,1,171.75,0.0,171.75
LINE00009579,ORD0003196,2,PROD00284,4,750.23,600.18,2400.74
LINE00009580,ORD0003196,3,PROD00309,3,617.61,0.0,1852.83
LINE00009581,ORD0003196,4,PROD00389,4,190.03,0.0,760.12
LINE00009582,ORD0003196,5,PROD00224,1,645.32,32.27,613.05
LINE00009583,ORD0003197,1,PROD00357,1,559.78,55.98,503.8
LINE00009584,ORD0003197,2,PROD00464,5,390.57,0.0,1952.85
LINE00009585,ORD0003197,3,PROD00189,1,1118.41,111.84,1006.57
LINE00009586,ORD0003198,1,PROD00178,2,719.6,0.0,1439.2
LINE00009587,ORD0003198,2,PROD00107,2,335.8,0.0,671.6
LINE00009588,ORD0003198,3,PROD00057,5,889.97,0.0,4449.85
LINE00009589,ORD0003199,1,PROD00470,4,1043.93,0.0,4175.72
LINE00009590,ORD0003199,2,PROD00189,6,100.58,120.7,482.78
LINE00009591,ORD0003199,3,PROD00377,3,715.72,107.36,2039.8
LINE00009592,ORD0003200,1,PROD00088,6,857.95,0.0,5147.7
LINE00009593,ORD0003200,2,PROD00054,6,299.41,0.0,1796.46
LINE00009594,ORD0003200,3,PROD00212,2,179.46,0.0,358.92
LINE00009595,ORD0003200,4,PROD00315,6,1092.63,655.58,5900.2
LINE00009596,ORD0003200,5,PROD00109,6,648.46,778.15,3112.61
LINE00009597,ORD0003201,1,PROD00212,3,142.44,0.0,427.32
LINE00009598,ORD0003201,2,PROD00355,3,861.57,0.0,2584.71
LINE00009599,ORD0003201,3,PROD00179,4,1162.65,0.0,4650.6
LINE00009600,ORD0003201,4,PROD00253,4,461.53,184.61,1661.51
LINE00009601,ORD0003202,1,PROD00414,5,876.58,219.15,4163.75
LINE00009602,ORD0003202,2,PROD00337,3,81.87,12.28,233.33
LINE00009603,ORD0003203,1,PROD00230,4,1163.2,232.64,4420.16
LINE00009604,ORD0003203,2,PROD00089,5,322.34,0.0,1611.7
LINE00009605,ORD0003203,3,PROD00189,1,64.56,0.0,64.56
LINE00009606,ORD0003204,1,PROD00248,6,459.7,0.0,2758.2
LINE00009607,ORD0003204,2,PROD00394,1,216.16,10.81,205.35
LINE00009608,ORD0003204,3,PROD00015,5,863.85,215.96,4103.29
LINE00009609,ORD0003204,4,PROD00463,5,83.11,0.0,415.55
LINE00009610,ORD0003204,5,PROD00237,6,525.37,630.44,2521.78
LINE00009611,ORD0003205,1,PROD00111,4,264.61,0.0,1058.44
LINE00009612,ORD0003206,1,PROD00110,4,727.15,0.0,2908.6
LINE00009613,ORD0003206,2,PROD00325,1,940.33,0.0,940.33
LINE00009614,ORD0003207,1,PROD00111,1,800.33,0.0,800.33
LINE00009615,ORD0003207,2,PROD00021,2,179.21,35.84,322.58
LINE00009616,ORD0003207,3,PROD00098,1,654.1,130.82,523.28
LINE00009617,ORD0003207,4,PROD00425,4,298.45,59.69,1134.11
LINE00009618,ORD0003208,1,PROD00025,4,923.15,0.0,3692.6
LINE00009619,ORD0003208,2,PROD00020,5,890.11,0.0,4450.55
LINE00009620,ORD0003209,1,PROD00350,1,749.54,0.0,749.54
LINE00009621,ORD0003209,2,PROD00207,3,990.31,0.0,2970.93
LINE00009622,ORD0003210,1,PROD00317,3,1174.45,176.17,3347.18
LINE00009623,ORD0003210,2,PROD00081,4,1039.04,415.62,3740.54
LINE00009624,ORD0003210,3,PROD00068,3,656.61,0.0,1969.83
LINE00009625,ORD0003211,1,PROD00134,6,102.5,123.0,492.0
LINE00009626,ORD0003211,2,PROD00259,5,849.0,849.0,3396.0
LINE00009627,ORD0003212,1,PROD00074,6,319.66,0.0,1917.96
LINE00009628,ORD0003212,2,PROD00154,1,935.72,0.0,935.72
LINE00009629,ORD0003212,3,PROD00348,4,451.95,0.0,1807.8
LINE00009630,ORD0003212,4,PROD00013,5,1166.1,583.05,5247.45
LINE00009631,ORD0003213,1,PROD00156,1,1192.09,59.6,1132.49
LINE00009632,ORD0003213,2,PROD00378,4,298.39,0.0,1193.56
LINE00009633,ORD0003213,3,PROD00146,4,941.87,376.75,3390.73
LINE00009634,ORD0003213,4,PROD00465,4,139.75,0.0,559.0
LINE00009635,ORD0003214,1,PROD00181,3,740.91,222.27,2000.46
LINE00009636,ORD0003214,2,PROD00080,4,1052.71,210.54,4000.3
LINE00009637,ORD0003214,3,PROD00218,3,443.68,266.21,1064.83
LINE00009638,ORD0003215,1,PROD00189,6,863.46,1036.15,4144.61
LINE00009639,ORD0003215,2,PROD00301,3,472.07,0.0,1416.21
LINE00009640,ORD0003215,3,PROD00298,2,231.44,46.29,416.59
LINE00009641,ORD0003216,1,PROD00063,3,133.41,40.02,360.21
LINE00009642,ORD0003216,2,PROD00214,2,846.08,0.0,1692.16
LINE00009643,ORD0003217,1,PROD00094,2,127.88,51.15,204.61
LINE00009644,ORD0003217,2,PROD00176,5,172.53,86.27,776.38
LINE00009645,ORD0003217,3,PROD00099,1,290.27,0.0,290.27
LINE00009646,ORD0003217,4,PROD00382,3,740.16,111.02,2109.46
LINE00009647,ORD0003217,5,PROD00045,1,1034.0,51.7,982.3
LINE00009648,ORD0003218,1,PROD00407,1,386.39,0.0,386.39
LINE00009649,ORD0003218,2,PROD00376,6,853.91,512.35,4611.11
LINE00009650,ORD0003218,3,PROD00468,4,222.29,44.46,844.7
LINE00009651,ORD0003219,1,PROD00035,1,609.27,60.93,548.34
LINE00009652,ORD0003220,1,PROD00461,6,213.82,128.29,1154.63
LINE00009653,ORD0003220,2,PROD00427,1,117.26,0.0,117.26
LINE00009654,ORD0003221,1,PROD00494,5,1058.78,0.0,5293.9
LINE00009655,ORD0003222,1,PROD00032,5,655.53,0.0,3277.65
LINE00009656,ORD0003222,2,PROD00072,3,778.34,233.5,2101.52
LINE00009657,ORD0003222,3,PROD00309,4,284.87,0.0,1139.48
LINE00009658,ORD0003222,4,PROD00197,5,1157.44,578.72,5208.48
LINE00009659,ORD0003223,1,PROD00500,6,747.9,448.74,4038.66
LINE00009660,ORD0003223,2,PROD00299,5,897.36,897.36,3589.44
LINE00009661,ORD0003223,3,PROD00183,2,808.07,161.61,1454.53
LINE00009662,ORD0003224,1,PROD00409,2,325.45,0.0,650.9
LINE00009663,ORD0003224,2,PROD00468,3,1090.04,0.0,3270.12
LINE00009664,ORD0003224,3,PROD00407,2,753.47,75.35,1431.59
LINE00009665,ORD0003224,4,PROD00486,2,994.31,99.43,1889.19
LINE00009666,ORD0003224,5,PROD00178,6,999.46,0.0,5996.76
LINE00009667,ORD0003225,1,PROD00233,6,706.81,0.0,4240.86
LINE00009668,ORD0003225,2,PROD00068,6,1012.77,0.0,6076.62
LINE00009669,ORD0003225,3,PROD00498,6,883.47,1060.16,4240.66
LINE00009670,ORD0003225,4,PROD00215,3,989.68,148.45,2820.59
LINE00009671,ORD0003225,5,PROD00159,6,705.72,423.43,3810.89
LINE00009672,ORD0003226,1,PROD00075,2,1070.24,214.05,1926.43
LINE00009673,ORD0003226,2,PROD00431,6,316.56,0.0,1899.36
LINE00009674,ORD0003226,3,PROD00009,1,836.98,0.0,836.98
LINE00009675,ORD0003226,4,PROD00021,6,539.16,646.99,2587.97
LINE00009676,ORD0003226,5,PROD00178,1,1173.76,234.75,939.01
LINE00009677,ORD0003227,1,PROD00268,2,270.13,0.0,540.26
LINE00009678,ORD0003227,2,PROD00179,6,54.27,16.28,309.34
LINE00009679,ORD0003227,3,PROD00330,6,753.19,225.96,4293.18
LINE00009680,ORD0003227,4,PROD00340,3,348.88,0.0,1046.64
LINE00009681,ORD0003228,1,PROD00097,2,1031.59,0.0,2063.18
LINE00009682,ORD0003228,2,PROD00423,1,800.24,40.01,760.23
LINE00009683,ORD0003229,1,PROD00282,2,1070.72,0.0,2141.44
LINE00009684,ORD0003229,2,PROD00021,5,297.04,297.04,1188.16
LINE00009685,ORD0003229,3,PROD00278,3,691.0,207.3,1865.7
LINE00009686,ORD0003230,1,PROD00019,4,679.54,0.0,2718.16
LINE00009687,ORD0003231,1,PROD00040,2,1053.95,0.0,2107.9
LINE00009688,ORD0003231,2,PROD00391,6,257.49,77.25,1467.69
LINE00009689,ORD0003231,3,PROD00061,6,1197.9,1437.48,5749.92
LINE00009690,ORD0003231,4,PROD00377,6,449.15,0.0,2694.9
LINE00009691,ORD0003232,1,PROD00222,2,221.47,44.29,398.65
LINE00009692,ORD0003232,2,PROD00416,2,628.61,0.0,1257.22
LINE00009693,ORD0003232,3,PROD00214,4,721.88,0.0,2887.52
LINE00009694,ORD0003232,4,PROD00455,5,728.63,182.16,3460.99
LINE00009695,ORD0003232,5,PROD00418,3,444.06,0.0,1332.18
LINE00009696,ORD0003233,1,PROD00056,2,263.6,52.72,474.48
LINE00009697,ORD0003234,1,PROD00117,6,85.6,102.72,410.88
LINE00009698,ORD0003234,2,PROD00474,1,50.8,0.0,50.8
LINE00009699,ORD0003234,3,PROD00301,6,402.66,483.19,1932.77
LINE00009700,ORD0003235,1,PROD00413,6,139.34,0.0,836.04
LINE00009701,ORD0003235,2,PROD00388,3,948.7,0.0,2846.1
LINE00009702,ORD0003235,3,PROD00129,6,867.02,0.0,5202.12
LINE00009703,ORD0003235,4,PROD00481,5,797.38,0.0,3986.9
LINE00009704,ORD0003235,5,PROD00099,3,885.21,0.0,2655.63
LINE00009705,ORD0003236,1,PROD00101,3,990.36,148.55,2822.53
LINE00009706,ORD0003236,2,PROD00417,5,24.38,0.0,121.9
LINE00009707,ORD0003236,3,PROD00161,5,554.74,138.69,2635.01
LINE00009708,ORD0003237,1,PROD00038,1,1001.35,100.14,901.21
LINE00009709,ORD0003237,2,PROD00151,1,938.74,93.87,844.87
LINE00009710,ORD0003237,3,PROD00003,6,759.34,455.6,4100.44
LINE00009711,ORD0003237,4,PROD00074,3,899.3,0.0,2697.9
LINE00009712,ORD0003238,1,PROD00351,2,1151.21,0.0,2302.42
LINE00009713,ORD0003238,2,PROD00181,1,738.0,36.9,701.1
LINE00009714,ORD0003238,3,PROD00454,1,186.3,18.63,167.67
LINE00009715,ORD0003238,4,PROD00284,6,551.75,0.0,3310.5
LINE00009716,ORD0003239,1,PROD00316,4,318.03,0.0,1272.12
LINE00009717,ORD0003240,1,PROD00489,6,428.0,0.0,2568.0
LINE00009718,ORD0003240,2,PROD00498,4,431.48,86.3,1639.62
LINE00009719,ORD0003240,3,PROD00390,4,800.94,320.38,2883.38
LINE00009720,ORD0003240,4,PROD00377,2,205.77,82.31,329.23
LINE00009721,ORD0003240,5,PROD00455,5,894.07,223.52,4246.83
LINE00009722,ORD0003241,1,PROD00195,2,849.0,0.0,1698.0
LINE00009723,ORD0003241,2,PROD00270,3,1079.18,647.51,2590.03
LINE00009724,ORD0003242,1,PROD00032,4,207.87,0.0,831.48
LINE00009725,ORD0003242,2,PROD00398,3,380.96,57.14,1085.74
LINE00009726,ORD0003243,1,PROD00033,3,988.11,296.43,2667.9
LINE00009727,ORD0003243,2,PROD00278,3,87.84,52.7,210.82
LINE00009728,ORD0003243,3,PROD00113,6,179.27,0.0,1075.62
LINE00009729,ORD0003244,1,PROD00084,1,229.02,0.0,229.02
LINE00009730,ORD0003244,2,PROD00316,1,583.85,0.0,583.85
LINE00009731,ORD0003244,3,PROD00440,5,628.91,314.45,2830.1
LINE00009732,ORD0003245,1,PROD00071,2,267.64,26.76,508.52
LINE00009733,ORD0003245,2,PROD00073,2,310.96,62.19,559.73
LINE00009734,ORD0003245,3,PROD00379,2,1189.69,0.0,2379.38
LINE00009735,ORD0003245,4,PROD00465,2,748.36,0.0,1496.72
LINE00009736,ORD0003245,5,PROD00488,4,149.27,0.0,597.08
LINE00009737,ORD0003246,1,PROD00110,1,192.75,0.0,192.75
LINE00009738,ORD0003246,2,PROD00411,6,19.28,0.0,115.68
LINE00009739,ORD0003247,1,PROD00146,2,273.74,0.0,547.48
LINE00009740,ORD0003247,2,PROD00138,5,769.39,0.0,3846.95
LINE00009741,ORD0003247,3,PROD00052,3,337.36,0.0,1012.08
LINE00009742,ORD0003247,4,PROD00446,2,796.34,79.63,1513.05
LINE00009743,ORD0003248,1,PROD00029,6,655.07,196.52,3733.9
LINE00009744,ORD0003248,2,PROD00007,3,408.51,122.55,1102.98
LINE00009745,ORD0003248,3,PROD00093,1,432.3,86.46,345.84
LINE00009746,ORD0003249,1,PROD00435,2,981.53,392.61,1570.45
LINE00009747,ORD0003249,2,PROD00027,3,371.08,0.0,1113.24
LINE00009748,ORD0003249,3,PROD00360,5,843.95,421.98,3797.77
LINE00009749,ORD0003250,1,PROD00072,2,240.32,96.13,384.51
LINE00009750,ORD0003250,2,PROD00086,1,422.61,84.52,338.09
LINE00009751,ORD0003251,1,PROD00125,2,931.68,0.0,1863.36
LINE00009752,ORD0003251,2,PROD00259,2,939.37,0.0,1878.74
LINE00009753,ORD0003251,3,PROD00088,4,856.26,171.25,3253.79
LINE00009754,ORD0003251,4,PROD00198,4,768.35,0.0,3073.4
LINE00009755,ORD0003251,5,PROD00235,1,705.49,0.0,705.49
LINE00009756,ORD0003252,1,PROD00486,4,156.64,0.0,626.56
LINE00009757,ORD0003252,2,PROD00497,1,272.03,27.2,244.83
LINE00009758,ORD0003252,3,PROD00158,3,586.11,0.0,1758.33
LINE00009759,ORD0003252,4,PROD00250,1,222.52,0.0,222.52
LINE00009760,ORD0003252,5,PROD00005,3,1068.27,0.0,3204.81
LINE00009761,ORD0003253,1,PROD00341,6,827.54,496.52,4468.72
LINE00009762,ORD0003254,1,PROD00451,5,1148.47,1148.47,4593.88
LINE00009763,ORD0003254,2,PROD00196,3,1061.6,0.0,3184.8
LINE00009764,ORD0003255,1,PROD00409,1,420.14,84.03,336.11
LINE00009765,ORD0003255,2,PROD00234,4,772.17,0.0,3088.68
LINE00009766,ORD0003256,1,PROD00174,2,669.24,133.85,1204.63
LINE00009767,ORD0003257,1,PROD00002,4,158.53,31.71,602.41
LINE00009768,ORD0003257,2,PROD00441,2,261.69,26.17,497.21
LINE00009769,ORD0003257,3,PROD00296,1,510.39,0.0,510.39
LINE00009770,ORD0003257,4,PROD00015,5,754.75,377.38,3396.37
LINE00009771,ORD0003258,1,PROD00070,4,768.72,0.0,3074.88
LINE00009772,ORD0003258,2,PROD00394,2,900.48,90.05,1710.91
LINE00009773,ORD0003258,3,PROD00051,3,58.69,17.61,158.46
LINE00009774,ORD0003258,4,PROD00070,1,388.07,0.0,388.07
LINE00009775,ORD0003259,1,PROD00066,4,1191.95,0.0,4767.8
LINE00009776,ORD0003260,1,PROD00054,4,432.1,0.0,1728.4
LINE00009777,ORD0003260,2,PROD00371,1,1143.79,114.38,1029.41
LINE00009778,ORD0003260,3,PROD00244,4,378.35,0.0,1513.4
LINE00009779,ORD0003260,4,PROD00143,1,236.08,0.0,236.08
LINE00009780,ORD0003260,5,PROD00308,1,625.8,0.0,625.8
LINE00009781,ORD0003261,1,PROD00389,6,945.0,283.5,5386.5
LINE00009782,ORD0003262,1,PROD00093,4,1072.91,214.58,4077.06
LINE00009783,ORD0003262,2,PROD00408,3,1018.1,152.72,2901.58
LINE00009784,ORD0003262,3,PROD00340,6,90.41,0.0,542.46
LINE00009785,ORD0003262,4,PROD00139,5,119.5,59.75,537.75
LINE00009786,ORD0003262,5,PROD00256,5,546.01,136.5,2593.55
LINE00009787,ORD0003263,1,PROD00446,4,93.01,0.0,372.04
LINE00009788,ORD0003263,2,PROD00300,5,1032.44,1032.44,4129.76
LINE00009789,ORD0003263,3,PROD00383,2,1141.78,456.71,1826.85
LINE00009790,ORD0003263,4,PROD00322,2,17.68,1.77,33.59
LINE00009791,ORD0003264,1,PROD00110,2,440.19,44.02,836.36
LINE00009792,ORD0003264,2,PROD00221,1,466.3,0.0,466.3
LINE00009793,ORD0003264,3,PROD00339,2,666.81,133.36,1200.26
LINE00009794,ORD0003264,4,PROD00314,6,105.19,31.56,599.58
LINE00009795,ORD0003265,1,PROD00404,3,654.7,0.0,1964.1
LINE00009796,ORD0003266,1,PROD00121,5,114.73,0.0,573.65
LINE00009797,ORD0003267,1,PROD00486,4,563.83,0.0,2255.32
LINE00009798,ORD0003267,2,PROD00093,5,53.53,26.77,240.88
LINE00009799,ORD0003267,3,PROD00234,4,279.51,55.9,1062.14
LINE00009800,ORD0003267,4,PROD00399,5,734.63,183.66,3489.49
LINE00009801,ORD0003268,1,PROD00178,6,249.13,298.96,1195.82
LINE00009802,ORD0003268,2,PROD00098,5,1046.18,1046.18,4184.72
LINE00009803,ORD0003268,3,PROD00329,4,392.66,0.0,1570.64
LINE00009804,ORD0003268,4,PROD00267,5,407.06,101.77,1933.53
LINE00009805,ORD0003268,5,PROD00359,3,651.23,97.68,1856.01
LINE00009806,ORD0003269,1,PROD00152,6,226.22,67.87,1289.45
LINE00009807,ORD0003269,2,PROD00410,3,279.94,83.98,755.84
LINE00009808,ORD0003270,1,PROD00129,6,1042.93,0.0,6257.58
LINE00009809,ORD0003270,2,PROD00304,1,911.36,0.0,911.36
LINE00009810,ORD0003270,3,PROD00315,2,1176.51,235.3,2117.72
LINE00009811,ORD0003270,4,PROD00041,6,1111.78,0.0,6670.68
LINE00009812,ORD0003271,1,PROD00496,6,508.54,305.12,2746.12
LINE00009813,ORD0003271,2,PROD00050,6,504.91,0.0,3029.46
LINE00009814,ORD0003271,3,PROD00220,2,589.68,117.94,1061.42
LINE00009815,ORD0003271,4,PROD00384,3,603.17,90.48,1719.03
LINE00009816,ORD0003271,5,PROD00311,2,45.28,4.53,86.03
LINE00009817,ORD0003272,1,PROD00145,6,205.41,123.25,1109.21
LINE00009818,ORD0003272,2,PROD00263,2,617.27,0.0,1234.54
LINE00009819,ORD0003272,3,PROD00302,2,479.53,191.81,767.25
LINE00009820,ORD0003272,4,PROD00298,6,440.41,0.0,2642.46
LINE00009821,ORD0003273,1,PROD00015,1,93.97,18.79,75.18
LINE00009822,ORD0003274,1,PROD00092,5,1080.49,0.0,5402.45
LINE00009823,ORD0003274,2,PROD00070,1,1149.91,114.99,1034.92
LINE00009824,ORD0003275,1,PROD00384,6,1116.95,335.09,6366.61
LINE00009825,ORD0003275,2,PROD00293,2,243.07,0.0,486.14
LINE00009826,ORD0003275,3,PROD00407,4,277.22,110.89,997.99
LINE00009827,ORD0003276,1,PROD00360,3,705.75,423.45,1693.8
LINE00009828,ORD0003276,2,PROD00157,2,954.77,381.91,1527.63
LINE00009829,ORD0003276,3,PROD00410,1,1093.54,0.0,1093.54
LINE00009830,ORD0003276,4,PROD00120,5,195.08,0.0,975.4
LINE00009831,ORD0003276,5,PROD00445,2,635.11,127.02,1143.2
LINE00009832,ORD0003277,1,PROD00134,4,839.79,335.92,3023.24
LINE00009833,ORD0003278,1,PROD00168,1,901.27,0.0,901.27
LINE00009834,ORD0003279,1,PROD00064,2,687.48,0.0,1374.96
LINE00009835,ORD0003279,2,PROD00312,2,1172.8,0.0,2345.6
LINE00009836,ORD0003279,3,PROD00072,5,371.22,185.61,1670.49
LINE00009837,ORD0003279,4,PROD00098,6,55.96,0.0,335.76
LINE00009838,ORD0003280,1,PROD00077,6,64.85,0.0,389.1
LINE00009839,ORD0003280,2,PROD00172,2,653.61,130.72,1176.5
LINE00009840,ORD0003281,1,PROD00422,5,795.71,0.0,3978.55
LINE00009841,ORD0003282,1,PROD00174,2,155.47,15.55,295.39
LINE00009842,ORD0003282,2,PROD00360,1,853.5,0.0,853.5
LINE00009843,ORD0003282,3,PROD00342,5,356.31,356.31,1425.24
LINE00009844,ORD0003283,1,PROD00303,3,436.02,130.81,1177.25
LINE00009845,ORD0003283,2,PROD00205,6,13.25,0.0,79.5
LINE00009846,ORD0003283,3,PROD00064,3,339.34,0.0,1018.02
LINE00009847,ORD0003284,1,PROD00240,4,371.86,0.0,1487.44
LINE00009848,ORD0003284,2,PROD00151,5,578.31,144.58,2746.97
LINE00009849,ORD0003284,3,PROD00105,6,298.85,89.66,1703.44
LINE00009850,ORD0003285,1,PROD00307,2,977.17,195.43,1758.91
LINE00009851,ORD0003285,2,PROD00089,4,70.45,0.0,281.8
LINE00009852,ORD0003286,1,PROD00079,6,511.18,0.0,3067.08
LINE00009853,ORD0003287,1,PROD00391,4,864.2,0.0,3456.8
LINE00009854,ORD0003288,1,PROD00014,4,690.93,0.0,2763.72
LINE00009855,ORD0003288,2,PROD00396,5,341.94,0.0,1709.7
LINE00009856,ORD0003289,1,PROD00333,2,304.31,0.0,608.62
LINE00009857,ORD0003289,2,PROD00315,4,372.53,0.0,1490.12
LINE00009858,ORD0003289,3,PROD00211,4,662.34,132.47,2516.89
LINE00009859,ORD0003289,4,PROD00352,5,655.04,163.76,3111.44
LINE00009860,ORD0003290,1,PROD00028,6,504.89,0.0,3029.34
LINE00009861,ORD0003291,1,PROD00162,3,1193.83,179.07,3402.42
LINE00009862,ORD0003291,2,PROD00414,6,91.87,27.56,523.66
LINE00009863,ORD0003291,3,PROD00486,4,591.49,0.0,2365.96
LINE00009864,ORD0003291,4,PROD00359,2,442.02,0.0,884.04
LINE00009865,ORD0003292,1,PROD00258,1,522.14,104.43,417.71
LINE00009866,ORD0003292,2,PROD00040,5,582.3,145.58,2765.92
LINE00009867,ORD0003292,3,PROD00134,1,687.63,34.38,653.25
LINE00009868,ORD0003292,4,PROD00175,6,592.86,177.86,3379.3
LINE00009869,ORD0003292,5,PROD00076,2,1060.03,106.0,2014.06
LINE00009870,ORD0003293,1,PROD00382,5,579.1,144.78,2750.72
LINE00009871,ORD0003293,2,PROD00306,4,1029.08,411.63,3704.69
LINE00009872,ORD0003293,3,PROD00173,6,446.73,0.0,2680.38
LINE00009873,ORD0003293,4,PROD00283,3,76.29,0.0,228.87
LINE00009874,ORD0003294,1,PROD00150,2,1059.53,0.0,2119.06
LINE00009875,ORD0003294,2,PROD00484,4,402.4,80.48,1529.12
LINE00009876,ORD0003294,3,PROD00348,4,962.69,385.08,3465.68
LINE00009877,ORD0003294,4,PROD00158,1,199.51,19.95,179.56
LINE00009878,ORD0003294,5,PROD00416,4,125.48,0.0,501.92
LINE00009879,ORD0003295,1,PROD00442,3,330.88,0.0,992.64
LINE00009880,ORD0003295,2,PROD00394,1,970.0,48.5,921.5
LINE00009881,ORD0003295,3,PROD00189,3,385.13,115.54,1039.85
LINE00009882,ORD0003296,1,PROD00465,2,1184.77,473.91,1895.63
LINE00009883,ORD0003296,2,PROD00226,5,186.27,0.0,931.35
LINE00009884,ORD0003296,3,PROD00327,1,712.86,0.0,712.86
LINE00009885,ORD0003296,4,PROD00362,4,371.31,0.0,1485.24
LINE00009886,ORD0003296,5,PROD00225,5,429.08,107.27,2038.13
LINE00009887,ORD0003297,1,PROD00168,2,1193.56,238.71,2148.41
LINE00009888,ORD0003297,2,PROD00113,3,334.55,0.0,1003.65
LINE00009889,ORD0003298,1,PROD00116,3,1158.26,347.48,3127.3
LINE00009890,ORD0003298,2,PROD00297,4,370.32,74.06,1407.22
LINE00009891,ORD0003298,3,PROD00457,1,833.42,83.34,750.08
LINE00009892,ORD0003298,4,PROD00220,4,893.22,714.58,2858.3
LINE00009893,ORD0003299,1,PROD00388,5,937.48,468.74,4218.66
LINE00009894,ORD0003299,2,PROD00431,6,1129.94,0.0,6779.64
LINE00009895,ORD0003299,3,PROD00249,5,122.41,61.2,550.85
LINE00009896,ORD0003299,4,PROD00360,1,892.45,44.62,847.83
LINE00009897,ORD0003299,5,PROD00457,4,895.36,0.0,3581.44
LINE00009898,ORD0003300,1,PROD00204,5,366.31,0.0,1831.55
LINE00009899,ORD0003300,2,PROD00373,2,862.0,0.0,1724.0
LINE00009900,ORD0003300,3,PROD00216,6,110.8,66.48,598.32
LINE00009901,ORD0003300,4,PROD00240,2,858.65,0.0,1717.3
LINE00009902,ORD0003300,5,PROD00028,4,977.77,391.11,3519.97
LINE00009903,ORD0003301,1,PROD00410,2,854.5,85.45,1623.55
LINE00009904,ORD0003301,2,PROD00235,4,461.69,0.0,1846.76
LINE00009905,ORD0003301,3,PROD00327,4,212.92,170.34,681.34
LINE00009906,ORD0003301,4,PROD00439,1,203.89,40.78,163.11
LINE00009907,ORD0003301,5,PROD00024,1,743.11,74.31,668.8
LINE00009908,ORD0003302,1,PROD00408,1,31.19,0.0,31.19
LINE00009909,ORD0003302,2,PROD00422,3,382.98,0.0,1148.94
LINE00009910,ORD0003303,1,PROD00435,2,342.35,0.0,684.7
LINE00009911,ORD0003303,2,PROD00317,3,5.13,0.0,15.39
LINE00009912,ORD0003303,3,PROD00450,1,277.44,0.0,277.44
LINE00009913,ORD0003303,4,PROD00155,2,367.38,0.0,734.76
LINE00009914,ORD0003304,1,PROD00205,3,273.24,0.0,819.72
LINE00009915,ORD0003304,2,PROD00338,5,503.57,503.57,2014.28
LINE00009916,ORD0003305,1,PROD00288,3,776.6,0.0,2329.8
LINE00009917,ORD0003306,1,PROD00205,2,1114.81,0.0,2229.62
LINE00009918,ORD0003306,2,PROD00350,4,684.14,0.0,2736.56
LINE00009919,ORD0003307,1,PROD00462,3,474.35,142.31,1280.74
LINE00009920,ORD0003307,2,PROD00196,3,1115.23,0.0,3345.69
LINE00009921,ORD0003307,3,PROD00201,3,991.63,0.0,2974.89
LINE00009922,ORD0003307,4,PROD00273,1,1132.46,226.49,905.97
LINE00009923,ORD0003307,5,PROD00414,1,1119.0,55.95,1063.05
LINE00009924,ORD0003308,1,PROD00494,5,556.98,0.0,2784.9
LINE00009925,ORD0003308,2,PROD00487,1,988.47,0.0,988.47
LINE00009926,ORD0003308,3,PROD00430,5,9.92,0.0,49.6
LINE00009927,ORD0003309,1,PROD00298,4,721.85,0.0,2887.4
LINE00009928,ORD0003309,2,PROD00191,6,57.19,0.0,343.14
LINE00009929,ORD0003309,3,PROD00260,5,342.29,171.15,1540.3
LINE00009930,ORD0003310,1,PROD00036,3,610.36,366.22,1464.86
LINE00009931,ORD0003310,2,PROD00387,2,922.23,0.0,1844.46
LINE00009932,ORD0003311,1,PROD00464,4,200.67,80.27,722.41
LINE00009933,ORD0003311,2,PROD00055,1,774.54,0.0,774.54
LINE00009934,ORD0003312,1,PROD00393,5,681.71,0.0,3408.55
LINE00009935,ORD0003312,2,PROD00098,4,423.22,84.64,1608.24
LINE00009936,ORD0003312,3,PROD00174,1,279.34,27.93,251.41
LINE00009937,ORD0003312,4,PROD00289,1,398.04,0.0,398.04
LINE00009938,ORD0003313,1,PROD00201,3,752.9,225.87,2032.83
LINE00009939,ORD0003313,2,PROD00330,4,572.88,0.0,2291.52
LINE00009940,ORD0003313,3,PROD00100,5,1046.32,0.0,5231.6
LINE00009941,ORD0003313,4,PROD00194,2,1017.44,406.98,1627.9
LINE00009942,ORD0003314,1,PROD00229,2,664.92,265.97,1063.87
LINE00009943,ORD0003314,2,PROD00281,5,880.03,0.0,4400.15
LINE00009944,ORD0003314,3,PROD00236,6,1137.41,682.45,6142.01
LINE00009945,ORD0003314,4,PROD00159,1,599.87,59.99,539.88
LINE00009946,ORD0003314,5,PROD00176,4,192.9,0.0,771.6
LINE00009947,ORD0003315,1,PROD00238,5,111.73,27.93,530.72
LINE00009948,ORD0003315,2,PROD00198,3,770.65,231.19,2080.76
LINE00009949,ORD0003316,1,PROD00367,5,177.07,44.27,841.08
LINE00009950,ORD0003316,2,PROD00288,4,710.31,568.25,2272.99
LINE00009951,ORD0003317,1,PROD00085,6,229.83,0.0,1378.98
LINE00009952,ORD0003317,2,PROD00337,3,760.68,228.2,2053.84
LINE00009953,ORD0003317,3,PROD00381,6,979.39,587.63,5288.71
LINE00009954,ORD0003318,1,PROD00126,6,11.98,0.0,71.88
LINE00009955,ORD0003318,2,PROD00289,4,502.11,200.84,1807.6
LINE00009956,ORD0003318,3,PROD00060,3,594.89,0.0,1784.67
LINE00009957,ORD0003318,4,PROD00168,1,622.1,0.0,622.1
LINE00009958,ORD0003319,1,PROD00428,3,155.14,0.0,465.42
LINE00009959,ORD0003319,2,PROD00091,4,1049.06,0.0,4196.24
LINE00009960,ORD0003319,3,PROD00427,6,926.93,556.16,5005.42
LINE00009961,ORD0003319,4,PROD00204,4,294.95,0.0,1179.8
LINE00009962,ORD0003320,1,PROD00429,1,813.21,81.32,731.89
LINE00009963,ORD0003321,1,PROD00202,3,824.5,247.35,2226.15
LINE00009964,ORD0003321,2,PROD00479,1,537.27,26.86,510.41
LINE00009965,ORD0003321,3,PROD00086,2,1199.87,0.0,2399.74
LINE00009966,ORD0003321,4,PROD00366,3,47.28,7.09,134.75
LINE00009967,ORD0003322,1,PROD00072,2,1043.73,208.75,1878.71
LINE00009968,ORD0003322,2,PROD00497,6,1097.36,1316.83,5267.33
LINE00009969,ORD0003322,3,PROD00242,6,326.67,0.0,1960.02
LINE00009970,ORD0003322,4,PROD00202,3,109.44,0.0,328.32
LINE00009971,ORD0003322,5,PROD00321,6,83.62,100.34,401.38
LINE00009972,ORD0003323,1,PROD00109,1,1044.54,208.91,835.63
LINE00009973,ORD0003323,2,PROD00180,3,102.86,61.72,246.86
LINE00009974,ORD0003323,3,PROD00317,4,270.08,0.0,1080.32
LINE00009975,ORD0003324,1,PROD00068,3,497.14,0.0,1491.42
LINE00009976,ORD0003324,2,PROD00278,3,626.76,0.0,1880.28
LINE00009977,ORD0003324,3,PROD00042,2,1080.2,0.0,2160.4
LINE00009978,ORD0003324,4,PROD00159,3,447.99,67.2,1276.77
LINE00009979,ORD0003325,1,PROD00442,2,259.56,103.82,415.3
LINE00009980,ORD0003325,2,PROD00209,-3,864.91,-0.0,-2594.73
LINE00009981,ORD0003325,3,PROD00007,5,1191.58,0.0,5957.9
LINE00009982,ORD0003326,1,PROD00174,2,622.84,249.14,996.54
LINE00009983,ORD0003327,1,PROD00216,5,1147.74,0.0,5738.7
LINE00009984,ORD0003327,2,PROD00267,5,1076.89,0.0,5384.45
LINE00009985,ORD0003327,3,PROD00363,1,843.65,168.73,674.92
LINE00009986,ORD0003327,4,PROD00477,3,1089.6,0.0,3268.8
LINE00009987,ORD0003327,5,PROD00155,2,654.99,0.0,1309.98
LINE00009988,ORD0003328,1,PROD00073,4,355.15,0.0,1420.6
LINE00009989,ORD0003328,2,PROD00483,2,497.66,0.0,995.32
LINE00009990,ORD0003328,3,PROD00085,6,750.46,900.55,3602.21
LINE00009991,ORD0003328,4,PROD00331,3,717.4,0.0,2152.2
LINE00009992,ORD0003328,5,PROD00363,3,105.4,0.0,316.2
LINE00009993,ORD0003329,1,PROD00386,4,628.97,0.0,2515.88
LINE00009994,ORD0003330,1,PROD00200,1,912.92,0.0,912.92
LINE00009995,ORD0003331,1,PROD00479,5,345.23,345.23,1380.92
LINE00009996,ORD0003331,2,PROD00488,1,689.71,0.0,689.71
LINE00009997,ORD0003331,3,PROD00056,2,47.0,18.8,75.2
LINE00009998,ORD0003331,4,PROD00352,1,906.6,45.33,861.27
LINE00009999,ORD0003332,1,PROD00025,5,228.35,228.35,913.4
LINE00010000,ORD0003332,2,PROD00201,6,421.1,505.32,2021.28
LINE00010001,ORD0003333,1,PROD00299,1,1050.1,210.02,840.08
LINE00010002,ORD0003333,2,PROD00378,6,11.16,13.39,53.57
LINE00010003,ORD0003333,3,PROD00417,2,700.49,280.2,1120.78
LINE00010004,ORD0003334,1,PROD00246,1,889.4,88.94,800.46
LINE00010005,ORD0003334,2,PROD00491,6,1017.12,0.0,6102.72
LINE00010006,ORD0003334,3,PROD00049,3,735.89,0.0,2207.67
LINE00010007,ORD0003334,4,PROD00212,1,1024.19,0.0,1024.19
LINE00010008,ORD0003335,1,PROD00344,6,197.54,118.52,1066.72
LINE00010009,ORD0003336,1,PROD00469,5,579.28,0.0,2896.4
LINE00010010,ORD0003336,2,PROD00249,2,438.99,0.0,877.98
LINE00010011,ORD0003336,3,PROD00277,6,77.92,46.75,420.77
LINE00010012,ORD0003336,4,PROD00410,2,440.15,88.03,792.27
LINE00010013,ORD0003336,5,PROD00341,3,330.25,0.0,990.75
LINE00010014,ORD0003337,1,PROD00490,1,1095.61,219.12,876.49
LINE00010015,ORD0003337,2,PROD00282,1,1029.7,0.0,1029.7
LINE00010016,ORD0003337,3,PROD00359,4,755.07,0.0,3020.28
LINE00010017,ORD0003338,1,PROD00246,1,700.53,0.0,700.53
LINE00010018,ORD0003338,2,PROD00109,1,129.62,0.0,129.62
LINE00010019,ORD0003338,3,PROD00156,1,443.96,44.4,399.56
LINE00010020,ORD0003339,1,PROD00133,1,483.54,0.0,483.54
LINE00010021,ORD0003339,2,PROD00488,1,385.58,0.0,385.58
LINE00010022,ORD0003339,3,PROD00080,4,961.27,769.02,3076.06
LINE00010023,ORD0003339,4,PROD00104,6,1198.12,0.0,7188.72
LINE00010024,ORD0003340,1,PROD00241,1,152.49,0.0,152.49
LINE00010025,ORD0003340,2,PROD00235,6,1013.33,0.0,6079.98
LINE00010026,ORD0003340,3,PROD00252,1,719.62,0.0,719.62
LINE00010027,ORD0003340,4,PROD00425,4,59.08,47.26,189.06
LINE00010028,ORD0003341,1,PROD00121,1,161.7,8.08,153.62
LINE00010029,ORD0003341,2,PROD00282,6,391.23,117.37,2230.01
LINE00010030,ORD0003341,3,PROD00175,5,554.16,0.0,2770.8
LINE00010031,ORD0003342,1,PROD00030,5,705.79,0.0,3528.95
LINE00010032,ORD0003342,2,PROD00035,4,167.85,67.14,604.26
LINE00010033,ORD0003343,1,PROD00459,5,1061.95,265.49,5044.26
LINE00010034,ORD0003343,2,PROD00118,1,640.35,0.0,640.35
LINE00010035,ORD0003343,3,PROD00432,5,552.0,0.0,2760.0
LINE00010036,ORD0003343,4,PROD00348,3,13.04,0.0,39.12
LINE00010037,ORD0003344,1,PROD00044,1,930.3,0.0,930.3
LINE00010038,ORD0003344,2,PROD00206,4,60.89,12.18,231.38
LINE00010039,ORD0003344,3,PROD00441,3,55.22,0.0,165.66
LINE00010040,ORD0003345,1,PROD00014,1,453.79,22.69,431.1
LINE00010041,ORD0003345,2,PROD00441,2,174.1,0.0,348.2
LINE00010042,ORD0003345,3,PROD00115,2,307.94,0.0,615.88
LINE00010043,ORD0003345,4,PROD00479,4,1159.89,463.96,4175.6
LINE00010044,ORD0003345,5,PROD00410,3,506.56,151.97,1367.71
LINE00010045,ORD0003346,1,PROD00247,4,1122.38,0.0,4489.52
LINE00010046,ORD0003346,2,PROD00248,2,1147.89,0.0,2295.78
LINE00010047,ORD0003346,3,PROD00222,1,534.89,0.0,534.89
LINE00010048,ORD0003346,4,PROD00309,2,1178.0,235.6,2120.4
LINE00010049,ORD0003346,5,PROD00290,5,593.14,296.57,2669.13
LINE00010050,ORD0003347,1,PROD00438,5,945.71,0.0,4728.55
LINE00010051,ORD0003347,2,PROD00172,1,407.6,81.52,326.08
LINE00010052,ORD0003347,3,PROD00262,1,457.11,0.0,457.11
LINE00010053,ORD0003347,4,PROD00268,2,280.83,0.0,561.66
LINE00010054,ORD0003348,1,PROD00452,3,1147.31,0.0,3441.93
LINE00010055,ORD0003348,2,PROD00310,2,714.07,142.81,1285.33
LINE00010056,ORD0003349,1,PROD00350,4,170.38,136.3,545.22
LINE00010057,ORD0003349,2,PROD00462,4,850.19,680.15,2720.61
LINE00010058,ORD0003349,3,PROD00131,1,169.77,8.49,161.28
LINE00010059,ORD0003349,4,PROD00392,5,922.68,461.34,4152.06
LINE00010060,ORD0003349,5,PROD00096,6,212.7,255.24,1020.96
LINE00010061,ORD0003350,1,PROD00346,1,947.97,0.0,947.97
LINE00010062,ORD0003350,2,PROD00313,5,1089.24,544.62,4901.58
LINE00010063,ORD0003351,1,PROD00323,2,292.28,29.23,555.33
LINE00010064,ORD0003352,1,PROD00102,6,420.39,0.0,2522.34
LINE00010065,ORD0003352,2,PROD00299,3,130.74,0.0,392.22
LINE00010066,ORD0003352,3,PROD00278,4,836.34,167.27,3178.09
LINE00010067,ORD0003353,1,PROD00380,6,518.59,0.0,3111.54
LINE00010068,ORD0003353,2,PROD00156,5,345.53,0.0,1727.65
LINE00010069,ORD0003353,3,PROD00191,2,792.66,158.53,1426.79
LINE00010070,ORD0003354,1,PROD00060,6,1020.65,306.19,5817.71
LINE00010071,ORD0003355,1,PROD00162,2,323.34,0.0,646.68
LINE00010072,ORD0003355,2,PROD00231,2,694.59,69.46,1319.72
LINE00010073,ORD0003355,3,PROD00116,2,766.37,0.0,1532.74
LINE00010074,ORD0003355,4,PROD00193,2,1136.99,0.0,2273.98
LINE00010075,ORD0003356,1,PROD00330,3,1142.36,0.0,3427.08
LINE00010076,ORD0003357,1,PROD00378,4,1086.23,434.49,3910.43
LINE00010077,ORD0003357,2,PROD00492,4,596.05,476.84,1907.36
LINE00010078,ORD0003357,3,PROD00191,1,411.75,41.18,370.57
LINE00010079,ORD0003358,1,PROD00107,2,842.87,0.0,1685.74
LINE00010080,ORD0003358,2,PROD00195,3,1075.32,0.0,3225.96
LINE00010081,ORD0003358,3,PROD00086,1,367.5,18.38,349.12
LINE00010082,ORD0003358,4,PROD00018,5,65.5,16.38,311.12
LINE00010083,ORD0003359,1,PROD00391,3,1021.6,0.0,3064.8
LINE00010084,ORD0003359,2,PROD00187,3,171.66,0.0,514.98
LINE00010085,ORD0003359,3,PROD00208,6,1165.55,0.0,6993.3
LINE00010086,ORD0003359,4,PROD00398,2,443.06,0.0,886.12
LINE00010087,ORD0003359,5,PROD00043,3,600.07,0.0,1800.21
LINE00010088,ORD0003360,1,PROD00308,4,301.97,0.0,1207.88
LINE00010089,ORD0003360,2,PROD00337,2,1093.91,437.56,1750.26
LINE00010090,ORD0003361,1,PROD00237,6,1140.88,0.0,6845.28
LINE00010091,ORD0003361,2,PROD00388,1,449.28,22.46,426.82
LINE00010092,ORD0003361,3,PROD00041,4,829.12,331.65,2984.83
LINE00010093,ORD0003362,1,PROD00030,5,661.19,0.0,3305.95
LINE00010094,ORD0003362,2,PROD00055,3,491.08,73.66,1399.58
LINE00010095,ORD0003362,3,PROD00252,4,96.98,0.0,387.92
LINE00010096,ORD0003363,1,PROD00056,3,955.46,143.32,2723.06
LINE00010097,ORD0003364,1,PROD00494,5,387.29,0.0,1936.45
LINE00010098,ORD0003365,1,PROD00209,4,677.31,0.0,2709.24
LINE00010099,ORD0003366,1,PROD00093,6,105.83,0.0,634.98
LINE00010100,ORD0003366,2,PROD00285,1,965.36,96.54,868.82
LINE00010101,ORD0003366,3,PROD00214,5,552.04,0.0,2760.2
LINE00010102,ORD0003366,4,PROD00122,6,457.91,274.75,2472.71
LINE00010103,ORD0003367,1,PROD00069,1,891.84,0.0,891.84
LINE00010104,ORD0003367,2,PROD00145,6,906.06,0.0,5436.36
LINE00010105,ORD0003367,3,PROD00295,4,857.19,0.0,3428.76
LINE00010106,ORD0003368,1,PROD00389,4,249.39,99.76,897.8
LINE00010107,ORD0003368,2,PROD00222,2,50.25,0.0,100.5
LINE00010108,ORD0003369,1,PROD00288,5,777.73,0.0,3888.65
LINE00010109,ORD0003369,2,PROD00004,2,1030.82,0.0,2061.64
LINE00010110,ORD0003369,3,PROD00114,5,961.92,240.48,4569.12
LINE00010111,ORD0003370,1,PROD00484,5,102.55,25.64,487.11
LINE00010112,ORD0003370,2,PROD00333,5,433.87,216.94,1952.41
LINE00010113,ORD0003370,3,PROD00458,6,509.18,0.0,3055.08
LINE00010114,ORD0003371,1,PROD00351,6,1009.46,605.68,5451.08
LINE00010115,ORD0003371,2,PROD00374,5,761.4,0.0,3807.0
LINE00010116,ORD0003371,3,PROD00284,5,55.44,27.72,249.48
LINE00010117,ORD0003371,4,PROD00033,5,749.71,0.0,3748.55
LINE00010118,ORD0003372,1,PROD00007,1,245.63,49.13,196.5
LINE00010119,ORD0003372,2,PROD00236,5,847.11,847.11,3388.44
LINE00010120,ORD0003373,1,PROD00336,6,1164.46,0.0,6986.76
LINE00010121,ORD0003373,2,PROD00326,4,409.19,81.84,1554.92
LINE00010122,ORD0003374,1,PROD00396,4,707.12,0.0,2828.48
LINE00010123,ORD0003374,2,PROD00477,3,220.06,66.02,594.16
LINE00010124,ORD0003374,3,PROD00084,3,667.12,0.0,2001.36
LINE00010125,ORD0003375,1,PROD00461,6,1066.22,0.0,6397.32
LINE00010126,ORD0003375,2,PROD00495,6,367.1,110.13,2092.47
LINE00010127,ORD0003375,3,PROD00231,3,956.14,143.42,2725.0
LINE00010128,ORD0003375,4,PROD00397,1,138.57,6.93,131.64
LINE00010129,ORD0003376,1,PROD00455,6,727.16,436.3,3926.66
LINE00010130,ORD0003376,2,PROD00396,5,606.47,606.47,2425.88
LINE00010131,ORD0003377,1,PROD00037,5,368.68,368.68,1474.72
LINE00010132,ORD0003377,2,PROD00268,4,1191.52,0.0,4766.08
LINE00010133,ORD0003377,3,PROD00149,3,711.78,0.0,2135.34
LINE00010134,ORD0003378,1,PROD00010,4,634.02,126.8,2409.28
LINE00010135,ORD0003379,1,PROD00113,2,428.9,42.89,814.91
LINE00010136,ORD0003379,2,PROD00290,6,810.05,486.03,4374.27
LINE00010137,ORD0003379,3,PROD00007,6,614.68,0.0,3688.08
LINE00010138,ORD0003380,1,PROD00320,1,625.06,62.51,562.55
LINE00010139,ORD0003380,2,PROD00298,2,316.06,126.42,505.7
LINE00010140,ORD0003381,1,PROD00478,1,720.66,0.0,720.66
LINE00010141,ORD0003382,1,PROD00042,6,311.08,0.0,1866.48
LINE00010142,ORD0003382,2,PROD00355,5,966.11,0.0,4830.55
LINE00010143,ORD0003382,3,PROD00242,2,256.93,0.0,513.86
LINE00010144,ORD0003383,1,PROD00407,5,558.45,558.45,2233.8
LINE00010145,ORD0003383,2,PROD00439,3,229.29,137.57,550.3
LINE00010146,ORD0003383,3,PROD00425,6,13.38,0.0,80.28
LINE00010147,ORD0003384,1,PROD00428,6,351.52,421.82,1687.3
LINE00010148,ORD0003384,2,PROD00191,1,180.72,36.14,144.58
LINE00010149,ORD0003384,3,PROD00192,4,232.27,185.82,743.26
LINE00010150,ORD0003384,4,PROD00277,5,551.62,0.0,2758.1
LINE00010151,ORD0003385,1,PROD00228,3,1070.0,160.5,3049.5
LINE00010152,ORD0003386,1,PROD00465,4,983.12,393.25,3539.23
LINE00010153,ORD0003386,2,PROD00193,2,165.58,0.0,331.16
LINE00010154,ORD0003386,3,PROD00262,3,958.4,287.52,2587.68
LINE00010155,ORD0003387,1,PROD00475,3,224.83,134.9,539.59
LINE00010156,ORD0003387,2,PROD00263,1,1071.15,214.23,856.92
LINE00010157,ORD0003387,3,PROD00415,5,560.51,0.0,2802.55
LINE00010158,ORD0003387,4,PROD00473,2,1045.1,209.02,1881.18
LINE00010159,ORD0003388,1,PROD00026,5,549.89,274.94,2474.51
LINE00010160,ORD0003388,2,PROD00164,4,524.35,0.0,2097.4
LINE00010161,ORD0003388,3,PROD00185,2,322.32,64.46,580.18
LINE00010162,ORD0003389,1,PROD00283,1,299.08,14.95,284.13
LINE00010163,ORD0003389,2,PROD00106,4,982.05,196.41,3731.79
LINE00010164,ORD0003390,1,PROD00471,3,1007.29,0.0,3021.87
LINE00010165,ORD0003391,1,PROD00193,1,750.85,0.0,750.85
LINE00010166,ORD0003392,1,PROD00256,6,526.49,0.0,3158.94
LINE00010167,ORD0003392,2,PROD00212,2,727.01,0.0,1454.02
LINE00010168,ORD0003392,3,PROD00198,5,928.11,232.03,4408.52
LINE00010169,ORD0003393,1,PROD00497,6,1141.75,685.05,6165.45
LINE00010170,ORD0003394,1,PROD00066,3,329.66,0.0,988.98
LINE00010171,ORD0003394,2,PROD00216,3,280.71,0.0,842.13
LINE00010172,ORD0003394,3,PROD00437,1,1093.31,109.33,983.98
LINE00010173,ORD0003394,4,PROD00285,4,724.92,579.94,2319.74
LINE00010174,ORD0003394,5,PROD00498,5,599.99,0.0,2999.95
LINE00010175,ORD0003395,1,PROD00481,5,1183.16,0.0,5915.8
LINE00010176,ORD0003395,2,PROD00402,3,714.46,0.0,2143.38
LINE00010177,ORD0003395,3,PROD00499,3,496.29,0.0,1488.87
LINE00010178,ORD0003395,4,PROD00190,3,213.2,127.92,511.68
LINE00010179,ORD0003396,1,PROD00080,3,568.21,85.23,1619.4
LINE00010180,ORD0003396,2,PROD00175,1,1161.99,58.1,1103.89
LINE00010181,ORD0003397,1,PROD00306,4,275.7,220.56,882.24
LINE00010182,ORD0003397,2,PROD00080,6,459.3,0.0,2755.8
LINE00010183,ORD0003398,1,PROD00041,5,613.9,0.0,3069.5
LINE00010184,ORD0003398,2,PROD00412,4,850.8,340.32,3062.88
LINE00010185,ORD0003398,3,PROD00441,4,1135.98,227.2,4316.72
LINE00010186,ORD0003398,4,PROD00440,4,757.17,605.74,2422.94
LINE00010187,ORD0003398,5,PROD00323,1,388.31,77.66,310.65
LINE00010188,ORD0003399,1,PROD00456,1,762.42,38.12,724.3
LINE00010189,ORD0003399,2,PROD00175,6,441.39,0.0,2648.34
LINE00010190,ORD0003400,1,PROD00471,5,553.26,553.26,2213.04
LINE00010191,ORD0003400,2,PROD00025,4,459.92,183.97,1655.71
LINE00010192,ORD0003400,3,PROD00088,1,956.5,0.0,956.5
LINE00010193,ORD0003400,4,PROD00123,4,253.31,0.0,1013.24
LINE00010194,ORD0003401,1,PROD00037,2,919.47,0.0,1838.94
LINE00010195,ORD0003401,2,PROD00288,2,1162.87,0.0,2325.74
LINE00010196,ORD0003401,3,PROD00072,3,565.75,169.73,1527.52
LINE00010197,ORD0003401,4,PROD00136,3,1098.28,0.0,3294.84
LINE00010198,ORD0003402,1,PROD00062,2,990.05,0.0,1980.1
LINE00010199,ORD0003403,1,PROD00206,5,1114.44,0.0,5572.2
LINE00010200,ORD0003403,2,PROD00320,3,256.44,38.47,730.85
LINE00010201,ORD0003403,3,PROD00146,4,552.16,220.86,1987.78
LINE00010202,ORD0003403,4,PROD00239,3,1012.04,607.22,2428.9
LINE00010203,ORD0003403,5,PROD00342,3,977.47,0.0,2932.41
LINE00010204,ORD0003404,1,PROD00287,3,51.1,0.0,153.3
LINE00010205,ORD0003405,1,PROD00297,4,1040.22,208.04,3952.84
LINE00010206,ORD0003405,2,PROD00055,6,804.13,0.0,4824.78
LINE00010207,ORD0003406,1,PROD00369,6,126.19,37.86,719.28
LINE00010208,ORD0003406,2,PROD00043,4,857.37,171.47,3258.01
LINE00010209,ORD0003406,3,PROD00432,1,631.59,31.58,600.01
LINE00010210,ORD0003406,4,PROD00230,5,912.13,0.0,4560.65
LINE00010211,ORD0003406,5,PROD00364,5,300.7,150.35,1353.15
LINE00010212,ORD0003407,1,PROD00072,2,670.08,134.02,1206.14
LINE00010213,ORD0003408,1,PROD00269,5,127.66,31.91,606.39
LINE00010214,ORD0003408,2,PROD00090,5,959.62,959.62,3838.48
LINE00010215,ORD0003408,3,PROD00461,4,907.88,181.58,3449.94
LINE00010216,ORD0003408,4,PROD00016,5,5.24,0.0,26.2
LINE00010217,ORD0003409,1,PROD00301,3,417.3,0.0,1251.9
LINE00010218,ORD0003410,1,PROD00472,5,811.5,0.0,4057.5
LINE00010219,ORD0003410,2,PROD00048,6,500.02,150.01,2850.11
LINE00010220,ORD0003410,3,PROD00480,4,94.73,18.95,359.97
LINE00010221,ORD0003410,4,PROD00495,1,127.36,25.47,101.89
LINE00010222,ORD0003411,1,PROD00104,1,32.62,1.63,30.99
LINE00010223,ORD0003412,1,PROD00264,3,1036.26,155.44,2953.34
LINE00010224,ORD0003412,2,PROD00074,3,443.95,0.0,1331.85
LINE00010225,ORD0003412,3,PROD00002,4,879.41,0.0,3517.64
LINE00010226,ORD0003413,1,PROD00257,6,845.08,1014.1,4056.38
LINE00010227,ORD0003413,2,PROD00389,6,644.9,0.0,3869.4
LINE00010228,ORD0003413,3,PROD00495,5,814.79,203.7,3870.25
LINE00010229,ORD0003414,1,PROD00377,5,782.49,391.25,3521.2
LINE00010230,ORD0003414,2,PROD00244,3,135.59,20.34,386.43
LINE00010231,ORD0003414,3,PROD00351,5,535.04,535.04,2140.16
LINE00010232,ORD0003414,4,PROD00281,5,31.22,7.8,148.3
LINE00010233,ORD0003415,1,PROD00357,4,491.64,0.0,1966.56
LINE00010234,ORD0003415,2,PROD00231,6,693.7,208.11,3954.09
LINE00010235,ORD0003415,3,PROD00101,2,903.06,0.0,1806.12
LINE00010236,ORD0003416,1,PROD00355,4,1033.64,0.0,4134.56
LINE00010237,ORD0003416,2,PROD00449,4,616.35,0.0,2465.4
LINE00010238,ORD0003416,3,PROD00440,4,574.6,0.0,2298.4
LINE00010239,ORD0003417,1,PROD00223,1,251.29,25.13,226.16
LINE00010240,ORD0003417,2,PROD00278,3,135.93,0.0,407.79
LINE00010241,ORD0003418,1,PROD00242,6,357.71,0.0,2146.26
LINE00010242,ORD0003418,2,PROD00103,1,551.98,55.2,496.78
LINE00010243,ORD0003418,3,PROD00129,5,638.74,319.37,2874.33
LINE00010244,ORD0003418,4,PROD00212,5,586.44,293.22,2638.98
LINE00010245,ORD0003418,5,PROD00200,2,670.26,0.0,1340.52
LINE00010246,ORD0003419,1,PROD00211,5,536.8,536.8,2147.2
LINE00010247,ORD0003419,2,PROD00035,5,424.84,0.0,2124.2
LINE00010248,ORD0003419,3,PROD00325,2,106.64,10.66,202.62
LINE00010249,ORD0003419,4,PROD00169,6,565.49,0.0,3392.94
LINE00010250,ORD0003419,5,PROD00045,2,956.18,191.24,1721.12
LINE00010251,ORD0003420,1,PROD00429,5,1109.94,0.0,5549.7
LINE00010252,ORD0003420,2,PROD00049,2,1192.17,476.87,1907.47
LINE00010253,ORD0003420,3,PROD00425,6,1126.05,675.63,6080.67
LINE00010254,ORD0003421,1,PROD00348,6,394.52,0.0,2367.12
LINE00010255,ORD0003422,1,PROD00147,2,726.81,290.72,1162.9
LINE00010256,ORD0003422,2,PROD00410,3,107.5,0.0,322.5
LINE00010257,ORD0003422,3,PROD00289,5,409.57,204.78,1843.07
LINE00010258,ORD0003422,4,PROD00257,1,236.48,0.0,236.48
LINE00010259,ORD0003423,1,PROD00255,5,1017.56,1017.56,4070.24
LINE00010260,ORD0003423,2,PROD00402,5,1180.47,0.0,5902.35
LINE00010261,ORD0003423,3,PROD00168,1,1020.42,204.08,816.34
LINE00010262,ORD0003423,4,PROD00074,5,799.76,199.94,3798.86
LINE00010263,ORD0003423,5,PROD00108,3,1154.8,692.88,2771.52
LINE00010264,ORD0003424,1,PROD00433,2,1145.43,0.0,2290.86
LINE00010265,ORD0003424,2,PROD00442,6,756.54,226.96,4312.28
LINE00010266,ORD0003424,3,PROD00060,3,83.12,12.47,236.89
LINE00010267,ORD0003425,1,PROD00314,2,714.02,142.8,1285.24
LINE00010268,ORD0003425,2,PROD00468,1,1143.16,228.63,914.53
LINE00010269,ORD0003426,1,PROD00314,6,1157.84,347.35,6599.69
LINE00010270,ORD0003426,2,PROD00263,4,639.76,127.95,2431.09
LINE00010271,ORD0003426,3,PROD00404,5,729.17,0.0,3645.85
LINE00010272,ORD0003426,4,PROD00065,3,239.76,35.96,683.32
LINE00010273,ORD0003426,5,PROD00412,3,833.74,500.24,2000.98
LINE00010274,ORD0003427,1,PROD00065,4,891.79,0.0,3567.16
LINE00010275,ORD0003427,2,PROD00408,2,879.43,0.0,1758.86
LINE00010276,ORD0003428,1,PROD00009,2,1196.47,0.0,2392.94
LINE00010277,ORD0003428,2,PROD00349,6,763.13,457.88,4120.9
LINE00010278,ORD0003428,3,PROD00098,5,1105.51,276.38,5251.17
LINE00010279,ORD0003428,4,PROD00214,2,988.11,395.24,1580.98
LINE00010280,ORD0003429,1,PROD00005,2,764.47,305.79,1223.15
LINE00010281,ORD0003430,1,PROD00040,3,173.18,25.98,493.56
LINE00010282,ORD0003430,2,PROD00180,5,452.11,0.0,2260.55
LINE00010283,ORD0003430,3,PROD00494,2,58.47,23.39,93.55
LINE00010284,ORD0003430,4,PROD00422,4,542.44,0.0,2169.76
LINE00010285,ORD0003430,5,PROD00194,1,618.94,0.0,618.94
LINE00010286,ORD0003431,1,PROD00402,3,379.29,227.57,910.3
LINE00010287,ORD0003431,2,PROD00136,4,982.48,392.99,3536.93
LINE00010288,ORD0003432,1,PROD00385,2,683.85,273.54,1094.16
LINE00010289,ORD0003432,2,PROD00187,4,351.56,0.0,1406.24
LINE00010290,ORD0003432,3,PROD00067,2,151.01,60.4,241.62
LINE00010291,ORD0003432,4,PROD00209,2,818.81,0.0,1637.62
LINE00010292,ORD0003432,5,PROD00289,6,720.48,864.58,3458.3
LINE00010293,ORD0003433,1,PROD00227,5,1001.37,0.0,5006.85
LINE00010294,ORD0003433,2,PROD00144,1,1077.72,0.0,1077.72
LINE00010295,ORD0003433,3,PROD00430,4,1198.83,0.0,4795.32
LINE00010296,ORD0003433,4,PROD00261,1,61.86,0.0,61.86
LINE00010297,ORD0003434,1,PROD00043,6,994.01,0.0,5964.06
LINE00010298,ORD0003434,2,PROD00464,1,192.5,9.62,182.88
LINE00010299,ORD0003435,1,PROD00174,4,776.65,0.0,3106.6
LINE00010300,ORD0003435,2,PROD00493,2,585.24,234.1,936.38
LINE00010301,ORD0003435,3,PROD00474,4,802.13,160.43,3048.09
LINE00010302,ORD0003435,4,PROD00478,4,823.73,658.98,2635.94
LINE00010303,ORD0003435,5,PROD00104,3,184.29,0.0,552.87
LINE00010304,ORD0003436,1,PROD00262,4,485.76,97.15,1845.89
LINE00010305,ORD0003436,2,PROD00115,5,887.39,0.0,4436.95
LINE00010306,ORD0003436,3,PROD00216,1,982.55,49.13,933.42
LINE00010307,ORD0003436,4,PROD00105,4,127.65,102.12,408.48
LINE00010308,ORD0003437,1,PROD00129,5,495.08,247.54,2227.86
LINE00010309,ORD0003437,2,PROD00390,2,244.88,0.0,489.76
LINE00010310,ORD0003437,3,PROD00400,6,516.9,620.28,2481.12
LINE00010311,ORD0003437,4,PROD00339,3,1002.65,0.0,3007.95
LINE00010312,ORD0003438,1,PROD00228,6,1005.85,0.0,6035.1
LINE00010313,ORD0003438,2,PROD00133,2,760.33,0.0,1520.66
LINE00010314,ORD0003438,3,PROD00051,5,994.95,994.95,3979.8
LINE00010315,ORD0003439,1,PROD00266,4,117.38,46.95,422.57
LINE00010316,ORD0003439,2,PROD00014,4,1001.86,0.0,4007.44
LINE00010317,ORD0003439,3,PROD00373,5,889.26,0.0,4446.3
LINE00010318,ORD0003439,4,PROD00076,5,522.68,522.68,2090.72
LINE00010319,ORD0003440,1,PROD00306,2,376.98,0.0,753.96
LINE00010320,ORD0003440,2,PROD00077,1,706.92,35.35,671.57
LINE00010321,ORD0003440,3,PROD00177,1,1067.92,213.58,854.34
LINE00010322,ORD0003440,4,PROD00173,4,288.26,230.61,922.43
LINE00010323,ORD0003440,5,PROD00366,2,451.68,90.34,813.02
LINE00010324,ORD0003441,1,PROD00067,5,441.94,220.97,1988.73
LINE00010325,ORD0003441,2,PROD00148,1,1089.75,217.95,871.8
LINE00010326,ORD0003441,3,PROD00257,1,176.21,0.0,176.21
LINE00010327,ORD0003441,4,PROD00411,1,303.96,60.79,243.17
LINE00010328,ORD0003441,5,PROD00025,3,744.23,446.54,1786.15
LINE00010329,ORD0003442,1,PROD00117,5,561.21,0.0,2806.05
LINE00010330,ORD0003442,2,PROD00344,2,133.82,0.0,267.64
LINE00010331,ORD0003442,3,PROD00398,3,1196.45,179.47,3409.88
LINE00010332,ORD0003442,4,PROD00197,6,665.62,399.37,3594.35
LINE00010333,ORD0003442,5,PROD00258,2,788.01,0.0,1576.02
LINE00010334,ORD0003443,1,PROD00295,2,501.64,0.0,1003.28
LINE00010335,ORD0003443,2,PROD00343,3,450.56,270.34,1081.34
LINE00010336,ORD0003443,3,PROD00042,3,1071.32,0.0,3213.96
LINE00010337,ORD0003443,4,PROD00085,6,938.0,281.4,5346.6
LINE00010338,ORD0003443,5,PROD00109,4,614.06,0.0,2456.24
LINE00010339,ORD0003444,1,PROD00365,6,1066.99,640.19,5761.75
LINE00010340,ORD0003444,2,PROD00402,6,561.08,673.3,2693.18
LINE00010341,ORD0003444,3,PROD00109,3,833.86,125.08,2376.5
LINE00010342,ORD0003444,4,PROD00308,4,323.74,0.0,1294.96
LINE00010343,ORD0003444,5,PROD00339,2,643.43,0.0,1286.86
LINE00010344,ORD0003445,1,PROD00009,1,673.03,0.0,673.03
LINE00010345,ORD0003446,1,PROD00451,6,202.43,0.0,1214.58
LINE00010346,ORD0003447,1,PROD00495,2,875.03,350.01,1400.05
LINE00010347,ORD0003448,1,PROD00335,1,536.66,26.83,509.83
LINE00010348,ORD0003449,1,PROD00069,4,474.03,0.0,1896.12
LINE00010349,ORD0003449,2,PROD00495,1,404.96,0.0,404.96
LINE00010350,ORD0003450,1,PROD00271,6,239.24,287.09,1148.35
LINE00010351,ORD0003450,2,PROD00182,2,129.34,51.74,206.94
LINE00010352,ORD0003450,3,PROD00093,2,674.57,0.0,1349.14
LINE00010353,ORD0003450,4,PROD00400,6,1063.14,0.0,6378.84
LINE00010354,ORD0003450,5,PROD00402,5,1128.5,0.0,5642.5
LINE00010355,ORD0003451,1,PROD00334,3,1166.44,349.93,3149.39
LINE00010356,ORD0003451,2,PROD00070,2,298.92,59.78,538.06
LINE00010357,ORD0003452,1,PROD00361,6,407.83,489.4,1957.58
LINE00010358,ORD0003452,2,PROD00417,6,1185.45,711.27,6401.43
LINE00010359,ORD0003452,3,PROD00365,4,575.9,115.18,2188.42
LINE00010360,ORD0003452,4,PROD00481,2,876.64,0.0,1753.28
LINE00010361,ORD0003452,5,PROD00296,2,1002.28,0.0,2004.56
LINE00010362,ORD0003453,1,PROD00001,5,815.45,203.86,3873.39
LINE00010363,ORD0003453,2,PROD00144,1,70.48,0.0,70.48
LINE00010364,ORD0003453,3,PROD00104,6,475.33,285.2,2566.78
LINE00010365,ORD0003453,4,PROD00156,3,1163.7,698.22,2792.88
LINE00010366,ORD0003453,5,PROD00234,1,774.74,0.0,774.74
LINE00010367,ORD0003454,1,PROD00410,3,194.72,116.83,467.33
LINE00010368,ORD0003454,2,PROD00104,6,1028.44,1234.13,4936.51
LINE00010369,ORD0003454,3,PROD00058,3,582.35,349.41,1397.64
LINE00010370,ORD0003454,4,PROD00025,5,126.99,0.0,634.95
LINE00010371,ORD0003455,1,PROD00028,2,720.63,288.25,1153.01
LINE00010372,ORD0003455,2,PROD00479,4,1001.47,0.0,4005.88
LINE00010373,ORD0003455,3,PROD00475,1,423.83,21.19,402.64
LINE00010374,ORD0003455,4,PROD00357,1,117.56,0.0,117.56
LINE00010375,ORD0003455,5,PROD00059,4,334.86,267.89,1071.55
LINE00010376,ORD0003456,1,PROD00328,5,1112.26,278.06,5283.24
LINE00010377,ORD0003456,2,PROD00137,4,1192.42,238.48,4531.2
LINE00010378,ORD0003457,1,PROD00163,3,720.1,432.06,1728.24
LINE00010379,ORD0003457,2,PROD00253,3,1084.65,162.7,3091.25
LINE00010380,ORD0003458,1,PROD00423,5,185.59,0.0,927.95
LINE00010381,ORD0003459,1,PROD00085,4,651.16,0.0,2604.64
LINE00010382,ORD0003459,2,PROD00352,1,879.02,0.0,879.02
LINE00010383,ORD0003459,3,PROD00398,2,418.82,83.76,753.88
LINE00010384,ORD0003460,1,PROD00066,4,488.54,390.83,1563.33
LINE00010385,ORD0003461,1,PROD00001,6,160.16,48.05,912.91
LINE00010386,ORD0003461,2,PROD00331,4,799.44,0.0,3197.76
LINE00010387,ORD0003461,3,PROD00076,4,1115.95,0.0,4463.8
LINE00010388,ORD0003461,4,PROD00111,6,105.08,0.0,630.48
LINE00010389,ORD0003461,5,PROD00079,4,1133.61,453.44,4081.0
LINE00010390,ORD0003462,1,PROD00025,1,322.06,32.21,289.85
LINE00010391,ORD0003462,2,PROD00263,2,201.24,40.25,362.23
LINE00010392,ORD0003462,3,PROD00383,2,866.92,0.0,1733.84
LINE00010393,ORD0003462,4,PROD00153,5,560.02,140.0,2660.1
LINE00010394,ORD0003462,5,PROD00431,3,151.87,0.0,455.61
LINE00010395,ORD0003463,1,PROD00133,1,339.51,33.95,305.56
LINE00010396,ORD0003463,2,PROD00489,2,857.18,171.44,1542.92
LINE00010397,ORD0003463,3,PROD00121,6,1012.54,607.52,5467.72
LINE00010398,ORD0003464,1,PROD00420,3,896.93,538.16,2152.63
LINE00010399,ORD0003464,2,PROD00336,1,101.83,10.18,91.65
LINE00010400,ORD0003465,1,PROD00131,4,894.04,0.0,3576.16
LINE00010401,ORD0003465,2,PROD00476,6,1054.39,1265.27,5061.07
LINE00010402,ORD0003466,1,PROD00424,2,628.78,125.76,1131.8
LINE00010403,ORD0003466,2,PROD00216,2,267.74,0.0,535.48
LINE00010404,ORD0003466,3,PROD00088,2,850.96,0.0,1701.92
LINE00010405,ORD0003467,1,PROD00247,1,94.52,0.0,94.52
LINE00010406,ORD0003468,1,PROD00254,1,1047.14,0.0,1047.14
LINE00010407,ORD0003469,1,PROD00196,6,1085.5,651.3,5861.7
LINE00010408,ORD0003469,2,PROD00366,2,976.77,0.0,1953.54
LINE00010409,ORD0003470,1,PROD00343,6,24.9,29.88,119.52
LINE00010410,ORD0003470,2,PROD00327,1,834.74,166.95,667.79
LINE00010411,ORD0003470,3,PROD00079,1,552.44,27.62,524.82
LINE00010412,ORD0003470,4,PROD00192,2,592.66,118.53,1066.79
LINE00010413,ORD0003470,5,PROD00088,3,514.32,0.0,1542.96
LINE00010414,ORD0003471,1,PROD00039,6,1044.73,0.0,6268.38
LINE00010415,ORD0003471,2,PROD00479,4,599.91,0.0,2399.64
LINE00010416,ORD0003472,1,PROD00387,1,188.17,0.0,188.17
LINE00010417,ORD0003472,2,PROD00207,2,1183.31,118.33,2248.29
LINE00010418,ORD0003473,1,PROD00464,2,889.58,88.96,1690.2
LINE00010419,ORD0003473,2,PROD00319,2,706.78,141.36,1272.2
LINE00010420,ORD0003474,1,PROD00267,5,297.29,0.0,1486.45
LINE00010421,ORD0003474,2,PROD00496,6,453.83,544.6,2178.38
LINE00010422,ORD0003474,3,PROD00200,4,328.49,0.0,1313.96
LINE00010423,ORD0003475,1,PROD00211,2,38.35,7.67,69.03
LINE00010424,ORD0003475,2,PROD00269,5,774.41,0.0,3872.05
LINE00010425,ORD0003475,3,PROD00246,2,284.77,0.0,569.54
LINE00010426,ORD0003475,4,PROD00222,4,597.44,0.0,2389.76
LINE00010427,ORD0003476,1,PROD00108,5,771.76,0.0,3858.8
LINE00010428,ORD0003476,2,PROD00203,3,844.89,0.0,2534.67
LINE00010429,ORD0003476,3,PROD00370,5,108.76,108.76,435.04
LINE00010430,ORD0003477,1,PROD00476,6,1013.49,304.05,5776.89
LINE00010431,ORD0003477,2,PROD00333,5,386.85,96.71,1837.54
LINE00010432,ORD0003477,3,PROD00260,5,61.3,15.33,291.17
LINE00010433,ORD0003478,1,PROD00436,4,909.94,363.98,3275.78
LINE00010434,ORD0003478,2,PROD00373,4,783.5,313.4,2820.6
LINE00010435,ORD0003478,3,PROD00248,3,1062.94,0.0,3188.82
LINE00010436,ORD0003478,4,PROD00108,3,469.66,70.45,1338.53
LINE00010437,ORD0003479,1,PROD00100,4,871.66,0.0,3486.64
LINE00010438,ORD0003479,2,PROD00395,5,665.39,0.0,3326.95
LINE00010439,ORD0003479,3,PROD00240,1,797.33,0.0,797.33
LINE00010440,ORD0003479,4,PROD00427,5,1123.07,561.53,5053.82
LINE00010441,ORD0003479,5,PROD00311,1,1125.44,0.0,1125.44
LINE00010442,ORD0003480,1,PROD00112,4,801.47,0.0,3205.88
LINE00010443,ORD0003480,2,PROD00456,3,514.67,0.0,1544.01
LINE00010444,ORD0003480,3,PROD00079,2,817.13,0.0,1634.26
LINE00010445,ORD0003481,1,PROD00045,3,449.29,134.79,1213.08
LINE00010446,ORD0003481,2,PROD00099,4,711.97,142.39,2705.49
LINE00010447,ORD0003481,3,PROD00060,2,801.18,0.0,1602.36
LINE00010448,ORD0003482,1,PROD00233,6,494.88,0.0,2969.28
LINE00010449,ORD0003482,2,PROD00239,1,784.3,0.0,784.3
LINE00010450,ORD0003482,3,PROD00450,3,1139.56,170.93,3247.75
LINE00010451,ORD0003483,1,PROD00095,5,1102.54,0.0,5512.7
LINE00010452,ORD0003484,1,PROD00065,3,766.62,114.99,2184.87
LINE00010453,ORD0003484,2,PROD00383,6,1182.37,0.0,7094.22
LINE00010454,ORD0003484,3,PROD00334,1,513.92,102.78,411.14
LINE00010455,ORD0003485,1,PROD00272,3,693.72,0.0,2081.16
LINE00010456,ORD0003485,2,PROD00118,5,746.45,373.23,3359.02
LINE00010457,ORD0003485,3,PROD00451,5,465.1,0.0,2325.5
LINE00010458,ORD0003485,4,PROD00058,5,246.51,246.51,986.04
LINE00010459,ORD0003486,1,PROD00431,2,1088.31,0.0,2176.62
LINE00010460,ORD0003486,2,PROD00153,1,657.52,0.0,657.52
LINE00010461,ORD0003486,3,PROD00500,5,1082.54,0.0,5412.7
LINE00010462,ORD0003486,4,PROD00225,4,130.13,52.05,468.47
LINE00010463,ORD0003486,5,PROD00130,5,704.81,0.0,3524.05
LINE00010464,ORD0003487,1,PROD00377,1,492.23,0.0,492.23
LINE00010465,ORD0003487,2,PROD00241,5,675.05,0.0,3375.25
LINE00010466,ORD0003487,3,PROD00335,6,710.76,0.0,4264.56
LINE00010467,ORD0003488,1,PROD00273,2,738.07,73.81,1402.33
LINE00010468,ORD0003488,2,PROD00402,2,928.32,371.33,1485.31
LINE00010469,ORD0003489,1,PROD00090,5,104.58,52.29,470.61
LINE00010470,ORD0003489,2,PROD00418,6,221.83,133.1,1197.88
LINE00010471,ORD0003489,3,PROD00300,2,874.05,349.62,1398.48
LINE00010472,ORD0003489,4,PROD00404,5,716.88,716.88,2867.52
LINE00010473,ORD0003489,5,PROD00181,1,896.03,89.6,806.43
LINE00010474,ORD0003490,1,PROD00349,2,198.72,19.87,377.57
LINE00010475,ORD0003490,2,PROD00191,4,571.11,0.0,2284.44
LINE00010476,ORD0003490,3,PROD00471,6,970.3,0.0,5821.8
LINE00010477,ORD0003491,1,PROD00397,1,1090.93,0.0,1090.93
LINE00010478,ORD0003491,2,PROD00196,6,757.56,454.54,4090.82
LINE00010479,ORD0003491,3,PROD00243,-3,372.72,-223.63,-894.53
LINE00010480,ORD0003491,4,PROD00363,4,492.6,0.0,1970.4
LINE00010481,ORD0003492,1,PROD00137,1,409.44,0.0,409.44
LINE00010482,ORD0003492,2,PROD00477,5,782.7,0.0,3913.5
LINE00010483,ORD0003492,3,PROD00040,4,305.57,0.0,1222.28
LINE00010484,ORD0003492,4,PROD00183,1,133.68,26.74,106.94
LINE00010485,ORD0003492,5,PROD00185,5,671.89,0.0,3359.45
LINE00010486,ORD0003493,1,PROD00070,3,404.54,60.68,1152.94
LINE00010487,ORD0003493,2,PROD00234,2,214.24,0.0,428.48
LINE00010488,ORD0003493,3,PROD00499,5,122.19,122.19,488.76
LINE00010489,ORD0003494,1,PROD00198,1,995.36,199.07,796.29
LINE00010490,ORD0003495,1,PROD00241,2,861.81,344.72,1378.9
LINE00010491,ORD0003495,2,PROD00008,1,490.58,24.53,466.05
LINE00010492,ORD0003495,3,PROD00395,2,722.16,72.22,1372.1
LINE00010493,ORD0003496,1,PROD00431,4,1109.48,0.0,4437.92
LINE00010494,ORD0003496,2,PROD00458,2,689.0,0.0,1378.0
LINE00010495,ORD0003497,1,PROD00384,6,349.58,209.75,1887.73
LINE00010496,ORD0003497,2,PROD00136,4,210.62,0.0,842.48
LINE00010497,ORD0003497,3,PROD00109,2,326.15,65.23,587.07
LINE00010498,ORD0003498,1,PROD00187,3,124.32,18.65,354.31
LINE00010499,ORD0003498,2,PROD00285,4,196.7,0.0,786.8
LINE00010500,ORD0003498,3,PROD00072,5,475.34,475.34,1901.36
LINE00010501,ORD0003498,4,PROD00145,6,497.28,298.37,2685.31
LINE00010502,ORD0003498,5,PROD00474,3,1185.4,0.0,3556.2
LINE00010503,ORD0003499,1,PROD00242,1,560.62,0.0,560.62
LINE00010504,ORD0003499,2,PROD00346,2,302.79,0.0,605.58
LINE00010505,ORD0003499,3,PROD00104,2,1195.84,0.0,2391.68
LINE00010506,ORD0003500,1,PROD00175,5,189.7,47.43,901.07
LINE00010507,ORD0003500,2,PROD00421,5,306.94,76.73,1457.97
LINE00010508,ORD0003500,3,PROD00247,6,954.01,0.0,5724.06
LINE00010509,ORD0003500,4,PROD00404,6,491.51,294.91,2654.15
LINE00010510,ORD0003500,5,PROD00458,2,635.22,0.0,1270.44
LINE00010511,ORD0003501,1,PROD00144,6,1165.34,699.2,6292.84
LINE00010512,ORD0003501,2,PROD00382,2,578.64,0.0,1157.28
LINE00010513,ORD0003502,1,PROD00033,5,766.31,383.15,3448.4
LINE00010514,ORD0003502,2,PROD00001,3,1189.56,356.87,3211.81
LINE00010515,ORD0003502,3,PROD00352,5,924.35,462.18,4159.57
LINE00010516,ORD0003503,1,PROD00197,3,591.72,355.03,1420.13
LINE00010517,ORD0003503,2,PROD00279,6,198.23,0.0,1189.38
LINE00010518,ORD0003503,3,PROD00278,4,161.28,64.51,580.61
LINE00010519,ORD0003503,4,PROD00437,4,232.74,186.19,744.77
LINE00010520,ORD0003503,5,PROD00429,5,181.55,0.0,907.75
LINE00010521,ORD0003504,1,PROD00115,5,1185.12,0.0,5925.6
LINE00010522,ORD0003504,2,PROD00411,4,434.48,347.58,1390.34
LINE00010523,ORD0003504,3,PROD00137,2,490.41,0.0,980.82
LINE00010524,ORD0003504,4,PROD00491,2,210.19,21.02,399.36
LINE00010525,ORD0003505,1,PROD00241,6,735.4,0.0,4412.4
LINE00010526,ORD0003505,2,PROD00079,4,616.96,493.57,1974.27
LINE00010527,ORD0003505,3,PROD00351,3,69.96,41.98,167.9
LINE00010528,ORD0003505,4,PROD00322,1,725.94,0.0,725.94
LINE00010529,ORD0003505,5,PROD00299,1,1184.96,0.0,1184.96
LINE00010530,ORD0003506,1,PROD00011,6,347.73,104.32,1982.06
LINE00010531,ORD0003506,2,PROD00421,2,311.91,62.38,561.44
LINE00010532,ORD0003506,3,PROD00404,5,731.5,0.0,3657.5
LINE00010533,ORD0003507,1,PROD00356,5,962.31,240.58,4570.97
LINE00010534,ORD0003508,1,PROD00085,5,1001.09,1001.09,4004.36
LINE00010535,ORD0003508,2,PROD00083,5,907.2,453.6,4082.4
LINE00010536,ORD0003508,3,PROD00318,1,548.37,0.0,548.37
LINE00010537,ORD0003509,1,PROD00496,3,735.39,220.62,1985.55
LINE00010538,ORD0003509,2,PROD00065,4,582.0,232.8,2095.2
LINE00010539,ORD0003509,3,PROD00057,6,121.01,0.0,726.06
LINE00010540,ORD0003510,1,PROD00096,4,85.14,17.03,323.53
LINE00010541,ORD0003510,2,PROD00031,6,1051.16,0.0,6306.96
LINE00010542,ORD0003510,3,PROD00095,1,21.15,2.11,19.04
LINE00010543,ORD0003510,4,PROD00069,4,136.01,0.0,544.04
LINE00010544,ORD0003510,5,PROD00298,6,744.15,0.0,4464.9
LINE00010545,ORD0003511,1,PROD00177,3,460.23,69.03,1311.66
LINE00010546,ORD0003511,2,PROD00015,1,1155.09,0.0,1155.09
LINE00010547,ORD0003511,3,PROD00364,3,487.28,0.0,1461.84
LINE00010548,ORD0003512,1,PROD00056,6,154.89,46.47,882.87
LINE00010549,ORD0003512,2,PROD00254,3,101.86,15.28,290.3
LINE00010550,ORD0003513,1,PROD00219,5,758.19,758.19,3032.76
LINE00010551,ORD0003513,2,PROD00203,6,371.09,0.0,2226.54
LINE00010552,ORD0003514,1,PROD00208,4,101.03,0.0,404.12
LINE00010553,ORD0003514,2,PROD00233,6,136.3,0.0,817.8
LINE00010554,ORD0003514,3,PROD00293,4,459.57,367.66,1470.62
LINE00010555,ORD0003514,4,PROD00042,4,702.55,281.02,2529.18
LINE00010556,ORD0003515,1,PROD00360,1,734.72,146.94,587.78
LINE00010557,ORD0003516,1,PROD00101,6,1079.83,647.9,5831.08
LINE00010558,ORD0003516,2,PROD00446,6,754.69,226.41,4301.73
LINE00010559,ORD0003516,3,PROD00079,6,233.7,0.0,1402.2
LINE00010560,ORD0003516,4,PROD00247,4,265.05,53.01,1007.19
LINE00010561,ORD0003516,5,PROD00366,3,119.57,0.0,358.71
LINE00010562,ORD0003517,1,PROD00233,3,6.09,0.0,18.27
LINE00010563,ORD0003517,2,PROD00423,3,890.7,0.0,2672.1
LINE00010564,ORD0003517,3,PROD00446,3,232.02,0.0,696.06
LINE00010565,ORD0003518,1,PROD00367,2,702.91,281.16,1124.66
LINE00010566,ORD0003518,2,PROD00477,1,1108.43,0.0,1108.43
LINE00010567,ORD0003518,3,PROD00163,6,255.38,306.46,1225.82
LINE00010568,ORD0003518,4,PROD00464,6,698.42,838.1,3352.42
LINE00010569,ORD0003519,1,PROD00171,4,130.29,0.0,521.16
LINE00010570,ORD0003520,1,PROD00446,3,728.53,109.28,2076.31
LINE00010571,ORD0003520,2,PROD00240,5,848.29,0.0,4241.45
LINE00010572,ORD0003520,3,PROD00309,1,8.64,1.73,6.91
LINE00010573,ORD0003521,1,PROD00312,2,1062.28,0.0,2124.56
LINE00010574,ORD0003521,2,PROD00233,3,388.53,0.0,1165.59
LINE00010575,ORD0003522,1,PROD00365,3,854.42,512.65,2050.61
LINE00010576,ORD0003522,2,PROD00086,3,548.34,0.0,1645.02
LINE00010577,ORD0003523,1,PROD00353,6,673.17,0.0,4039.02
LINE00010578,ORD0003523,2,PROD00158,6,711.3,0.0,4267.8
LINE00010579,ORD0003523,3,PROD00266,4,459.59,0.0,1838.36
LINE00010580,ORD0003523,4,PROD00301,5,796.04,398.02,3582.18
LINE00010581,ORD0003524,1,PROD00008,6,340.6,204.36,1839.24
LINE00010582,ORD0003524,2,PROD00411,2,1069.65,427.86,1711.44
LINE00010583,ORD0003525,1,PROD00148,6,911.61,546.97,4922.69
LINE00010584,ORD0003526,1,PROD00474,1,535.12,53.51,481.61
LINE00010585,ORD0003526,2,PROD00292,2,504.45,0.0,1008.9
LINE00010586,ORD0003526,3,PROD00321,5,264.23,264.23,1056.92
LINE00010587,ORD0003526,4,PROD00274,6,540.32,324.19,2917.73
LINE00010588,ORD0003527,1,PROD00356,3,674.39,404.63,1618.54
LINE00010589,ORD0003527,2,PROD00266,6,169.15,0.0,1014.9
LINE00010590,ORD0003527,3,PROD00233,5,706.57,176.64,3356.21
LINE00010591,ORD0003527,4,PROD00265,2,1064.4,0.0,2128.8
LINE00010592,ORD0003527,5,PROD00465,3,973.62,584.17,2336.69
LINE00010593,ORD0003528,1,PROD00128,6,107.07,32.12,610.3
LINE00010594,ORD0003528,2,PROD00029,3,906.02,271.81,2446.25
LINE00010595,ORD0003528,3,PROD00327,5,1014.46,0.0,5072.3
LINE00010596,ORD0003528,4,PROD00106,4,711.62,142.32,2704.16
LINE00010597,ORD0003528,5,PROD00329,2,777.27,0.0,1554.54
LINE00010598,ORD0003529,1,PROD00038,2,736.68,0.0,1473.36
LINE00010599,ORD0003529,2,PROD00364,5,468.42,0.0,2342.1
LINE00010600,ORD0003529,3,PROD00461,2,640.36,256.14,1024.58
LINE00010601,ORD0003529,4,PROD00026,1,116.06,11.61,104.45
LINE00010602,ORD0003529,5,PROD00370,6,823.34,0.0,4940.04
LINE00010603,ORD0003530,1,PROD00105,6,474.8,0.0,2848.8
LINE00010604,ORD0003530,2,PROD00208,1,468.43,23.42,445.01
LINE00010605,ORD0003530,3,PROD00410,6,406.85,0.0,2441.1
LINE00010606,ORD0003530,4,PROD00477,4,410.85,164.34,1479.06
LINE00010607,ORD0003530,5,PROD00103,3,848.44,0.0,2545.32
LINE00010608,ORD0003531,1,PROD00316,6,1001.69,0.0,6010.14
LINE00010609,ORD0003531,2,PROD00457,1,21.67,1.08,20.59
LINE00010610,ORD0003531,3,PROD00071,4,294.25,235.4,941.6
LINE00010611,ORD0003531,4,PROD00443,2,443.58,0.0,887.16
LINE00010612,ORD0003531,5,PROD00484,4,10.68,0.0,42.72
LINE00010613,ORD0003532,1,PROD00253,2,1034.94,413.98,1655.9
LINE00010614,ORD0003532,2,PROD00181,5,753.69,0.0,3768.45
LINE00010615,ORD0003533,1,PROD00426,3,969.59,581.75,2327.02
LINE00010616,ORD0003534,1,PROD00068,3,204.08,0.0,612.24
LINE00010617,ORD0003534,2,PROD00405,3,757.85,454.71,1818.84
LINE00010618,ORD0003534,3,PROD00199,5,663.41,663.41,2653.64
LINE00010619,ORD0003534,4,PROD00160,4,1103.81,883.05,3532.19
LINE00010620,ORD0003534,5,PROD00351,2,174.05,0.0,348.1
LINE00010621,ORD0003535,1,PROD00403,3,1194.44,0.0,3583.32
LINE00010622,ORD0003535,2,PROD00453,4,566.28,0.0,2265.12
LINE00010623,ORD0003535,3,PROD00304,1,282.36,56.47,225.89
LINE00010624,ORD0003535,4,PROD00490,6,293.19,87.96,1671.18
LINE00010625,ORD0003535,5,PROD00242,2,186.61,37.32,335.9
LINE00010626,ORD0003536,1,PROD00465,5,970.6,970.6,3882.4
LINE00010627,ORD0003536,2,PROD00342,3,79.42,0.0,238.26
LINE00010628,ORD0003537,1,PROD00277,4,1010.63,0.0,4042.52
LINE00010629,ORD0003537,2,PROD00384,1,349.7,17.48,332.22
LINE00010630,ORD0003538,1,PROD00453,3,399.26,0.0,1197.78
LINE00010631,ORD0003538,2,PROD00477,4,782.17,156.43,2972.25
LINE00010632,ORD0003539,1,PROD00146,6,1013.34,0.0,6080.04
LINE00010633,ORD0003539,2,PROD00302,1,975.13,48.76,926.37
LINE00010634,ORD0003539,3,PROD00425,1,294.08,58.82,235.26
LINE00010635,ORD0003539,4,PROD00172,4,1140.83,0.0,4563.32
LINE00010636,ORD0003540,1,PROD00421,6,136.68,0.0,820.08
LINE00010637,ORD0003540,2,PROD00347,2,1036.17,414.47,1657.87
LINE00010638,ORD0003540,3,PROD00468,2,1049.4,0.0,2098.8
LINE00010639,ORD0003540,4,PROD00324,4,1104.3,0.0,4417.2
LINE00010640,ORD0003541,1,PROD00378,4,672.26,0.0,2689.04
LINE00010641,ORD0003541,2,PROD00195,1,913.06,182.61,730.45
LINE00010642,ORD0003541,3,PROD00411,5,347.69,0.0,1738.45
LINE00010643,ORD0003542,1,PROD00396,3,393.31,0.0,1179.93
LINE00010644,ORD0003542,2,PROD00002,1,238.43,0.0,238.43
LINE00010645,ORD0003542,3,PROD00105,3,590.08,354.05,1416.19
LINE00010646,ORD0003542,4,PROD00421,4,131.35,105.08,420.32
LINE00010647,ORD0003543,1,PROD00017,3,53.31,31.99,127.94
LINE00010648,ORD0003543,2,PROD00428,4,138.45,27.69,526.11
LINE00010649,ORD0003543,3,PROD00319,4,598.08,0.0,2392.32
LINE00010650,ORD0003543,4,PROD00130,1,73.89,3.69,70.2
LINE00010651,ORD0003543,5,PROD00073,6,471.24,282.74,2544.7
LINE00010652,ORD0003544,1,PROD00346,2,1144.65,0.0,2289.3
LINE00010653,ORD0003544,2,PROD00464,5,206.02,0.0,1030.1
LINE00010654,ORD0003544,3,PROD00172,4,426.65,85.33,1621.27
LINE00010655,ORD0003544,4,PROD00328,3,211.67,0.0,635.01
LINE00010656,ORD0003544,5,PROD00221,6,994.96,298.49,5671.27
LINE00010657,ORD0003545,1,PROD00021,2,251.43,100.57,402.29
LINE00010658,ORD0003545,2,PROD00098,2,1152.57,230.51,2074.63
LINE00010659,ORD0003545,3,PROD00412,1,663.6,66.36,597.24
LINE00010660,ORD0003545,4,PROD00499,3,906.42,543.85,2175.41
LINE00010661,ORD0003546,1,PROD00379,1,486.32,48.63,437.69
LINE00010662,ORD0003547,1,PROD00395,4,776.76,0.0,3107.04
LINE00010663,ORD0003547,2,PROD00142,1,523.65,52.37,471.28
LINE00010664,ORD0003547,3,PROD00228,2,28.05,0.0,56.1
LINE00010665,ORD0003547,4,PROD00114,5,89.67,89.67,358.68
LINE00010666,ORD0003547,5,PROD00156,2,392.95,0.0,785.9
LINE00010667,ORD0003548,1,PROD00256,3,1191.42,0.0,3574.26
LINE00010668,ORD0003548,2,PROD00489,2,515.06,0.0,1030.12
LINE00010669,ORD0003548,3,PROD00459,1,423.71,84.74,338.97
LINE00010670,ORD0003548,4,PROD00336,6,402.54,120.76,2294.48
LINE00010671,ORD0003548,5,PROD00476,1,698.07,0.0,698.07
LINE00010672,ORD0003549,1,PROD00433,1,222.04,22.2,199.84
LINE00010673,ORD0003550,1,PROD00474,3,141.15,0.0,423.45
LINE00010674,ORD0003550,2,PROD00467,6,425.92,0.0,2555.52
LINE00010675,ORD0003550,3,PROD00034,2,1025.8,102.58,1949.02
LINE00010676,ORD0003551,1,PROD00280,5,37.43,37.43,149.72
LINE00010677,ORD0003551,2,PROD00123,2,85.29,0.0,170.58
LINE00010678,ORD0003551,3,PROD00351,3,679.2,0.0,2037.6
LINE00010679,ORD0003551,4,PROD00369,6,781.33,234.4,4453.58
LINE00010680,ORD0003551,5,PROD00189,2,497.61,99.52,895.7
LINE00010681,ORD0003552,1,PROD00455,5,789.88,0.0,3949.4
LINE00010682,ORD0003553,1,PROD00171,2,1128.89,0.0,2257.78
LINE00010683,ORD0003553,2,PROD00135,5,392.4,98.1,1863.9
LINE00010684,ORD0003554,1,PROD00269,3,620.76,0.0,1862.28
LINE00010685,ORD0003554,2,PROD00204,2,909.16,90.92,1727.4
LINE00010686,ORD0003554,3,PROD00337,6,347.66,0.0,2085.96
LINE00010687,ORD0003554,4,PROD00289,2,492.31,0.0,984.62
LINE00010688,ORD0003554,5,PROD00154,1,1002.96,0.0,1002.96
LINE00010689,ORD0003555,1,PROD00433,2,33.8,6.76,60.84
LINE00010690,ORD0003555,2,PROD00187,1,744.94,0.0,744.94
LINE00010691,ORD0003555,3,PROD00274,4,277.32,221.86,887.42
LINE00010692,ORD0003555,4,PROD00208,2,147.38,0.0,294.76
LINE00010693,ORD0003556,1,PROD00119,6,1157.63,1389.16,5556.62
LINE00010694,ORD0003556,2,PROD00215,2,1138.0,0.0,2276.0
LINE00010695,ORD0003556,3,PROD00211,4,401.57,0.0,1606.28
LINE00010696,ORD0003556,4,PROD00383,6,567.74,0.0,3406.44
LINE00010697,ORD0003557,1,PROD00125,2,356.99,0.0,713.98
LINE00010698,ORD0003557,2,PROD00072,3,481.18,0.0,1443.54
LINE00010699,ORD0003557,3,PROD00125,4,583.17,0.0,2332.68
LINE00010700,ORD0003558,1,PROD00403,6,380.51,114.15,2168.91
LINE00010701,ORD0003558,2,PROD00461,6,329.33,0.0,1975.98
LINE00010702,ORD0003558,3,PROD00247,3,695.76,0.0,2087.28
LINE00010703,ORD0003559,1,PROD00404,1,58.41,5.84,52.57
LINE00010704,ORD0003560,1,PROD00232,4,681.41,272.56,2453.08
LINE00010705,ORD0003560,2,PROD00020,5,820.96,410.48,3694.32
LINE00010706,ORD0003561,1,PROD00210,1,796.66,79.67,716.99
LINE00010707,ORD0003561,2,PROD00281,3,516.66,0.0,1549.98
LINE00010708,ORD0003561,3,PROD00154,3,1014.7,608.82,2435.28
LINE00010709,ORD0003562,1,PROD00061,5,72.63,0.0,363.15
LINE00010710,ORD0003562,2,PROD00124,6,172.34,206.81,827.23
LINE00010711,ORD0003562,3,PROD00176,5,1093.43,0.0,5467.15
LINE00010712,ORD0003562,4,PROD00452,2,228.3,0.0,456.6
LINE00010713,ORD0003562,5,PROD00410,3,856.4,256.92,2312.28
LINE00010714,ORD0003563,1,PROD00407,2,992.01,0.0,1984.02
LINE00010715,ORD0003563,2,PROD00067,3,5.49,3.29,13.18
LINE00010716,ORD0003563,3,PROD00422,3,1142.53,685.52,2742.07
LINE00010717,ORD0003563,4,PROD00462,1,1196.35,59.82,1136.53
LINE00010718,ORD0003564,1,PROD00141,5,1130.06,565.03,5085.27
LINE00010719,ORD0003565,1,PROD00384,2,604.93,0.0,1209.86
LINE00010720,ORD0003565,2,PROD00258,1,398.39,0.0,398.39
LINE00010721,ORD0003565,3,PROD00343,5,496.44,0.0,2482.2
LINE00010722,ORD0003566,1,PROD00096,3,212.62,0.0,637.86
LINE00010723,ORD0003567,1,PROD00411,6,390.94,0.0,2345.64
LINE00010724,ORD0003567,2,PROD00422,5,830.97,0.0,4154.85
LINE00010725,ORD0003567,3,PROD00213,5,804.68,0.0,4023.4
LINE00010726,ORD0003567,4,PROD00435,4,1041.13,832.9,3331.62
LINE00010727,ORD0003568,1,PROD00081,6,264.59,0.0,1587.54
LINE00010728,ORD0003568,2,PROD00012,2,968.49,387.4,1549.58
LINE00010729,ORD0003568,3,PROD00490,2,177.62,0.0,355.24
LINE00010730,ORD0003569,1,PROD00064,4,575.87,460.7,1842.78
LINE00010731,ORD0003569,2,PROD00379,4,756.71,605.37,2421.47
LINE00010732,ORD0003569,3,PROD00417,2,849.56,0.0,1699.12
LINE00010733,ORD0003569,4,PROD00498,4,444.91,0.0,1779.64
LINE00010734,ORD0003570,1,PROD00107,3,98.44,14.77,280.55
LINE00010735,ORD0003571,1,PROD00234,6,1020.11,306.03,5814.63
LINE00010736,ORD0003571,2,PROD00195,4,620.86,0.0,2483.44
LINE00010737,ORD0003571,3,PROD00266,3,698.27,209.48,1885.33
LINE00010738,ORD0003572,1,PROD00018,2,457.88,0.0,915.76
LINE00010739,ORD0003572,2,PROD00345,1,575.68,0.0,575.68
LINE00010740,ORD0003572,3,PROD00096,1,94.17,0.0,94.17
LINE00010741,ORD0003573,1,PROD00036,1,893.45,89.35,804.1
LINE00010742,ORD0003573,2,PROD00231,5,278.64,278.64,1114.56
LINE00010743,ORD0003574,1,PROD00441,4,77.05,61.64,246.56
LINE00010744,ORD0003574,2,PROD00407,2,866.49,86.65,1646.33
LINE00010745,ORD0003575,1,PROD00002,1,546.39,54.64,491.75
LINE00010746,ORD0003575,2,PROD00125,2,301.12,30.11,572.13
LINE00010747,ORD0003576,1,PROD00297,4,963.3,192.66,3660.54
LINE00010748,ORD0003576,2,PROD00371,5,515.84,0.0,2579.2
LINE00010749,ORD0003576,3,PROD00019,4,663.7,530.96,2123.84
LINE00010750,ORD0003576,4,PROD00375,1,126.63,6.33,120.3
LINE00010751,ORD0003576,5,PROD00367,3,402.75,120.83,1087.42
LINE00010752,ORD0003577,1,PROD00319,2,162.6,0.0,325.2
LINE00010753,ORD0003577,2,PROD00079,4,1030.26,0.0,4121.04
LINE00010754,ORD0003577,3,PROD00040,5,1186.05,0.0,5930.25
LINE00010755,ORD0003577,4,PROD00015,4,1130.42,0.0,4521.68
LINE00010756,ORD0003577,5,PROD00294,2,425.13,170.05,680.21
LINE00010757,ORD0003578,1,PROD00038,1,662.61,66.26,596.35
LINE00010758,ORD0003579,1,PROD00026,2,1134.64,453.86,1815.42
LINE00010759,ORD0003580,1,PROD00457,1,1194.51,0.0,1194.51
LINE00010760,ORD0003580,2,PROD00350,2,668.04,0.0,1336.08
LINE00010761,ORD0003580,3,PROD00147,6,15.67,0.0,94.02
LINE00010762,ORD0003581,1,PROD00182,6,686.16,411.7,3705.26
LINE00010763,ORD0003581,2,PROD00355,6,397.16,0.0,2382.96
LINE00010764,ORD0003581,3,PROD00173,4,837.07,167.41,3180.87
LINE00010765,ORD0003581,4,PROD00459,3,1063.41,0.0,3190.23
LINE00010766,ORD0003582,1,PROD00396,1,1005.7,201.14,804.56
LINE00010767,ORD0003582,2,PROD00455,1,658.54,0.0,658.54
LINE00010768,ORD0003583,1,PROD00268,3,358.04,0.0,1074.12
LINE00010769,ORD0003583,2,PROD00248,4,287.01,114.8,1033.24
LINE00010770,ORD0003583,3,PROD00304,1,617.56,0.0,617.56
LINE00010771,ORD0003583,4,PROD00202,3,1199.66,0.0,3598.98
LINE00010772,ORD0003583,5,PROD00360,6,35.68,21.41,192.67
LINE00010773,ORD0003584,1,PROD00257,1,1169.66,116.97,1052.69
LINE00010774,ORD0003585,1,PROD00245,3,215.33,129.2,516.79
LINE00010775,ORD0003585,2,PROD00361,4,109.77,87.82,351.26
LINE00010776,ORD0003585,3,PROD00005,5,850.81,425.4,3828.65
LINE00010777,ORD0003586,1,PROD00470,3,1042.59,0.0,3127.77
LINE00010778,ORD0003586,2,PROD00041,4,323.71,0.0,1294.84
LINE00010779,ORD0003587,1,PROD00112,3,155.9,0.0,467.7
LINE00010780,ORD0003587,2,PROD00263,3,867.18,0.0,2601.54
LINE00010781,ORD0003587,3,PROD00279,1,1056.4,0.0,1056.4
LINE00010782,ORD0003587,4,PROD00204,3,282.6,169.56,678.24
LINE00010783,ORD0003587,5,PROD00188,5,241.44,120.72,1086.48
LINE00010784,ORD0003588,1,PROD00326,2,1172.7,234.54,2110.86
LINE00010785,ORD0003588,2,PROD00468,2,338.56,0.0,677.12
LINE00010786,ORD0003588,3,PROD00228,4,161.82,32.36,614.92
LINE00010787,ORD0003588,4,PROD00283,2,26.16,0.0,52.32
LINE00010788,ORD0003588,5,PROD00196,3,439.01,263.41,1053.62
LINE00010789,ORD0003589,1,PROD00277,6,707.21,0.0,4243.26
LINE00010790,ORD0003590,1,PROD00083,4,285.2,0.0,1140.8
LINE00010791,ORD0003591,1,PROD00241,5,571.21,285.61,2570.44
LINE00010792,ORD0003591,2,PROD00176,4,199.03,0.0,796.12
LINE00010793,ORD0003591,3,PROD00080,6,920.04,276.01,5244.23
LINE00010794,ORD0003592,1,PROD00257,5,1101.19,275.3,5230.65
LINE00010795,ORD0003592,2,PROD00311,2,1122.14,224.43,2019.85
LINE00010796,ORD0003593,1,PROD00166,5,169.33,0.0,846.65
LINE00010797,ORD0003594,1,PROD00088,2,859.3,85.93,1632.67
LINE00010798,ORD0003594,2,PROD00484,3,928.67,0.0,2786.01
LINE00010799,ORD0003594,3,PROD00365,1,733.04,146.61,586.43
LINE00010800,ORD0003595,1,PROD00330,5,1091.87,1091.87,4367.48
LINE00010801,ORD0003595,2,PROD00276,6,730.49,0.0,4382.94
LINE00010802,ORD0003595,3,PROD00248,1,602.11,0.0,602.11
LINE00010803,ORD0003595,4,PROD00036,6,797.56,239.27,4546.09
LINE00010804,ORD0003595,5,PROD00272,5,630.86,0.0,3154.3
LINE00010805,ORD0003596,1,PROD00085,5,851.61,851.61,3406.44
LINE00010806,ORD0003596,2,PROD00358,2,1155.08,231.02,2079.14
LINE00010807,ORD0003596,3,PROD00496,2,437.18,0.0,874.36
LINE00010808,ORD0003597,1,PROD00170,3,710.54,106.58,2025.04
LINE00010809,ORD0003597,2,PROD00375,3,233.83,70.15,631.34
LINE00010810,ORD0003597,3,PROD00314,4,557.61,0.0,2230.44
LINE00010811,ORD0003598,1,PROD00324,2,610.54,0.0,1221.08
LINE00010812,ORD0003598,2,PROD00391,5,118.79,0.0,593.95
LINE00010813,ORD0003598,3,PROD00054,2,967.44,0.0,1934.88
LINE00010814,ORD0003598,4,PROD00416,1,136.56,0.0,136.56
LINE00010815,ORD0003599,1,PROD00263,2,1018.22,407.29,1629.15
LINE00010816,ORD0003600,1,PROD00213,3,772.49,0.0,2317.47
LINE00010817,ORD0003601,1,PROD00473,3,596.97,358.18,1432.73
LINE00010818,ORD0003601,2,PROD00017,3,300.76,0.0,902.28
LINE00010819,ORD0003602,1,PROD00016,6,1180.77,708.46,6376.16
LINE00010820,ORD0003602,2,PROD00428,2,1072.73,107.27,2038.19
LINE00010821,ORD0003602,3,PROD00145,4,215.63,43.13,819.39
LINE00010822,ORD0003603,1,PROD00379,4,160.92,128.74,514.94
LINE00010823,ORD0003603,2,PROD00133,2,571.39,228.56,914.22
LINE00010824,ORD0003603,3,PROD00242,2,689.34,0.0,1378.68
LINE00010825,ORD0003604,1,PROD00423,2,675.38,270.15,1080.61
LINE00010826,ORD0003604,2,PROD00486,4,394.7,157.88,1420.92
LINE00010827,ORD0003605,1,PROD00424,6,846.96,0.0,5081.76
LINE00010828,ORD0003605,2,PROD00481,6,960.47,1152.56,4610.26
LINE00010829,ORD0003605,3,PROD00005,6,614.63,184.39,3503.39
LINE00010830,ORD0003605,4,PROD00178,3,636.77,191.03,1719.28
LINE00010831,ORD0003605,5,PROD00255,5,242.82,121.41,1092.69
LINE00010832,ORD0003606,1,PROD00054,4,185.64,37.13,705.43
LINE00010833,ORD0003606,2,PROD00465,5,1020.5,255.12,4847.38
LINE00010834,ORD0003606,3,PROD00038,5,1111.09,1111.09,4444.36
LINE00010835,ORD0003606,4,PROD00360,6,482.32,144.7,2749.22
LINE00010836,ORD0003606,5,PROD00487,4,1052.91,0.0,4211.64
LINE00010837,ORD0003607,1,PROD00406,1,621.31,124.26,497.05
LINE00010838,ORD0003608,1,PROD00336,4,204.59,40.92,777.44
LINE00010839,ORD0003608,2,PROD00320,3,689.76,0.0,2069.28
LINE00010840,ORD0003608,3,PROD00208,4,894.1,0.0,3576.4
LINE00010841,ORD0003608,4,PROD00396,6,144.81,0.0,868.86
LINE00010842,ORD0003609,1,PROD00221,2,841.35,84.14,1598.56
LINE00010843,ORD0003610,1,PROD00058,1,710.16,0.0,710.16
LINE00010844,ORD0003610,2,PROD00116,6,933.54,280.06,5321.18
LINE00010845,ORD0003611,1,PROD00465,3,433.51,0.0,1300.53
LINE00010846,ORD0003612,1,PROD00340,5,124.5,0.0,622.5
LINE00010847,ORD0003613,1,PROD00149,6,586.92,176.08,3345.44
LINE00010848,ORD0003613,2,PROD00195,4,1017.0,203.4,3864.6
LINE00010849,ORD0003614,1,PROD00274,3,179.3,53.79,484.11
LINE00010850,ORD0003614,2,PROD00177,4,456.44,0.0,1825.76
LINE00010851,ORD0003614,3,PROD00101,1,530.13,26.51,503.62
LINE00010852,ORD0003615,1,PROD00138,5,1178.25,0.0,5891.25
LINE00010853,ORD0003616,1,PROD00001,1,36.09,7.22,28.87
LINE00010854,ORD0003616,2,PROD00047,5,882.72,882.72,3530.88
LINE00010855,ORD0003617,1,PROD00108,4,348.71,0.0,1394.84
LINE00010856,ORD0003617,2,PROD00116,4,840.44,336.18,3025.58
LINE00010857,ORD0003617,3,PROD00263,3,242.31,0.0,726.93
LINE00010858,ORD0003617,4,PROD00267,2,358.47,35.85,681.09
LINE00010859,ORD0003618,1,PROD00334,5,1168.35,584.18,5257.57
LINE00010860,ORD0003618,2,PROD00375,2,832.09,166.42,1497.76
LINE00010861,ORD0003618,3,PROD00473,1,819.84,0.0,819.84
LINE00010862,ORD0003619,1,PROD00140,3,483.99,290.39,1161.58
LINE00010863,ORD0003619,2,PROD00096,4,1199.76,0.0,4799.04
LINE00010864,ORD0003620,1,PROD00030,6,580.13,174.04,3306.74
LINE00010865,ORD0003621,1,PROD00280,3,1068.49,0.0,3205.47
LINE00010866,ORD0003621,2,PROD00421,6,290.94,87.28,1658.36
LINE00010867,ORD0003622,1,PROD00052,4,930.19,372.08,3348.68
LINE00010868,ORD0003622,2,PROD00339,1,719.47,0.0,719.47
LINE00010869,ORD0003622,3,PROD00288,2,1021.86,0.0,2043.72
LINE00010870,ORD0003622,4,PROD00260,5,476.33,0.0,2381.65
LINE00010871,ORD0003622,5,PROD00187,6,198.34,238.01,952.03
LINE00010872,ORD0003623,1,PROD00054,4,846.2,338.48,3046.32
LINE00010873,ORD0003624,1,PROD00404,3,441.97,132.59,1193.32
LINE00010874,ORD0003624,2,PROD00153,2,431.74,172.7,690.78
LINE00010875,ORD0003624,3,PROD00372,4,16.33,6.53,58.79
LINE00010876,ORD0003625,1,PROD00071,1,1056.74,0.0,1056.74
LINE00010877,ORD0003626,1,PROD00252,6,497.36,0.0,2984.16
LINE00010878,ORD0003626,2,PROD00094,4,382.89,0.0,1531.56
LINE00010879,ORD0003627,1,PROD00076,3,1001.5,0.0,3004.5
LINE00010880,ORD0003627,2,PROD00366,3,953.02,0.0,2859.06
LINE00010881,ORD0003627,3,PROD00468,4,642.9,257.16,2314.44
LINE00010882,ORD0003628,1,PROD00099,6,324.98,0.0,1949.88
LINE00010883,ORD0003628,2,PROD00406,1,147.15,0.0,147.15
LINE00010884,ORD0003628,3,PROD00356,5,1126.9,563.45,5071.05
LINE00010885,ORD0003628,4,PROD00393,2,848.52,0.0,1697.04
LINE00010886,ORD0003629,1,PROD00308,4,78.99,0.0,315.96
LINE00010887,ORD0003629,2,PROD00004,3,1009.5,0.0,3028.5
LINE00010888,ORD0003629,3,PROD00193,4,300.16,0.0,1200.64
LINE00010889,ORD0003629,4,PROD00383,1,748.94,0.0,748.94
LINE00010890,ORD0003630,1,PROD00354,6,983.06,0.0,5898.36
LINE00010891,ORD0003631,1,PROD00101,5,231.28,231.28,925.12
LINE00010892,ORD0003631,2,PROD00217,5,525.98,525.98,2103.92
LINE00010893,ORD0003631,3,PROD00073,3,844.18,0.0,2532.54
LINE00010894,ORD0003632,1,PROD00140,1,161.99,16.2,145.79
LINE00010895,ORD0003632,2,PROD00254,1,586.45,29.32,557.13
LINE00010896,ORD0003632,3,PROD00017,2,845.19,169.04,1521.34
LINE00010897,ORD0003632,4,PROD00230,3,688.39,0.0,2065.17
LINE00010898,ORD0003632,5,PROD00157,5,1071.11,0.0,5355.55
LINE00010899,ORD0003633,1,PROD00468,2,484.91,0.0,969.82
LINE00010900,ORD0003633,2,PROD00437,4,7.2,1.44,27.36
LINE00010901,ORD0003634,1,PROD00186,1,1185.36,0.0,1185.36
LINE00010902,ORD0003634,2,PROD00443,5,977.13,244.28,4641.37
LINE00010903,ORD0003635,1,PROD00345,5,1118.32,0.0,5591.6
LINE00010904,ORD0003635,2,PROD00379,3,72.45,0.0,217.35
LINE00010905,ORD0003635,3,PROD00372,5,758.4,0.0,3792.0
LINE00010906,ORD0003635,4,PROD00056,4,1157.84,0.0,4631.36
LINE00010907,ORD0003636,1,PROD00117,3,1108.31,0.0,3324.93
LINE00010908,ORD0003636,2,PROD00237,5,1089.89,272.47,5176.98
LINE00010909,ORD0003636,3,PROD00231,5,630.0,315.0,2835.0
LINE00010910,ORD0003636,4,PROD00107,6,495.43,0.0,2972.58
LINE00010911,ORD0003637,1,PROD00142,1,845.12,0.0,845.12
LINE00010912,ORD0003637,2,PROD00010,4,811.1,162.22,3082.18
LINE00010913,ORD0003638,1,PROD00115,1,29.77,2.98,26.79
LINE00010914,ORD0003638,2,PROD00093,6,566.62,0.0,3399.72
LINE00010915,ORD0003638,3,PROD00038,3,151.81,91.09,364.34
LINE00010916,ORD0003638,4,PROD00375,5,649.11,0.0,3245.55
LINE00010917,ORD0003638,5,PROD00161,1,931.64,0.0,931.64
LINE00010918,ORD0003639,1,PROD00097,4,939.87,0.0,3759.48
LINE00010919,ORD0003640,1,PROD00123,2,856.86,342.74,1370.98
LINE00010920,ORD0003640,2,PROD00394,3,10.73,0.0,32.19
LINE00010921,ORD0003640,3,PROD00377,1,520.92,104.18,416.74
LINE00010922,ORD0003640,4,PROD00344,6,188.11,0.0,1128.66
LINE00010923,ORD0003641,1,PROD00054,2,1101.75,220.35,1983.15
LINE00010924,ORD0003641,2,PROD00397,3,502.08,75.31,1430.93
LINE00010925,ORD0003641,3,PROD00153,4,455.87,0.0,1823.48
LINE00010926,ORD0003641,4,PROD00204,5,634.07,317.04,2853.31
LINE00010927,ORD0003641,5,PROD00435,3,1172.49,351.75,3165.72
LINE00010928,ORD0003642,1,PROD00489,5,828.48,828.48,3313.92
LINE00010929,ORD0003642,2,PROD00362,5,818.02,204.5,3885.6
LINE00010930,ORD0003642,3,PROD00291,2,610.16,0.0,1220.32
LINE00010931,ORD0003642,4,PROD00440,3,453.83,68.07,1293.42
LINE00010932,ORD0003643,1,PROD00140,6,45.99,0.0,275.94
LINE00010933,ORD0003643,2,PROD00459,5,118.6,0.0,593.0
LINE00010934,ORD0003643,3,PROD00084,3,493.17,0.0,1479.51
LINE00010935,ORD0003643,4,PROD00393,3,722.97,108.45,2060.46
LINE00010936,ORD0003644,1,PROD00484,1,523.78,0.0,523.78
LINE00010937,ORD0003644,2,PROD00281,1,101.47,0.0,101.47
LINE00010938,ORD0003644,3,PROD00359,5,73.67,36.84,331.51
LINE00010939,ORD0003644,4,PROD00013,1,142.76,0.0,142.76
LINE00010940,ORD0003644,5,PROD00248,6,225.36,135.22,1216.94
LINE00010941,ORD0003645,1,PROD00331,2,1105.8,0.0,2211.6
LINE00010942,ORD0003645,2,PROD00494,1,960.23,192.05,768.18
LINE00010943,ORD0003645,3,PROD00158,6,529.47,0.0,3176.82
LINE00010944,ORD0003645,4,PROD00246,4,1047.04,837.63,3350.53
LINE00010945,ORD0003645,5,PROD00392,6,1016.42,0.0,6098.52
LINE00010946,ORD0003646,1,PROD00411,2,615.69,123.14,1108.24
LINE00010947,ORD0003647,1,PROD00063,6,302.17,0.0,1813.02
LINE00010948,ORD0003648,1,PROD00178,4,881.46,0.0,3525.84
LINE00010949,ORD0003648,2,PROD00445,2,834.35,0.0,1668.7
LINE00010950,ORD0003648,3,PROD00100,2,860.94,86.09,1635.79
LINE00010951,ORD0003649,1,PROD00496,2,1090.24,0.0,2180.48
LINE00010952,ORD0003649,2,PROD00179,4,1173.72,938.98,3755.9
LINE00010953,ORD0003650,1,PROD00375,4,1138.04,227.61,4324.55
LINE00010954,ORD0003651,1,PROD00330,1,323.98,32.4,291.58
LINE00010955,ORD0003651,2,PROD00398,5,328.99,0.0,1644.95
LINE00010956,ORD0003651,3,PROD00444,4,324.16,129.66,1166.98
LINE00010957,ORD0003651,4,PROD00027,5,529.4,132.35,2514.65
LINE00010958,ORD0003651,5,PROD00074,3,887.92,0.0,2663.76
LINE00010959,ORD0003652,1,PROD00213,5,926.19,231.55,4399.4
LINE00010960,ORD0003652,2,PROD00213,4,718.58,0.0,2874.32
LINE00010961,ORD0003652,3,PROD00354,5,1113.26,278.31,5287.99
LINE00010962,ORD0003652,4,PROD00137,1,654.74,130.95,523.79
LINE00010963,ORD0003653,1,PROD00087,4,1011.86,0.0,4047.44
LINE00010964,ORD0003653,2,PROD00345,1,315.86,15.79,300.07
LINE00010965,ORD0003653,3,PROD00184,1,128.1,12.81,115.29
LINE00010966,ORD0003653,4,PROD00179,2,493.8,49.38,938.22
LINE00010967,ORD0003654,1,PROD00443,2,35.96,3.6,68.32
LINE00010968,ORD0003654,2,PROD00448,4,926.47,370.59,3335.29
LINE00010969,ORD0003655,1,PROD00171,3,311.89,187.13,748.54
LINE00010970,ORD0003655,2,PROD00344,3,1149.68,344.9,3104.14
LINE00010971,ORD0003655,3,PROD00081,2,1059.14,0.0,2118.28
LINE00010972,ORD0003656,1,PROD00451,6,1002.24,0.0,6013.44
LINE00010973,ORD0003656,2,PROD00161,5,915.13,915.13,3660.52
LINE00010974,ORD0003656,3,PROD00240,1,519.87,103.97,415.9
LINE00010975,ORD0003656,4,PROD00414,4,53.38,0.0,213.52
LINE00010976,ORD0003657,1,PROD00221,3,656.82,0.0,1970.46
LINE00010977,ORD0003657,2,PROD00355,3,1126.98,338.09,3042.85
LINE00010978,ORD0003657,3,PROD00225,-3,272.36,-40.85,-776.23
LINE00010979,ORD0003657,4,PROD00178,6,512.12,0.0,3072.72
LINE00010980,ORD0003657,5,PROD00163,4,345.07,0.0,1380.28
LINE00010981,ORD0003658,1,PROD00084,4,258.02,0.0,1032.08
LINE00010982,ORD0003658,2,PROD00275,6,220.38,0.0,1322.28
LINE00010983,ORD0003658,3,PROD00343,4,1109.2,0.0,4436.8
LINE00010984,ORD0003658,4,PROD00394,5,153.02,38.26,726.84
LINE00010985,ORD0003658,5,PROD00027,2,150.43,0.0,300.86
LINE00010986,ORD0003659,1,PROD00500,1,875.41,0.0,875.41
LINE00010987,ORD0003659,2,PROD00111,4,614.69,245.88,2212.88
LINE00010988,ORD0003659,3,PROD00129,4,725.91,0.0,2903.64
LINE00010989,ORD0003659,4,PROD00407,5,750.56,187.64,3565.16
LINE00010990,ORD0003659,5,PROD00110,1,805.13,40.26,764.87
LINE00010991,ORD0003660,1,PROD00079,5,895.78,895.78,3583.12
LINE00010992,ORD0003660,2,PROD00403,3,753.69,452.21,1808.86
LINE00010993,ORD0003660,3,PROD00124,1,947.52,0.0,947.52
LINE00010994,ORD0003660,4,PROD00019,2,312.17,0.0,624.34
LINE00010995,ORD0003660,5,PROD00045,6,937.22,562.33,5060.99
LINE00010996,ORD0003661,1,PROD00384,2,950.04,0.0,1900.08
LINE00010997,ORD0003662,1,PROD00119,1,772.22,0.0,772.22
LINE00010998,ORD0003662,2,PROD00350,4,1148.02,229.6,4362.48
LINE00010999,ORD0003662,3,PROD00493,6,1020.09,0.0,6120.54
LINE00011000,ORD0003662,4,PROD00461,6,956.18,0.0,5737.08
LINE00011001,ORD0003662,5,PROD00341,4,309.26,0.0,1237.04
LINE00011002,ORD0003663,1,PROD00176,3,307.08,92.12,829.12
LINE00011003,ORD0003663,2,PROD00001,1,1021.62,0.0,1021.62
LINE00011004,ORD0003663,3,PROD00385,2,80.75,32.3,129.2
LINE00011005,ORD0003663,4,PROD00104,1,954.47,190.89,763.58
LINE00011006,ORD0003664,1,PROD00136,1,543.2,0.0,543.2
LINE00011007,ORD0003664,2,PROD00127,2,518.44,51.84,985.04
LINE00011008,ORD0003664,3,PROD00291,2,1108.72,0.0,2217.44
LINE00011009,ORD0003665,1,PROD00187,3,618.04,0.0,1854.12
LINE00011010,ORD0003665,2,PROD00340,6,291.15,0.0,1746.9
LINE00011011,ORD0003666,1,PROD00397,5,1072.99,536.5,4828.45
LINE00011012,ORD0003666,2,PROD00298,4,760.03,608.02,2432.1
LINE00011013,ORD0003666,3,PROD00459,5,525.75,0.0,2628.75
LINE00011014,ORD0003667,1,PROD00440,5,1009.01,252.25,4792.8
LINE00011015,ORD0003667,2,PROD00340,3,210.44,31.57,599.75
LINE00011016,ORD0003668,1,PROD00144,6,190.9,0.0,1145.4
LINE00011017,ORD0003668,2,PROD00228,3,112.1,67.26,269.04
LINE00011018,ORD0003668,3,PROD00489,3,252.47,151.48,605.93
LINE00011019,ORD0003669,1,PROD00437,6,958.27,287.48,5462.14
LINE00011020,ORD0003669,2,PROD00212,4,562.47,0.0,2249.88
LINE00011021,ORD0003669,3,PROD00073,2,1029.18,0.0,2058.36
LINE00011022,ORD0003669,4,PROD00283,4,277.36,0.0,1109.44
LINE00011023,ORD0003669,5,PROD00413,6,80.42,24.13,458.39
LINE00011024,ORD0003670,1,PROD00441,1,183.55,9.18,174.37
LINE00011025,ORD0003670,2,PROD00402,3,493.78,296.27,1185.07
LINE00011026,ORD0003670,3,PROD00448,1,1104.17,55.21,1048.96
LINE00011027,ORD0003670,4,PROD00399,6,583.01,0.0,3498.06
LINE00011028,ORD0003670,5,PROD00387,1,318.92,0.0,318.92
LINE00011029,ORD0003671,1,PROD00333,3,1012.31,0.0,3036.93
LINE00011030,ORD0003671,2,PROD00400,3,891.25,534.75,2139.0
LINE00011031,ORD0003671,3,PROD00337,2,250.26,0.0,500.52
LINE00011032,ORD0003672,1,PROD00274,5,678.99,0.0,3394.95
LINE00011033,ORD0003672,2,PROD00356,3,1164.08,698.45,2793.79
LINE00011034,ORD0003672,3,PROD00045,4,392.48,0.0,1569.92
LINE00011035,ORD0003672,4,PROD00254,4,71.94,14.39,273.37
LINE00011036,ORD0003673,1,PROD00436,2,1187.61,118.76,2256.46
LINE00011037,ORD0003673,2,PROD00201,4,1058.03,846.42,3385.7
LINE00011038,ORD0003673,3,PROD00383,5,517.57,517.57,2070.28
LINE00011039,ORD0003673,4,PROD00385,4,692.0,553.6,2214.4
LINE00011040,ORD0003673,5,PROD00124,2,937.2,93.72,1780.68
LINE00011041,ORD0003674,1,PROD00332,5,209.5,0.0,1047.5
LINE00011042,ORD0003675,1,PROD00114,1,27.26,0.0,27.26
LINE00011043,ORD0003675,2,PROD00228,1,456.56,91.31,365.25
LINE00011044,ORD0003675,3,PROD00026,6,1105.07,0.0,6630.42
LINE00011045,ORD0003675,4,PROD00086,3,1030.8,0.0,3092.4
LINE00011046,ORD0003675,5,PROD00408,2,306.95,122.78,491.12
LINE00011047,ORD0003676,1,PROD00399,4,857.94,0.0,3431.76
LINE00011048,ORD0003676,2,PROD00136,4,307.0,61.4,1166.6
LINE00011049,ORD0003676,3,PROD00284,4,196.61,78.64,707.8
LINE00011050,ORD0003676,4,PROD00265,6,513.11,0.0,3078.66
LINE00011051,ORD0003677,1,PROD00099,1,248.83,0.0,248.83
LINE00011052,ORD0003678,1,PROD00259,3,639.84,95.98,1823.54
LINE00011053,ORD0003678,2,PROD00228,1,556.04,27.8,528.24
LINE00011054,ORD0003678,3,PROD00124,4,799.37,319.75,2877.73
LINE00011055,ORD0003678,4,PROD00326,1,249.58,49.92,199.66
LINE00011056,ORD0003679,1,PROD00186,2,708.07,141.61,1274.53
LINE00011057,ORD0003680,1,PROD00269,2,695.28,0.0,1390.56
LINE00011058,ORD0003680,2,PROD00302,6,741.52,0.0,4449.12
LINE00011059,ORD0003680,3,PROD00357,5,608.53,608.53,2434.12
LINE00011060,ORD0003681,1,PROD00489,1,1050.45,0.0,1050.45
LINE00011061,ORD0003681,2,PROD00140,2,708.88,0.0,1417.76
LINE00011062,ORD0003681,3,PROD00138,2,347.59,0.0,695.18
LINE00011063,ORD0003681,4,PROD00423,6,809.37,242.81,4613.41
LINE00011064,ORD0003682,1,PROD00364,3,1133.81,0.0,3401.43
LINE00011065,ORD0003682,2,PROD00442,5,72.03,36.02,324.13
LINE00011066,ORD0003683,1,PROD00206,4,1013.0,405.2,3646.8
LINE00011067,ORD0003684,1,PROD00077,4,575.11,460.09,1840.35
LINE00011068,ORD0003684,2,PROD00393,5,642.47,160.62,3051.73
LINE00011069,ORD0003684,3,PROD00054,2,521.22,0.0,1042.44
LINE00011070,ORD0003684,4,PROD00182,1,7.19,0.0,7.19
LINE00011071,ORD0003684,5,PROD00485,2,431.2,0.0,862.4
LINE00011072,ORD0003685,1,PROD00257,5,396.37,0.0,1981.85
LINE00011073,ORD0003685,2,PROD00222,1,67.54,6.75,60.79
LINE00011074,ORD0003685,3,PROD00400,2,107.08,0.0,214.16
LINE00011075,ORD0003685,4,PROD00326,1,689.46,137.89,551.57
LINE00011076,ORD0003685,5,PROD00040,4,295.57,236.46,945.82
LINE00011077,ORD0003686,1,PROD00318,4,958.18,0.0,3832.72
LINE00011078,ORD0003686,2,PROD00410,2,1170.08,0.0,2340.16
LINE00011079,ORD0003686,3,PROD00461,3,65.25,0.0,195.75
LINE00011080,ORD0003686,4,PROD00205,2,625.61,0.0,1251.22
LINE00011081,ORD0003687,1,PROD00390,6,718.64,431.18,3880.66
LINE00011082,ORD0003688,1,PROD00093,2,13.72,2.74,24.7
LINE00011083,ORD0003688,2,PROD00494,3,793.03,0.0,2379.09
LINE00011084,ORD0003688,3,PROD00143,5,743.19,0.0,3715.95
LINE00011085,ORD0003688,4,PROD00152,5,210.49,0.0,1052.45
LINE00011086,ORD0003689,1,PROD00359,1,421.48,0.0,421.48
LINE00011087,ORD0003689,2,PROD00454,1,385.89,0.0,385.89
LINE00011088,ORD0003689,3,PROD00445,6,194.9,116.94,1052.46
LINE00011089,ORD0003689,4,PROD00182,3,344.45,103.33,930.02
LINE00011090,ORD0003690,1,PROD00046,5,530.96,0.0,2654.8
LINE00011091,ORD0003690,2,PROD00325,5,1165.98,291.5,5538.4
LINE00011092,ORD0003690,3,PROD00065,5,972.14,0.0,4860.7
LINE00011093,ORD0003690,4,PROD00217,1,1177.12,117.71,1059.41
LINE00011094,ORD0003690,5,PROD00325,5,478.58,0.0,2392.9
LINE00011095,ORD0003691,1,PROD00120,6,1138.72,683.23,6149.09
LINE00011096,ORD0003692,1,PROD00400,3,868.61,130.29,2475.54
LINE00011097,ORD0003692,2,PROD00493,3,178.79,26.82,509.55
LINE00011098,ORD0003692,3,PROD00346,6,124.59,74.75,672.79
LINE00011099,ORD0003692,4,PROD00009,1,340.39,0.0,340.39
LINE00011100,ORD0003692,5,PROD00146,5,998.18,249.54,4741.36
LINE00011101,ORD0003693,1,PROD00218,1,735.21,0.0,735.21
LINE00011102,ORD0003693,2,PROD00328,3,360.44,0.0,1081.32
LINE00011103,ORD0003693,3,PROD00026,4,246.2,98.48,886.32
LINE00011104,ORD0003693,4,PROD00090,1,710.88,35.54,675.34
LINE00011105,ORD0003694,1,PROD00441,5,1143.35,0.0,5716.75
LINE00011106,ORD0003694,2,PROD00133,6,275.41,0.0,1652.46
LINE00011107,ORD0003694,3,PROD00463,1,20.79,0.0,20.79
LINE00011108,ORD0003694,4,PROD00058,1,471.68,0.0,471.68
LINE00011109,ORD0003694,5,PROD00255,3,562.33,84.35,1602.64
LINE00011110,ORD0003695,1,PROD00054,1,63.99,6.4,57.59
LINE00011111,ORD0003695,2,PROD00039,4,352.5,70.5,1339.5
LINE00011112,ORD0003696,1,PROD00161,6,1185.11,0.0,7110.66
LINE00011113,ORD0003696,2,PROD00457,5,834.15,0.0,4170.75
LINE00011114,ORD0003696,3,PROD00447,1,625.5,31.28,594.22
LINE00011115,ORD0003696,4,PROD00040,4,304.93,0.0,1219.72
LINE00011116,ORD0003696,5,PROD00395,6,692.5,0.0,4155.0
LINE00011117,ORD0003697,1,PROD00220,6,828.36,994.03,3976.13
LINE00011118,ORD0003697,2,PROD00005,2,1185.57,237.11,2134.03
LINE00011119,ORD0003698,1,PROD00479,4,94.21,18.84,358.0
LINE00011120,ORD0003698,2,PROD00152,3,326.07,97.82,880.39
LINE00011121,ORD0003699,1,PROD00223,1,1150.2,0.0,1150.2
LINE00011122,ORD0003699,2,PROD00215,2,199.09,79.64,318.54
LINE00011123,ORD0003699,3,PROD00497,2,280.69,112.28,449.1
LINE00011124,ORD0003700,1,PROD00200,2,326.89,65.38,588.4
LINE00011125,ORD0003700,2,PROD00105,2,1007.39,100.74,1914.04
LINE00011126,ORD0003700,3,PROD00498,3,1022.63,613.58,2454.31
LINE00011127,ORD0003700,4,PROD00360,6,252.52,0.0,1515.12
LINE00011128,ORD0003701,1,PROD00447,4,845.09,0.0,3380.36
LINE00011129,ORD0003701,2,PROD00218,5,1031.32,257.83,4898.77
LINE00011130,ORD0003702,1,PROD00475,4,1088.45,0.0,4353.8
LINE00011131,ORD0003702,2,PROD00449,5,904.12,0.0,4520.6
LINE00011132,ORD0003702,3,PROD00381,3,429.17,257.5,1030.01
LINE00011133,ORD0003702,4,PROD00450,6,689.97,827.96,3311.86
LINE00011134,ORD0003703,1,PROD00378,3,344.54,0.0,1033.62
LINE00011135,ORD0003703,2,PROD00153,1,546.33,27.32,519.01
LINE00011136,ORD0003703,3,PROD00124,2,1128.14,225.63,2030.65
LINE00011137,ORD0003704,1,PROD00273,4,291.55,0.0,1166.2
LINE00011138,ORD0003704,2,PROD00039,5,967.85,241.96,4597.29
LINE00011139,ORD0003705,1,PROD00319,1,790.95,0.0,790.95
LINE00011140,ORD0003706,1,PROD00477,5,1000.8,250.2,4753.8
LINE00011141,ORD0003706,2,PROD00492,1,918.04,91.8,826.24
LINE00011142,ORD0003706,3,PROD00335,1,1054.81,52.74,1002.07
LINE00011143,ORD0003707,1,PROD00237,2,112.2,22.44,201.96
LINE00011144,ORD0003708,1,PROD00078,5,417.38,0.0,2086.9
LINE00011145,ORD0003708,2,PROD00470,1,625.9,0.0,625.9
LINE00011146,ORD0003709,1,PROD00478,3,467.52,0.0,1402.56
LINE00011147,ORD0003709,2,PROD00349,2,635.05,127.01,1143.09
LINE00011148,ORD0003709,3,PROD00185,6,239.52,143.71,1293.41
LINE00011149,ORD0003709,4,PROD00372,4,643.29,0.0,2573.16
LINE00011150,ORD0003710,1,PROD00005,3,983.32,295.0,2654.96
LINE00011151,ORD0003711,1,PROD00399,2,747.05,149.41,1344.69
LINE00011152,ORD0003711,2,PROD00449,5,1103.1,1103.1,4412.4
LINE00011153,ORD0003711,3,PROD00221,1,784.74,78.47,706.27
LINE00011154,ORD0003712,1,PROD00153,4,566.34,0.0,2265.36
LINE00011155,ORD0003712,2,PROD00324,3,508.65,0.0,1525.95
LINE00011156,ORD0003712,3,PROD00253,6,255.21,0.0,1531.26
LINE00011157,ORD0003712,4,PROD00484,4,222.53,0.0,890.12
LINE00011158,ORD0003712,5,PROD00469,4,796.48,0.0,3185.92
LINE00011159,ORD0003713,1,PROD00236,5,1141.83,1141.83,4567.32
LINE00011160,ORD0003713,2,PROD00024,6,273.49,164.09,1476.85
LINE00011161,ORD0003714,1,PROD00493,5,1084.77,542.39,4881.46
LINE00011162,ORD0003714,2,PROD00483,6,615.86,739.03,2956.13
LINE00011163,ORD0003714,3,PROD00235,5,402.36,100.59,1911.21
LINE00011164,ORD0003714,4,PROD00320,3,538.72,80.81,1535.35
LINE00011165,ORD0003714,5,PROD00174,2,35.46,14.18,56.74
LINE00011166,ORD0003715,1,PROD00452,1,855.05,85.5,769.55
LINE00011167,ORD0003716,1,PROD00308,4,662.76,0.0,2651.04
LINE00011168,ORD0003716,2,PROD00486,5,517.84,0.0,2589.2
LINE00011169,ORD0003717,1,PROD00272,3,171.83,0.0,515.49
LINE00011170,ORD0003717,2,PROD00314,5,525.12,262.56,2363.04
LINE00011171,ORD0003717,3,PROD00180,1,968.19,0.0,968.19
LINE00011172,ORD0003718,1,PROD00135,4,567.52,227.01,2043.07
LINE00011173,ORD0003719,1,PROD00336,5,688.83,0.0,3444.15
LINE00011174,ORD0003719,2,PROD00386,6,31.02,37.22,148.9
LINE00011175,ORD0003720,1,PROD00314,1,641.59,0.0,641.59
LINE00011176,ORD0003720,2,PROD00458,6,858.24,514.94,4634.5
LINE00011177,ORD0003720,3,PROD00430,6,260.81,0.0,1564.86
LINE00011178,ORD0003720,4,PROD00080,2,512.06,0.0,1024.12
LINE00011179,ORD0003720,5,PROD00466,5,1046.02,523.01,4707.09
LINE00011180,ORD0003721,1,PROD00114,3,1176.16,176.42,3352.06
LINE00011181,ORD0003722,1,PROD00230,6,804.55,965.46,3861.84
LINE00011182,ORD0003723,1,PROD00025,4,1158.07,0.0,4632.28
LINE00011183,ORD0003723,2,PROD00126,5,892.79,0.0,4463.95
LINE00011184,ORD0003723,3,PROD00494,1,448.87,0.0,448.87
LINE00011185,ORD0003723,4,PROD00104,3,125.14,0.0,375.42
LINE00011186,ORD0003724,1,PROD00200,4,1126.58,450.63,4055.69
LINE00011187,ORD0003725,1,PROD00105,1,1109.33,221.87,887.46
LINE00011188,ORD0003725,2,PROD00461,5,215.29,107.65,968.8
LINE00011189,ORD0003726,1,PROD00498,4,437.16,0.0,1748.64
LINE00011190,ORD0003727,1,PROD00310,6,305.06,0.0,1830.36
LINE00011191,ORD0003727,2,PROD00327,3,1152.57,0.0,3457.71
LINE00011192,ORD0003728,1,PROD00499,2,630.46,0.0,1260.92
LINE00011193,ORD0003728,2,PROD00106,1,513.64,0.0,513.64
LINE00011194,ORD0003728,3,PROD00084,2,657.23,0.0,1314.46
LINE00011195,ORD0003728,4,PROD00390,3,541.86,162.56,1463.02
LINE00011196,ORD0003728,5,PROD00055,5,1099.24,0.0,5496.2
LINE00011197,ORD0003729,1,PROD00056,4,246.64,49.33,937.23
LINE00011198,ORD0003729,2,PROD00466,5,654.66,0.0,3273.3
LINE00011199,ORD0003729,3,PROD00420,5,448.25,0.0,2241.25
LINE00011200,ORD0003729,4,PROD00488,2,246.52,0.0,493.04
LINE00011201,ORD0003729,5,PROD00051,5,420.6,0.0,2103.0
LINE00011202,ORD0003730,1,PROD00272,3,970.75,582.45,2329.8
LINE00011203,ORD0003730,2,PROD00249,4,652.01,260.8,2347.24
LINE00011204,ORD0003730,3,PROD00399,1,631.8,0.0,631.8
LINE00011205,ORD0003731,1,PROD00433,4,1196.77,0.0,4787.08
LINE00011206,ORD0003731,2,PROD00056,5,16.22,4.05,77.05
LINE00011207,ORD0003731,3,PROD00347,3,263.67,39.55,751.46
LINE00011208,ORD0003731,4,PROD00483,6,300.92,0.0,1805.52
LINE00011209,ORD0003732,1,PROD00328,5,188.05,0.0,940.25
LINE00011210,ORD0003733,1,PROD00008,1,150.43,0.0,150.43
LINE00011211,ORD0003734,1,PROD00349,2,924.51,0.0,1849.02
LINE00011212,ORD0003734,2,PROD00331,6,1044.36,313.31,5952.85
LINE00011213,ORD0003734,3,PROD00041,1,764.5,0.0,764.5
LINE00011214,ORD0003734,4,PROD00410,4,265.02,0.0,1060.08
LINE00011215,ORD0003734,5,PROD00140,3,583.6,175.08,1575.72
LINE00011216,ORD0003735,1,PROD00234,3,419.86,251.92,1007.66
LINE00011217,ORD0003736,1,PROD00288,4,294.09,0.0,1176.36
LINE00011218,ORD0003736,2,PROD00164,4,637.03,509.62,2038.5
LINE00011219,ORD0003736,3,PROD00198,4,466.08,0.0,1864.32
LINE00011220,ORD0003737,1,PROD00256,3,1062.38,0.0,3187.14
LINE00011221,ORD0003737,2,PROD00121,4,677.62,135.52,2574.96
LINE00011222,ORD0003738,1,PROD00294,1,924.11,0.0,924.11
LINE00011223,ORD0003738,2,PROD00450,4,1059.69,211.94,4026.82
LINE00011224,ORD0003739,1,PROD00366,2,79.49,31.8,127.18
LINE00011225,ORD0003739,2,PROD00239,3,997.17,0.0,2991.51
LINE00011226,ORD0003739,3,PROD00465,1,1004.79,0.0,1004.79
LINE00011227,ORD0003740,1,PROD00428,1,258.94,0.0,258.94
LINE00011228,ORD0003740,2,PROD00291,2,1118.54,111.85,2125.23
LINE00011229,ORD0003740,3,PROD00291,2,1012.49,0.0,2024.98
LINE00011230,ORD0003740,4,PROD00464,6,157.66,0.0,945.96
LINE00011231,ORD0003741,1,PROD00119,6,725.93,871.12,3484.46
LINE00011232,ORD0003741,2,PROD00024,1,533.07,0.0,533.07
LINE00011233,ORD0003741,3,PROD00371,3,532.37,79.86,1517.25
LINE00011234,ORD0003741,4,PROD00225,1,938.0,187.6,750.4
LINE00011235,ORD0003742,1,PROD00135,6,966.73,0.0,5800.38
LINE00011236,ORD0003742,2,PROD00016,1,596.74,0.0,596.74
LINE00011237,ORD0003742,3,PROD00339,1,809.82,161.96,647.86
LINE00011238,ORD0003743,1,PROD00183,6,1191.14,714.68,6432.16
LINE00011239,ORD0003744,1,PROD00191,2,90.89,18.18,163.6
LINE00011240,ORD0003744,2,PROD00038,4,1083.75,867.0,3468.0
LINE00011241,ORD0003744,3,PROD00418,5,871.93,0.0,4359.65
LINE00011242,ORD0003744,4,PROD00405,1,484.78,0.0,484.78
LINE00011243,ORD0003744,5,PROD00294,4,640.02,256.01,2304.07
LINE00011244,ORD0003745,1,PROD00314,6,308.65,0.0,1851.9
LINE00011245,ORD0003745,2,PROD00081,4,909.36,181.87,3455.57
LINE00011246,ORD0003745,3,PROD00486,1,893.32,178.66,714.66
LINE00011247,ORD0003746,1,PROD00403,5,682.13,682.13,2728.52
LINE00011248,ORD0003747,1,PROD00378,3,666.08,0.0,1998.24
LINE00011249,ORD0003747,2,PROD00023,6,375.53,0.0,2253.18
LINE00011250,ORD0003747,3,PROD00375,5,870.48,0.0,4352.4
LINE00011251,ORD0003747,4,PROD00062,6,1037.28,1244.74,4978.94
LINE00011252,ORD0003748,1,PROD00387,5,842.26,842.26,3369.04
LINE00011253,ORD0003748,2,PROD00007,6,403.99,242.39,2181.55
LINE00011254,ORD0003749,1,PROD00222,4,536.64,214.66,1931.9
LINE00011255,ORD0003749,2,PROD00268,6,572.42,0.0,3434.52
LINE00011256,ORD0003749,3,PROD00198,3,894.93,536.96,2147.83
LINE00011257,ORD0003750,1,PROD00328,4,219.01,87.6,788.44
LINE00011258,ORD0003750,2,PROD00046,2,324.62,0.0,649.24
LINE00011259,ORD0003751,1,PROD00237,3,806.53,0.0,2419.59
LINE00011260,ORD0003751,2,PROD00237,3,729.69,437.81,1751.26
LINE00011261,ORD0003752,1,PROD00133,2,767.17,76.72,1457.62
LINE00011262,ORD0003753,1,PROD00460,2,388.53,155.41,621.65
LINE00011263,ORD0003754,1,PROD00010,1,626.0,0.0,626.0
LINE00011264,ORD0003754,2,PROD00366,5,1051.92,1051.92,4207.68
LINE00011265,ORD0003754,3,PROD00355,4,328.02,65.6,1246.48
LINE00011266,ORD0003755,1,PROD00327,2,1058.94,105.89,2011.99
LINE00011267,ORD0003755,2,PROD00053,5,941.18,0.0,4705.9
LINE00011268,ORD0003755,3,PROD00331,4,692.3,276.92,2492.28
LINE00011269,ORD0003755,4,PROD00072,3,1113.84,668.3,2673.22
LINE00011270,ORD0003756,1,PROD00352,2,818.03,0.0,1636.06
LINE00011271,ORD0003756,2,PROD00390,4,17.79,0.0,71.16
LINE00011272,ORD0003756,3,PROD00326,4,398.09,0.0,1592.36
LINE00011273,ORD0003757,1,PROD00226,2,1038.3,415.32,1661.28
LINE00011274,ORD0003757,2,PROD00035,4,763.29,610.63,2442.53
LINE00011275,ORD0003757,3,PROD00329,3,963.64,289.09,2601.83
LINE00011276,ORD0003757,4,PROD00119,4,217.99,174.39,697.57
LINE00011277,ORD0003758,1,PROD00408,4,10.43,4.17,37.55
LINE00011278,ORD0003759,1,PROD00315,6,668.87,0.0,4013.22
LINE00011279,ORD0003759,2,PROD00259,2,25.88,0.0,51.76
LINE00011280,ORD0003759,3,PROD00419,2,696.82,0.0,1393.64
LINE00011281,ORD0003759,4,PROD00452,3,378.66,227.2,908.78
LINE00011282,ORD0003759,5,PROD00258,2,208.92,0.0,417.84
LINE00011283,ORD0003760,1,PROD00008,5,1089.23,272.31,5173.84
LINE00011284,ORD0003760,2,PROD00073,6,169.39,0.0,1016.34
LINE00011285,ORD0003760,3,PROD00411,6,1130.04,0.0,6780.24
LINE00011286,ORD0003760,4,PROD00053,4,1018.89,0.0,4075.56
LINE00011287,ORD0003761,1,PROD00318,1,791.33,39.57,751.76
LINE00011288,ORD0003761,2,PROD00292,6,796.19,0.0,4777.14
LINE00011289,ORD0003761,3,PROD00016,3,609.83,365.9,1463.59
LINE00011290,ORD0003761,4,PROD00299,4,333.16,0.0,1332.64
LINE00011291,ORD0003762,1,PROD00182,1,829.99,166.0,663.99
LINE00011292,ORD0003762,2,PROD00075,3,835.96,0.0,2507.88
LINE00011293,ORD0003762,3,PROD00108,5,701.13,0.0,3505.65
LINE00011294,ORD0003762,4,PROD00470,6,312.24,93.67,1779.77
LINE00011295,ORD0003762,5,PROD00037,2,712.14,0.0,1424.28
LINE00011296,ORD0003763,1,PROD00315,1,975.97,0.0,975.97
LINE00011297,ORD0003763,2,PROD00100,4,57.11,22.84,205.6
LINE00011298,ORD0003763,3,PROD00223,5,711.42,0.0,3557.1
LINE00011299,ORD0003763,4,PROD00402,4,876.57,701.26,2805.02
LINE00011300,ORD0003764,1,PROD00038,6,988.45,0.0,5930.7
LINE00011301,ORD0003764,2,PROD00102,4,448.53,89.71,1704.41
LINE00011302,ORD0003765,1,PROD00366,6,821.7,493.02,4437.18
LINE00011303,ORD0003765,2,PROD00005,1,395.23,0.0,395.23
LINE00011304,ORD0003765,3,PROD00351,4,202.08,40.42,767.9
LINE00011305,ORD0003765,4,PROD00308,3,505.5,75.83,1440.67
LINE00011306,ORD0003765,5,PROD00113,2,251.76,50.35,453.17
LINE00011307,ORD0003766,1,PROD00374,1,181.92,9.1,172.82
LINE00011308,ORD0003766,2,PROD00486,4,1175.79,235.16,4468.0
LINE00011309,ORD0003767,1,PROD00295,6,935.2,280.56,5330.64
LINE00011310,ORD0003767,2,PROD00011,5,666.65,333.33,2999.92
LINE00011311,ORD0003767,3,PROD00156,1,799.98,80.0,719.98
LINE00011312,ORD0003767,4,PROD00466,6,776.53,465.92,4193.26
LINE00011313,ORD0003768,1,PROD00353,5,451.12,0.0,2255.6
LINE00011314,ORD0003768,2,PROD00459,5,456.28,228.14,2053.26
LINE00011315,ORD0003768,3,PROD00086,1,256.14,0.0,256.14
LINE00011316,ORD0003769,1,PROD00141,2,345.68,0.0,691.36
LINE00011317,ORD0003770,1,PROD00013,6,203.03,121.82,1096.36
LINE00011318,ORD0003770,2,PROD00216,2,187.45,0.0,374.9
LINE00011319,ORD0003771,1,PROD00343,3,338.0,101.4,912.6
LINE00011320,ORD0003772,1,PROD00489,3,89.64,0.0,268.92
LINE00011321,ORD0003773,1,PROD00377,5,399.94,399.94,1599.76
LINE00011322,ORD0003773,2,PROD00401,2,540.79,108.16,973.42
LINE00011323,ORD0003773,3,PROD00432,2,913.63,0.0,1827.26
LINE00011324,ORD0003773,4,PROD00485,3,1025.23,153.78,2921.91
LINE00011325,ORD0003773,5,PROD00441,4,425.28,0.0,1701.12
LINE00011326,ORD0003774,1,PROD00264,6,886.39,0.0,5318.34
LINE00011327,ORD0003774,2,PROD00118,2,844.19,0.0,1688.38
LINE00011328,ORD0003774,3,PROD00020,2,498.43,99.69,897.17
LINE00011329,ORD0003774,4,PROD00355,5,457.77,0.0,2288.85
LINE00011330,ORD0003775,1,PROD00051,3,194.53,29.18,554.41
LINE00011331,ORD0003776,1,PROD00222,4,497.82,0.0,1991.28
LINE00011332,ORD0003776,2,PROD00387,4,206.8,165.44,661.76
LINE00011333,ORD0003776,3,PROD00211,1,1051.73,0.0,1051.73
LINE00011334,ORD0003776,4,PROD00136,6,458.19,274.91,2474.23
LINE00011335,ORD0003777,1,PROD00298,4,736.59,294.64,2651.72
LINE00011336,ORD0003777,2,PROD00026,3,961.52,0.0,2884.56
LINE00011337,ORD0003777,3,PROD00319,3,1124.21,168.63,3204.0
LINE00011338,ORD0003778,1,PROD00230,2,493.43,0.0,986.86
LINE00011339,ORD0003778,2,PROD00250,5,1138.73,569.37,5124.28
LINE00011340,ORD0003778,3,PROD00331,4,149.57,29.91,568.37
LINE00011341,ORD0003778,4,PROD00288,5,179.85,44.96,854.29
LINE00011342,ORD0003779,1,PROD00490,6,895.88,0.0,5375.28
LINE00011343,ORD0003779,2,PROD00279,5,1078.37,0.0,5391.85
LINE00011344,ORD0003779,3,PROD00442,1,8.81,0.44,8.37
LINE00011345,ORD0003779,4,PROD00337,1,588.17,29.41,558.76
LINE00011346,ORD0003779,5,PROD00493,5,188.87,0.0,944.35
LINE00011347,ORD0003780,1,PROD00262,4,988.59,0.0,3954.36
LINE00011348,ORD0003780,2,PROD00081,5,457.43,0.0,2287.15
LINE00011349,ORD0003780,3,PROD00144,2,1100.0,0.0,2200.0
LINE00011350,ORD0003781,1,PROD00338,1,1107.19,0.0,1107.19
LINE00011351,ORD0003781,2,PROD00120,1,867.46,173.49,693.97
LINE00011352,ORD0003781,3,PROD00253,4,294.57,235.66,942.62
LINE00011353,ORD0003781,4,PROD00003,4,521.97,104.39,1983.49
LINE00011354,ORD0003782,1,PROD00494,5,280.22,70.06,1331.04
LINE00011355,ORD0003783,1,PROD00009,3,1151.52,172.73,3281.83
LINE00011356,ORD0003783,2,PROD00032,6,1048.53,314.56,5976.62
LINE00011357,ORD0003783,3,PROD00443,1,315.34,0.0,315.34
LINE00011358,ORD0003783,4,PROD00286,4,1041.99,0.0,4167.96
LINE00011359,ORD0003783,5,PROD00164,1,344.49,34.45,310.04
LINE00011360,ORD0003784,1,PROD00469,3,1186.48,0.0,3559.44
LINE00011361,ORD0003784,2,PROD00224,2,458.32,45.83,870.81
LINE00011362,ORD0003784,3,PROD00168,4,309.21,0.0,1236.84
LINE00011363,ORD0003784,4,PROD00319,3,551.88,165.56,1490.08
LINE00011364,ORD0003785,1,PROD00423,5,66.68,16.67,316.73
LINE00011365,ORD0003786,1,PROD00326,5,905.91,0.0,4529.55
LINE00011366,ORD0003786,2,PROD00108,1,557.21,111.44,445.77
LINE00011367,ORD0003786,3,PROD00388,5,665.2,0.0,3326.0
LINE00011368,ORD0003786,4,PROD00363,5,833.63,0.0,4168.15
LINE00011369,ORD0003786,5,PROD00170,1,943.94,94.39,849.55
LINE00011370,ORD0003787,1,PROD00289,2,808.94,323.58,1294.3
LINE00011371,ORD0003787,2,PROD00170,3,968.5,581.1,2324.4
LINE00011372,ORD0003787,3,PROD00416,2,184.59,0.0,369.18
LINE00011373,ORD0003787,4,PROD00268,1,1162.42,232.48,929.94
LINE00011374,ORD0003788,1,PROD00482,1,412.25,82.45,329.8
LINE00011375,ORD0003788,2,PROD00387,4,496.8,0.0,1987.2
LINE00011376,ORD0003788,3,PROD00292,4,1004.9,0.0,4019.6
LINE00011377,ORD0003789,1,PROD00339,2,1135.13,0.0,2270.26
LINE00011378,ORD0003789,2,PROD00103,2,493.98,0.0,987.96
LINE00011379,ORD0003789,3,PROD00369,6,789.99,237.0,4502.94
LINE00011380,ORD0003789,4,PROD00311,2,1162.4,464.96,1859.84
LINE00011381,ORD0003790,1,PROD00310,4,319.01,0.0,1276.04
LINE00011382,ORD0003790,2,PROD00065,2,179.9,71.96,287.84
LINE00011383,ORD0003790,3,PROD00402,4,837.22,0.0,3348.88
LINE00011384,ORD0003790,4,PROD00076,1,344.29,68.86,275.43
LINE00011385,ORD0003791,1,PROD00267,3,398.11,59.72,1134.61
LINE00011386,ORD0003792,1,PROD00377,4,1159.27,463.71,4173.37
LINE00011387,ORD0003793,1,PROD00021,6,430.33,0.0,2581.98
LINE00011388,ORD0003793,2,PROD00230,5,475.66,0.0,2378.3
LINE00011389,ORD0003793,3,PROD00069,4,523.07,0.0,2092.28
LINE00011390,ORD0003793,4,PROD00344,1,537.78,0.0,537.78
LINE00011391,ORD0003794,1,PROD00440,1,949.79,94.98,854.81
LINE00011392,ORD0003795,1,PROD00231,3,556.77,0.0,1670.31
LINE00011393,ORD0003795,2,PROD00260,5,478.98,0.0,2394.9
LINE00011394,ORD0003795,3,PROD00423,6,33.67,0.0,202.02
LINE00011395,ORD0003795,4,PROD00020,6,493.63,148.09,2813.69
LINE00011396,ORD0003795,5,PROD00210,2,13.01,5.2,20.82
LINE00011397,ORD0003796,1,PROD00363,5,509.9,509.9,2039.6
LINE00011398,ORD0003796,2,PROD00422,4,64.79,0.0,259.16
LINE00011399,ORD0003797,1,PROD00341,1,867.14,86.71,780.43
LINE00011400,ORD0003797,2,PROD00180,5,1131.11,282.78,5372.77
LINE00011401,ORD0003797,3,PROD00222,4,1056.32,0.0,4225.28
LINE00011402,ORD0003798,1,PROD00262,5,453.09,113.27,2152.18
LINE00011403,ORD0003799,1,PROD00025,6,976.77,0.0,5860.62
LINE00011404,ORD0003799,2,PROD00232,3,258.92,155.35,621.41
LINE00011405,ORD0003799,3,PROD00410,5,621.12,0.0,3105.6
LINE00011406,ORD0003799,4,PROD00049,6,962.6,577.56,5198.04
LINE00011407,ORD0003799,5,PROD00276,3,82.49,0.0,247.47
LINE00011408,ORD0003800,1,PROD00073,2,1141.41,0.0,2282.82
LINE00011409,ORD0003800,2,PROD00184,6,1178.55,353.56,6717.74
LINE00011410,ORD0003800,3,PROD00306,6,1090.44,327.13,6215.51
LINE00011411,ORD0003800,4,PROD00088,1,535.48,107.1,428.38
LINE00011412,ORD0003800,5,PROD00154,2,686.34,0.0,1372.68
LINE00011413,ORD0003801,1,PROD00132,6,61.72,74.06,296.26
LINE00011414,ORD0003801,2,PROD00006,5,577.49,0.0,2887.45
LINE00011415,ORD0003801,3,PROD00035,3,1010.53,151.58,2880.01
LINE00011416,ORD0003801,4,PROD00422,4,741.1,296.44,2667.96
LINE00011417,ORD0003801,5,PROD00105,3,548.65,329.19,1316.76
LINE00011418,ORD0003802,1,PROD00101,3,485.8,0.0,1457.4
LINE00011419,ORD0003802,2,PROD00422,1,445.87,0.0,445.87
LINE00011420,ORD0003802,3,PROD00443,5,774.22,0.0,3871.1
LINE00011421,ORD0003802,4,PROD00498,5,64.53,0.0,322.65
LINE00011422,ORD0003802,5,PROD00045,5,667.42,0.0,3337.1
LINE00011423,ORD0003803,1,PROD00274,6,1044.71,0.0,6268.26
LINE00011424,ORD0003803,2,PROD00375,1,1035.8,51.79,984.01
LINE00011425,ORD0003803,3,PROD00344,6,1007.06,1208.47,4833.89
LINE00011426,ORD0003803,4,PROD00403,4,745.4,149.08,2832.52
LINE00011427,ORD0003804,1,PROD00428,3,89.18,0.0,267.54
LINE00011428,ORD0003804,2,PROD00120,1,91.23,9.12,82.11
LINE00011429,ORD0003804,3,PROD00482,6,321.38,192.83,1735.45
LINE00011430,ORD0003804,4,PROD00322,2,79.06,7.91,150.21
LINE00011431,ORD0003805,1,PROD00112,1,1139.05,113.91,1025.14
LINE00011432,ORD0003805,2,PROD00486,6,584.57,0.0,3507.42
LINE00011433,ORD0003806,1,PROD00462,5,1036.42,0.0,5182.1
LINE00011434,ORD0003806,2,PROD00490,2,597.23,119.45,1075.01
LINE00011435,ORD0003806,3,PROD00494,5,845.6,0.0,4228.0
LINE00011436,ORD0003806,4,PROD00184,1,734.26,36.71,697.55
LINE00011437,ORD0003806,5,PROD00170,2,650.27,0.0,1300.54
LINE00011438,ORD0003807,1,PROD00427,1,461.88,92.38,369.5
LINE00011439,ORD0003807,2,PROD00224,5,588.89,147.22,2797.23
LINE00011440,ORD0003807,3,PROD00443,5,732.37,366.19,3295.66
LINE00011441,ORD0003808,1,PROD00113,1,258.91,51.78,207.13
LINE00011442,ORD0003808,2,PROD00059,6,633.34,380.0,3420.04
LINE00011443,ORD0003808,3,PROD00010,5,393.4,0.0,1967.0
LINE00011444,ORD0003808,4,PROD00358,1,123.29,0.0,123.29
LINE00011445,ORD0003808,5,PROD00199,6,684.56,821.47,3285.89
LINE00011446,ORD0003809,1,PROD00043,2,813.73,0.0,1627.46
LINE00011447,ORD0003809,2,PROD00090,5,610.34,0.0,3051.7
LINE00011448,ORD0003809,3,PROD00466,1,1065.21,106.52,958.69
LINE00011449,ORD0003809,4,PROD00390,5,715.74,178.94,3399.76
LINE00011450,ORD0003809,5,PROD00087,3,711.6,0.0,2134.8
LINE00011451,ORD0003810,1,PROD00365,4,508.12,101.62,1930.86
LINE00011452,ORD0003810,2,PROD00441,3,1137.16,170.57,3240.91
LINE00011453,ORD0003811,1,PROD00356,1,1194.17,59.71,1134.46
LINE00011454,ORD0003811,2,PROD00255,5,708.51,0.0,3542.55
LINE00011455,ORD0003811,3,PROD00245,6,59.87,35.92,323.3
LINE00011456,ORD0003811,4,PROD00382,2,1044.0,0.0,2088.0
LINE00011457,ORD0003812,1,PROD00310,4,607.58,0.0,2430.32
LINE00011458,ORD0003813,1,PROD00411,6,1139.38,0.0,6836.28
LINE00011459,ORD0003813,2,PROD00447,3,373.73,56.06,1065.13
LINE00011460,ORD0003814,1,PROD00308,3,564.05,84.61,1607.54
LINE00011461,ORD0003814,2,PROD00169,6,1105.63,0.0,6633.78
LINE00011462,ORD0003814,3,PROD00026,6,566.43,169.93,3228.65
LINE00011463,ORD0003814,4,PROD00425,3,1076.28,322.88,2905.96
LINE00011464,ORD0003814,5,PROD00346,1,751.38,0.0,751.38
LINE00011465,ORD0003815,1,PROD00118,6,156.37,0.0,938.22
LINE00011466,ORD0003815,2,PROD00291,5,891.35,0.0,4456.75
LINE00011467,ORD0003816,1,PROD00080,5,938.53,0.0,4692.65
LINE00011468,ORD0003816,2,PROD00074,3,776.31,0.0,2328.93
LINE00011469,ORD0003816,3,PROD00420,2,1182.23,236.45,2128.01
LINE00011470,ORD0003816,4,PROD00051,3,533.85,320.31,1281.24
LINE00011471,ORD0003816,5,PROD00497,2,316.58,63.32,569.84
LINE00011472,ORD0003817,1,PROD00408,4,649.65,519.72,2078.88
LINE00011473,ORD0003817,2,PROD00211,2,521.99,0.0,1043.98
LINE00011474,ORD0003817,3,PROD00422,3,1162.44,0.0,3487.32
LINE00011475,ORD0003817,4,PROD00353,6,987.26,0.0,5923.56
LINE00011476,ORD0003818,1,PROD00154,5,339.25,0.0,1696.25
LINE00011477,ORD0003818,2,PROD00077,-3,296.59,-0.0,-889.77
LINE00011478,ORD0003819,1,PROD00082,4,321.94,0.0,1287.76
LINE00011479,ORD0003819,2,PROD00148,2,52.19,10.44,93.94
LINE00011480,ORD0003819,3,PROD00465,5,55.13,0.0,275.65
LINE00011481,ORD0003820,1,PROD00457,6,299.88,359.86,1439.42
LINE00011482,ORD0003820,2,PROD00405,5,452.32,0.0,2261.6
LINE00011483,ORD0003821,1,PROD00218,5,1004.9,1004.9,4019.6
LINE00011484,ORD0003821,2,PROD00290,6,209.59,251.51,1006.03
LINE00011485,ORD0003821,3,PROD00458,3,943.2,282.96,2546.64
LINE00011486,ORD0003821,4,PROD00331,6,231.41,277.69,1110.77
LINE00011487,ORD0003822,1,PROD00180,2,111.1,22.22,199.98
LINE00011488,ORD0003822,2,PROD00171,4,836.81,334.72,3012.52
LINE00011489,ORD0003822,3,PROD00205,4,1026.8,205.36,3901.84
LINE00011490,ORD0003823,1,PROD00145,2,924.86,0.0,1849.72
LINE00011491,ORD0003824,1,PROD00100,1,133.09,0.0,133.09
LINE00011492,ORD0003825,1,PROD00270,1,384.5,0.0,384.5
LINE00011493,ORD0003825,2,PROD00458,5,10.6,0.0,53.0
LINE00011494,ORD0003826,1,PROD00252,2,1142.54,0.0,2285.08
LINE00011495,ORD0003826,2,PROD00287,5,627.83,156.96,2982.19
LINE00011496,ORD0003826,3,PROD00180,3,360.08,216.05,864.19
LINE00011497,ORD0003826,4,PROD00286,6,62.06,18.62,353.74
LINE00011498,ORD0003827,1,PROD00482,5,1153.54,288.38,5479.32
LINE00011499,ORD0003827,2,PROD00129,6,1131.11,339.33,6447.33
LINE00011500,ORD0003828,1,PROD00262,3,970.13,291.04,2619.35
LINE00011501,ORD0003828,2,PROD00171,4,555.36,0.0,2221.44
LINE00011502,ORD0003828,3,PROD00278,3,173.51,104.11,416.42
LINE00011503,ORD0003828,4,PROD00159,2,1020.74,0.0,2041.48
LINE00011504,ORD0003828,5,PROD00324,4,899.85,719.88,2879.52
LINE00011505,ORD0003829,1,PROD00082,6,641.27,192.38,3655.24
LINE00011506,ORD0003830,1,PROD00192,3,803.15,0.0,2409.45
LINE00011507,ORD0003830,2,PROD00497,5,677.83,338.92,3050.23
LINE00011508,ORD0003830,3,PROD00198,3,211.17,63.35,570.16
LINE00011509,ORD0003830,4,PROD00151,2,924.18,92.42,1755.94
LINE00011510,ORD0003831,1,PROD00426,6,106.31,0.0,637.86
LINE00011511,ORD0003832,1,PROD00438,1,300.56,0.0,300.56
LINE00011512,ORD0003832,2,PROD00104,1,135.15,6.76,128.39
LINE00011513,ORD0003833,1,PROD00254,3,1093.66,328.1,2952.88
LINE00011514,ORD0003833,2,PROD00435,4,1048.76,0.0,4195.04
LINE00011515,ORD0003833,3,PROD00090,6,780.17,0.0,4681.02
LINE00011516,ORD0003833,4,PROD00067,1,401.81,0.0,401.81
LINE00011517,ORD0003834,1,PROD00329,5,735.61,0.0,3678.05
LINE00011518,ORD0003834,2,PROD00170,3,1182.52,177.38,3370.18
LINE00011519,ORD0003835,1,PROD00144,3,991.72,148.76,2826.4
LINE00011520,ORD0003835,2,PROD00336,1,154.9,7.75,147.15
LINE00011521,ORD0003835,3,PROD00195,5,1188.38,0.0,5941.9
LINE00011522,ORD0003835,4,PROD00011,6,156.34,187.61,750.43
LINE00011523,ORD0003835,5,PROD00226,5,953.94,0.0,4769.7
LINE00011524,ORD0003836,1,PROD00173,1,437.72,43.77,393.95
LINE00011525,ORD0003836,2,PROD00077,6,1131.26,0.0,6787.56
LINE00011526,ORD0003836,3,PROD00346,2,69.18,0.0,138.36
LINE00011527,ORD0003837,1,PROD00208,6,305.69,0.0,1834.14
LINE00011528,ORD0003838,1,PROD00020,4,254.72,0.0,1018.88
LINE00011529,ORD0003838,2,PROD00206,5,978.08,489.04,4401.36
LINE00011530,ORD0003838,3,PROD00132,3,960.68,0.0,2882.04
LINE00011531,ORD0003838,4,PROD00405,5,1130.72,282.68,5370.92
LINE00011532,ORD0003838,5,PROD00306,5,646.3,0.0,3231.5
LINE00011533,ORD0003839,1,PROD00298,1,132.52,0.0,132.52
LINE00011534,ORD0003840,1,PROD00447,5,542.43,0.0,2712.15
LINE00011535,ORD0003841,1,PROD00451,4,741.62,0.0,2966.48
LINE00011536,ORD0003841,2,PROD00232,1,929.95,0.0,929.95
LINE00011537,ORD0003842,1,PROD00217,2,975.21,390.08,1560.34
LINE00011538,ORD0003842,2,PROD00004,4,24.36,9.74,87.7
LINE00011539,ORD0003843,1,PROD00254,1,151.2,0.0,151.2
LINE00011540,ORD0003843,2,PROD00047,1,629.08,31.45,597.63
LINE00011541,ORD0003843,3,PROD00415,5,71.59,17.9,340.05
LINE00011542,ORD0003843,4,PROD00364,2,967.76,0.0,1935.52
LINE00011543,ORD0003843,5,PROD00055,3,541.81,0.0,1625.43
LINE00011544,ORD0003844,1,PROD00383,1,269.02,0.0,269.02
LINE00011545,ORD0003844,2,PROD00058,5,816.58,816.58,3266.32
LINE00011546,ORD0003844,3,PROD00263,4,1019.13,0.0,4076.52
LINE00011547,ORD0003844,4,PROD00480,3,470.0,70.5,1339.5
LINE00011548,ORD0003844,5,PROD00273,6,567.99,0.0,3407.94
LINE00011549,ORD0003845,1,PROD00465,6,631.51,0.0,3789.06
LINE00011550,ORD0003845,2,PROD00359,6,283.13,0.0,1698.78
LINE00011551,ORD0003845,3,PROD00348,1,40.23,2.01,38.22
LINE00011552,ORD0003845,4,PROD00186,2,931.36,372.54,1490.18
LINE00011553,ORD0003845,5,PROD00460,3,619.43,0.0,1858.29
LINE00011554,ORD0003846,1,PROD00083,4,184.43,0.0,737.72
LINE00011555,ORD0003847,1,PROD00212,5,716.75,0.0,3583.75
LINE00011556,ORD0003847,2,PROD00293,5,362.63,0.0,1813.15
LINE00011557,ORD0003847,3,PROD00171,4,292.14,58.43,1110.13
LINE00011558,ORD0003847,4,PROD00432,6,32.68,39.22,156.86
LINE00011559,ORD0003847,5,PROD00004,5,988.76,494.38,4449.42
LINE00011560,ORD0003848,1,PROD00216,1,1170.38,117.04,1053.34
LINE00011561,ORD0003848,2,PROD00032,1,1067.84,106.78,961.06
LINE00011562,ORD0003849,1,PROD00472,6,139.24,41.77,793.67
LINE00011563,ORD0003849,2,PROD00329,4,523.07,418.46,1673.82
LINE00011564,ORD0003849,3,PROD00208,1,1011.43,0.0,1011.43
LINE00011565,ORD0003849,4,PROD00173,2,306.21,0.0,612.42
LINE00011566,ORD0003849,5,PROD00350,2,623.5,0.0,1247.0
LINE00011567,ORD0003850,1,PROD00292,5,48.31,0.0,241.55
LINE00011568,ORD0003851,1,PROD00185,3,479.68,143.9,1295.14
LINE00011569,ORD0003851,2,PROD00490,1,1072.29,53.61,1018.68
LINE00011570,ORD0003851,3,PROD00251,5,584.08,0.0,2920.4
LINE00011571,ORD0003851,4,PROD00269,3,1005.61,0.0,3016.83
LINE00011572,ORD0003851,5,PROD00472,1,342.58,0.0,342.58
LINE00011573,ORD0003852,1,PROD00444,2,921.14,368.46,1473.82
LINE00011574,ORD0003852,2,PROD00292,3,422.11,126.63,1139.7
LINE00011575,ORD0003853,1,PROD00341,4,330.69,66.14,1256.62
LINE00011576,ORD0003853,2,PROD00054,6,510.03,612.04,2448.14
LINE00011577,ORD0003854,1,PROD00182,6,573.48,0.0,3440.88
LINE00011578,ORD0003854,2,PROD00003,3,911.17,136.68,2596.83
LINE00011579,ORD0003854,3,PROD00460,3,607.87,182.36,1641.25
LINE00011580,ORD0003854,4,PROD00110,5,142.83,35.71,678.44
LINE00011581,ORD0003855,1,PROD00141,1,187.61,9.38,178.23
LINE00011582,ORD0003855,2,PROD00049,1,1102.9,0.0,1102.9
LINE00011583,ORD0003855,3,PROD00190,5,339.26,169.63,1526.67
LINE00011584,ORD0003855,4,PROD00020,6,951.06,1141.27,4565.09
LINE00011585,ORD0003855,5,PROD00306,4,327.47,0.0,1309.88
LINE00011586,ORD0003856,1,PROD00498,4,281.97,112.79,1015.09
LINE00011587,ORD0003856,2,PROD00321,5,589.73,0.0,2948.65
LINE00011588,ORD0003856,3,PROD00493,5,1093.71,546.86,4921.69
LINE00011589,ORD0003856,4,PROD00092,5,616.18,616.18,2464.72
LINE00011590,ORD0003856,5,PROD00302,2,1067.27,0.0,2134.54
LINE00011591,ORD0003857,1,PROD00190,6,28.52,17.11,154.01
LINE00011592,ORD0003857,2,PROD00171,5,469.13,0.0,2345.65
LINE00011593,ORD0003857,3,PROD00259,6,24.89,0.0,149.34
LINE00011594,ORD0003857,4,PROD00297,1,362.62,18.13,344.49
LINE00011595,ORD0003858,1,PROD00172,2,224.76,0.0,449.52
LINE00011596,ORD0003859,1,PROD00462,3,264.83,0.0,794.49
LINE00011597,ORD0003859,2,PROD00277,5,143.25,0.0,716.25
LINE00011598,ORD0003859,3,PROD00032,6,619.85,371.91,3347.19
LINE00011599,ORD0003859,4,PROD00383,2,635.35,0.0,1270.7
LINE00011600,ORD0003860,1,PROD00495,3,124.15,0.0,372.45
LINE00011601,ORD0003861,1,PROD00406,5,560.6,560.6,2242.4
LINE00011602,ORD0003862,1,PROD00479,5,241.11,60.28,1145.27
LINE00011603,ORD0003862,2,PROD00459,2,387.06,0.0,774.12
LINE00011604,ORD0003863,1,PROD00396,6,354.19,425.03,1700.11
LINE00011605,ORD0003864,1,PROD00106,2,998.52,99.85,1897.19
LINE00011606,ORD0003864,2,PROD00421,2,462.81,92.56,833.06
LINE00011607,ORD0003864,3,PROD00275,6,17.32,0.0,103.92
LINE00011608,ORD0003864,4,PROD00275,4,1121.0,0.0,4484.0
LINE00011609,ORD0003864,5,PROD00353,5,445.67,445.67,1782.68
LINE00011610,ORD0003865,1,PROD00346,4,506.25,0.0,2025.0
LINE00011611,ORD0003865,2,PROD00031,5,511.89,0.0,2559.45
LINE00011612,ORD0003865,3,PROD00195,2,833.79,333.52,1334.06
LINE00011613,ORD0003866,1,PROD00266,4,904.29,0.0,3617.16
LINE00011614,ORD0003866,2,PROD00445,1,19.4,3.88,15.52
LINE00011615,ORD0003867,1,PROD00209,5,795.14,0.0,3975.7
LINE00011616,ORD0003867,2,PROD00344,5,1019.26,509.63,4586.67
LINE00011617,ORD0003867,3,PROD00178,6,374.51,112.35,2134.71
LINE00011618,ORD0003868,1,PROD00101,1,523.04,104.61,418.43
LINE00011619,ORD0003869,1,PROD00289,6,746.62,0.0,4479.72
LINE00011620,ORD0003869,2,PROD00116,4,298.21,238.57,954.27
LINE00011621,ORD0003869,3,PROD00340,1,1049.45,209.89,839.56
LINE00011622,ORD0003869,4,PROD00124,5,485.51,242.76,2184.79
LINE00011623,ORD0003869,5,PROD00355,5,582.02,145.5,2764.6
LINE00011624,ORD0003870,1,PROD00366,3,983.99,0.0,2951.97
LINE00011625,ORD0003871,1,PROD00300,5,707.69,0.0,3538.45
LINE00011626,ORD0003872,1,PROD00464,2,37.42,7.48,67.36
LINE00011627,ORD0003873,1,PROD00189,4,736.74,589.39,2357.57
LINE00011628,ORD0003873,2,PROD00479,5,594.6,594.6,2378.4
LINE00011629,ORD0003873,3,PROD00272,1,378.4,0.0,378.4
LINE00011630,ORD0003874,1,PROD00428,2,477.3,0.0,954.6
LINE00011631,ORD0003874,2,PROD00178,3,1037.17,311.15,2800.36
LINE00011632,ORD0003874,3,PROD00173,3,1092.36,0.0,3277.08
LINE00011633,ORD0003874,4,PROD00462,5,217.35,0.0,1086.75
LINE00011634,ORD0003875,1,PROD00078,2,355.15,71.03,639.27
LINE00011635,ORD0003876,1,PROD00102,2,339.95,0.0,679.9
LINE00011636,ORD0003877,1,PROD00094,2,221.01,0.0,442.02
LINE00011637,ORD0003877,2,PROD00109,5,757.17,757.17,3028.68
LINE00011638,ORD0003877,3,PROD00132,3,282.33,84.7,762.29
LINE00011639,ORD0003877,4,PROD00391,1,131.23,0.0,131.23
LINE00011640,ORD0003877,5,PROD00279,4,1003.18,200.64,3812.08
LINE00011641,ORD0003878,1,PROD00282,3,627.74,0.0,1883.22
LINE00011642,ORD0003878,2,PROD00168,4,781.59,312.64,2813.72
LINE00011643,ORD0003878,3,PROD00108,4,1160.66,0.0,4642.64
LINE00011644,ORD0003879,1,PROD00275,1,500.75,25.04,475.71
LINE00011645,ORD0003880,1,PROD00172,4,1141.24,0.0,4564.96
LINE00011646,ORD0003880,2,PROD00426,2,866.99,0.0,1733.98
LINE00011647,ORD0003880,3,PROD00098,6,589.26,707.11,2828.45
LINE00011648,ORD0003880,4,PROD00378,2,695.21,139.04,1251.38
LINE00011649,ORD0003880,5,PROD00020,5,1048.21,1048.21,4192.84
LINE00011650,ORD0003881,1,PROD00154,1,563.21,0.0,563.21
LINE00011651,ORD0003881,2,PROD00188,2,874.74,0.0,1749.48
LINE00011652,ORD0003881,3,PROD00320,6,683.4,410.04,3690.36
LINE00011653,ORD0003881,4,PROD00257,5,1095.01,1095.01,4380.04
LINE00011654,ORD0003881,5,PROD00066,4,12.23,2.45,46.47
LINE00011655,ORD0003882,1,PROD00491,1,399.01,0.0,399.01
LINE00011656,ORD0003882,2,PROD00259,2,921.11,92.11,1750.11
LINE00011657,ORD0003882,3,PROD00113,5,896.39,896.39,3585.56
LINE00011658,ORD0003882,4,PROD00371,1,141.89,0.0,141.89
LINE00011659,ORD0003882,5,PROD00004,6,1134.24,1361.09,5444.35
LINE00011660,ORD0003883,1,PROD00262,3,104.68,15.7,298.34
LINE00011661,ORD0003883,2,PROD00176,1,797.56,0.0,797.56
LINE00011662,ORD0003883,3,PROD00346,6,870.06,261.02,4959.34
LINE00011663,ORD0003883,4,PROD00492,4,1122.66,0.0,4490.64
LINE00011664,ORD0003884,1,PROD00088,5,930.99,465.5,4189.45
LINE00011665,ORD0003885,1,PROD00357,5,300.48,0.0,1502.4
LINE00011666,ORD0003886,1,PROD00154,1,612.05,30.6,581.45
LINE00011667,ORD0003886,2,PROD00043,3,971.72,0.0,2915.16
LINE00011668,ORD0003886,3,PROD00284,5,1179.73,294.93,5603.72
LINE00011669,ORD0003886,4,PROD00482,4,261.03,0.0,1044.12
LINE00011670,ORD0003887,1,PROD00364,3,914.45,137.17,2606.18
LINE00011671,ORD0003887,2,PROD00206,2,919.65,367.86,1471.44
LINE00011672,ORD0003887,3,PROD00112,4,699.04,0.0,2796.16
LINE00011673,ORD0003887,4,PROD00287,3,1118.4,335.52,3019.68
LINE00011674,ORD0003887,5,PROD00173,5,1158.43,1158.43,4633.72
LINE00011675,ORD0003888,1,PROD00254,2,199.13,0.0,398.26
LINE00011676,ORD0003888,2,PROD00341,3,732.97,109.95,2088.96
LINE00011677,ORD0003889,1,PROD00249,5,1028.21,514.11,4626.94
LINE00011678,ORD0003889,2,PROD00157,4,723.08,0.0,2892.32
LINE00011679,ORD0003889,3,PROD00083,2,218.74,0.0,437.48
LINE00011680,ORD0003890,1,PROD00268,3,941.94,565.16,2260.66
LINE00011681,ORD0003890,2,PROD00113,5,69.8,69.8,279.2
LINE00011682,ORD0003890,3,PROD00363,6,1132.31,0.0,6793.86
LINE00011683,ORD0003891,1,PROD00332,3,41.24,0.0,123.72
LINE00011684,ORD0003891,2,PROD00294,1,1030.53,51.53,979.0
LINE00011685,ORD0003892,1,PROD00476,4,608.53,243.41,2190.71
LINE00011686,ORD0003892,2,PROD00358,2,1084.9,216.98,1952.82
LINE00011687,ORD0003892,3,PROD00286,6,1091.82,327.55,6223.37
LINE00011688,ORD0003892,4,PROD00059,4,594.66,475.73,1902.91
LINE00011689,ORD0003892,5,PROD00453,3,1119.23,0.0,3357.69
LINE00011690,ORD0003893,1,PROD00436,5,476.46,476.46,1905.84
LINE00011691,ORD0003893,2,PROD00332,1,110.96,22.19,88.77
LINE00011692,ORD0003893,3,PROD00052,5,670.02,0.0,3350.1
LINE00011693,ORD0003893,4,PROD00053,1,1160.6,232.12,928.48
LINE00011694,ORD0003894,1,PROD00185,3,1188.55,0.0,3565.65
LINE00011695,ORD0003894,2,PROD00010,6,225.68,0.0,1354.08
LINE00011696,ORD0003894,3,PROD00315,3,1013.0,151.95,2887.05
LINE00011697,ORD0003894,4,PROD00036,3,624.14,0.0,1872.42
LINE00011698,ORD0003894,5,PROD00188,5,125.93,31.48,598.17
LINE00011699,ORD0003895,1,PROD00145,3,182.32,0.0,546.96
LINE00011700,ORD0003895,2,PROD00312,4,185.54,0.0,742.16
LINE00011701,ORD0003895,3,PROD00390,4,1005.11,804.09,3216.35
LINE00011702,ORD0003895,4,PROD00429,5,127.02,31.76,603.34
LINE00011703,ORD0003895,5,PROD00160,4,493.11,98.62,1873.82
LINE00011704,ORD0003896,1,PROD00108,1,535.98,0.0,535.98
LINE00011705,ORD0003897,1,PROD00402,6,912.33,0.0,5473.98
LINE00011706,ORD0003897,2,PROD00411,5,1025.68,0.0,5128.4
LINE00011707,ORD0003898,1,PROD00264,2,857.36,0.0,1714.72
LINE00011708,ORD0003898,2,PROD00053,3,786.01,117.9,2240.13
LINE00011709,ORD0003898,3,PROD00272,2,142.6,14.26,270.94
LINE00011710,ORD0003898,4,PROD00157,3,449.13,269.48,1077.91
LINE00011711,ORD0003899,1,PROD00390,4,660.94,0.0,2643.76
LINE00011712,ORD0003899,2,PROD00175,5,656.75,656.75,2627.0
LINE00011713,ORD0003899,3,PROD00068,1,731.72,0.0,731.72
LINE00011714,ORD0003899,4,PROD00297,6,134.4,161.28,645.12
LINE00011715,ORD0003899,5,PROD00478,2,90.35,9.04,171.66
LINE00011716,ORD0003900,1,PROD00252,4,986.74,197.35,3749.61
LINE00011717,ORD0003900,2,PROD00309,1,1103.53,0.0,1103.53
LINE00011718,ORD0003900,3,PROD00015,2,44.09,17.64,70.54
LINE00011719,ORD0003900,4,PROD00255,4,148.54,29.71,564.45
LINE00011720,ORD0003901,1,PROD00157,6,733.55,0.0,4401.3
LINE00011721,ORD0003901,2,PROD00340,3,445.69,0.0,1337.07
LINE00011722,ORD0003901,3,PROD00113,6,580.5,0.0,3483.0
LINE00011723,ORD0003901,4,PROD00368,1,247.01,49.4,197.61
LINE00011724,ORD0003901,5,PROD00417,5,585.53,0.0,2927.65
LINE00011725,ORD0003902,1,PROD00400,1,132.66,13.27,119.39
LINE00011726,ORD0003902,2,PROD00023,3,248.0,148.8,595.2
LINE00011727,ORD0003902,3,PROD00125,1,280.81,0.0,280.81
LINE00011728,ORD0003902,4,PROD00451,3,1183.39,177.51,3372.66
LINE00011729,ORD0003902,5,PROD00496,3,220.66,0.0,661.98
LINE00011730,ORD0003903,1,PROD00423,3,920.42,276.13,2485.13
LINE00011731,ORD0003903,2,PROD00361,2,395.96,0.0,791.92
LINE00011732,ORD0003903,3,PROD00269,1,351.84,35.18,316.66
LINE00011733,ORD0003903,4,PROD00157,3,27.79,0.0,83.37
LINE00011734,ORD0003904,1,PROD00138,5,17.1,0.0,85.5
LINE00011735,ORD0003904,2,PROD00314,5,602.81,0.0,3014.05
LINE00011736,ORD0003904,3,PROD00119,2,1092.91,109.29,2076.53
LINE00011737,ORD0003904,4,PROD00258,4,1164.66,931.73,3726.91
LINE00011738,ORD0003904,5,PROD00388,4,211.55,84.62,761.58
LINE00011739,ORD0003905,1,PROD00322,3,39.81,11.94,107.49
LINE00011740,ORD0003905,2,PROD00071,5,1057.78,0.0,5288.9
LINE00011741,ORD0003906,1,PROD00157,6,818.61,0.0,4911.66
LINE00011742,ORD0003906,2,PROD00453,3,222.28,66.68,600.16
LINE00011743,ORD0003906,3,PROD00489,5,707.72,707.72,2830.88
LINE00011744,ORD0003907,1,PROD00399,1,309.4,0.0,309.4
LINE00011745,ORD0003907,2,PROD00209,1,326.95,0.0,326.95
LINE00011746,ORD0003907,3,PROD00280,2,1030.7,412.28,1649.12
LINE00011747,ORD0003907,4,PROD00303,4,1100.34,880.27,3521.09
LINE00011748,ORD0003907,5,PROD00499,6,862.94,517.76,4659.88
LINE00011749,ORD0003908,1,PROD00045,4,388.17,0.0,1552.68
LINE00011750,ORD0003908,2,PROD00057,5,475.66,118.92,2259.38
LINE00011751,ORD0003908,3,PROD00396,3,30.87,0.0,92.61
LINE00011752,ORD0003909,1,PROD00416,3,781.37,0.0,2344.11
LINE00011753,ORD0003909,2,PROD00173,4,1039.65,0.0,4158.6
LINE00011754,ORD0003909,3,PROD00391,2,224.5,44.9,404.1
LINE00011755,ORD0003910,1,PROD00408,4,1006.24,402.5,3622.46
LINE00011756,ORD0003910,2,PROD00036,4,1168.15,233.63,4438.97
LINE00011757,ORD0003910,3,PROD00320,2,92.1,9.21,174.99
LINE00011758,ORD0003910,4,PROD00189,6,637.06,0.0,3822.36
LINE00011759,ORD0003910,5,PROD00446,4,546.08,218.43,1965.89
LINE00011760,ORD0003911,1,PROD00322,5,1150.44,0.0,5752.2
LINE00011761,ORD0003911,2,PROD00228,3,106.27,63.76,255.05
LINE00011762,ORD0003911,3,PROD00150,1,626.64,0.0,626.64
LINE00011763,ORD0003911,4,PROD00004,3,575.01,0.0,1725.03
LINE00011764,ORD0003912,1,PROD00168,1,129.86,0.0,129.86
LINE00011765,ORD0003912,2,PROD00345,6,841.45,0.0,5048.7
LINE00011766,ORD0003912,3,PROD00344,5,471.51,117.88,2239.67
LINE00011767,ORD0003912,4,PROD00346,2,675.89,0.0,1351.78
LINE00011768,ORD0003913,1,PROD00382,3,91.48,13.72,260.72
LINE00011769,ORD0003913,2,PROD00005,6,190.91,229.09,916.37
LINE00011770,ORD0003914,1,PROD00187,1,309.39,15.47,293.92
LINE00011771,ORD0003914,2,PROD00201,4,657.88,131.58,2499.94
LINE00011772,ORD0003914,3,PROD00399,6,1111.72,0.0,6670.32
LINE00011773,ORD0003915,1,PROD00360,1,249.5,0.0,249.5
LINE00011774,ORD0003915,2,PROD00418,3,61.64,0.0,184.92
LINE00011775,ORD0003915,3,PROD00126,6,223.45,0.0,1340.7
LINE00011776,ORD0003915,4,PROD00458,4,286.56,0.0,1146.24
LINE00011777,ORD0003916,1,PROD00128,4,643.44,0.0,2573.76
LINE00011778,ORD0003916,2,PROD00124,4,1070.0,0.0,4280.0
LINE00011779,ORD0003916,3,PROD00135,2,422.67,169.07,676.27
LINE00011780,ORD0003916,4,PROD00022,5,733.96,0.0,3669.8
LINE00011781,ORD0003916,5,PROD00168,5,459.13,459.13,1836.52
LINE00011782,ORD0003917,1,PROD00327,1,730.12,0.0,730.12
LINE00011783,ORD0003918,1,PROD00190,3,262.38,39.36,747.78
LINE00011784,ORD0003918,2,PROD00387,6,677.23,0.0,4063.38
LINE00011785,ORD0003918,3,PROD00216,3,268.38,40.26,764.88
LINE00011786,ORD0003919,1,PROD00350,6,740.58,222.17,4221.31
LINE00011787,ORD0003919,2,PROD00140,5,424.51,0.0,2122.55
LINE00011788,ORD0003920,1,PROD00142,2,581.77,0.0,1163.54
LINE00011789,ORD0003920,2,PROD00052,6,606.08,0.0,3636.48
LINE00011790,ORD0003921,1,PROD00450,1,997.06,0.0,997.06
LINE00011791,ORD0003921,2,PROD00490,5,1154.32,0.0,5771.6
LINE00011792,ORD0003922,1,PROD00100,4,93.06,0.0,372.24
LINE00011793,ORD0003922,2,PROD00388,3,831.12,498.67,1994.69
LINE00011794,ORD0003922,3,PROD00184,6,655.17,0.0,3931.02
LINE00011795,ORD0003922,4,PROD00345,4,1102.26,881.81,3527.23
LINE00011796,ORD0003923,1,PROD00305,1,1142.7,228.54,914.16
LINE00011797,ORD0003923,2,PROD00397,4,992.17,793.74,3174.94
LINE00011798,ORD0003923,3,PROD00004,5,749.6,374.8,3373.2
LINE00011799,ORD0003924,1,PROD00053,1,140.88,14.09,126.79
LINE00011800,ORD0003925,1,PROD00088,3,1014.89,0.0,3044.67
LINE00011801,ORD0003925,2,PROD00477,5,405.98,202.99,1826.91
LINE00011802,ORD0003925,3,PROD00274,5,278.47,0.0,1392.35
LINE00011803,ORD0003925,4,PROD00295,2,125.91,12.59,239.23
LINE00011804,ORD0003925,5,PROD00475,1,822.98,82.3,740.68
LINE00011805,ORD0003926,1,PROD00476,4,707.28,282.91,2546.21
LINE00011806,ORD0003926,2,PROD00153,1,674.85,33.74,641.11
LINE00011807,ORD0003926,3,PROD00241,3,491.84,0.0,1475.52
LINE00011808,ORD0003926,4,PROD00228,6,766.85,0.0,4601.1
LINE00011809,ORD0003927,1,PROD00032,6,1156.89,0.0,6941.34
LINE00011810,ORD0003927,2,PROD00215,1,689.93,0.0,689.93
LINE00011811,ORD0003928,1,PROD00054,2,671.63,268.65,1074.61
LINE00011812,ORD0003928,2,PROD00076,4,66.38,0.0,265.52
LINE00011813,ORD0003929,1,PROD00411,3,801.13,480.68,1922.71
LINE00011814,ORD0003929,2,PROD00094,1,570.28,114.06,456.22
LINE00011815,ORD0003929,3,PROD00431,6,564.52,0.0,3387.12
LINE00011816,ORD0003929,4,PROD00014,1,913.39,182.68,730.71
LINE00011817,ORD0003930,1,PROD00087,6,798.92,0.0,4793.52
LINE00011818,ORD0003931,1,PROD00042,6,382.79,0.0,2296.74
LINE00011819,ORD0003931,2,PROD00111,2,863.66,172.73,1554.59
LINE00011820,ORD0003931,3,PROD00319,1,611.73,0.0,611.73
LINE00011821,ORD0003932,1,PROD00074,2,1118.66,111.87,2125.45
LINE00011822,ORD0003932,2,PROD00073,2,493.63,0.0,987.26
LINE00011823,ORD0003933,1,PROD00054,1,976.77,195.35,781.42
LINE00011824,ORD0003933,2,PROD00186,4,338.48,0.0,1353.92
LINE00011825,ORD0003933,3,PROD00135,5,124.16,124.16,496.64
LINE00011826,ORD0003934,1,PROD00454,2,661.23,0.0,1322.46
LINE00011827,ORD0003934,2,PROD00229,2,482.81,0.0,965.62
LINE00011828,ORD0003934,3,PROD00265,4,198.76,159.01,636.03
LINE00011829,ORD0003934,4,PROD00349,1,820.05,82.0,738.05
LINE00011830,ORD0003935,1,PROD00175,3,954.48,0.0,2863.44
LINE00011831,ORD0003935,2,PROD00494,2,1024.38,0.0,2048.76
LINE00011832,ORD0003935,3,PROD00324,6,378.25,226.95,2042.55
LINE00011833,ORD0003935,4,PROD00486,3,600.1,90.02,1710.28
LINE00011834,ORD0003935,5,PROD00074,6,135.03,0.0,810.18
LINE00011835,ORD0003936,1,PROD00310,3,885.48,265.64,2390.8
LINE00011836,ORD0003936,2,PROD00247,5,1109.58,554.79,4993.11
LINE00011837,ORD0003936,3,PROD00494,6,598.98,0.0,3593.88
LINE00011838,ORD0003936,4,PROD00026,1,523.39,52.34,471.05
LINE00011839,ORD0003937,1,PROD00099,3,956.98,287.09,2583.85
LINE00011840,ORD0003937,2,PROD00224,6,614.15,368.49,3316.41
LINE00011841,ORD0003938,1,PROD00462,3,234.81,35.22,669.21
LINE00011842,ORD0003938,2,PROD00111,6,569.4,170.82,3245.58
LINE00011843,ORD0003938,3,PROD00278,1,538.46,107.69,430.77
LINE00011844,ORD0003938,4,PROD00430,4,159.49,0.0,637.96
LINE00011845,ORD0003939,1,PROD00444,6,263.83,158.3,1424.68
LINE00011846,ORD0003939,2,PROD00055,2,811.7,162.34,1461.06
LINE00011847,ORD0003939,3,PROD00128,2,93.7,0.0,187.4
LINE00011848,ORD0003939,4,PROD00230,5,458.26,0.0,2291.3
LINE00011849,ORD0003940,1,PROD00146,2,980.26,98.03,1862.49
LINE00011850,ORD0003940,2,PROD00082,4,1186.83,0.0,4747.32
LINE00011851,ORD0003940,3,PROD00155,2,166.73,0.0,333.46
LINE00011852,ORD0003940,4,PROD00421,4,1083.1,866.48,3465.92
LINE00011853,ORD0003940,5,PROD00101,2,744.47,297.79,1191.15
LINE00011854,ORD0003941,1,PROD00290,6,167.44,50.23,954.41
LINE00011855,ORD0003941,2,PROD00446,1,723.03,36.15,686.88
LINE00011856,ORD0003941,3,PROD00002,5,474.79,0.0,2373.95
LINE00011857,ORD0003941,4,PROD00161,2,967.28,0.0,1934.56
LINE00011858,ORD0003941,5,PROD00418,6,746.74,0.0,4480.44
LINE00011859,ORD0003942,1,PROD00301,5,521.89,521.89,2087.56
LINE00011860,ORD0003942,2,PROD00232,3,643.63,0.0,1930.89
LINE00011861,ORD0003942,3,PROD00255,1,1070.0,53.5,1016.5
LINE00011862,ORD0003943,1,PROD00147,6,467.75,561.3,2245.2
LINE00011863,ORD0003943,2,PROD00157,5,438.28,109.57,2081.83
LINE00011864,ORD0003943,3,PROD00406,6,1175.35,0.0,7052.1
LINE00011865,ORD0003944,1,PROD00308,5,950.93,475.46,4279.19
LINE00011866,ORD0003945,1,PROD00027,5,102.38,0.0,511.9
LINE00011867,ORD0003946,1,PROD00111,6,355.71,0.0,2134.26
LINE00011868,ORD0003946,2,PROD00334,6,867.26,0.0,5203.56
LINE00011869,ORD0003946,3,PROD00490,4,819.72,163.94,3114.94
LINE00011870,ORD0003946,4,PROD00273,3,815.95,0.0,2447.85
LINE00011871,ORD0003947,1,PROD00488,6,1080.24,0.0,6481.44
LINE00011872,ORD0003947,2,PROD00188,3,113.18,33.95,305.59
LINE00011873,ORD0003947,3,PROD00352,4,170.14,136.11,544.45
LINE00011874,ORD0003948,1,PROD00377,5,124.78,0.0,623.9
LINE00011875,ORD0003948,2,PROD00024,3,746.82,112.02,2128.44
LINE00011876,ORD0003949,1,PROD00453,2,464.14,0.0,928.28
LINE00011877,ORD0003949,2,PROD00283,4,711.65,142.33,2704.27
LINE00011878,ORD0003949,3,PROD00306,6,959.67,0.0,5758.02
LINE00011879,ORD0003950,1,PROD00387,4,549.24,439.39,1757.57
LINE00011880,ORD0003950,2,PROD00048,2,150.45,30.09,270.81
LINE00011881,ORD0003950,3,PROD00476,2,321.41,32.14,610.68
LINE00011882,ORD0003950,4,PROD00021,5,450.73,112.68,2140.97
LINE00011883,ORD0003951,1,PROD00080,6,1032.07,1238.48,4953.94
LINE00011884,ORD0003951,2,PROD00033,1,478.58,0.0,478.58
LINE00011885,ORD0003951,3,PROD00413,3,545.73,0.0,1637.19
LINE00011886,ORD0003952,1,PROD00058,2,305.6,122.24,488.96
LINE00011887,ORD0003953,1,PROD00078,1,424.0,21.2,402.8
LINE00011888,ORD0003953,2,PROD00128,4,247.59,49.52,940.84
LINE00011889,ORD0003953,3,PROD00308,5,394.05,98.51,1871.74
LINE00011890,ORD0003953,4,PROD00194,1,438.15,0.0,438.15
LINE00011891,ORD0003953,5,PROD00204,2,418.02,167.21,668.83
LINE00011892,ORD0003954,1,PROD00301,3,628.58,0.0,1885.74
LINE00011893,ORD0003954,2,PROD00056,1,135.29,27.06,108.23
LINE00011894,ORD0003954,3,PROD00273,4,63.76,12.75,242.29
LINE00011895,ORD0003955,1,PROD00497,6,130.33,0.0,781.98
LINE00011896,ORD0003955,2,PROD00340,4,507.39,0.0,2029.56
LINE00011897,ORD0003956,1,PROD00240,5,523.43,130.86,2486.29
LINE00011898,ORD0003956,2,PROD00355,3,171.49,25.72,488.75
LINE00011899,ORD0003956,3,PROD00405,6,436.94,131.08,2490.56
LINE00011900,ORD0003956,4,PROD00229,6,88.74,53.24,479.2
LINE00011901,ORD0003956,5,PROD00279,6,998.52,0.0,5991.12
LINE00011902,ORD0003957,1,PROD00334,4,133.06,0.0,532.24
LINE00011903,ORD0003957,2,PROD00243,2,1176.24,235.25,2117.23
LINE00011904,ORD0003957,3,PROD00334,3,303.97,0.0,911.91
LINE00011905,ORD0003957,4,PROD00012,5,1052.42,0.0,5262.1
LINE00011906,ORD0003957,5,PROD00036,3,477.4,0.0,1432.2
LINE00011907,ORD0003958,1,PROD00341,2,778.28,0.0,1556.56
LINE00011908,ORD0003958,2,PROD00143,2,51.82,0.0,103.64
LINE00011909,ORD0003958,3,PROD00034,3,650.4,195.12,1756.08
LINE00011910,ORD0003958,4,PROD00407,4,1060.66,848.53,3394.11
LINE00011911,ORD0003958,5,PROD00371,1,31.2,1.56,29.64
LINE00011912,ORD0003959,1,PROD00238,6,1062.54,637.52,5737.72
LINE00011913,ORD0003959,2,PROD00144,5,592.89,0.0,2964.45
LINE00011914,ORD0003959,3,PROD00130,1,910.92,45.55,865.37
LINE00011915,ORD0003960,1,PROD00076,5,693.29,0.0,3466.45
LINE00011916,ORD0003960,2,PROD00428,1,432.31,86.46,345.85
LINE00011917,ORD0003961,1,PROD00275,4,505.89,404.71,1618.85
LINE00011918,ORD0003961,2,PROD00109,2,682.69,68.27,1297.11
LINE00011919,ORD0003961,3,PROD00128,1,758.74,37.94,720.8
LINE00011920,ORD0003961,4,PROD00456,6,1010.26,0.0,6061.56
LINE00011921,ORD0003961,5,PROD00108,4,1125.63,225.13,4277.39
LINE00011922,ORD0003962,1,PROD00248,5,391.56,97.89,1859.91
LINE00011923,ORD0003962,2,PROD00291,3,645.04,387.02,1548.1
LINE00011924,ORD0003962,3,PROD00364,5,9.29,0.0,46.45
LINE00011925,ORD0003963,1,PROD00113,4,311.8,124.72,1122.48
LINE00011926,ORD0003963,2,PROD00080,4,417.85,167.14,1504.26
LINE00011927,ORD0003963,3,PROD00259,4,1060.02,848.02,3392.06
LINE00011928,ORD0003963,4,PROD00039,3,445.02,267.01,1068.05
LINE00011929,ORD0003963,5,PROD00029,4,475.91,0.0,1903.64
LINE00011930,ORD0003964,1,PROD00277,2,1172.66,0.0,2345.32
LINE00011931,ORD0003964,2,PROD00458,3,483.83,290.3,1161.19
LINE00011932,ORD0003964,3,PROD00413,1,761.62,38.08,723.54
LINE00011933,ORD0003965,1,PROD00029,1,491.83,0.0,491.83
LINE00011934,ORD0003965,2,PROD00500,2,939.19,187.84,1690.54
LINE00011935,ORD0003965,3,PROD00433,2,1086.28,217.26,1955.3
LINE00011936,ORD0003965,4,PROD00109,5,956.04,0.0,4780.2
LINE00011937,ORD0003966,1,PROD00076,1,158.45,7.92,150.53
LINE00011938,ORD0003966,2,PROD00246,6,1022.13,0.0,6132.78
LINE00011939,ORD0003967,1,PROD00161,2,221.73,0.0,443.46
LINE00011940,ORD0003967,2,PROD00061,3,358.09,0.0,1074.27
LINE00011941,ORD0003967,3,PROD00367,3,1063.34,0.0,3190.02
LINE00011942,ORD0003968,1,PROD00050,5,261.76,0.0,1308.8
LINE00011943,ORD0003968,2,PROD00395,4,721.64,288.66,2597.9
LINE00011944,ORD0003969,1,PROD00425,1,1026.71,0.0,1026.71
LINE00011945,ORD0003969,2,PROD00183,1,884.23,88.42,795.81
LINE00011946,ORD0003969,3,PROD00072,3,749.72,0.0,2249.16
LINE00011947,ORD0003970,1,PROD00287,6,659.48,197.84,3759.04
LINE00011948,ORD0003970,2,PROD00174,1,827.01,0.0,827.01
LINE00011949,ORD0003970,3,PROD00109,4,287.66,0.0,1150.64
LINE00011950,ORD0003971,1,PROD00158,4,26.91,0.0,107.64
LINE00011951,ORD0003971,2,PROD00082,2,617.73,123.55,1111.91
LINE00011952,ORD0003971,3,PROD00416,6,22.24,0.0,133.44
LINE00011953,ORD0003971,4,PROD00275,3,487.22,0.0,1461.66
LINE00011954,ORD0003972,1,PROD00464,2,113.54,0.0,227.08
LINE00011955,ORD0003972,2,PROD00363,1,151.49,15.15,136.34
LINE00011956,ORD0003972,3,PROD00236,5,1030.36,0.0,5151.8
LINE00011957,ORD0003973,1,PROD00245,1,424.69,21.23,403.46
LINE00011958,ORD0003973,2,PROD00241,6,1154.81,692.89,6235.97
LINE00011959,ORD0003973,3,PROD00410,3,233.78,0.0,701.34
LINE00011960,ORD0003973,4,PROD00232,6,400.87,0.0,2405.22
LINE00011961,ORD0003974,1,PROD00015,2,707.62,70.76,1344.48
LINE00011962,ORD0003974,2,PROD00263,1,1182.16,236.43,945.73
LINE00011963,ORD0003975,1,PROD00095,6,970.35,0.0,5822.1
LINE00011964,ORD0003975,2,PROD00442,5,470.82,235.41,2118.69
LINE00011965,ORD0003975,3,PROD00315,6,281.0,168.6,1517.4
LINE00011966,ORD0003975,4,PROD00491,3,600.86,0.0,1802.58
LINE00011967,ORD0003975,5,PROD00246,4,705.33,564.26,2257.06
LINE00011968,ORD0003976,1,PROD00094,4,1181.4,945.12,3780.48
LINE00011969,ORD0003977,1,PROD00124,5,17.57,4.39,83.46
LINE00011970,ORD0003977,2,PROD00097,2,788.64,315.46,1261.82
LINE00011971,ORD0003977,3,PROD00193,5,762.34,762.34,3049.36
LINE00011972,ORD0003977,4,PROD00031,5,574.91,0.0,2874.55
LINE00011973,ORD0003978,1,PROD00270,5,278.52,139.26,1253.34
LINE00011974,ORD0003978,2,PROD00468,4,1026.43,0.0,4105.72
LINE00011975,ORD0003978,3,PROD00388,3,674.31,202.29,1820.64
LINE00011976,ORD0003978,4,PROD00154,-3,756.61,-0.0,-2269.83
LINE00011977,ORD0003979,1,PROD00468,6,487.17,0.0,2923.02
LINE00011978,ORD0003979,2,PROD00236,2,171.08,34.22,307.94
LINE00011979,ORD0003979,3,PROD00127,3,1089.71,653.83,2615.3
LINE00011980,ORD0003979,4,PROD00288,5,968.52,242.13,4600.47
LINE00011981,ORD0003980,1,PROD00498,4,78.65,0.0,314.6
LINE00011982,ORD0003980,2,PROD00204,2,1078.7,0.0,2157.4
LINE00011983,ORD0003980,3,PROD00270,6,782.44,469.46,4225.18
LINE00011984,ORD0003980,4,PROD00225,2,747.01,298.8,1195.22
LINE00011985,ORD0003980,5,PROD00312,6,511.12,306.67,2760.05
LINE00011986,ORD0003981,1,PROD00456,1,343.49,34.35,309.14
LINE00011987,ORD0003981,2,PROD00440,5,644.2,161.05,3059.95
LINE00011988,ORD0003981,3,PROD00239,6,239.91,0.0,1439.46
LINE00011989,ORD0003981,4,PROD00481,4,407.9,0.0,1631.6
LINE00011990,ORD0003982,1,PROD00412,3,445.6,0.0,1336.8
LINE00011991,ORD0003983,1,PROD00474,6,236.65,0.0,1419.9
LINE00011992,ORD0003983,2,PROD00203,5,334.21,0.0,1671.05
LINE00011993,ORD0003983,3,PROD00167,2,666.67,133.33,1200.01
LINE00011994,ORD0003983,4,PROD00248,3,342.4,0.0,1027.2
LINE00011995,ORD0003983,5,PROD00371,5,998.39,499.19,4492.76
LINE00011996,ORD0003984,1,PROD00493,4,12.62,0.0,50.48
LINE00011997,ORD0003984,2,PROD00476,6,487.34,292.4,2631.64
LINE00011998,ORD0003984,3,PROD00339,5,1132.55,0.0,5662.75
LINE00011999,ORD0003984,4,PROD00163,1,124.84,12.48,112.36
LINE00012000,ORD0003984,5,PROD00113,5,1039.01,0.0,5195.05
LINE00012001,ORD0003985,1,PROD00472,5,763.18,763.18,3052.72
LINE00012002,ORD0003985,2,PROD00225,2,1012.9,0.0,2025.8
LINE00012003,ORD0003986,1,PROD00178,6,467.01,560.41,2241.65
LINE00012004,ORD0003986,2,PROD00177,1,986.12,98.61,887.51
LINE00012005,ORD0003986,3,PROD00461,6,777.11,0.0,4662.66
LINE00012006,ORD0003986,4,PROD00437,4,1075.22,0.0,4300.88
LINE00012007,ORD0003986,5,PROD00019,5,11.43,0.0,57.15
LINE00012008,ORD0003987,1,PROD00013,6,658.52,0.0,3951.12
LINE00012009,ORD0003987,2,PROD00090,4,331.08,0.0,1324.32
LINE00012010,ORD0003988,1,PROD00419,6,899.9,0.0,5399.4
LINE00012011,ORD0003988,2,PROD00038,5,111.97,0.0,559.85
LINE00012012,ORD0003988,3,PROD00342,2,634.07,63.41,1204.73
LINE00012013,ORD0003988,4,PROD00411,6,174.89,209.87,839.47
LINE00012014,ORD0003989,1,PROD00374,6,916.06,1099.27,4397.09
LINE00012015,ORD0003989,2,PROD00196,3,904.49,0.0,2713.47
LINE00012016,ORD0003989,3,PROD00402,2,1175.7,117.57,2233.83
LINE00012017,ORD0003989,4,PROD00256,5,467.14,0.0,2335.7
LINE00012018,ORD0003989,5,PROD00200,4,294.64,117.86,1060.7
LINE00012019,ORD0003990,1,PROD00445,6,109.58,32.87,624.61
LINE00012020,ORD0003990,2,PROD00187,2,310.08,124.03,496.13
LINE00012021,ORD0003991,1,PROD00213,3,939.26,0.0,2817.78
LINE00012022,ORD0003991,2,PROD00028,1,760.17,76.02,684.15
LINE00012023,ORD0003991,3,PROD00058,3,376.41,56.46,1072.77
LINE00012024,ORD0003992,1,PROD00305,5,1107.01,553.5,4981.55
LINE00012025,ORD0003992,2,PROD00042,4,682.06,0.0,2728.24
LINE00012026,ORD0003993,1,PROD00461,6,514.53,0.0,3087.18
LINE00012027,ORD0003993,2,PROD00241,3,1148.42,344.53,3100.73
LINE00012028,ORD0003993,3,PROD00345,2,104.43,0.0,208.86
LINE00012029,ORD0003993,4,PROD00380,1,793.47,0.0,793.47
LINE00012030,ORD0003994,1,PROD00187,1,447.75,0.0,447.75
LINE00012031,ORD0003994,2,PROD00101,2,818.17,0.0,1636.34
LINE00012032,ORD0003995,1,PROD00346,2,46.25,18.5,74.0
LINE00012033,ORD0003995,2,PROD00465,1,226.29,11.31,214.98
LINE00012034,ORD0003996,1,PROD00041,5,715.99,358.0,3221.95
LINE00012035,ORD0003996,2,PROD00378,5,67.3,0.0,336.5
LINE00012036,ORD0003996,3,PROD00263,1,1133.99,0.0,1133.99
LINE00012037,ORD0003997,1,PROD00254,1,936.03,187.21,748.82
LINE00012038,ORD0003997,2,PROD00361,2,1028.52,0.0,2057.04
LINE00012039,ORD0003997,3,PROD00250,3,474.78,71.22,1353.12
LINE00012040,ORD0003998,1,PROD00282,6,441.51,132.45,2516.61
LINE00012041,ORD0003998,2,PROD00273,5,1129.24,0.0,5646.2
LINE00012042,ORD0003998,3,PROD00424,2,1191.65,119.17,2264.13
LINE00012043,ORD0003998,4,PROD00135,5,107.02,0.0,535.1
LINE00012044,ORD0003998,5,PROD00299,2,288.69,0.0,577.38
LINE00012045,ORD0003999,1,PROD00281,5,502.78,251.39,2262.51
LINE00012046,ORD0004000,1,PROD00491,6,339.4,407.28,1629.12
LINE00012047,ORD0004001,1,PROD00248,5,660.43,0.0,3302.15
LINE00012048,ORD0004002,1,PROD00310,6,25.71,0.0,154.26
LINE00012049,ORD0004003,1,PROD00005,5,867.79,216.95,4122.0
LINE00012050,ORD0004004,1,PROD00487,3,899.91,0.0,2699.73
LINE00012051,ORD0004004,2,PROD00243,6,802.98,0.0,4817.88
LINE00012052,ORD0004004,3,PROD00045,6,882.81,0.0,5296.86
LINE00012053,ORD0004004,4,PROD00285,4,811.7,0.0,3246.8
LINE00012054,ORD0004005,1,PROD00005,1,343.97,0.0,343.97
LINE00012055,ORD0004005,2,PROD00159,3,496.01,297.61,1190.42
LINE00012056,ORD0004005,3,PROD00321,6,1117.8,1341.36,5365.44
LINE00012057,ORD0004005,4,PROD00138,2,24.57,0.0,49.14
LINE00012058,ORD0004005,5,PROD00268,4,369.04,0.0,1476.16
LINE00012059,ORD0004006,1,PROD00361,5,990.54,0.0,4952.7
LINE00012060,ORD0004006,2,PROD00296,3,202.64,121.58,486.34
LINE00012061,ORD0004006,3,PROD00500,2,1142.05,0.0,2284.1
LINE00012062,ORD0004007,1,PROD00473,6,66.87,80.24,320.98
LINE00012063,ORD0004007,2,PROD00340,5,18.64,0.0,93.2
LINE00012064,ORD0004008,1,PROD00120,5,1174.08,0.0,5870.4
LINE00012065,ORD0004008,2,PROD00047,2,766.31,153.26,1379.36
LINE00012066,ORD0004008,3,PROD00443,2,867.08,86.71,1647.45
LINE00012067,ORD0004009,1,PROD00080,1,578.18,0.0,578.18
LINE00012068,ORD0004009,2,PROD00390,3,304.34,0.0,913.02
LINE00012069,ORD0004009,3,PROD00094,4,1072.68,0.0,4290.72
LINE00012070,ORD0004009,4,PROD00484,4,625.21,500.17,2000.67
LINE00012071,ORD0004009,5,PROD00408,6,947.77,0.0,5686.62
LINE00012072,ORD0004010,1,PROD00224,2,35.03,0.0,70.06
LINE00012073,ORD0004010,2,PROD00250,5,795.25,397.62,3578.63
LINE00012074,ORD0004010,3,PROD00078,3,637.59,0.0,1912.77
LINE00012075,ORD0004010,4,PROD00140,3,588.56,0.0,1765.68
LINE00012076,ORD0004010,5,PROD00290,5,190.71,0.0,953.55
LINE00012077,ORD0004011,1,PROD00390,4,504.1,0.0,2016.4
LINE00012078,ORD0004011,2,PROD00294,1,907.15,45.36,861.79
LINE00012079,ORD0004011,3,PROD00013,4,311.24,124.5,1120.46
LINE00012080,ORD0004011,4,PROD00151,1,993.64,49.68,943.96
LINE00012081,ORD0004011,5,PROD00121,3,799.96,479.98,1919.9
LINE00012082,ORD0004012,1,PROD00149,1,99.84,19.97,79.87
LINE00012083,ORD0004012,2,PROD00034,1,408.56,0.0,408.56
LINE00012084,ORD0004012,3,PROD00400,6,57.59,0.0,345.54
LINE00012085,ORD0004012,4,PROD00484,1,1185.95,59.3,1126.65
LINE00012086,ORD0004013,1,PROD00429,4,1127.46,450.98,4058.86
LINE00012087,ORD0004013,2,PROD00122,4,104.2,0.0,416.8
LINE00012088,ORD0004013,3,PROD00351,3,998.12,598.87,2395.49
LINE00012089,ORD0004014,1,PROD00202,4,457.53,0.0,1830.12
LINE00012090,ORD0004014,2,PROD00044,5,64.81,32.41,291.64
LINE00012091,ORD0004014,3,PROD00124,1,1051.34,52.57,998.77
LINE00012092,ORD0004014,4,PROD00192,2,283.87,0.0,567.74
LINE00012093,ORD0004014,5,PROD00109,2,529.2,52.92,1005.48
LINE00012094,ORD0004015,1,PROD00321,4,77.67,62.14,248.54
LINE00012095,ORD0004016,1,PROD00346,6,1054.72,0.0,6328.32
LINE00012096,ORD0004016,2,PROD00490,4,899.44,359.78,3237.98
LINE00012097,ORD0004017,1,PROD00128,4,635.03,0.0,2540.12
LINE00012098,ORD0004017,2,PROD00119,6,863.1,0.0,5178.6
LINE00012099,ORD0004017,3,PROD00477,1,511.74,51.17,460.57
LINE00012100,ORD0004017,4,PROD00461,3,643.13,0.0,1929.39
LINE00012101,ORD0004017,5,PROD00019,5,97.99,24.5,465.45
LINE00012102,ORD0004018,1,PROD00452,5,950.21,0.0,4751.05
LINE00012103,ORD0004018,2,PROD00371,1,582.12,0.0,582.12
LINE00012104,ORD0004018,3,PROD00021,3,1051.6,157.74,2997.06
LINE00012105,ORD0004019,1,PROD00264,1,745.22,0.0,745.22
LINE00012106,ORD0004020,1,PROD00394,2,324.25,0.0,648.5
LINE00012107,ORD0004020,2,PROD00485,1,755.98,0.0,755.98
LINE00012108,ORD0004020,3,PROD00006,5,581.6,0.0,2908.0
LINE00012109,ORD0004020,4,PROD00414,2,979.52,0.0,1959.04
LINE00012110,ORD0004021,1,PROD00198,3,1025.01,307.5,2767.53
LINE00012111,ORD0004022,1,PROD00447,1,936.64,187.33,749.31
LINE00012112,ORD0004022,2,PROD00444,4,909.83,727.86,2911.46
LINE00012113,ORD0004022,3,PROD00463,1,16.27,3.25,13.02
LINE00012114,ORD0004022,4,PROD00076,4,319.34,255.47,1021.89
LINE00012115,ORD0004022,5,PROD00146,4,1008.68,0.0,4034.72
LINE00012116,ORD0004023,1,PROD00074,3,267.72,80.32,722.84
LINE00012117,ORD0004023,2,PROD00142,6,182.59,219.11,876.43
LINE00012118,ORD0004024,1,PROD00497,5,1116.36,0.0,5581.8
LINE00012119,ORD0004024,2,PROD00049,3,292.19,0.0,876.57
LINE00012120,ORD0004025,1,PROD00247,2,377.55,75.51,679.59
LINE00012121,ORD0004026,1,PROD00014,2,1190.9,119.09,2262.71
LINE00012122,ORD0004026,2,PROD00354,6,479.43,0.0,2876.58
LINE00012123,ORD0004026,3,PROD00064,3,887.65,0.0,2662.95
LINE00012124,ORD0004027,1,PROD00319,2,769.14,0.0,1538.28
LINE00012125,ORD0004028,1,PROD00032,2,532.3,0.0,1064.6
LINE00012126,ORD0004028,2,PROD00312,6,753.89,0.0,4523.34
LINE00012127,ORD0004028,3,PROD00261,3,211.18,0.0,633.54
LINE00012128,ORD0004028,4,PROD00160,3,161.22,0.0,483.66
LINE00012129,ORD0004029,1,PROD00003,2,850.91,340.36,1361.46
LINE00012130,ORD0004029,2,PROD00031,4,1065.04,0.0,4260.16
LINE00012131,ORD0004030,1,PROD00278,1,1096.5,54.83,1041.67
LINE00012132,ORD0004030,2,PROD00101,2,1132.01,113.2,2150.82
LINE00012133,ORD0004030,3,PROD00360,3,890.75,133.61,2538.64
LINE00012134,ORD0004031,1,PROD00345,6,762.77,228.83,4347.79
LINE00012135,ORD0004031,2,PROD00247,3,179.6,26.94,511.86
LINE00012136,ORD0004032,1,PROD00125,5,720.34,360.17,3241.53
LINE00012137,ORD0004032,2,PROD00319,3,869.93,0.0,2609.79
LINE00012138,ORD0004032,3,PROD00475,5,154.16,38.54,732.26
LINE00012139,ORD0004033,1,PROD00008,4,999.73,199.95,3798.97
LINE00012140,ORD0004033,2,PROD00105,4,203.07,81.23,731.05
LINE00012141,ORD0004034,1,PROD00231,4,196.2,0.0,784.8
LINE00012142,ORD0004034,2,PROD00427,3,320.97,0.0,962.91
LINE00012143,ORD0004034,3,PROD00468,3,256.01,38.4,729.63
LINE00012144,ORD0004034,4,PROD00400,4,1083.77,433.51,3901.57
LINE00012145,ORD0004035,1,PROD00306,1,942.5,94.25,848.25
LINE00012146,ORD0004035,2,PROD00040,5,308.5,308.5,1234.0
LINE00012147,ORD0004035,3,PROD00400,5,443.1,0.0,2215.5
LINE00012148,ORD0004035,4,PROD00236,5,513.65,256.82,2311.43
LINE00012149,ORD0004036,1,PROD00360,4,653.87,523.1,2092.38
LINE00012150,ORD0004036,2,PROD00045,5,359.43,89.86,1707.29
LINE00012151,ORD0004037,1,PROD00382,5,803.84,0.0,4019.2
LINE00012152,ORD0004037,2,PROD00102,2,346.33,138.53,554.13
LINE00012153,ORD0004037,3,PROD00448,6,115.44,34.63,658.01
LINE00012154,ORD0004037,4,PROD00016,4,445.61,356.49,1425.95
LINE00012155,ORD0004037,5,PROD00055,6,253.87,304.64,1218.58
LINE00012156,ORD0004038,1,PROD00264,5,243.38,121.69,1095.21
LINE00012157,ORD0004039,1,PROD00234,5,439.61,0.0,2198.05
LINE00012158,ORD0004039,2,PROD00383,5,1122.65,0.0,5613.25
LINE00012159,ORD0004040,1,PROD00267,4,638.41,510.73,2042.91
LINE00012160,ORD0004040,2,PROD00300,5,922.07,0.0,4610.35
LINE00012161,ORD0004040,3,PROD00105,4,1094.42,0.0,4377.68
LINE00012162,ORD0004040,4,PROD00051,1,319.85,0.0,319.85
LINE00012163,ORD0004041,1,PROD00453,3,293.84,0.0,881.52
LINE00012164,ORD0004041,2,PROD00139,1,332.17,0.0,332.17
LINE00012165,ORD0004042,1,PROD00388,1,1013.51,0.0,1013.51
LINE00012166,ORD0004042,2,PROD00064,1,1014.74,202.95,811.79
LINE00012167,ORD0004042,3,PROD00457,2,386.65,38.66,734.64
LINE00012168,ORD0004043,1,PROD00181,4,1033.14,826.51,3306.05
LINE00012169,ORD0004043,2,PROD00313,4,122.11,0.0,488.44
LINE00012170,ORD0004043,3,PROD00023,2,859.1,0.0,1718.2
LINE00012171,ORD0004043,4,PROD00470,1,700.62,35.03,665.59
LINE00012172,ORD0004044,1,PROD00250,2,697.24,139.45,1255.03
LINE00012173,ORD0004044,2,PROD00308,3,574.06,172.22,1549.96
LINE00012174,ORD0004045,1,PROD00053,6,593.96,178.19,3385.57
LINE00012175,ORD0004045,2,PROD00185,2,528.03,52.8,1003.26
LINE00012176,ORD0004045,3,PROD00355,1,1124.54,0.0,1124.54
LINE00012177,ORD0004045,4,PROD00417,5,196.17,196.17,784.68
LINE00012178,ORD0004046,1,PROD00210,1,77.12,7.71,69.41
LINE00012179,ORD0004047,1,PROD00044,1,28.33,0.0,28.33
LINE00012180,ORD0004047,2,PROD00124,5,1168.19,1168.19,4672.76
LINE00012181,ORD0004047,3,PROD00019,4,491.27,0.0,1965.08
LINE00012182,ORD0004047,4,PROD00045,4,465.98,93.2,1770.72
LINE00012183,ORD0004047,5,PROD00042,1,1016.27,0.0,1016.27
LINE00012184,ORD0004048,1,PROD00059,6,543.95,0.0,3263.7
LINE00012185,ORD0004049,1,PROD00126,6,639.79,383.87,3454.87
LINE00012186,ORD0004049,2,PROD00037,3,538.78,0.0,1616.34
LINE00012187,ORD0004049,3,PROD00016,1,131.48,26.3,105.18
LINE00012188,ORD0004049,4,PROD00004,4,66.2,0.0,264.8
LINE00012189,ORD0004049,5,PROD00300,6,1186.14,0.0,7116.84
LINE00012190,ORD0004050,1,PROD00059,2,581.67,58.17,1105.17
LINE00012191,ORD0004050,2,PROD00189,2,1007.34,0.0,2014.68
LINE00012192,ORD0004050,3,PROD00468,3,143.87,0.0,431.61
LINE00012193,ORD0004050,4,PROD00066,1,270.52,54.1,216.42
LINE00012194,ORD0004051,1,PROD00433,6,164.22,49.27,936.05
LINE00012195,ORD0004051,2,PROD00014,3,56.1,16.83,151.47
LINE00012196,ORD0004052,1,PROD00370,4,763.28,610.62,2442.5
LINE00012197,ORD0004053,1,PROD00292,6,828.56,248.57,4722.79
LINE00012198,ORD0004054,1,PROD00144,5,870.68,0.0,4353.4
LINE00012199,ORD0004054,2,PROD00396,3,533.57,160.07,1440.64
LINE00012200,ORD0004054,3,PROD00133,5,333.12,0.0,1665.6
LINE00012201,ORD0004055,1,PROD00024,3,92.52,0.0,277.56
LINE00012202,ORD0004055,2,PROD00365,3,1032.29,0.0,3096.87
LINE00012203,ORD0004056,1,PROD00281,3,612.73,367.64,1470.55
LINE00012204,ORD0004057,1,PROD00223,2,978.14,0.0,1956.28
LINE00012205,ORD0004057,2,PROD00281,5,870.53,870.53,3482.12
LINE00012206,ORD0004057,3,PROD00132,4,745.17,596.14,2384.54
LINE00012207,ORD0004058,1,PROD00263,2,40.09,4.01,76.17
LINE00012208,ORD0004058,2,PROD00236,5,1139.95,0.0,5699.75
LINE00012209,ORD0004058,3,PROD00444,6,1075.07,0.0,6450.42
LINE00012210,ORD0004059,1,PROD00033,1,753.51,0.0,753.51
LINE00012211,ORD0004059,2,PROD00020,2,32.41,0.0,64.82
LINE00012212,ORD0004059,3,PROD00180,3,612.07,0.0,1836.21
LINE00012213,ORD0004059,4,PROD00478,6,869.24,260.77,4954.67
LINE00012214,ORD0004060,1,PROD00157,2,1066.52,0.0,2133.04
LINE00012215,ORD0004060,2,PROD00447,1,272.2,54.44,217.76
LINE00012216,ORD0004060,3,PROD00220,2,91.9,36.76,147.04
LINE00012217,ORD0004060,4,PROD00288,1,1135.77,56.79,1078.98
LINE00012218,ORD0004060,5,PROD00146,1,1055.45,211.09,844.36
LINE00012219,ORD0004061,1,PROD00437,5,830.52,415.26,3737.34
LINE00012220,ORD0004061,2,PROD00376,3,996.08,149.41,2838.83
LINE00012221,ORD0004062,1,PROD00002,3,533.63,0.0,1600.89
LINE00012222,ORD0004062,2,PROD00254,3,360.68,54.1,1027.94
LINE00012223,ORD0004062,3,PROD00173,3,962.51,577.51,2310.02
LINE00012224,ORD0004062,4,PROD00401,2,102.86,20.57,185.15
LINE00012225,ORD0004062,5,PROD00103,4,578.45,0.0,2313.8
LINE00012226,ORD0004063,1,PROD00384,2,1107.25,110.73,2103.77
LINE00012227,ORD0004063,2,PROD00495,6,676.56,811.87,3247.49
LINE00012228,ORD0004063,3,PROD00339,2,762.05,76.2,1447.9
LINE00012229,ORD0004063,4,PROD00047,3,52.55,31.53,126.12
LINE00012230,ORD0004064,1,PROD00186,6,1190.35,357.11,6784.99
LINE00012231,ORD0004064,2,PROD00081,4,1176.5,0.0,4706.0
LINE00012232,ORD0004064,3,PROD00057,2,667.18,66.72,1267.64
LINE00012233,ORD0004064,4,PROD00094,2,627.27,0.0,1254.54
LINE00012234,ORD0004065,1,PROD00280,6,937.19,0.0,5623.14
LINE00012235,ORD0004066,1,PROD00146,6,1141.94,1370.33,5481.31
LINE00012236,ORD0004066,2,PROD00210,6,11.38,0.0,68.28
LINE00012237,ORD0004066,3,PROD00200,2,582.84,0.0,1165.68
LINE00012238,ORD0004066,4,PROD00066,2,696.78,0.0,1393.56
LINE00012239,ORD0004067,1,PROD00220,2,718.96,0.0,1437.92
LINE00012240,ORD0004067,2,PROD00410,4,313.35,0.0,1253.4
LINE00012241,ORD0004067,3,PROD00266,2,1019.94,0.0,2039.88
LINE00012242,ORD0004068,1,PROD00248,4,814.57,0.0,3258.28
LINE00012243,ORD0004068,2,PROD00383,3,715.02,214.51,1930.55
LINE00012244,ORD0004069,1,PROD00039,4,913.1,0.0,3652.4
LINE00012245,ORD0004070,1,PROD00365,4,35.61,0.0,142.44
LINE00012246,ORD0004071,1,PROD00008,3,1106.54,663.92,2655.7
LINE00012247,ORD0004071,2,PROD00215,2,515.18,0.0,1030.36
LINE00012248,ORD0004072,1,PROD00057,5,173.47,86.74,780.61
LINE00012249,ORD0004073,1,PROD00358,6,535.76,0.0,3214.56
LINE00012250,ORD0004073,2,PROD00244,5,336.0,168.0,1512.0
LINE00012251,ORD0004073,3,PROD00082,3,862.61,517.57,2070.26
LINE00012252,ORD0004074,1,PROD00449,1,961.49,192.3,769.19
LINE00012253,ORD0004074,2,PROD00315,6,702.55,0.0,4215.3
LINE00012254,ORD0004074,3,PROD00296,5,788.81,394.4,3549.65
LINE00012255,ORD0004074,4,PROD00096,4,275.56,0.0,1102.24
LINE00012256,ORD0004074,5,PROD00444,2,116.77,0.0,233.54
LINE00012257,ORD0004075,1,PROD00206,5,866.4,0.0,4332.0
LINE00012258,ORD0004075,2,PROD00120,5,988.57,0.0,4942.85
LINE00012259,ORD0004075,3,PROD00456,5,396.69,0.0,1983.45
LINE00012260,ORD0004076,1,PROD00196,3,969.25,290.78,2616.97
LINE00012261,ORD0004076,2,PROD00041,6,63.43,0.0,380.58
LINE00012262,ORD0004076,3,PROD00319,4,795.63,0.0,3182.52
LINE00012263,ORD0004077,1,PROD00393,1,62.3,12.46,49.84
LINE00012264,ORD0004078,1,PROD00275,1,739.54,147.91,591.63
LINE00012265,ORD0004078,2,PROD00112,6,1183.66,710.2,6391.76
LINE00012266,ORD0004079,1,PROD00252,4,835.36,0.0,3341.44
LINE00012267,ORD0004079,2,PROD00189,2,232.32,0.0,464.64
LINE00012268,ORD0004079,3,PROD00037,4,836.31,167.26,3177.98
LINE00012269,ORD0004079,4,PROD00197,3,1062.24,0.0,3186.72
LINE00012270,ORD0004079,5,PROD00080,2,139.48,0.0,278.96
LINE00012271,ORD0004080,1,PROD00421,5,712.91,356.45,3208.1
LINE00012272,ORD0004080,2,PROD00150,5,683.52,683.52,2734.08
LINE00012273,ORD0004080,3,PROD00424,6,155.42,46.63,885.89
LINE00012274,ORD0004081,1,PROD00078,6,146.93,0.0,881.58
LINE00012275,ORD0004082,1,PROD00424,1,224.28,44.86,179.42
LINE00012276,ORD0004082,2,PROD00325,3,112.74,0.0,338.22
LINE00012277,ORD0004083,1,PROD00183,4,577.89,115.58,2195.98
LINE00012278,ORD0004083,2,PROD00417,6,814.23,488.54,4396.84
LINE00012279,ORD0004084,1,PROD00420,3,301.94,0.0,905.82
LINE00012280,ORD0004084,2,PROD00356,3,201.37,0.0,604.11
LINE00012281,ORD0004085,1,PROD00200,3,687.28,103.09,1958.75
LINE00012282,ORD0004085,2,PROD00091,2,363.71,72.74,654.68
LINE00012283,ORD0004085,3,PROD00319,5,922.94,461.47,4153.23
LINE00012284,ORD0004085,4,PROD00472,4,791.98,316.79,2851.13
LINE00012285,ORD0004086,1,PROD00345,3,204.36,61.31,551.77
LINE00012286,ORD0004086,2,PROD00021,2,622.67,62.27,1183.07
LINE00012287,ORD0004086,3,PROD00138,2,1092.29,0.0,2184.58
LINE00012288,ORD0004086,4,PROD00077,3,653.95,0.0,1961.85
LINE00012289,ORD0004087,1,PROD00448,6,275.58,82.67,1570.81
LINE00012290,ORD0004087,2,PROD00118,4,161.39,64.56,581.0
LINE00012291,ORD0004087,3,PROD00154,6,667.79,400.67,3606.07
LINE00012292,ORD0004088,1,PROD00209,1,800.21,80.02,720.19
LINE00012293,ORD0004088,2,PROD00410,2,1059.12,105.91,2012.33
LINE00012294,ORD0004088,3,PROD00041,6,1001.99,601.19,5410.75
LINE00012295,ORD0004088,4,PROD00213,5,341.49,341.49,1365.96
LINE00012296,ORD0004089,1,PROD00168,5,1005.9,0.0,5029.5
LINE00012297,ORD0004089,2,PROD00195,1,1020.51,0.0,1020.51
LINE00012298,ORD0004089,3,PROD00495,6,186.83,56.05,1064.93
LINE00012299,ORD0004089,4,PROD00494,3,448.86,0.0,1346.58
LINE00012300,ORD0004090,1,PROD00356,5,309.18,154.59,1391.31
LINE00012301,ORD0004090,2,PROD00262,4,203.18,81.27,731.45
LINE00012302,ORD0004091,1,PROD00062,6,825.31,990.37,3961.49
LINE00012303,ORD0004091,2,PROD00357,3,450.74,270.44,1081.78
LINE00012304,ORD0004091,3,PROD00148,2,668.23,133.65,1202.81
LINE00012305,ORD0004092,1,PROD00424,5,788.03,0.0,3940.15
LINE00012306,ORD0004092,2,PROD00238,6,290.06,0.0,1740.36
LINE00012307,ORD0004092,3,PROD00292,2,465.76,0.0,931.52
LINE00012308,ORD0004092,4,PROD00221,2,595.18,59.52,1130.84
LINE00012309,ORD0004093,1,PROD00053,1,1100.66,0.0,1100.66
LINE00012310,ORD0004094,1,PROD00429,4,912.97,0.0,3651.88
LINE00012311,ORD0004094,2,PROD00356,3,891.66,535.0,2139.98
LINE00012312,ORD0004094,3,PROD00377,5,900.66,0.0,4503.3
LINE00012313,ORD0004094,4,PROD00363,6,7.87,0.0,47.22
LINE00012314,ORD0004095,1,PROD00229,4,73.39,29.36,264.2
LINE00012315,ORD0004095,2,PROD00147,2,1088.61,435.44,1741.78
LINE00012316,ORD0004095,3,PROD00224,1,1187.61,0.0,1187.61
LINE00012317,ORD0004095,4,PROD00141,4,877.01,175.4,3332.64
LINE00012318,ORD0004095,5,PROD00141,6,802.41,962.89,3851.57
LINE00012319,ORD0004096,1,PROD00440,3,513.59,0.0,1540.77
LINE00012320,ORD0004097,1,PROD00269,6,803.55,0.0,4821.3
LINE00012321,ORD0004098,1,PROD00420,2,187.77,37.55,337.99
LINE00012322,ORD0004098,2,PROD00453,3,896.53,0.0,2689.59
LINE00012323,ORD0004098,3,PROD00470,5,751.93,751.93,3007.72
LINE00012324,ORD0004098,4,PROD00397,6,733.2,0.0,4399.2
LINE00012325,ORD0004099,1,PROD00114,5,23.14,23.14,92.56
LINE00012326,ORD0004099,2,PROD00486,3,506.6,0.0,1519.8
LINE00012327,ORD0004100,1,PROD00437,2,354.75,0.0,709.5
LINE00012328,ORD0004100,2,PROD00360,2,35.85,0.0,71.7
LINE00012329,ORD0004101,1,PROD00174,1,667.05,133.41,533.64
LINE00012330,ORD0004101,2,PROD00095,6,332.3,398.76,1595.04
LINE00012331,ORD0004102,1,PROD00308,6,375.33,225.2,2026.78
LINE00012332,ORD0004102,2,PROD00480,5,261.94,65.48,1244.22
LINE00012333,ORD0004103,1,PROD00324,2,604.31,0.0,1208.62
LINE00012334,ORD0004103,2,PROD00391,4,64.8,25.92,233.28
LINE00012335,ORD0004103,3,PROD00366,4,755.51,0.0,3022.04
LINE00012336,ORD0004103,4,PROD00150,6,919.21,0.0,5515.26
LINE00012337,ORD0004104,1,PROD00031,4,304.44,243.55,974.21
LINE00012338,ORD0004104,2,PROD00017,1,799.74,159.95,639.79
LINE00012339,ORD0004104,3,PROD00320,5,324.2,0.0,1621.0
LINE00012340,ORD0004104,4,PROD00433,6,1116.72,0.0,6700.32
LINE00012341,ORD0004105,1,PROD00327,4,920.46,736.37,2945.47
LINE00012342,ORD0004106,1,PROD00054,3,624.23,0.0,1872.69
LINE00012343,ORD0004106,2,PROD00072,3,476.63,0.0,1429.89
LINE00012344,ORD0004107,1,PROD00387,2,28.05,5.61,50.49
LINE00012345,ORD0004107,2,PROD00264,3,1010.8,606.48,2425.92
LINE00012346,ORD0004107,3,PROD00332,6,343.45,0.0,2060.7
LINE00012347,ORD0004108,1,PROD00371,3,1177.57,353.27,3179.44
LINE00012348,ORD0004108,2,PROD00373,1,872.45,0.0,872.45
LINE00012349,ORD0004108,3,PROD00060,6,1055.39,0.0,6332.34
LINE00012350,ORD0004109,1,PROD00184,4,355.22,142.09,1278.79
LINE00012351,ORD0004109,2,PROD00140,1,233.84,0.0,233.84
LINE00012352,ORD0004109,3,PROD00065,3,735.07,441.04,1764.17
LINE00012353,ORD0004109,4,PROD00370,3,1089.56,0.0,3268.68
LINE00012354,ORD0004110,1,PROD00436,3,944.76,566.86,2267.42
LINE00012355,ORD0004111,1,PROD00468,2,393.36,0.0,786.72
LINE00012356,ORD0004112,1,PROD00142,6,499.9,599.88,2399.52
LINE00012357,ORD0004112,2,PROD00369,1,35.71,3.57,32.14
LINE00012358,ORD0004113,1,PROD00180,5,790.37,197.59,3754.26
LINE00012359,ORD0004113,2,PROD00322,3,750.05,225.01,2025.14
LINE00012360,ORD0004114,1,PROD00349,5,1012.47,253.12,4809.23
LINE00012361,ORD0004114,2,PROD00101,4,512.39,0.0,2049.56
LINE00012362,ORD0004114,3,PROD00265,1,511.07,0.0,511.07
LINE00012363,ORD0004114,4,PROD00245,4,379.94,0.0,1519.76
LINE00012364,ORD0004115,1,PROD00442,4,771.42,0.0,3085.68
LINE00012365,ORD0004115,2,PROD00282,4,200.42,0.0,801.68
LINE00012366,ORD0004115,3,PROD00235,3,614.3,92.14,1750.76
LINE00012367,ORD0004115,4,PROD00149,3,402.72,120.82,1087.34
LINE00012368,ORD0004115,5,PROD00061,5,885.96,442.98,3986.82
LINE00012369,ORD0004116,1,PROD00124,4,457.77,91.55,1739.53
LINE00012370,ORD0004117,1,PROD00092,6,902.13,0.0,5412.78
LINE00012371,ORD0004117,2,PROD00309,2,968.29,193.66,1742.92
LINE00012372,ORD0004117,3,PROD00184,1,349.82,0.0,349.82
LINE00012373,ORD0004118,1,PROD00486,6,687.0,0.0,4122.0
LINE00012374,ORD0004119,1,PROD00079,1,765.5,0.0,765.5
LINE00012375,ORD0004119,2,PROD00330,6,52.18,0.0,313.08
LINE00012376,ORD0004119,3,PROD00187,2,345.02,0.0,690.04
LINE00012377,ORD0004119,4,PROD00207,1,736.05,147.21,588.84
LINE00012378,ORD0004120,1,PROD00119,5,1161.18,0.0,5805.9
LINE00012379,ORD0004121,1,PROD00287,4,212.67,85.07,765.61
LINE00012380,ORD0004121,2,PROD00315,1,1021.82,102.18,919.64
LINE00012381,ORD0004121,3,PROD00082,6,733.78,0.0,4402.68
LINE00012382,ORD0004121,4,PROD00421,5,1098.38,0.0,5491.9
LINE00012383,ORD0004121,5,PROD00433,1,982.82,98.28,884.54
LINE00012384,ORD0004122,1,PROD00311,4,1027.91,822.33,3289.31
LINE00012385,ORD0004122,2,PROD00111,2,1160.15,464.06,1856.24
LINE00012386,ORD0004123,1,PROD00407,3,942.27,282.68,2544.13
LINE00012387,ORD0004123,2,PROD00349,1,76.03,0.0,76.03
LINE00012388,ORD0004124,1,PROD00355,2,1025.71,205.14,1846.28
LINE00012389,ORD0004124,2,PROD00435,1,502.39,0.0,502.39
LINE00012390,ORD0004125,1,PROD00094,3,257.14,0.0,771.42
LINE00012391,ORD0004125,2,PROD00190,6,136.76,0.0,820.56
LINE00012392,ORD0004125,3,PROD00445,5,837.72,418.86,3769.74
LINE00012393,ORD0004126,1,PROD00063,1,735.53,0.0,735.53
LINE00012394,ORD0004127,1,PROD00183,2,69.36,27.74,110.98
LINE00012395,ORD0004128,1,PROD00131,4,29.47,0.0,117.88
LINE00012396,ORD0004128,2,PROD00141,6,88.56,106.27,425.09
LINE00012397,ORD0004129,1,PROD00262,1,851.09,0.0,851.09
LINE00012398,ORD0004129,2,PROD00184,6,13.73,0.0,82.38
LINE00012399,ORD0004129,3,PROD00171,3,1152.19,0.0,3456.57
LINE00012400,ORD0004130,1,PROD00193,6,755.02,453.01,4077.11
LINE00012401,ORD0004130,2,PROD00206,3,322.05,0.0,966.15
LINE00012402,ORD0004130,3,PROD00244,3,472.86,0.0,1418.58
LINE00012403,ORD0004131,1,PROD00128,6,252.18,302.62,1210.46
LINE00012404,ORD0004131,2,PROD00336,3,133.88,0.0,401.64
LINE00012405,ORD0004132,1,PROD00153,2,1175.92,235.18,2116.66
LINE00012406,ORD0004132,2,PROD00441,3,647.96,0.0,1943.88
LINE00012407,ORD0004132,3,PROD00357,4,908.12,0.0,3632.48
LINE00012408,ORD0004132,4,PROD00394,1,1194.87,119.49,1075.38
LINE00012409,ORD0004133,1,PROD00405,5,122.21,0.0,611.05
LINE00012410,ORD0004134,1,PROD00118,2,284.37,113.75,454.99
LINE00012411,ORD0004134,2,PROD00043,2,174.41,17.44,331.38
LINE00012412,ORD0004134,3,PROD00005,5,890.21,0.0,4451.05
LINE00012413,ORD0004134,4,PROD00005,2,55.92,11.18,100.66
LINE00012414,ORD0004135,1,PROD00376,3,537.56,161.27,1451.41
LINE00012415,ORD0004135,2,PROD00012,3,857.54,0.0,2572.62
LINE00012416,ORD0004135,3,PROD00051,6,655.31,786.37,3145.49
LINE00012417,ORD0004135,4,PROD00136,6,1145.5,343.65,6529.35
LINE00012418,ORD0004136,1,PROD00022,1,880.43,44.02,836.41
LINE00012419,ORD0004136,2,PROD00457,4,192.37,0.0,769.48
LINE00012420,ORD0004136,3,PROD00278,1,1192.63,238.53,954.1
LINE00012421,ORD0004137,1,PROD00081,3,486.5,72.98,1386.52
LINE00012422,ORD0004137,2,PROD00427,5,618.48,309.24,2783.16
LINE00012423,ORD0004137,3,PROD00097,5,556.13,278.06,2502.59
LINE00012424,ORD0004137,4,PROD00099,3,614.41,0.0,1843.23
LINE00012425,ORD0004137,5,PROD00222,3,762.38,114.36,2172.78
LINE00012426,ORD0004138,1,PROD00085,1,298.3,0.0,298.3
LINE00012427,ORD0004138,2,PROD00011,5,100.88,0.0,504.4
LINE00012428,ORD0004138,3,PROD00239,3,810.87,0.0,2432.61
LINE00012429,ORD0004139,1,PROD00477,5,638.29,0.0,3191.45
LINE00012430,ORD0004140,1,PROD00403,5,914.37,0.0,4571.85
LINE00012431,ORD0004140,2,PROD00163,3,957.57,143.64,2729.07
LINE00012432,ORD0004140,3,PROD00287,2,368.27,73.65,662.89
LINE00012433,ORD0004140,4,PROD00103,2,514.62,0.0,1029.24
LINE00012434,ORD0004140,5,PROD00022,3,260.29,0.0,780.87
LINE00012435,ORD0004141,1,PROD00346,2,157.18,62.87,251.49
LINE00012436,ORD0004141,2,PROD00304,2,678.69,67.87,1289.51
LINE00012437,ORD0004141,3,PROD00082,1,22.07,0.0,22.07
LINE00012438,ORD0004141,4,PROD00432,3,868.49,521.09,2084.38
LINE00012439,ORD0004142,1,PROD00318,3,343.63,51.54,979.35
LINE00012440,ORD0004143,1,PROD00358,3,981.15,0.0,2943.45
LINE00012441,ORD0004143,2,PROD00460,5,385.38,385.38,1541.52
LINE00012442,ORD0004143,3,PROD00269,1,142.18,0.0,142.18
LINE00012443,ORD0004143,4,PROD00051,2,619.95,0.0,1239.9
LINE00012444,ORD0004143,5,PROD00137,1,495.49,0.0,495.49
LINE00012445,ORD0004144,1,PROD00396,1,1056.52,52.83,1003.69
LINE00012446,ORD0004144,2,PROD00123,3,305.18,91.55,823.99
LINE00012447,ORD0004144,3,PROD00140,6,764.11,458.47,4126.19
LINE00012448,ORD0004144,4,PROD00109,2,737.17,294.87,1179.47
LINE00012449,ORD0004145,1,PROD00340,2,1188.2,118.82,2257.58
LINE00012450,ORD0004145,2,PROD00291,4,779.71,0.0,3118.84
LINE00012451,ORD0004145,3,PROD00157,4,264.87,0.0,1059.48
LINE00012452,ORD0004145,4,PROD00466,6,88.95,0.0,533.7
LINE00012453,ORD0004146,1,PROD00461,5,1153.68,1153.68,4614.72
LINE00012454,ORD0004147,1,PROD00342,5,689.29,0.0,3446.45
LINE00012455,ORD0004147,2,PROD00463,3,497.13,149.14,1342.25
LINE00012456,ORD0004147,3,PROD00259,6,1098.14,0.0,6588.84
LINE00012457,ORD0004147,4,PROD00311,4,315.1,252.08,1008.32
LINE00012458,ORD0004147,5,PROD00061,1,600.27,30.01,570.26
LINE00012459,ORD0004148,1,PROD00139,3,920.15,0.0,2760.45
LINE00012460,ORD0004148,2,PROD00214,2,778.15,0.0,1556.3
LINE00012461,ORD0004148,3,PROD00339,6,255.8,0.0,1534.8
LINE00012462,ORD0004148,4,PROD00128,1,151.46,7.57,143.89
LINE00012463,ORD0004148,5,PROD00307,2,1063.88,0.0,2127.76
LINE00012464,ORD0004149,1,PROD00206,2,925.89,0.0,1851.78
LINE00012465,ORD0004149,2,PROD00280,1,596.91,59.69,537.22
LINE00012466,ORD0004150,1,PROD00310,3,769.49,230.85,2077.62
LINE00012467,ORD0004150,2,PROD00278,5,974.96,0.0,4874.8
LINE00012468,ORD0004150,3,PROD00270,4,373.28,0.0,1493.12
LINE00012469,ORD0004151,1,PROD00138,2,149.3,0.0,298.6
LINE00012470,ORD0004151,2,PROD00192,1,599.56,119.91,479.65
LINE00012471,ORD0004151,3,PROD00410,5,905.3,0.0,4526.5
LINE00012472,ORD0004152,1,PROD00439,3,1085.84,325.75,2931.77
LINE00012473,ORD0004152,2,PROD00328,6,817.14,245.14,4657.7
LINE00012474,ORD0004152,3,PROD00397,1,343.8,68.76,275.04
LINE00012475,ORD0004152,4,PROD00059,-3,876.12,-0.0,-2628.36
LINE00012476,ORD0004153,1,PROD00250,5,98.88,0.0,494.4
LINE00012477,ORD0004153,2,PROD00239,1,683.98,0.0,683.98
LINE00012478,ORD0004153,3,PROD00057,2,1179.78,0.0,2359.56
LINE00012479,ORD0004154,1,PROD00237,2,85.75,8.58,162.92
LINE00012480,ORD0004154,2,PROD00148,4,109.31,21.86,415.38
LINE00012481,ORD0004154,3,PROD00056,2,423.2,169.28,677.12
LINE00012482,ORD0004154,4,PROD00123,2,461.03,92.21,829.85
LINE00012483,ORD0004155,1,PROD00411,1,1162.62,58.13,1104.49
LINE00012484,ORD0004156,1,PROD00454,6,342.34,0.0,2054.04
LINE00012485,ORD0004156,2,PROD00221,2,681.67,272.67,1090.67
LINE00012486,ORD0004156,3,PROD00325,4,778.94,0.0,3115.76
LINE00012487,ORD0004156,4,PROD00444,2,351.16,35.12,667.2
LINE00012488,ORD0004156,5,PROD00088,1,102.34,10.23,92.11
LINE00012489,ORD0004157,1,PROD00402,5,123.47,0.0,617.35
LINE00012490,ORD0004157,2,PROD00433,2,892.78,178.56,1607.0
LINE00012491,ORD0004157,3,PROD00435,4,954.7,763.76,3055.04
LINE00012492,ORD0004157,4,PROD00200,2,611.12,0.0,1222.24
LINE00012493,ORD0004158,1,PROD00123,5,44.05,11.01,209.24
LINE00012494,ORD0004158,2,PROD00032,6,523.35,0.0,3140.1
LINE00012495,ORD0004158,3,PROD00482,3,331.15,99.34,894.11
LINE00012496,ORD0004158,4,PROD00221,4,917.66,367.06,3303.58
LINE00012497,ORD0004159,1,PROD00331,4,1114.88,222.98,4236.54
LINE00012498,ORD0004159,2,PROD00226,1,1059.17,0.0,1059.17
LINE00012499,ORD0004159,3,PROD00405,4,59.36,11.87,225.57
LINE00012500,ORD0004159,4,PROD00478,6,12.35,14.82,59.28
LINE00012501,ORD0004159,5,PROD00282,1,213.09,42.62,170.47
LINE00012502,ORD0004160,1,PROD00036,1,176.36,0.0,176.36
LINE00012503,ORD0004161,1,PROD00314,1,1128.49,0.0,1128.49
LINE00012504,ORD0004161,2,PROD00329,5,1162.03,1162.03,4648.12
LINE00012505,ORD0004161,3,PROD00110,3,838.33,0.0,2514.99
LINE00012506,ORD0004161,4,PROD00469,3,267.62,0.0,802.86
LINE00012507,ORD0004161,5,PROD00007,5,882.99,220.75,4194.2
LINE00012508,ORD0004162,1,PROD00095,5,152.31,38.08,723.47
LINE00012509,ORD0004162,2,PROD00428,6,284.68,0.0,1708.08
LINE00012510,ORD0004163,1,PROD00358,6,403.74,121.12,2301.32
LINE00012511,ORD0004163,2,PROD00033,5,690.09,172.52,3277.93
LINE00012512,ORD0004163,3,PROD00391,3,852.09,511.25,2045.02
LINE00012513,ORD0004163,4,PROD00191,4,617.64,494.11,1976.45
LINE00012514,ORD0004163,5,PROD00498,4,325.77,130.31,1172.77
LINE00012515,ORD0004164,1,PROD00497,3,200.57,60.17,541.54
LINE00012516,ORD0004164,2,PROD00456,6,194.55,0.0,1167.3
LINE00012517,ORD0004164,3,PROD00442,5,936.49,0.0,4682.45
LINE00012518,ORD0004165,1,PROD00266,6,867.94,260.38,4947.26
LINE00012519,ORD0004165,2,PROD00085,1,794.97,0.0,794.97
LINE00012520,ORD0004166,1,PROD00233,2,438.61,87.72,789.5
LINE00012521,ORD0004166,2,PROD00480,5,567.56,0.0,2837.8
LINE00012522,ORD0004166,3,PROD00258,5,620.7,310.35,2793.15
LINE00012523,ORD0004166,4,PROD00299,4,185.0,37.0,703.0
LINE00012524,ORD0004167,1,PROD00212,6,844.67,0.0,5068.02
LINE00012525,ORD0004167,2,PROD00297,5,794.69,0.0,3973.45
LINE00012526,ORD0004168,1,PROD00162,3,761.74,0.0,2285.22
LINE00012527,ORD0004168,2,PROD00191,2,586.19,117.24,1055.14
LINE00012528,ORD0004168,3,PROD00342,5,263.43,0.0,1317.15
LINE00012529,ORD0004168,4,PROD00414,1,1096.41,0.0,1096.41
LINE00012530,ORD0004168,5,PROD00024,1,298.33,14.92,283.41
LINE00012531,ORD0004169,1,PROD00237,6,243.42,73.03,1387.49
LINE00012532,ORD0004169,2,PROD00200,1,413.77,0.0,413.77
LINE00012533,ORD0004169,3,PROD00026,1,294.42,29.44,264.98
LINE00012534,ORD0004169,4,PROD00306,4,1107.19,0.0,4428.76
LINE00012535,ORD0004170,1,PROD00488,1,907.53,0.0,907.53
LINE00012536,ORD0004171,1,PROD00102,5,756.52,189.13,3593.47
LINE00012537,ORD0004171,2,PROD00027,2,651.66,260.66,1042.66
LINE00012538,ORD0004171,3,PROD00311,3,62.88,9.43,179.21
LINE00012539,ORD0004171,4,PROD00217,3,887.69,0.0,2663.07
LINE00012540,ORD0004171,5,PROD00191,1,189.11,9.46,179.65
LINE00012541,ORD0004172,1,PROD00100,5,751.14,375.57,3380.13
LINE00012542,ORD0004172,2,PROD00167,2,1023.79,409.52,1638.06
LINE00012543,ORD0004173,1,PROD00460,3,893.79,0.0,2681.37
LINE00012544,ORD0004173,2,PROD00083,3,447.11,134.13,1207.2
LINE00012545,ORD0004173,3,PROD00453,3,784.34,117.65,2235.37
LINE00012546,ORD0004173,4,PROD00406,3,209.94,31.49,598.33
LINE00012547,ORD0004174,1,PROD00292,2,41.68,0.0,83.36
LINE00012548,ORD0004174,2,PROD00107,2,339.63,0.0,679.26
LINE00012549,ORD0004174,3,PROD00190,1,273.93,54.79,219.14
LINE00012550,ORD0004174,4,PROD00474,1,695.68,34.78,660.9
LINE00012551,ORD0004175,1,PROD00353,4,630.91,126.18,2397.46
LINE00012552,ORD0004175,2,PROD00180,1,1188.77,118.88,1069.89
LINE00012553,ORD0004175,3,PROD00268,1,296.0,59.2,236.8
LINE00012554,ORD0004175,4,PROD00218,3,325.11,0.0,975.33
LINE00012555,ORD0004175,5,PROD00498,4,428.37,171.35,1542.13
LINE00012556,ORD0004176,1,PROD00381,5,857.6,0.0,4288.0
LINE00012557,ORD0004177,1,PROD00456,5,470.63,117.66,2235.49
LINE00012558,ORD0004178,1,PROD00348,1,512.74,0.0,512.74
LINE00012559,ORD0004178,2,PROD00229,4,1143.71,0.0,4574.84
LINE00012560,ORD0004179,1,PROD00235,5,312.77,0.0,1563.85
LINE00012561,ORD0004179,2,PROD00281,3,674.06,0.0,2022.18
LINE00012562,ORD0004179,3,PROD00033,1,613.02,30.65,582.37
LINE00012563,ORD0004179,4,PROD00078,1,378.55,18.93,359.62
LINE00012564,ORD0004179,5,PROD00422,4,786.64,0.0,3146.56
LINE00012565,ORD0004180,1,PROD00132,5,1083.67,1083.67,4334.68
LINE00012566,ORD0004180,2,PROD00299,4,851.37,0.0,3405.48
LINE00012567,ORD0004181,1,PROD00062,3,364.29,109.29,983.58
LINE00012568,ORD0004181,2,PROD00002,6,29.93,0.0,179.58
LINE00012569,ORD0004181,3,PROD00265,4,441.45,353.16,1412.64
LINE00012570,ORD0004181,4,PROD00468,5,457.6,457.6,1830.4
LINE00012571,ORD0004182,1,PROD00071,2,628.61,251.44,1005.78
LINE00012572,ORD0004182,2,PROD00468,2,466.74,0.0,933.48
LINE00012573,ORD0004182,3,PROD00305,6,958.08,574.85,5173.63
LINE00012574,ORD0004182,4,PROD00464,6,859.01,515.41,4638.65
LINE00012575,ORD0004183,1,PROD00314,2,989.22,0.0,1978.44
LINE00012576,ORD0004183,2,PROD00062,6,749.82,0.0,4498.92
LINE00012577,ORD0004184,1,PROD00338,2,297.39,0.0,594.78
LINE00012578,ORD0004184,2,PROD00218,1,407.44,0.0,407.44
LINE00012579,ORD0004184,3,PROD00419,4,761.63,0.0,3046.52
LINE00012580,ORD0004185,1,PROD00292,3,970.46,0.0,2911.38
LINE00012581,ORD0004185,2,PROD00482,3,455.66,273.4,1093.58
LINE00012582,ORD0004186,1,PROD00425,3,1081.37,324.41,2919.7
LINE00012583,ORD0004186,2,PROD00420,6,622.84,186.85,3550.19
LINE00012584,ORD0004186,3,PROD00424,3,824.06,0.0,2472.18
LINE00012585,ORD0004186,4,PROD00382,4,1115.24,0.0,4460.96
LINE00012586,ORD0004187,1,PROD00451,6,965.36,0.0,5792.16
LINE00012587,ORD0004187,2,PROD00123,2,401.26,0.0,802.52
LINE00012588,ORD0004188,1,PROD00220,1,88.47,0.0,88.47
LINE00012589,ORD0004188,2,PROD00412,2,426.27,85.25,767.29
LINE00012590,ORD0004188,3,PROD00077,3,903.02,0.0,2709.06
LINE00012591,ORD0004189,1,PROD00142,1,811.31,81.13,730.18
LINE00012592,ORD0004189,2,PROD00347,5,240.03,0.0,1200.15
LINE00012593,ORD0004189,3,PROD00333,3,258.71,0.0,776.13
LINE00012594,ORD0004189,4,PROD00233,1,713.84,35.69,678.15
LINE00012595,ORD0004189,5,PROD00055,3,633.43,0.0,1900.29
LINE00012596,ORD0004190,1,PROD00416,3,385.57,0.0,1156.71
LINE00012597,ORD0004191,1,PROD00034,2,712.96,285.18,1140.74
LINE00012598,ORD0004191,2,PROD00397,3,770.89,0.0,2312.67
LINE00012599,ORD0004192,1,PROD00455,1,501.9,25.09,476.81
LINE00012600,ORD0004192,2,PROD00098,5,35.85,17.93,161.32
LINE00012601,ORD0004192,3,PROD00476,1,226.16,11.31,214.85
LINE00012602,ORD0004192,4,PROD00002,6,432.2,518.64,2074.56
LINE00012603,ORD0004193,1,PROD00422,6,947.61,1137.13,4548.53
LINE00012604,ORD0004193,2,PROD00452,2,705.86,141.17,1270.55
LINE00012605,ORD0004193,3,PROD00036,3,406.05,0.0,1218.15
LINE00012606,ORD0004193,4,PROD00470,3,537.98,0.0,1613.94
LINE00012607,ORD0004194,1,PROD00298,1,314.06,31.41,282.65
LINE00012608,ORD0004194,2,PROD00485,4,758.01,0.0,3032.04
LINE00012609,ORD0004195,1,PROD00497,5,501.02,0.0,2505.1
LINE00012610,ORD0004195,2,PROD00368,1,230.68,23.07,207.61
LINE00012611,ORD0004195,3,PROD00281,2,1139.76,227.95,2051.57
LINE00012612,ORD0004196,1,PROD00362,4,406.04,162.42,1461.74
LINE00012613,ORD0004196,2,PROD00378,5,734.19,367.1,3303.85
LINE00012614,ORD0004196,3,PROD00201,3,929.04,557.42,2229.7
LINE00012615,ORD0004196,4,PROD00026,5,1001.94,0.0,5009.7
LINE00012616,ORD0004196,5,PROD00392,2,641.2,256.48,1025.92
LINE00012617,ORD0004197,1,PROD00231,3,164.65,49.4,444.55
LINE00012618,ORD0004197,2,PROD00398,4,979.54,195.91,3722.25
LINE00012619,ORD0004198,1,PROD00111,4,1163.46,232.69,4421.15
LINE00012620,ORD0004198,2,PROD00413,6,125.86,151.03,604.13
LINE00012621,ORD0004198,3,PROD00239,5,873.19,0.0,4365.95
LINE00012622,ORD0004199,1,PROD00416,3,958.35,287.51,2587.54
LINE00012623,ORD0004200,1,PROD00454,5,388.26,194.13,1747.17
LINE00012624,ORD0004200,2,PROD00239,6,855.18,0.0,5131.08
LINE00012625,ORD0004200,3,PROD00192,4,855.17,0.0,3420.68
LINE00012626,ORD0004200,4,PROD00169,2,35.59,0.0,71.18
LINE00012627,ORD0004201,1,PROD00270,5,268.66,67.17,1276.13
LINE00012628,ORD0004202,1,PROD00140,1,523.96,52.4,471.56
LINE00012629,ORD0004202,2,PROD00134,3,707.43,106.11,2016.18
LINE00012630,ORD0004202,3,PROD00188,1,151.58,0.0,151.58
LINE00012631,ORD0004202,4,PROD00323,6,1052.53,631.52,5683.66
LINE00012632,ORD0004203,1,PROD00248,2,1055.25,422.1,1688.4
LINE00012633,ORD0004203,2,PROD00195,6,12.21,14.65,58.61
LINE00012634,ORD0004203,3,PROD00045,5,673.13,0.0,3365.65
LINE00012635,ORD0004203,4,PROD00078,5,191.23,0.0,956.15
LINE00012636,ORD0004203,5,PROD00196,3,384.09,57.61,1094.66
LINE00012637,ORD0004204,1,PROD00135,3,640.17,0.0,1920.51
LINE00012638,ORD0004204,2,PROD00277,5,920.71,460.36,4143.19
LINE00012639,ORD0004205,1,PROD00051,3,706.19,0.0,2118.57
LINE00012640,ORD0004206,1,PROD00027,4,327.17,0.0,1308.68
LINE00012641,ORD0004206,2,PROD00412,2,99.85,9.98,189.72
LINE00012642,ORD0004206,3,PROD00213,1,1056.59,0.0,1056.59
LINE00012643,ORD0004206,4,PROD00492,2,1074.57,214.91,1934.23
LINE00012644,ORD0004207,1,PROD00217,2,271.36,54.27,488.45
LINE00012645,ORD0004207,2,PROD00188,2,321.69,0.0,643.38
LINE00012646,ORD0004208,1,PROD00216,1,255.62,51.12,204.5
LINE00012647,ORD0004208,2,PROD00329,4,766.62,0.0,3066.48
LINE00012648,ORD0004209,1,PROD00181,1,308.27,30.83,277.44
LINE00012649,ORD0004209,2,PROD00035,6,743.84,223.15,4239.89
LINE00012650,ORD0004209,3,PROD00171,2,1196.78,0.0,2393.56
LINE00012651,ORD0004209,4,PROD00284,4,627.77,0.0,2511.08
LINE00012652,ORD0004210,1,PROD00474,1,518.95,0.0,518.95
LINE00012653,ORD0004210,2,PROD00399,3,1019.13,0.0,3057.39
LINE00012654,ORD0004210,3,PROD00262,2,952.95,190.59,1715.31
LINE00012655,ORD0004210,4,PROD00119,5,928.16,928.16,3712.64
LINE00012656,ORD0004211,1,PROD00147,6,858.22,0.0,5149.32
LINE00012657,ORD0004212,1,PROD00268,6,657.46,788.95,3155.81
LINE00012658,ORD0004212,2,PROD00428,6,736.89,0.0,4421.34
LINE00012659,ORD0004212,3,PROD00110,5,139.58,0.0,697.9
LINE00012660,ORD0004212,4,PROD00321,6,766.13,919.36,3677.42
LINE00012661,ORD0004212,5,PROD00483,6,473.18,0.0,2839.08
LINE00012662,ORD0004213,1,PROD00014,4,721.28,0.0,2885.12
LINE00012663,ORD0004213,2,PROD00336,5,504.47,0.0,2522.35
LINE00012664,ORD0004213,3,PROD00294,4,631.46,0.0,2525.84
LINE00012665,ORD0004213,4,PROD00107,5,1132.95,0.0,5664.75
LINE00012666,ORD0004213,5,PROD00435,2,885.18,354.07,1416.29
LINE00012667,ORD0004214,1,PROD00390,2,127.62,51.05,204.19
LINE00012668,ORD0004214,2,PROD00399,3,1142.47,0.0,3427.41
LINE00012669,ORD0004214,3,PROD00218,6,914.61,274.38,5213.28
LINE00012670,ORD0004214,4,PROD00209,5,639.52,639.52,2558.08
LINE00012671,ORD0004215,1,PROD00296,6,148.66,0.0,891.96
LINE00012672,ORD0004215,2,PROD00185,1,1074.84,107.48,967.36
LINE00012673,ORD0004215,3,PROD00132,6,71.96,0.0,431.76
LINE00012674,ORD0004215,4,PROD00443,2,335.0,0.0,670.0
LINE00012675,ORD0004216,1,PROD00045,5,211.41,0.0,1057.05
LINE00012676,ORD0004216,2,PROD00432,3,354.86,0.0,1064.58
LINE00012677,ORD0004217,1,PROD00027,3,620.81,93.12,1769.31
LINE00012678,ORD0004217,2,PROD00404,4,391.53,78.31,1487.81
LINE00012679,ORD0004218,1,PROD00137,2,807.99,0.0,1615.98
LINE00012680,ORD0004219,1,PROD00271,2,72.19,14.44,129.94
LINE00012681,ORD0004219,2,PROD00283,1,357.71,0.0,357.71
LINE00012682,ORD0004219,3,PROD00334,3,358.36,0.0,1075.08
LINE00012683,ORD0004220,1,PROD00317,6,18.63,22.36,89.42
LINE00012684,ORD0004220,2,PROD00258,5,406.86,101.72,1932.58
LINE00012685,ORD0004220,3,PROD00395,3,23.25,0.0,69.75
LINE00012686,ORD0004221,1,PROD00064,2,402.29,0.0,804.58
LINE00012687,ORD0004221,2,PROD00229,1,546.55,0.0,546.55
LINE00012688,ORD0004221,3,PROD00066,2,68.67,13.73,123.61
LINE00012689,ORD0004221,4,PROD00200,2,430.24,0.0,860.48
LINE00012690,ORD0004221,5,PROD00328,3,770.93,0.0,2312.79
LINE00012691,ORD0004222,1,PROD00445,5,52.2,0.0,261.0
LINE00012692,ORD0004222,2,PROD00381,6,957.48,0.0,5744.88
LINE00012693,ORD0004222,3,PROD00122,4,617.7,0.0,2470.8
LINE00012694,ORD0004223,1,PROD00211,1,588.94,0.0,588.94
LINE00012695,ORD0004223,2,PROD00489,6,528.5,634.2,2536.8
LINE00012696,ORD0004223,3,PROD00022,2,914.73,91.47,1737.99
LINE00012697,ORD0004224,1,PROD00390,5,1035.47,517.74,4659.61
LINE00012698,ORD0004225,1,PROD00149,2,630.75,0.0,1261.5
LINE00012699,ORD0004226,1,PROD00465,5,20.35,10.18,91.57
LINE00012700,ORD0004226,2,PROD00270,4,20.46,16.37,65.47
LINE00012701,ORD0004226,3,PROD00355,2,354.03,70.81,637.25
LINE00012702,ORD0004227,1,PROD00049,3,686.53,0.0,2059.59
LINE00012703,ORD0004228,1,PROD00135,1,480.08,96.02,384.06
LINE00012704,ORD0004229,1,PROD00445,4,303.91,121.56,1094.08
LINE00012705,ORD0004229,2,PROD00344,3,786.17,235.85,2122.66
LINE00012706,ORD0004229,3,PROD00307,4,1140.54,0.0,4562.16
LINE00012707,ORD0004229,4,PROD00195,4,863.53,345.41,3108.71
LINE00012708,ORD0004229,5,PROD00028,3,315.2,94.56,851.04
LINE00012709,ORD0004230,1,PROD00013,1,782.62,78.26,704.36
LINE00012710,ORD0004231,1,PROD00170,2,444.63,0.0,889.26
LINE00012711,ORD0004231,2,PROD00271,6,1056.17,0.0,6337.02
LINE00012712,ORD0004231,3,PROD00499,3,171.96,103.18,412.7
LINE00012713,ORD0004231,4,PROD00288,6,672.34,0.0,4034.04
LINE00012714,ORD0004232,1,PROD00014,4,632.64,253.06,2277.5
LINE00012715,ORD0004232,2,PROD00237,5,8.64,0.0,43.2
LINE00012716,ORD0004232,3,PROD00308,1,543.82,0.0,543.82
LINE00012717,ORD0004232,4,PROD00264,1,216.74,43.35,173.39
LINE00012718,ORD0004232,5,PROD00115,1,989.33,0.0,989.33
LINE00012719,ORD0004233,1,PROD00312,2,575.05,0.0,1150.1
LINE00012720,ORD0004233,2,PROD00411,1,109.25,10.93,98.32
LINE00012721,ORD0004234,1,PROD00238,3,616.24,0.0,1848.72
LINE00012722,ORD0004235,1,PROD00434,2,973.59,0.0,1947.18
LINE00012723,ORD0004235,2,PROD00255,4,1099.15,879.32,3517.28
LINE00012724,ORD0004235,3,PROD00310,1,751.6,0.0,751.6
LINE00012725,ORD0004235,4,PROD00209,6,410.61,0.0,2463.66
LINE00012726,ORD0004236,1,PROD00001,2,100.31,40.12,160.5
LINE00012727,ORD0004236,2,PROD00278,4,733.14,293.26,2639.3
LINE00012728,ORD0004236,3,PROD00102,3,1063.23,0.0,3189.69
LINE00012729,ORD0004236,4,PROD00107,5,596.22,0.0,2981.1
LINE00012730,ORD0004236,5,PROD00194,6,438.64,263.18,2368.66
LINE00012731,ORD0004237,1,PROD00157,2,238.59,0.0,477.18
LINE00012732,ORD0004237,2,PROD00183,4,537.61,215.04,1935.4
LINE00012733,ORD0004237,3,PROD00226,2,925.43,0.0,1850.86
LINE00012734,ORD0004237,4,PROD00291,4,714.63,571.7,2286.82
LINE00012735,ORD0004238,1,PROD00230,4,348.64,0.0,1394.56
LINE00012736,ORD0004238,2,PROD00198,5,232.99,58.25,1106.7
LINE00012737,ORD0004238,3,PROD00278,1,959.51,95.95,863.56
LINE00012738,ORD0004239,1,PROD00391,3,837.61,251.28,2261.55
LINE00012739,ORD0004239,2,PROD00011,6,1029.49,617.69,5559.25
LINE00012740,ORD0004239,3,PROD00413,1,156.72,0.0,156.72
LINE00012741,ORD0004240,1,PROD00066,1,350.94,0.0,350.94
LINE00012742,ORD0004240,2,PROD00131,3,1140.51,0.0,3421.53
LINE00012743,ORD0004240,3,PROD00429,6,612.01,0.0,3672.06
LINE00012744,ORD0004240,4,PROD00059,5,434.58,0.0,2172.9
LINE00012745,ORD0004241,1,PROD00413,3,440.49,66.07,1255.4
LINE00012746,ORD0004242,1,PROD00266,6,961.38,1153.66,4614.62
LINE00012747,ORD0004242,2,PROD00406,4,644.34,0.0,2577.36
LINE00012748,ORD0004242,3,PROD00200,5,1120.39,0.0,5601.95
LINE00012749,ORD0004242,4,PROD00264,4,941.42,376.57,3389.11
LINE00012750,ORD0004243,1,PROD00055,6,262.12,314.54,1258.18
LINE00012751,ORD0004243,2,PROD00070,4,205.51,82.2,739.84
LINE00012752,ORD0004243,3,PROD00399,4,427.74,85.55,1625.41
LINE00012753,ORD0004243,4,PROD00492,2,915.01,0.0,1830.02
LINE00012754,ORD0004244,1,PROD00028,3,818.11,245.43,2208.9
LINE00012755,ORD0004244,2,PROD00134,4,536.89,0.0,2147.56
LINE00012756,ORD0004244,3,PROD00171,2,104.84,20.97,188.71
LINE00012757,ORD0004245,1,PROD00133,3,809.18,242.75,2184.79
LINE00012758,ORD0004246,1,PROD00158,6,980.41,0.0,5882.46
LINE00012759,ORD0004246,2,PROD00358,6,122.5,0.0,735.0
LINE00012760,ORD0004246,3,PROD00476,4,743.1,0.0,2972.4
LINE00012761,ORD0004246,4,PROD00224,5,392.24,0.0,1961.2
LINE00012762,ORD0004247,1,PROD00407,2,422.52,0.0,845.04
LINE00012763,ORD0004247,2,PROD00220,5,566.98,0.0,2834.9
LINE00012764,ORD0004247,3,PROD00463,5,828.14,0.0,4140.7
LINE00012765,ORD0004247,4,PROD00132,3,202.9,121.74,486.96
LINE00012766,ORD0004248,1,PROD00122,5,582.65,145.66,2767.59
LINE00012767,ORD0004248,2,PROD00197,3,583.98,0.0,1751.94
LINE00012768,ORD0004248,3,PROD00272,1,126.37,0.0,126.37
LINE00012769,ORD0004248,4,PROD00364,3,378.99,0.0,1136.97
LINE00012770,ORD0004248,5,PROD00494,2,1066.1,0.0,2132.2
LINE00012771,ORD0004249,1,PROD00015,5,805.56,402.78,3625.02
LINE00012772,ORD0004249,2,PROD00385,2,33.98,13.59,54.37
LINE00012773,ORD0004250,1,PROD00187,2,36.32,7.26,65.38
LINE00012774,ORD0004250,2,PROD00416,4,1048.11,0.0,4192.44
LINE00012775,ORD0004250,3,PROD00477,1,1028.18,51.41,976.77
LINE00012776,ORD0004250,4,PROD00134,3,763.35,0.0,2290.05
LINE00012777,ORD0004251,1,PROD00480,4,1190.58,0.0,4762.32
LINE00012778,ORD0004251,2,PROD00409,1,61.54,12.31,49.23
LINE00012779,ORD0004251,3,PROD00220,4,338.47,67.69,1286.19
LINE00012780,ORD0004251,4,PROD00018,2,528.99,52.9,1005.08
LINE00012781,ORD0004251,5,PROD00222,4,470.63,0.0,1882.52
LINE00012782,ORD0004252,1,PROD00069,3,164.69,98.81,395.26
LINE00012783,ORD0004252,2,PROD00334,2,887.98,0.0,1775.96
LINE00012784,ORD0004252,3,PROD00189,3,943.38,283.01,2547.13
LINE00012785,ORD0004252,4,PROD00141,2,752.43,150.49,1354.37
LINE00012786,ORD0004252,5,PROD00289,1,454.7,0.0,454.7
LINE00012787,ORD0004253,1,PROD00246,5,664.25,0.0,3321.25
LINE00012788,ORD0004253,2,PROD00286,6,311.48,0.0,1868.88
LINE00012789,ORD0004253,3,PROD00482,1,583.05,58.3,524.75
LINE00012790,ORD0004253,4,PROD00355,1,1129.49,0.0,1129.49
LINE00012791,ORD0004254,1,PROD00348,1,283.95,14.2,269.75
LINE00012792,ORD0004255,1,PROD00321,3,721.06,432.64,1730.54
LINE00012793,ORD0004256,1,PROD00086,6,1085.51,651.31,5861.75
LINE00012794,ORD0004256,2,PROD00063,2,1119.42,0.0,2238.84
LINE00012795,ORD0004256,3,PROD00402,6,513.47,154.04,2926.78
LINE00012796,ORD0004257,1,PROD00107,4,1106.77,221.35,4205.73
LINE00012797,ORD0004257,2,PROD00138,1,270.8,0.0,270.8
LINE00012798,ORD0004257,3,PROD00247,6,1101.84,0.0,6611.04
LINE00012799,ORD0004258,1,PROD00290,2,978.6,0.0,1957.2
LINE00012800,ORD0004259,1,PROD00243,3,879.16,263.75,2373.73
LINE00012801,ORD0004259,2,PROD00260,2,189.87,75.95,303.79
LINE00012802,ORD0004260,1,PROD00242,5,1015.7,0.0,5078.5
LINE00012803,ORD0004260,2,PROD00095,6,601.0,0.0,3606.0
LINE00012804,ORD0004260,3,PROD00302,3,609.27,182.78,1645.03
LINE00012805,ORD0004260,4,PROD00344,1,174.0,8.7,165.3
LINE00012806,ORD0004261,1,PROD00265,6,408.44,245.06,2205.58
LINE00012807,ORD0004262,1,PROD00108,6,228.58,137.15,1234.33
LINE00012808,ORD0004262,2,PROD00441,4,881.17,176.23,3348.45
LINE00012809,ORD0004262,3,PROD00077,3,1185.05,711.03,2844.12
LINE00012810,ORD0004262,4,PROD00194,2,1037.46,0.0,2074.92
LINE00012811,ORD0004262,5,PROD00042,3,1085.27,0.0,3255.81
LINE00012812,ORD0004263,1,PROD00330,1,680.54,34.03,646.51
LINE00012813,ORD0004263,2,PROD00049,3,937.65,0.0,2812.95
LINE00012814,ORD0004263,3,PROD00264,1,508.8,0.0,508.8
LINE00012815,ORD0004264,1,PROD00391,5,1131.14,565.57,5090.13
LINE00012816,ORD0004264,2,PROD00486,2,333.19,0.0,666.38
LINE00012817,ORD0004264,3,PROD00150,3,833.28,0.0,2499.84
LINE00012818,ORD0004265,1,PROD00036,5,920.82,0.0,4604.1
LINE00012819,ORD0004266,1,PROD00001,4,607.67,243.07,2187.61
LINE00012820,ORD0004267,1,PROD00300,5,144.55,0.0,722.75
LINE00012821,ORD0004267,2,PROD00026,3,325.01,0.0,975.03
LINE00012822,ORD0004268,1,PROD00069,6,297.56,0.0,1785.36
LINE00012823,ORD0004268,2,PROD00140,4,804.88,0.0,3219.52
LINE00012824,ORD0004268,3,PROD00440,4,113.42,0.0,453.68
LINE00012825,ORD0004269,1,PROD00023,5,1110.94,555.47,4999.23
LINE00012826,ORD0004269,2,PROD00382,3,1018.31,0.0,3054.93
LINE00012827,ORD0004269,3,PROD00153,4,706.96,0.0,2827.84
LINE00012828,ORD0004269,4,PROD00193,2,1014.77,0.0,2029.54
LINE00012829,ORD0004269,5,PROD00142,4,509.88,0.0,2039.52
LINE00012830,ORD0004270,1,PROD00215,2,904.18,0.0,1808.36
LINE00012831,ORD0004270,2,PROD00069,6,1192.88,715.73,6441.55
LINE00012832,ORD0004270,3,PROD00392,2,1089.77,0.0,2179.54
LINE00012833,ORD0004271,1,PROD00006,1,1031.63,0.0,1031.63
LINE00012834,ORD0004271,2,PROD00032,2,426.35,85.27,767.43
LINE00012835,ORD0004272,1,PROD00220,5,925.59,0.0,4627.95
LINE00012836,ORD0004272,2,PROD00460,6,914.26,0.0,5485.56
LINE00012837,ORD0004273,1,PROD00318,3,281.19,84.36,759.21
LINE00012838,ORD0004274,1,PROD00217,1,708.17,35.41,672.76
LINE00012839,ORD0004274,2,PROD00495,5,145.04,72.52,652.68
LINE00012840,ORD0004274,3,PROD00411,4,336.28,134.51,1210.61
LINE00012841,ORD0004275,1,PROD00161,3,798.04,119.71,2274.41
LINE00012842,ORD0004275,2,PROD00083,5,927.41,0.0,4637.05
LINE00012843,ORD0004275,3,PROD00366,2,629.3,62.93,1195.67
LINE00012844,ORD0004275,4,PROD00332,1,1049.98,0.0,1049.98
LINE00012845,ORD0004276,1,PROD00061,2,801.92,0.0,1603.84
LINE00012846,ORD0004276,2,PROD00327,1,686.84,137.37,549.47
LINE00012847,ORD0004277,1,PROD00337,3,536.81,80.52,1529.91
LINE00012848,ORD0004277,2,PROD00306,6,881.89,0.0,5291.34
LINE00012849,ORD0004278,1,PROD00020,2,448.42,179.37,717.47
LINE00012850,ORD0004278,2,PROD00089,1,997.93,99.79,898.14
LINE00012851,ORD0004279,1,PROD00474,4,792.87,0.0,3171.48
LINE00012852,ORD0004279,2,PROD00242,5,517.51,517.51,2070.04
LINE00012853,ORD0004280,1,PROD00404,2,148.32,0.0,296.64
LINE00012854,ORD0004281,1,PROD00018,6,595.6,357.36,3216.24
LINE00012855,ORD0004281,2,PROD00448,5,636.81,0.0,3184.05
LINE00012856,ORD0004282,1,PROD00455,2,790.31,79.03,1501.59
LINE00012857,ORD0004282,2,PROD00113,6,1067.12,0.0,6402.72
LINE00012858,ORD0004282,3,PROD00426,1,190.64,0.0,190.64
LINE00012859,ORD0004283,1,PROD00114,6,715.28,0.0,4291.68
LINE00012860,ORD0004283,2,PROD00073,1,441.31,88.26,353.05
LINE00012861,ORD0004283,3,PROD00352,1,488.46,0.0,488.46
LINE00012862,ORD0004283,4,PROD00378,3,880.69,0.0,2642.07
LINE00012863,ORD0004284,1,PROD00096,6,562.09,0.0,3372.54
LINE00012864,ORD0004285,1,PROD00372,4,622.55,249.02,2241.18
LINE00012865,ORD0004286,1,PROD00183,1,64.24,3.21,61.03
LINE00012866,ORD0004286,2,PROD00189,2,966.55,96.66,1836.44
LINE00012867,ORD0004287,1,PROD00310,2,459.13,0.0,918.26
LINE00012868,ORD0004287,2,PROD00367,6,957.99,574.79,5173.15
LINE00012869,ORD0004287,3,PROD00449,5,1152.41,288.1,5473.95
LINE00012870,ORD0004287,4,PROD00336,5,98.13,24.53,466.12
LINE00012871,ORD0004287,5,PROD00412,2,14.79,1.48,28.1
LINE00012872,ORD0004288,1,PROD00389,1,672.91,0.0,672.91
LINE00012873,ORD0004288,2,PROD00371,4,829.04,0.0,3316.16
LINE00012874,ORD0004289,1,PROD00470,2,653.37,0.0,1306.74
LINE00012875,ORD0004289,2,PROD00485,5,134.2,67.1,603.9
LINE00012876,ORD0004289,3,PROD00070,5,493.0,0.0,2465.0
LINE00012877,ORD0004290,1,PROD00090,3,801.14,0.0,2403.42
LINE00012878,ORD0004290,2,PROD00150,1,990.14,49.51,940.63
LINE00012879,ORD0004290,3,PROD00168,5,277.44,277.44,1109.76
LINE00012880,ORD0004290,4,PROD00003,3,690.54,0.0,2071.62
LINE00012881,ORD0004290,5,PROD00265,5,597.38,0.0,2986.9
LINE00012882,ORD0004291,1,PROD00341,6,1124.15,337.25,6407.65
LINE00012883,ORD0004291,2,PROD00303,6,830.15,996.18,3984.72
LINE00012884,ORD0004291,3,PROD00203,5,1195.13,597.57,5378.08
LINE00012885,ORD0004291,4,PROD00313,1,674.39,0.0,674.39
LINE00012886,ORD0004292,1,PROD00138,5,892.4,0.0,4462.0
LINE00012887,ORD0004292,2,PROD00459,6,198.02,59.41,1128.71
LINE00012888,ORD0004292,3,PROD00238,2,724.37,0.0,1448.74
LINE00012889,ORD0004292,4,PROD00229,6,565.37,169.61,3222.61
LINE00012890,ORD0004292,5,PROD00339,2,947.24,0.0,1894.48
LINE00012891,ORD0004293,1,PROD00437,6,1195.55,1434.66,5738.64
LINE00012892,ORD0004294,1,PROD00218,4,698.92,0.0,2795.68
LINE00012893,ORD0004294,2,PROD00182,2,49.09,0.0,98.18
LINE00012894,ORD0004294,3,PROD00101,5,153.06,38.27,727.03
LINE00012895,ORD0004294,4,PROD00016,1,377.97,0.0,377.97
LINE00012896,ORD0004295,1,PROD00010,5,478.79,119.7,2274.25
LINE00012897,ORD0004295,2,PROD00014,3,36.77,22.06,88.25
LINE00012898,ORD0004295,3,PROD00423,2,402.04,80.41,723.67
LINE00012899,ORD0004296,1,PROD00149,5,849.22,0.0,4246.1
LINE00012900,ORD0004296,2,PROD00287,6,915.51,0.0,5493.06
LINE00012901,ORD0004297,1,PROD00085,5,906.31,0.0,4531.55
LINE00012902,ORD0004298,1,PROD00422,5,906.26,0.0,4531.3
LINE00012903,ORD0004298,2,PROD00008,5,761.89,761.89,3047.56
LINE00012904,ORD0004299,1,PROD00154,4,381.36,76.27,1449.17
LINE00012905,ORD0004300,1,PROD00036,3,385.62,115.69,1041.17
LINE00012906,ORD0004300,2,PROD00289,5,546.38,0.0,2731.9
LINE00012907,ORD0004301,1,PROD00086,1,914.2,0.0,914.2
LINE00012908,ORD0004301,2,PROD00369,6,933.79,1120.55,4482.19
LINE00012909,ORD0004301,3,PROD00225,2,527.74,52.77,1002.71
LINE00012910,ORD0004301,4,PROD00023,2,296.62,29.66,563.58
LINE00012911,ORD0004302,1,PROD00144,2,628.0,125.6,1130.4
LINE00012912,ORD0004302,2,PROD00315,3,383.64,0.0,1150.92
LINE00012913,ORD0004302,3,PROD00441,6,25.18,0.0,151.08
LINE00012914,ORD0004303,1,PROD00113,6,930.68,0.0,5584.08
LINE00012915,ORD0004303,2,PROD00183,2,248.55,0.0,497.1
LINE00012916,ORD0004303,3,PROD00305,2,444.59,44.46,844.72
LINE00012917,ORD0004304,1,PROD00375,2,730.93,0.0,1461.86
LINE00012918,ORD0004304,2,PROD00310,3,785.47,0.0,2356.41
LINE00012919,ORD0004304,3,PROD00369,2,658.57,0.0,1317.14
LINE00012920,ORD0004305,1,PROD00417,6,752.22,902.66,3610.66
LINE00012921,ORD0004305,2,PROD00242,1,937.34,0.0,937.34
LINE00012922,ORD0004305,3,PROD00098,2,460.94,0.0,921.88
LINE00012923,ORD0004306,1,PROD00194,5,288.49,72.12,1370.33
LINE00012924,ORD0004307,1,PROD00164,2,805.47,0.0,1610.94
LINE00012925,ORD0004307,2,PROD00264,3,490.17,0.0,1470.51
LINE00012926,ORD0004307,3,PROD00429,1,434.41,0.0,434.41
LINE00012927,ORD0004308,1,PROD00449,5,848.87,0.0,4244.35
LINE00012928,ORD0004308,2,PROD00172,2,192.38,76.95,307.81
LINE00012929,ORD0004309,1,PROD00026,6,949.7,0.0,5698.2
LINE00012930,ORD0004309,2,PROD00350,1,75.52,0.0,75.52
LINE00012931,ORD0004309,3,PROD00488,3,371.12,111.34,1002.02
LINE00012932,ORD0004309,4,PROD00442,2,516.45,0.0,1032.9
LINE00012933,ORD0004310,1,PROD00345,4,316.01,0.0,1264.04
LINE00012934,ORD0004310,2,PROD00075,4,1191.05,0.0,4764.2
LINE00012935,ORD0004311,1,PROD00487,6,669.33,803.2,3212.78
LINE00012936,ORD0004311,2,PROD00315,1,671.57,67.16,604.41
LINE00012937,ORD0004311,3,PROD00486,1,608.14,121.63,486.51
LINE00012938,ORD0004311,4,PROD00400,4,240.92,96.37,867.31
LINE00012939,ORD0004311,5,PROD00225,1,175.32,0.0,175.32
LINE00012940,ORD0004312,1,PROD00328,3,878.15,0.0,2634.45
LINE00012941,ORD0004313,1,PROD00067,3,967.29,0.0,2901.87
LINE00012942,ORD0004313,2,PROD00318,6,92.35,0.0,554.1
LINE00012943,ORD0004314,1,PROD00362,1,863.33,86.33,777.0
LINE00012944,ORD0004314,2,PROD00440,2,115.6,0.0,231.2
LINE00012945,ORD0004314,3,PROD00041,4,128.47,102.78,411.1
LINE00012946,ORD0004314,4,PROD00146,5,114.03,0.0,570.15
LINE00012947,ORD0004314,5,PROD00396,1,201.57,0.0,201.57
LINE00012948,ORD0004315,1,PROD00129,5,877.04,219.26,4165.94
LINE00012949,ORD0004315,2,PROD00488,2,17.92,7.17,28.67
LINE00012950,ORD0004315,3,PROD00100,5,664.53,166.13,3156.52
LINE00012951,ORD0004316,1,PROD00032,6,209.08,250.9,1003.58
LINE00012952,ORD0004316,2,PROD00112,6,227.9,136.74,1230.66
LINE00012953,ORD0004317,1,PROD00236,4,1048.14,0.0,4192.56
LINE00012954,ORD0004317,2,PROD00171,2,1155.55,231.11,2079.99
LINE00012955,ORD0004317,3,PROD00005,2,646.18,0.0,1292.36
LINE00012956,ORD0004317,4,PROD00045,1,1130.14,56.51,1073.63
LINE00012957,ORD0004317,5,PROD00180,1,994.5,198.9,795.6
LINE00012958,ORD0004318,1,PROD00228,6,1015.0,0.0,6090.0
LINE00012959,ORD0004319,1,PROD00049,4,891.91,178.38,3389.26
LINE00012960,ORD0004319,2,PROD00037,2,734.54,73.45,1395.63
LINE00012961,ORD0004319,3,PROD00391,1,69.1,3.46,65.64
LINE00012962,ORD0004320,1,PROD00322,4,275.45,0.0,1101.8
LINE00012963,ORD0004320,2,PROD00269,2,517.99,207.2,828.78
LINE00012964,ORD0004320,3,PROD00142,3,47.03,0.0,141.09
LINE00012965,ORD0004321,1,PROD00223,6,896.93,0.0,5381.58
LINE00012966,ORD0004321,2,PROD00052,1,988.37,98.84,889.53
LINE00012967,ORD0004321,3,PROD00427,1,608.39,30.42,577.97
LINE00012968,ORD0004321,4,PROD00487,3,13.41,0.0,40.23
LINE00012969,ORD0004321,5,PROD00250,1,901.78,45.09,856.69
LINE00012970,ORD0004322,1,PROD00169,4,959.82,0.0,3839.28
LINE00012971,ORD0004322,2,PROD00315,4,1001.54,0.0,4006.16
LINE00012972,ORD0004323,1,PROD00146,6,296.15,355.38,1421.52
LINE00012973,ORD0004323,2,PROD00144,4,488.2,390.56,1562.24
LINE00012974,ORD0004324,1,PROD00279,-3,1136.61,-340.98,-3068.85
LINE00012975,ORD0004324,2,PROD00336,2,352.93,35.29,670.57
LINE00012976,ORD0004324,3,PROD00269,2,822.71,0.0,1645.42
LINE00012977,ORD0004324,4,PROD00433,5,359.01,0.0,1795.05
LINE00012978,ORD0004325,1,PROD00288,6,197.57,0.0,1185.42
LINE00012979,ORD0004326,1,PROD00191,2,139.37,27.87,250.87
LINE00012980,ORD0004326,2,PROD00418,3,280.14,0.0,840.42
LINE00012981,ORD0004326,3,PROD00192,6,50.44,0.0,302.64
LINE00012982,ORD0004327,1,PROD00231,5,1133.01,0.0,5665.05
LINE00012983,ORD0004327,2,PROD00295,2,767.38,0.0,1534.76
LINE00012984,ORD0004328,1,PROD00229,1,905.55,45.28,860.27
LINE00012985,ORD0004329,1,PROD00167,5,1172.63,0.0,5863.15
LINE00012986,ORD0004329,2,PROD00094,2,1009.39,0.0,2018.78
LINE00012987,ORD0004330,1,PROD00333,2,801.39,0.0,1602.78
LINE00012988,ORD0004330,2,PROD00459,1,253.19,12.66,240.53
LINE00012989,ORD0004331,1,PROD00487,2,336.24,0.0,672.48
LINE00012990,ORD0004331,2,PROD00234,4,524.38,209.75,1887.77
LINE00012991,ORD0004331,3,PROD00444,5,1053.6,0.0,5268.0
LINE00012992,ORD0004331,4,PROD00330,5,741.92,370.96,3338.64
LINE00012993,ORD0004332,1,PROD00016,3,202.89,0.0,608.67
LINE00012994,ORD0004332,2,PROD00394,3,689.91,103.49,1966.24
LINE00012995,ORD0004332,3,PROD00273,5,635.66,635.66,2542.64
LINE00012996,ORD0004333,1,PROD00161,6,885.83,0.0,5314.98
LINE00012997,ORD0004333,2,PROD00371,3,198.46,29.77,565.61
LINE00012998,ORD0004333,3,PROD00057,2,9.57,1.91,17.23
LINE00012999,ORD0004334,1,PROD00260,2,865.42,0.0,1730.84
LINE00013000,ORD0004334,2,PROD00092,1,766.83,0.0,766.83
LINE00013001,ORD0004334,3,PROD00167,5,145.67,72.83,655.52
LINE00013002,ORD0004334,4,PROD00410,4,217.47,43.49,826.39
LINE00013003,ORD0004335,1,PROD00246,6,1183.24,709.94,6389.5
LINE00013004,ORD0004335,2,PROD00207,5,661.38,165.35,3141.55
LINE00013005,ORD0004335,3,PROD00368,1,412.64,0.0,412.64
LINE00013006,ORD0004335,4,PROD00416,2,775.68,155.14,1396.22
LINE00013007,ORD0004336,1,PROD00130,2,603.12,0.0,1206.24
LINE00013008,ORD0004336,2,PROD00496,4,243.25,97.3,875.7
LINE00013009,ORD0004336,3,PROD00112,6,417.51,250.51,2254.55
LINE00013010,ORD0004336,4,PROD00285,2,90.63,18.13,163.13
LINE00013011,ORD0004337,1,PROD00199,3,467.88,70.18,1333.46
LINE00013012,ORD0004337,2,PROD00273,5,18.31,4.58,86.97
LINE00013013,ORD0004337,3,PROD00328,2,1130.14,226.03,2034.25
LINE00013014,ORD0004338,1,PROD00367,4,610.46,244.18,2197.66
LINE00013015,ORD0004338,2,PROD00182,5,627.18,0.0,3135.9
LINE00013016,ORD0004339,1,PROD00171,6,125.76,37.73,716.83
LINE00013017,ORD0004339,2,PROD00040,4,797.07,318.83,2869.45
LINE00013018,ORD0004339,3,PROD00393,4,776.93,0.0,3107.72
LINE00013019,ORD0004340,1,PROD00060,2,1041.37,0.0,2082.74
LINE00013020,ORD0004340,2,PROD00063,3,841.88,0.0,2525.64
LINE00013021,ORD0004340,3,PROD00452,3,299.49,0.0,898.47
LINE00013022,ORD0004340,4,PROD00023,5,124.23,31.06,590.09
LINE00013023,ORD0004341,1,PROD00499,4,1091.71,436.68,3930.16
LINE00013024,ORD0004341,2,PROD00029,5,891.0,0.0,4455.0
LINE00013025,ORD0004342,1,PROD00314,3,662.08,0.0,1986.24
LINE00013026,ORD0004343,1,PROD00462,3,543.43,0.0,1630.29
LINE00013027,ORD0004343,2,PROD00477,1,636.22,0.0,636.22
LINE00013028,ORD0004344,1,PROD00349,5,796.99,0.0,3984.95
LINE00013029,ORD0004344,2,PROD00379,6,59.31,17.79,338.07
LINE00013030,ORD0004344,3,PROD00404,1,854.54,0.0,854.54
LINE00013031,ORD0004344,4,PROD00422,3,908.56,0.0,2725.68
LINE00013032,ORD0004345,1,PROD00040,4,425.08,0.0,1700.32
LINE00013033,ORD0004345,2,PROD00258,1,664.77,0.0,664.77
LINE00013034,ORD0004345,3,PROD00105,6,901.91,0.0,5411.46
LINE00013035,ORD0004346,1,PROD00444,5,563.29,563.29,2253.16
LINE00013036,ORD0004346,2,PROD00177,1,236.61,11.83,224.78
LINE00013037,ORD0004346,3,PROD00309,1,88.73,8.87,79.86
LINE00013038,ORD0004347,1,PROD00331,4,9.47,1.89,35.99
LINE00013039,ORD0004347,2,PROD00385,5,988.77,0.0,4943.85
LINE00013040,ORD0004347,3,PROD00478,1,275.91,55.18,220.73
LINE00013041,ORD0004347,4,PROD00346,1,451.93,45.19,406.74
LINE00013042,ORD0004347,5,PROD00092,3,1074.87,0.0,3224.61
LINE00013043,ORD0004348,1,PROD00185,6,19.8,23.76,95.04
LINE00013044,ORD0004348,2,PROD00072,5,37.5,37.5,150.0
LINE00013045,ORD0004348,3,PROD00221,4,969.19,0.0,3876.76
LINE00013046,ORD0004349,1,PROD00377,4,468.52,0.0,1874.08
LINE00013047,ORD0004349,2,PROD00415,3,904.89,0.0,2714.67
LINE00013048,ORD0004349,3,PROD00095,4,326.62,130.65,1175.83
LINE00013049,ORD0004349,4,PROD00291,3,741.41,111.21,2113.02
LINE00013050,ORD0004349,5,PROD00167,2,303.9,121.56,486.24
LINE00013051,ORD0004350,1,PROD00073,3,75.26,0.0,225.78
LINE00013052,ORD0004350,2,PROD00030,4,172.75,0.0,691.0
LINE00013053,ORD0004350,3,PROD00157,3,19.46,5.84,52.54
LINE00013054,ORD0004350,4,PROD00025,3,292.44,0.0,877.32
LINE00013055,ORD0004350,5,PROD00403,1,1014.75,0.0,1014.75
LINE00013056,ORD0004351,1,PROD00030,2,737.06,0.0,1474.12
LINE00013057,ORD0004351,2,PROD00023,3,45.05,13.51,121.64
LINE00013058,ORD0004351,3,PROD00202,4,243.87,48.77,926.71
LINE00013059,ORD0004352,1,PROD00499,1,407.47,20.37,387.1
LINE00013060,ORD0004352,2,PROD00451,5,1076.31,0.0,5381.55
LINE00013061,ORD0004353,1,PROD00109,1,290.6,29.06,261.54
LINE00013062,ORD0004353,2,PROD00419,1,1053.63,0.0,1053.63
LINE00013063,ORD0004353,3,PROD00125,4,130.36,104.29,417.15
LINE00013064,ORD0004354,1,PROD00262,5,794.09,0.0,3970.45
LINE00013065,ORD0004354,2,PROD00032,4,892.32,178.46,3390.82
LINE00013066,ORD0004354,3,PROD00255,1,188.32,9.42,178.9
LINE00013067,ORD0004355,1,PROD00033,1,531.53,0.0,531.53
LINE00013068,ORD0004355,2,PROD00092,3,928.33,278.5,2506.49
LINE00013069,ORD0004355,3,PROD00045,3,644.26,0.0,1932.78
LINE00013070,ORD0004355,4,PROD00273,3,332.69,49.9,948.17
LINE00013071,ORD0004356,1,PROD00500,6,1089.72,1307.66,5230.66
LINE00013072,ORD0004356,2,PROD00042,1,325.04,0.0,325.04
LINE00013073,ORD0004357,1,PROD00144,1,792.13,79.21,712.92
LINE00013074,ORD0004357,2,PROD00421,5,614.1,614.1,2456.4
LINE00013075,ORD0004357,3,PROD00318,1,766.57,0.0,766.57
LINE00013076,ORD0004357,4,PROD00393,3,272.87,0.0,818.61
LINE00013077,ORD0004357,5,PROD00354,4,685.06,0.0,2740.24
LINE00013078,ORD0004358,1,PROD00439,4,1043.64,0.0,4174.56
LINE00013079,ORD0004358,2,PROD00050,2,733.12,0.0,1466.24
LINE00013080,ORD0004358,3,PROD00047,2,117.66,0.0,235.32
LINE00013081,ORD0004358,4,PROD00379,1,585.9,0.0,585.9
LINE00013082,ORD0004359,1,PROD00453,2,342.33,0.0,684.66
LINE00013083,ORD0004359,2,PROD00328,4,832.04,0.0,3328.16
LINE00013084,ORD0004360,1,PROD00422,3,485.75,0.0,1457.25
LINE00013085,ORD0004360,2,PROD00135,5,919.42,459.71,4137.39
LINE00013086,ORD0004361,1,PROD00224,5,356.07,178.03,1602.32
LINE00013087,ORD0004362,1,PROD00274,2,380.94,0.0,761.88
LINE00013088,ORD0004362,2,PROD00134,6,443.59,0.0,2661.54
LINE00013089,ORD0004362,3,PROD00225,4,632.57,126.51,2403.77
LINE00013090,ORD0004362,4,PROD00214,2,424.87,169.95,679.79
LINE00013091,ORD0004362,5,PROD00352,6,958.02,287.41,5460.71
LINE00013092,ORD0004363,1,PROD00308,4,969.9,775.92,3103.68
LINE00013093,ORD0004363,2,PROD00021,4,81.01,64.81,259.23
LINE00013094,ORD0004363,3,PROD00395,2,1128.65,112.87,2144.43
LINE00013095,ORD0004363,4,PROD00488,3,892.48,0.0,2677.44
LINE00013096,ORD0004364,1,PROD00398,1,544.35,0.0,544.35
LINE00013097,ORD0004365,1,PROD00385,5,260.89,0.0,1304.45
LINE00013098,ORD0004365,2,PROD00245,6,1031.59,309.48,5880.06
LINE00013099,ORD0004365,3,PROD00348,1,130.7,0.0,130.7
LINE00013100,ORD0004366,1,PROD00189,4,402.15,80.43,1528.17
LINE00013101,ORD0004366,2,PROD00320,5,901.89,901.89,3607.56
LINE00013102,ORD0004366,3,PROD00141,6,387.45,464.94,1859.76
LINE00013103,ORD0004366,4,PROD00474,4,578.18,0.0,2312.72
LINE00013104,ORD0004367,1,PROD00096,6,864.24,0.0,5185.44
LINE00013105,ORD0004367,2,PROD00232,6,212.36,127.42,1146.74
LINE00013106,ORD0004367,3,PROD00385,4,483.59,0.0,1934.36
LINE00013107,ORD0004367,4,PROD00240,3,984.42,0.0,2953.26
LINE00013108,ORD0004367,5,PROD00210,1,722.22,0.0,722.22
LINE00013109,ORD0004368,1,PROD00021,3,557.94,0.0,1673.82
LINE00013110,ORD0004368,2,PROD00482,2,337.17,0.0,674.34
LINE00013111,ORD0004368,3,PROD00196,5,443.13,443.13,1772.52
LINE00013112,ORD0004369,1,PROD00038,5,1055.38,0.0,5276.9
LINE00013113,ORD0004369,2,PROD00297,1,1197.86,239.57,958.29
LINE00013114,ORD0004369,3,PROD00338,3,549.97,0.0,1649.91
LINE00013115,ORD0004369,4,PROD00228,5,890.67,445.33,4008.02
LINE00013116,ORD0004370,1,PROD00222,6,465.44,0.0,2792.64
LINE00013117,ORD0004370,2,PROD00115,6,1122.09,0.0,6732.54
LINE00013118,ORD0004370,3,PROD00363,1,343.06,68.61,274.45
LINE00013119,ORD0004370,4,PROD00017,1,1061.0,0.0,1061.0
LINE00013120,ORD0004371,1,PROD00245,2,966.09,96.61,1835.57
LINE00013121,ORD0004371,2,PROD00044,2,523.65,0.0,1047.3
LINE00013122,ORD0004372,1,PROD00146,1,284.79,14.24,270.55
LINE00013123,ORD0004372,2,PROD00092,3,407.95,244.77,979.08
LINE00013124,ORD0004372,3,PROD00309,2,512.57,102.51,922.63
LINE00013125,ORD0004372,4,PROD00185,4,873.2,349.28,3143.52
LINE00013126,ORD0004373,1,PROD00366,2,360.49,0.0,720.98
LINE00013127,ORD0004374,1,PROD00309,6,1073.41,0.0,6440.46
LINE00013128,ORD0004374,2,PROD00096,3,843.74,253.12,2278.1
LINE00013129,ORD0004375,1,PROD00427,1,627.57,0.0,627.57
LINE00013130,ORD0004375,2,PROD00379,1,1062.89,212.58,850.31
LINE00013131,ORD0004376,1,PROD00020,2,1022.84,102.28,1943.4
LINE00013132,ORD0004376,2,PROD00288,2,434.94,173.98,695.9
LINE00013133,ORD0004376,3,PROD00125,2,569.21,0.0,1138.42
LINE00013134,ORD0004377,1,PROD00334,1,604.65,0.0,604.65
LINE00013135,ORD0004377,2,PROD00457,6,634.92,0.0,3809.52
LINE00013136,ORD0004377,3,PROD00330,4,86.41,0.0,345.64
LINE00013137,ORD0004377,4,PROD00158,1,334.1,0.0,334.1
LINE00013138,ORD0004377,5,PROD00302,5,577.83,0.0,2889.15
LINE00013139,ORD0004378,1,PROD00378,1,887.06,0.0,887.06
LINE00013140,ORD0004379,1,PROD00055,5,983.48,491.74,4425.66
LINE00013141,ORD0004380,1,PROD00143,1,881.85,44.09,837.76
LINE00013142,ORD0004380,2,PROD00157,4,454.98,0.0,1819.92
LINE00013143,ORD0004380,3,PROD00278,5,343.54,0.0,1717.7
LINE00013144,ORD0004381,1,PROD00353,4,391.11,0.0,1564.44
LINE00013145,ORD0004381,2,PROD00483,2,1109.86,110.99,2108.73
LINE00013146,ORD0004382,1,PROD00157,3,757.65,113.65,2159.3
LINE00013147,ORD0004383,1,PROD00237,6,131.65,0.0,789.9
LINE00013148,ORD0004383,2,PROD00205,3,706.04,423.62,1694.5
LINE00013149,ORD0004383,3,PROD00465,6,321.5,0.0,1929.0
LINE00013150,ORD0004383,4,PROD00473,2,1175.36,117.54,2233.18
LINE00013151,ORD0004384,1,PROD00206,1,867.36,43.37,823.99
LINE00013152,ORD0004384,2,PROD00460,1,329.43,0.0,329.43
LINE00013153,ORD0004384,3,PROD00349,2,1015.49,203.1,1827.88
LINE00013154,ORD0004384,4,PROD00131,6,315.28,0.0,1891.68
LINE00013155,ORD0004385,1,PROD00037,5,798.07,199.52,3790.83
LINE00013156,ORD0004385,2,PROD00137,1,129.23,0.0,129.23
LINE00013157,ORD0004385,3,PROD00430,4,817.63,654.1,2616.42
LINE00013158,ORD0004385,4,PROD00063,5,1136.67,568.34,5115.01
LINE00013159,ORD0004385,5,PROD00123,3,799.41,0.0,2398.23
LINE00013160,ORD0004386,1,PROD00427,4,102.33,40.93,368.39
LINE00013161,ORD0004386,2,PROD00489,6,210.57,0.0,1263.42
LINE00013162,ORD0004386,3,PROD00026,1,114.16,0.0,114.16
LINE00013163,ORD0004387,1,PROD00180,5,605.78,605.78,2423.12
LINE00013164,ORD0004387,2,PROD00442,3,858.71,257.61,2318.52
LINE00013165,ORD0004388,1,PROD00487,4,214.9,42.98,816.62
LINE00013166,ORD0004389,1,PROD00106,1,801.17,80.12,721.05
LINE00013167,ORD0004389,2,PROD00085,3,56.34,8.45,160.57
LINE00013168,ORD0004390,1,PROD00325,1,565.53,0.0,565.53
LINE00013169,ORD0004391,1,PROD00408,1,178.16,8.91,169.25
LINE00013170,ORD0004391,2,PROD00018,4,1016.35,0.0,4065.4
LINE00013171,ORD0004391,3,PROD00436,4,183.74,146.99,587.97
LINE00013172,ORD0004391,4,PROD00033,5,465.21,0.0,2326.05
LINE00013173,ORD0004392,1,PROD00195,6,1147.93,688.76,6198.82
LINE00013174,ORD0004392,2,PROD00050,3,664.71,99.71,1894.42
LINE00013175,ORD0004392,3,PROD00212,3,303.53,45.53,865.06
LINE00013176,ORD0004392,4,PROD00380,6,771.5,0.0,4629.0
LINE00013177,ORD0004393,1,PROD00231,5,1008.81,252.2,4791.85
LINE00013178,ORD0004394,1,PROD00034,1,809.6,0.0,809.6
LINE00013179,ORD0004394,2,PROD00149,2,245.69,0.0,491.38
LINE00013180,ORD0004394,3,PROD00247,5,21.91,0.0,109.55
LINE00013181,ORD0004394,4,PROD00365,3,1151.27,0.0,3453.81
LINE00013182,ORD0004394,5,PROD00300,5,779.04,0.0,3895.2
LINE00013183,ORD0004395,1,PROD00482,5,1184.98,0.0,5924.9
LINE00013184,ORD0004395,2,PROD00393,1,806.08,0.0,806.08
LINE00013185,ORD0004396,1,PROD00087,3,1133.67,170.05,3230.96
LINE00013186,ORD0004397,1,PROD00192,5,798.46,399.23,3593.07
LINE00013187,ORD0004397,2,PROD00106,1,685.41,0.0,685.41
LINE00013188,ORD0004397,3,PROD00179,5,1107.85,553.93,4985.32
LINE00013189,ORD0004397,4,PROD00308,3,1096.73,164.51,3125.68
LINE00013190,ORD0004398,1,PROD00266,5,324.57,0.0,1622.85
LINE00013191,ORD0004399,1,PROD00428,2,130.1,0.0,260.2
LINE00013192,ORD0004399,2,PROD00255,5,63.86,0.0,319.3
LINE00013193,ORD0004399,3,PROD00093,6,701.05,210.31,3995.99
LINE00013194,ORD0004399,4,PROD00390,6,193.81,116.29,1046.57
LINE00013195,ORD0004400,1,PROD00069,2,1025.13,410.05,1640.21
LINE00013196,ORD0004401,1,PROD00399,6,315.51,0.0,1893.06
LINE00013197,ORD0004401,2,PROD00454,6,624.82,0.0,3748.92
LINE00013198,ORD0004401,3,PROD00358,4,504.06,0.0,2016.24
LINE00013199,ORD0004401,4,PROD00083,1,888.18,0.0,888.18
LINE00013200,ORD0004401,5,PROD00256,1,959.01,191.8,767.21
LINE00013201,ORD0004402,1,PROD00343,1,759.24,37.96,721.28
LINE00013202,ORD0004402,2,PROD00251,3,201.1,30.16,573.14
LINE00013203,ORD0004403,1,PROD00295,4,516.45,0.0,2065.8
LINE00013204,ORD0004403,2,PROD00015,1,558.7,0.0,558.7
LINE00013205,ORD0004403,3,PROD00365,3,816.0,0.0,2448.0
LINE00013206,ORD0004403,4,PROD00068,1,45.18,2.26,42.92
LINE00013207,ORD0004404,1,PROD00322,4,837.96,167.59,3184.25
LINE00013208,ORD0004404,2,PROD00246,5,218.37,0.0,1091.85
LINE00013209,ORD0004404,3,PROD00042,6,896.74,269.02,5111.42
LINE00013210,ORD0004404,4,PROD00136,6,1059.12,0.0,6354.72
LINE00013211,ORD0004404,5,PROD00266,4,878.84,703.07,2812.29
LINE00013212,ORD0004405,1,PROD00278,2,369.62,0.0,739.24
LINE00013213,ORD0004405,2,PROD00143,1,1003.79,50.19,953.6
LINE00013214,ORD0004405,3,PROD00316,2,481.71,0.0,963.42
LINE00013215,ORD0004405,4,PROD00477,6,514.8,0.0,3088.8
LINE00013216,ORD0004405,5,PROD00059,3,721.32,0.0,2163.96
LINE00013217,ORD0004406,1,PROD00432,4,107.91,0.0,431.64
LINE00013218,ORD0004407,1,PROD00226,6,619.99,371.99,3347.95
LINE00013219,ORD0004407,2,PROD00293,6,92.79,111.35,445.39
LINE00013220,ORD0004407,3,PROD00136,3,403.72,0.0,1211.16
LINE00013221,ORD0004408,1,PROD00375,2,300.01,0.0,600.02
LINE00013222,ORD0004408,2,PROD00493,1,929.97,185.99,743.98
LINE00013223,ORD0004408,3,PROD00429,2,594.13,0.0,1188.26
LINE00013224,ORD0004408,4,PROD00411,5,1026.82,513.41,4620.69
LINE00013225,ORD0004409,1,PROD00218,2,1023.07,102.31,1943.83
LINE00013226,ORD0004409,2,PROD00211,3,1089.45,653.67,2614.68
LINE00013227,ORD0004410,1,PROD00389,3,301.0,45.15,857.85
LINE00013228,ORD0004410,2,PROD00024,3,871.72,0.0,2615.16
LINE00013229,ORD0004410,3,PROD00098,1,831.15,166.23,664.92
LINE00013230,ORD0004410,4,PROD00415,4,510.41,0.0,2041.64
LINE00013231,ORD0004410,5,PROD00292,3,878.23,131.73,2502.96
LINE00013232,ORD0004411,1,PROD00205,2,332.53,33.25,631.81
LINE00013233,ORD0004412,1,PROD00024,6,338.5,0.0,2031.0
LINE00013234,ORD0004412,2,PROD00039,2,691.62,69.16,1314.08
LINE00013235,ORD0004412,3,PROD00128,6,610.02,0.0,3660.12
LINE00013236,ORD0004412,4,PROD00448,1,723.32,36.17,687.15
LINE00013237,ORD0004413,1,PROD00470,2,979.69,0.0,1959.38
LINE00013238,ORD0004413,2,PROD00367,6,311.96,187.18,1684.58
LINE00013239,ORD0004414,1,PROD00347,4,774.22,309.69,2787.19
LINE00013240,ORD0004415,1,PROD00291,2,115.9,0.0,231.8
LINE00013241,ORD0004415,2,PROD00200,1,638.35,0.0,638.35
LINE00013242,ORD0004415,3,PROD00470,5,465.12,0.0,2325.6
LINE00013243,ORD0004415,4,PROD00028,2,365.87,73.17,658.57
LINE00013244,ORD0004416,1,PROD00240,1,427.46,85.49,341.97
LINE00013245,ORD0004416,2,PROD00472,6,229.11,0.0,1374.66
LINE00013246,ORD0004416,3,PROD00490,5,800.93,800.93,3203.72
LINE00013247,ORD0004416,4,PROD00043,2,824.21,164.84,1483.58
LINE00013248,ORD0004416,5,PROD00477,3,712.1,0.0,2136.3
LINE00013249,ORD0004417,1,PROD00305,5,1093.02,546.51,4918.59
LINE00013250,ORD0004417,2,PROD00301,3,431.97,0.0,1295.91
LINE00013251,ORD0004418,1,PROD00383,5,916.13,0.0,4580.65
LINE00013252,ORD0004418,2,PROD00266,4,24.9,0.0,99.6
LINE00013253,ORD0004418,3,PROD00414,4,983.76,0.0,3935.04
LINE00013254,ORD0004418,4,PROD00070,5,967.79,0.0,4838.95
LINE00013255,ORD0004418,5,PROD00355,5,1116.24,0.0,5581.2
LINE00013256,ORD0004419,1,PROD00009,2,1177.48,235.5,2119.46
LINE00013257,ORD0004419,2,PROD00396,5,1182.45,1182.45,4729.8
LINE00013258,ORD0004420,1,PROD00328,1,290.01,58.0,232.01
LINE00013259,ORD0004420,2,PROD00310,2,664.41,0.0,1328.82
LINE00013260,ORD0004420,3,PROD00350,3,1107.65,0.0,3322.95
LINE00013261,ORD0004420,4,PROD00152,3,290.91,87.27,785.46
LINE00013262,ORD0004421,1,PROD00376,4,798.24,0.0,3192.96
LINE00013263,ORD0004421,2,PROD00296,6,1105.22,331.57,6299.75
LINE00013264,ORD0004421,3,PROD00433,1,258.42,0.0,258.42
LINE00013265,ORD0004421,4,PROD00126,1,695.66,69.57,626.09
LINE00013266,ORD0004421,5,PROD00245,2,467.0,46.7,887.3
LINE00013267,ORD0004422,1,PROD00442,3,406.82,122.05,1098.41
LINE00013268,ORD0004422,2,PROD00441,4,904.61,361.84,3256.6
LINE00013269,ORD0004422,3,PROD00282,3,1198.45,179.77,3415.58
LINE00013270,ORD0004422,4,PROD00420,3,532.81,79.92,1518.51
LINE00013271,ORD0004423,1,PROD00126,6,477.58,573.1,2292.38
LINE00013272,ORD0004423,2,PROD00074,3,46.71,14.01,126.12
LINE00013273,ORD0004423,3,PROD00313,6,736.62,0.0,4419.72
LINE00013274,ORD0004423,4,PROD00026,6,960.02,288.01,5472.11
LINE00013275,ORD0004423,5,PROD00217,6,1019.5,1223.4,4893.6
LINE00013276,ORD0004424,1,PROD00109,2,221.08,22.11,420.05
LINE00013277,ORD0004424,2,PROD00386,6,908.25,544.95,4904.55
LINE00013278,ORD0004424,3,PROD00340,3,596.76,0.0,1790.28
LINE00013279,ORD0004424,4,PROD00326,3,894.6,0.0,2683.8
LINE00013280,ORD0004424,5,PROD00025,3,796.75,0.0,2390.25
LINE00013281,ORD0004425,1,PROD00366,5,671.18,167.79,3188.11
LINE00013282,ORD0004425,2,PROD00481,4,785.51,628.41,2513.63
LINE00013283,ORD0004425,3,PROD00344,3,535.19,160.56,1445.01
LINE00013284,ORD0004425,4,PROD00365,6,19.95,5.98,113.72
LINE00013285,ORD0004425,5,PROD00393,2,565.86,226.34,905.38
LINE00013286,ORD0004426,1,PROD00140,6,822.75,0.0,4936.5
LINE00013287,ORD0004426,2,PROD00463,5,534.27,534.27,2137.08
LINE00013288,ORD0004426,3,PROD00450,1,30.27,0.0,30.27
LINE00013289,ORD0004426,4,PROD00445,5,1080.65,0.0,5403.25
LINE00013290,ORD0004427,1,PROD00292,4,397.01,0.0,1588.04
LINE00013291,ORD0004427,2,PROD00034,1,347.03,69.41,277.62
LINE00013292,ORD0004427,3,PROD00168,6,463.22,277.93,2501.39
LINE00013293,ORD0004427,4,PROD00101,1,1062.62,53.13,1009.49
LINE00013294,ORD0004427,5,PROD00004,3,592.84,0.0,1778.52
LINE00013295,ORD0004428,1,PROD00054,5,558.11,279.06,2511.49
LINE00013296,ORD0004428,2,PROD00125,6,1074.45,644.67,5802.03
LINE00013297,ORD0004428,3,PROD00192,4,100.58,0.0,402.32
LINE00013298,ORD0004428,4,PROD00115,6,473.75,568.5,2274.0
LINE00013299,ORD0004428,5,PROD00068,5,658.23,658.23,2632.92
LINE00013300,ORD0004429,1,PROD00296,4,106.43,42.57,383.15
LINE00013301,ORD0004430,1,PROD00142,5,858.39,0.0,4291.95
LINE00013302,ORD0004430,2,PROD00333,2,837.73,83.77,1591.69
LINE00013303,ORD0004430,3,PROD00018,5,888.88,888.88,3555.52
LINE00013304,ORD0004431,1,PROD00245,2,70.91,0.0,141.82
LINE00013305,ORD0004431,2,PROD00442,3,293.11,43.97,835.36
LINE00013306,ORD0004431,3,PROD00086,1,1151.43,0.0,1151.43
LINE00013307,ORD0004431,4,PROD00426,2,569.2,113.84,1024.56
LINE00013308,ORD0004431,5,PROD00086,1,878.34,43.92,834.42
LINE00013309,ORD0004432,1,PROD00418,3,332.74,0.0,998.22
LINE00013310,ORD0004432,2,PROD00279,2,1188.68,118.87,2258.49
LINE00013311,ORD0004432,3,PROD00131,5,415.61,103.9,1974.15
LINE00013312,ORD0004432,4,PROD00423,6,913.53,0.0,5481.18
LINE00013313,ORD0004433,1,PROD00376,2,585.29,58.53,1112.05
LINE00013314,ORD0004433,2,PROD00069,4,251.25,201.0,804.0
LINE00013315,ORD0004433,3,PROD00123,2,1104.56,0.0,2209.12
LINE00013316,ORD0004433,4,PROD00264,1,510.86,0.0,510.86
LINE00013317,ORD0004434,1,PROD00255,3,417.51,0.0,1252.53
LINE00013318,ORD0004434,2,PROD00364,2,988.63,197.73,1779.53
LINE00013319,ORD0004434,3,PROD00431,2,772.3,0.0,1544.6
LINE00013320,ORD0004434,4,PROD00240,1,808.84,161.77,647.07
LINE00013321,ORD0004435,1,PROD00129,5,663.52,165.88,3151.72
LINE00013322,ORD0004436,1,PROD00091,3,315.14,189.08,756.34
LINE00013323,ORD0004436,2,PROD00495,2,149.07,29.81,268.33
LINE00013324,ORD0004436,3,PROD00334,1,84.74,0.0,84.74
LINE00013325,ORD0004436,4,PROD00050,6,583.72,0.0,3502.32
LINE00013326,ORD0004436,5,PROD00345,5,124.44,124.44,497.76
LINE00013327,ORD0004437,1,PROD00180,6,1089.17,326.75,6208.27
LINE00013328,ORD0004437,2,PROD00090,4,892.78,0.0,3571.12
LINE00013329,ORD0004437,3,PROD00009,4,983.69,196.74,3738.02
LINE00013330,ORD0004437,4,PROD00472,3,1156.75,694.05,2776.2
LINE00013331,ORD0004437,5,PROD00497,4,709.86,283.94,2555.5
LINE00013332,ORD0004438,1,PROD00265,4,258.46,0.0,1033.84
LINE00013333,ORD0004438,2,PROD00410,4,404.01,80.8,1535.24
LINE00013334,ORD0004438,3,PROD00068,6,1026.73,0.0,6160.38
LINE00013335,ORD0004438,4,PROD00015,2,1078.51,0.0,2157.02
LINE00013336,ORD0004439,1,PROD00281,3,1125.54,0.0,3376.62
LINE00013337,ORD0004439,2,PROD00482,5,600.37,0.0,3001.85
LINE00013338,ORD0004439,3,PROD00030,4,585.04,234.02,2106.14
LINE00013339,ORD0004439,4,PROD00132,2,975.1,0.0,1950.2
LINE00013340,ORD0004439,5,PROD00411,4,1088.59,0.0,4354.36
LINE00013341,ORD0004440,1,PROD00225,2,110.82,0.0,221.64
LINE00013342,ORD0004440,2,PROD00006,5,73.4,0.0,367.0
LINE00013343,ORD0004441,1,PROD00469,5,608.7,152.18,2891.32
LINE00013344,ORD0004441,2,PROD00142,6,78.26,0.0,469.56
LINE00013345,ORD0004441,3,PROD00457,3,627.46,0.0,1882.38
LINE00013346,ORD0004441,4,PROD00100,6,559.74,167.92,3190.52
LINE00013347,ORD0004441,5,PROD00426,5,1133.6,0.0,5668.0
LINE00013348,ORD0004442,1,PROD00483,3,230.79,0.0,692.37
LINE00013349,ORD0004442,2,PROD00283,2,382.04,38.2,725.88
LINE00013350,ORD0004442,3,PROD00341,6,384.09,115.23,2189.31
LINE00013351,ORD0004443,1,PROD00008,6,235.47,141.28,1271.54
LINE00013352,ORD0004443,2,PROD00451,3,57.45,0.0,172.35
LINE00013353,ORD0004443,3,PROD00211,4,907.55,181.51,3448.69
LINE00013354,ORD0004443,4,PROD00138,4,460.4,92.08,1749.52
LINE00013355,ORD0004443,5,PROD00496,1,482.09,0.0,482.09
LINE00013356,ORD0004444,1,PROD00159,2,38.25,3.83,72.67
LINE00013357,ORD0004444,2,PROD00323,1,885.26,0.0,885.26
LINE00013358,ORD0004444,3,PROD00329,6,904.97,271.49,5158.33
LINE00013359,ORD0004444,4,PROD00308,2,738.25,0.0,1476.5
LINE00013360,ORD0004444,5,PROD00358,3,1073.76,322.13,2899.15
LINE00013361,ORD0004445,1,PROD00118,1,284.33,0.0,284.33
LINE00013362,ORD0004445,2,PROD00243,6,299.31,0.0,1795.86
LINE00013363,ORD0004445,3,PROD00140,6,965.04,289.51,5500.73
LINE00013364,ORD0004446,1,PROD00088,5,1149.99,0.0,5749.95
LINE00013365,ORD0004446,2,PROD00225,5,990.17,0.0,4950.85
LINE00013366,ORD0004447,1,PROD00422,3,517.06,77.56,1473.62
LINE00013367,ORD0004447,2,PROD00130,3,647.71,388.63,1554.5
LINE00013368,ORD0004447,3,PROD00280,4,707.25,0.0,2829.0
LINE00013369,ORD0004447,4,PROD00420,1,469.14,0.0,469.14
LINE00013370,ORD0004448,1,PROD00031,2,455.66,182.26,729.06
LINE00013371,ORD0004448,2,PROD00231,3,201.25,0.0,603.75
LINE00013372,ORD0004448,3,PROD00225,5,1056.47,0.0,5282.35
LINE00013373,ORD0004448,4,PROD00296,1,453.93,0.0,453.93
LINE00013374,ORD0004449,1,PROD00194,2,921.32,92.13,1750.51
LINE00013375,ORD0004449,2,PROD00126,1,465.2,0.0,465.2
LINE00013376,ORD0004449,3,PROD00325,2,884.95,0.0,1769.9
LINE00013377,ORD0004450,1,PROD00354,4,308.26,61.65,1171.39
LINE00013378,ORD0004450,2,PROD00349,3,89.21,26.76,240.87
LINE00013379,ORD0004450,3,PROD00493,4,520.0,0.0,2080.0
LINE00013380,ORD0004450,4,PROD00213,6,893.24,267.97,5091.47
LINE00013381,ORD0004451,1,PROD00002,3,6.83,1.02,19.47
LINE00013382,ORD0004451,2,PROD00384,3,695.85,0.0,2087.55
LINE00013383,ORD0004452,1,PROD00209,5,762.07,190.52,3619.83
LINE00013384,ORD0004452,2,PROD00281,6,259.92,0.0,1559.52
LINE00013385,ORD0004452,3,PROD00377,2,247.08,0.0,494.16
LINE00013386,ORD0004452,4,PROD00123,6,816.94,490.16,4411.48
LINE00013387,ORD0004453,1,PROD00364,4,198.44,158.75,635.01
LINE00013388,ORD0004453,2,PROD00292,2,566.02,0.0,1132.04
LINE00013389,ORD0004453,3,PROD00079,1,993.55,198.71,794.84
LINE00013390,ORD0004454,1,PROD00181,6,484.6,0.0,2907.6
LINE00013391,ORD0004455,1,PROD00433,1,726.7,145.34,581.36
LINE00013392,ORD0004455,2,PROD00334,5,215.24,0.0,1076.2
LINE00013393,ORD0004455,3,PROD00396,6,997.04,0.0,5982.24
LINE00013394,ORD0004456,1,PROD00216,2,343.97,0.0,687.94
LINE00013395,ORD0004457,1,PROD00275,6,401.92,0.0,2411.52
LINE00013396,ORD0004457,2,PROD00395,6,1172.5,703.5,6331.5
LINE00013397,ORD0004457,3,PROD00382,2,1045.15,209.03,1881.27
LINE00013398,ORD0004458,1,PROD00245,6,691.96,0.0,4151.76
LINE00013399,ORD0004459,1,PROD00120,3,962.58,144.39,2743.35
LINE00013400,ORD0004460,1,PROD00101,4,38.19,0.0,152.76
LINE00013401,ORD0004460,2,PROD00179,3,993.11,595.87,2383.46
LINE00013402,ORD0004460,3,PROD00233,6,204.61,122.77,1104.89
LINE00013403,ORD0004460,4,PROD00015,1,717.07,0.0,717.07
LINE00013404,ORD0004460,5,PROD00249,1,559.44,0.0,559.44
LINE00013405,ORD0004461,1,PROD00087,2,635.34,0.0,1270.68
LINE00013406,ORD0004461,2,PROD00215,5,851.03,851.03,3404.12
LINE00013407,ORD0004462,1,PROD00049,1,1168.62,0.0,1168.62
LINE00013408,ORD0004462,2,PROD00117,5,923.97,0.0,4619.85
LINE00013409,ORD0004462,3,PROD00310,4,424.55,169.82,1528.38
LINE00013410,ORD0004462,4,PROD00440,3,1102.43,0.0,3307.29
LINE00013411,ORD0004462,5,PROD00286,4,613.55,0.0,2454.2
LINE00013412,ORD0004463,1,PROD00183,4,1035.36,0.0,4141.44
LINE00013413,ORD0004464,1,PROD00132,4,482.08,0.0,1928.32
LINE00013414,ORD0004464,2,PROD00029,1,671.77,134.35,537.42
LINE00013415,ORD0004465,1,PROD00185,2,589.9,0.0,1179.8
LINE00013416,ORD0004466,1,PROD00450,4,100.01,20.0,380.04
LINE00013417,ORD0004466,2,PROD00067,4,118.42,94.74,378.94
LINE00013418,ORD0004466,3,PROD00154,2,870.08,0.0,1740.16
LINE00013419,ORD0004466,4,PROD00419,1,64.75,0.0,64.75
LINE00013420,ORD0004466,5,PROD00259,5,544.73,136.18,2587.47
LINE00013421,ORD0004467,1,PROD00210,6,360.3,0.0,2161.8
LINE00013422,ORD0004467,2,PROD00093,4,533.38,0.0,2133.52
LINE00013423,ORD0004467,3,PROD00120,3,739.26,0.0,2217.78
LINE00013424,ORD0004468,1,PROD00076,5,955.34,0.0,4776.7
LINE00013425,ORD0004468,2,PROD00290,1,860.26,172.05,688.21
LINE00013426,ORD0004468,3,PROD00455,5,756.59,189.15,3593.8
LINE00013427,ORD0004469,1,PROD00358,5,589.08,0.0,2945.4
LINE00013428,ORD0004470,1,PROD00295,2,632.05,0.0,1264.1
LINE00013429,ORD0004470,2,PROD00339,2,829.86,0.0,1659.72
LINE00013430,ORD0004470,3,PROD00045,6,944.72,0.0,5668.32
LINE00013431,ORD0004470,4,PROD00214,2,787.17,314.87,1259.47
LINE00013432,ORD0004470,5,PROD00111,2,701.9,280.76,1123.04
LINE00013433,ORD0004471,1,PROD00229,2,610.04,61.0,1159.08
LINE00013434,ORD0004471,2,PROD00104,4,650.61,130.12,2472.32
LINE00013435,ORD0004471,3,PROD00451,1,1165.68,0.0,1165.68
LINE00013436,ORD0004471,4,PROD00133,1,280.48,14.02,266.46
LINE00013437,ORD0004471,5,PROD00359,2,296.48,59.3,533.66
LINE00013438,ORD0004472,1,PROD00482,1,1186.69,237.34,949.35
LINE00013439,ORD0004472,2,PROD00271,2,1048.98,104.9,1993.06
LINE00013440,ORD0004472,3,PROD00002,5,1151.12,0.0,5755.6
LINE00013441,ORD0004473,1,PROD00305,1,557.68,0.0,557.68
LINE00013442,ORD0004473,2,PROD00454,5,603.27,301.63,2714.72
LINE00013443,ORD0004473,3,PROD00439,4,488.17,0.0,1952.68
LINE00013444,ORD0004474,1,PROD00211,2,472.82,0.0,945.64
LINE00013445,ORD0004474,2,PROD00409,6,245.95,295.14,1180.56
LINE00013446,ORD0004474,3,PROD00448,6,66.92,0.0,401.52
LINE00013447,ORD0004474,4,PROD00395,5,328.63,82.16,1560.99
LINE00013448,ORD0004474,5,PROD00251,1,1182.13,236.43,945.7
LINE00013449,ORD0004475,1,PROD00241,5,16.55,4.14,78.61
LINE00013450,ORD0004475,2,PROD00101,1,319.37,0.0,319.37
LINE00013451,ORD0004475,3,PROD00097,5,253.04,253.04,1012.16
LINE00013452,ORD0004475,4,PROD00458,6,21.24,12.74,114.7
LINE00013453,ORD0004476,1,PROD00194,2,383.46,0.0,766.92
LINE00013454,ORD0004477,1,PROD00465,6,96.95,29.09,552.61
LINE00013455,ORD0004477,2,PROD00223,2,66.28,0.0,132.56
LINE00013456,ORD0004477,3,PROD00483,5,147.35,0.0,736.75
LINE00013457,ORD0004478,1,PROD00110,5,738.23,0.0,3691.15
LINE00013458,ORD0004479,1,PROD00044,4,264.96,0.0,1059.84
LINE00013459,ORD0004479,2,PROD00286,2,1184.45,236.89,2132.01
LINE00013460,ORD0004480,1,PROD00309,5,820.71,0.0,4103.55
LINE00013461,ORD0004481,1,PROD00077,6,493.93,296.36,2667.22
LINE00013462,ORD0004481,2,PROD00328,2,145.1,0.0,290.2
LINE00013463,ORD0004481,3,PROD00227,2,218.12,21.81,414.43
LINE00013464,ORD0004481,4,PROD00478,3,451.7,0.0,1355.1
LINE00013465,ORD0004482,1,PROD00381,2,569.36,0.0,1138.72
LINE00013466,ORD0004482,2,PROD00362,3,574.59,344.75,1379.02
LINE00013467,ORD0004482,3,PROD00448,5,611.72,611.72,2446.88
LINE00013468,ORD0004482,4,PROD00274,6,288.06,86.42,1641.94
LINE00013469,ORD0004482,5,PROD00315,6,749.09,0.0,4494.54
LINE00013470,ORD0004483,1,PROD00458,5,931.47,0.0,4657.35
LINE00013471,ORD0004484,1,PROD00131,1,1194.54,238.91,955.63
LINE00013472,ORD0004484,2,PROD00311,4,681.45,0.0,2725.8
LINE00013473,ORD0004485,1,PROD00109,-3,658.79,-197.64,-1778.73
LINE00013474,ORD0004485,2,PROD00019,5,251.16,251.16,1004.64
LINE00013475,ORD0004485,3,PROD00189,2,1071.77,214.35,1929.19
LINE00013476,ORD0004485,4,PROD00373,6,981.09,294.33,5592.21
LINE00013477,ORD0004485,5,PROD00315,2,623.17,0.0,1246.34
LINE00013478,ORD0004486,1,PROD00377,2,145.86,0.0,291.72
LINE00013479,ORD0004486,2,PROD00178,3,902.12,270.64,2435.72
LINE00013480,ORD0004486,3,PROD00450,4,148.51,29.7,564.34
LINE00013481,ORD0004487,1,PROD00452,1,983.62,0.0,983.62
LINE00013482,ORD0004487,2,PROD00302,5,895.04,447.52,4027.68
LINE00013483,ORD0004487,3,PROD00080,6,891.66,0.0,5349.96
LINE00013484,ORD0004487,4,PROD00386,5,51.72,25.86,232.74
LINE00013485,ORD0004487,5,PROD00019,1,641.93,0.0,641.93
LINE00013486,ORD0004488,1,PROD00291,6,1146.85,0.0,6881.1
LINE00013487,ORD0004488,2,PROD00453,3,665.94,199.78,1798.04
LINE00013488,ORD0004488,3,PROD00003,2,84.0,0.0,168.0
LINE00013489,ORD0004488,4,PROD00344,1,1063.2,53.16,1010.04
LINE00013490,ORD0004489,1,PROD00127,3,823.49,123.52,2346.95
LINE00013491,ORD0004490,1,PROD00294,4,303.13,0.0,1212.52
LINE00013492,ORD0004490,2,PROD00051,6,1092.71,327.81,6228.45
LINE00013493,ORD0004490,3,PROD00330,3,1040.14,312.04,2808.38
LINE00013494,ORD0004490,4,PROD00148,4,91.04,36.42,327.74
LINE00013495,ORD0004491,1,PROD00090,6,937.72,0.0,5626.32
LINE00013496,ORD0004491,2,PROD00481,1,242.02,0.0,242.02
LINE00013497,ORD0004492,1,PROD00128,3,50.8,0.0,152.4
LINE00013498,ORD0004492,2,PROD00249,4,973.42,778.74,3114.94
LINE00013499,ORD0004492,3,PROD00127,6,569.22,683.06,2732.26
LINE00013500,ORD0004493,1,PROD00429,1,821.6,0.0,821.6
LINE00013501,ORD0004494,1,PROD00054,4,968.1,0.0,3872.4
LINE00013502,ORD0004494,2,PROD00222,6,886.16,0.0,5316.96
LINE00013503,ORD0004495,1,PROD00117,5,919.83,0.0,4599.15
LINE00013504,ORD0004495,2,PROD00363,5,312.16,0.0,1560.8
LINE00013505,ORD0004495,3,PROD00339,3,873.59,0.0,2620.77
LINE00013506,ORD0004495,4,PROD00227,1,628.61,0.0,628.61
LINE00013507,ORD0004496,1,PROD00017,1,1107.97,0.0,1107.97
LINE00013508,ORD0004496,2,PROD00307,4,822.25,0.0,3289.0
LINE00013509,ORD0004496,3,PROD00484,6,248.21,148.93,1340.33
LINE00013510,ORD0004496,4,PROD00027,5,398.45,0.0,1992.25
LINE00013511,ORD0004497,1,PROD00474,4,791.7,158.34,3008.46
LINE00013512,ORD0004497,2,PROD00453,4,705.81,0.0,2823.24
LINE00013513,ORD0004497,3,PROD00279,1,608.6,0.0,608.6
LINE00013514,ORD0004498,1,PROD00476,1,626.32,62.63,563.69
LINE00013515,ORD0004498,2,PROD00297,5,336.31,84.08,1597.47
LINE00013516,ORD0004498,3,PROD00138,3,659.05,395.43,1581.72
LINE00013517,ORD0004499,1,PROD00335,1,250.27,12.51,237.76
LINE00013518,ORD0004499,2,PROD00098,5,508.49,508.49,2033.96
LINE00013519,ORD0004499,3,PROD00265,4,674.57,0.0,2698.28
LINE00013520,ORD0004499,4,PROD00112,1,889.75,44.49,845.26
LINE00013521,ORD0004500,1,PROD00383,1,385.05,77.01,308.04
LINE00013522,ORD0004501,1,PROD00472,3,499.17,74.88,1422.63
LINE00013523,ORD0004502,1,PROD00117,6,253.19,0.0,1519.14
LINE00013524,ORD0004502,2,PROD00420,3,180.05,108.03,432.12
LINE00013525,ORD0004502,3,PROD00131,6,732.21,219.66,4173.6
LINE00013526,ORD0004502,4,PROD00213,4,464.21,185.68,1671.16
LINE00013527,ORD0004502,5,PROD00007,3,983.72,0.0,2951.16
LINE00013528,ORD0004503,1,PROD00327,5,407.93,101.98,1937.67
LINE00013529,ORD0004504,1,PROD00175,2,41.32,0.0,82.64
LINE00013530,ORD0004504,2,PROD00230,6,734.14,220.24,4184.6
LINE00013531,ORD0004504,3,PROD00322,6,141.93,0.0,851.58
LINE00013532,ORD0004504,4,PROD00290,6,1085.97,325.79,6190.03
LINE00013533,ORD0004505,1,PROD00344,4,85.13,34.05,306.47
LINE00013534,ORD0004506,1,PROD00157,2,72.79,7.28,138.3
LINE00013535,ORD0004507,1,PROD00135,3,489.04,73.36,1393.76
LINE00013536,ORD0004507,2,PROD00487,1,258.61,51.72,206.89
LINE00013537,ORD0004507,3,PROD00215,5,585.34,0.0,2926.7
LINE00013538,ORD0004508,1,PROD00156,5,683.05,0.0,3415.25
LINE00013539,ORD0004508,2,PROD00306,6,523.04,0.0,3138.24
LINE00013540,ORD0004508,3,PROD00237,1,956.68,191.34,765.34
LINE00013541,ORD0004508,4,PROD00458,3,199.67,29.95,569.06
LINE00013542,ORD0004509,1,PROD00103,3,668.28,100.24,1904.6
LINE00013543,ORD0004509,2,PROD00123,1,796.33,0.0,796.33
LINE00013544,ORD0004510,1,PROD00288,2,269.85,107.94,431.76
LINE00013545,ORD0004510,2,PROD00333,1,230.38,0.0,230.38
LINE00013546,ORD0004510,3,PROD00196,1,519.15,25.96,493.19
LINE00013547,ORD0004511,1,PROD00160,4,410.63,82.13,1560.39
LINE00013548,ORD0004511,2,PROD00277,6,38.77,11.63,220.99
LINE00013549,ORD0004512,1,PROD00231,1,876.86,87.69,789.17
LINE00013550,ORD0004512,2,PROD00237,2,193.3,77.32,309.28
LINE00013551,ORD0004512,3,PROD00065,2,298.28,0.0,596.56
LINE00013552,ORD0004513,1,PROD00394,1,543.42,27.17,516.25
LINE00013553,ORD0004514,1,PROD00096,2,1133.27,113.33,2153.21
LINE00013554,ORD0004514,2,PROD00395,3,81.03,0.0,243.09
LINE00013555,ORD0004514,3,PROD00134,6,715.97,214.79,4081.03
LINE00013556,ORD0004515,1,PROD00476,4,1137.5,227.5,4322.5
LINE00013557,ORD0004515,2,PROD00123,3,254.99,0.0,764.97
LINE00013558,ORD0004515,3,PROD00345,3,527.54,158.26,1424.36
LINE00013559,ORD0004515,4,PROD00167,3,859.9,0.0,2579.7
LINE00013560,ORD0004516,1,PROD00476,1,1062.07,0.0,1062.07
LINE00013561,ORD0004516,2,PROD00429,5,600.99,0.0,3004.95
LINE00013562,ORD0004516,3,PROD00310,4,553.11,0.0,2212.44
LINE00013563,ORD0004516,4,PROD00314,4,474.37,0.0,1897.48
LINE00013564,ORD0004517,1,PROD00410,2,536.94,0.0,1073.88
LINE00013565,ORD0004517,2,PROD00399,2,422.58,0.0,845.16
LINE00013566,ORD0004518,1,PROD00368,6,278.34,334.01,1336.03
LINE00013567,ORD0004518,2,PROD00151,3,949.22,0.0,2847.66
LINE00013568,ORD0004519,1,PROD00353,2,348.17,69.63,626.71
LINE00013569,ORD0004519,2,PROD00103,4,296.21,118.48,1066.36
LINE00013570,ORD0004520,1,PROD00491,4,658.66,0.0,2634.64
LINE00013571,ORD0004521,1,PROD00090,5,638.83,638.83,2555.32
LINE00013572,ORD0004521,2,PROD00210,4,927.3,370.92,3338.28
LINE00013573,ORD0004521,3,PROD00474,6,981.42,0.0,5888.52
LINE00013574,ORD0004521,4,PROD00375,1,877.27,0.0,877.27
LINE00013575,ORD0004522,1,PROD00484,4,62.93,0.0,251.72
LINE00013576,ORD0004522,2,PROD00418,4,59.0,0.0,236.0
LINE00013577,ORD0004523,1,PROD00326,6,847.48,0.0,5084.88
LINE00013578,ORD0004524,1,PROD00444,4,314.61,125.84,1132.6
LINE00013579,ORD0004524,2,PROD00061,5,715.53,357.76,3219.89
LINE00013580,ORD0004525,1,PROD00283,6,848.69,1018.43,4073.71
LINE00013581,ORD0004525,2,PROD00438,2,783.86,156.77,1410.95
LINE00013582,ORD0004525,3,PROD00094,6,354.99,106.5,2023.44
LINE00013583,ORD0004525,4,PROD00150,6,450.13,0.0,2700.78
LINE00013584,ORD0004526,1,PROD00414,1,674.7,0.0,674.7
LINE00013585,ORD0004527,1,PROD00052,4,420.99,84.2,1599.76
LINE00013586,ORD0004527,2,PROD00267,1,665.55,0.0,665.55
LINE00013587,ORD0004527,3,PROD00292,5,286.26,71.56,1359.74
LINE00013588,ORD0004528,1,PROD00177,5,5.75,2.88,25.87
LINE00013589,ORD0004529,1,PROD00197,3,430.51,258.31,1033.22
LINE00013590,ORD0004529,2,PROD00164,6,926.93,0.0,5561.58
LINE00013591,ORD0004529,3,PROD00216,2,394.43,0.0,788.86
LINE00013592,ORD0004530,1,PROD00096,3,694.76,416.86,1667.42
LINE00013593,ORD0004531,1,PROD00027,5,1107.17,1107.17,4428.68
LINE00013594,ORD0004531,2,PROD00069,3,772.55,115.88,2201.77
LINE00013595,ORD0004531,3,PROD00281,3,58.59,8.79,166.98
LINE00013596,ORD0004531,4,PROD00467,1,236.91,11.85,225.06
LINE00013597,ORD0004532,1,PROD00449,2,493.97,0.0,987.94
LINE00013598,ORD0004533,1,PROD00246,2,384.1,0.0,768.2
LINE00013599,ORD0004533,2,PROD00108,2,798.23,0.0,1596.46
LINE00013600,ORD0004533,3,PROD00029,3,222.26,66.68,600.1
LINE00013601,ORD0004533,4,PROD00131,1,8.03,1.61,6.42
LINE00013602,ORD0004534,1,PROD00335,4,902.69,361.08,3249.68
LINE00013603,ORD0004534,2,PROD00407,3,1146.67,344.0,3096.01
LINE00013604,ORD0004534,3,PROD00014,2,1072.91,214.58,1931.24
LINE00013605,ORD0004534,4,PROD00431,5,907.48,226.87,4310.53
LINE00013606,ORD0004535,1,PROD00024,1,1121.87,112.19,1009.68
LINE00013607,ORD0004535,2,PROD00111,5,754.72,0.0,3773.6
LINE00013608,ORD0004536,1,PROD00131,4,231.35,0.0,925.4
LINE00013609,ORD0004536,2,PROD00471,3,328.34,49.25,935.77
LINE00013610,ORD0004537,1,PROD00178,3,220.67,132.4,529.61
LINE00013611,ORD0004538,1,PROD00335,3,127.03,38.11,342.98
LINE00013612,ORD0004538,2,PROD00253,4,599.04,119.81,2276.35
LINE00013613,ORD0004538,3,PROD00371,4,102.28,0.0,409.12
LINE00013614,ORD0004539,1,PROD00394,1,931.44,0.0,931.44
LINE00013615,ORD0004539,2,PROD00010,6,1008.31,0.0,6049.86
LINE00013616,ORD0004539,3,PROD00442,6,921.44,276.43,5252.21
LINE00013617,ORD0004539,4,PROD00089,2,152.79,30.56,275.02
LINE00013618,ORD0004539,5,PROD00218,2,931.08,186.22,1675.94
LINE00013619,ORD0004540,1,PROD00228,4,290.6,116.24,1046.16
LINE00013620,ORD0004540,2,PROD00330,5,690.64,0.0,3453.2
LINE00013621,ORD0004541,1,PROD00031,6,627.33,376.4,3387.58
LINE00013622,ORD0004541,2,PROD00488,3,338.76,0.0,1016.28
LINE00013623,ORD0004541,3,PROD00435,2,495.98,49.6,942.36
LINE00013624,ORD0004542,1,PROD00479,3,563.47,338.08,1352.33
LINE00013625,ORD0004542,2,PROD00455,2,1067.32,106.73,2027.91
LINE00013626,ORD0004542,3,PROD00458,6,1018.87,0.0,6113.22
LINE00013627,ORD0004543,1,PROD00023,5,819.53,0.0,4097.65
LINE00013628,ORD0004543,2,PROD00249,3,319.36,0.0,958.08
LINE00013629,ORD0004543,3,PROD00025,2,253.02,0.0,506.04
LINE00013630,ORD0004544,1,PROD00112,4,843.08,0.0,3372.32
LINE00013631,ORD0004544,2,PROD00450,6,638.39,191.52,3638.82
LINE00013632,ORD0004544,3,PROD00073,4,211.01,42.2,801.84
LINE00013633,ORD0004545,1,PROD00317,5,617.95,617.95,2471.8
LINE00013634,ORD0004545,2,PROD00063,4,785.61,157.12,2985.32
LINE00013635,ORD0004546,1,PROD00337,3,992.99,297.9,2681.07
LINE00013636,ORD0004546,2,PROD00314,4,493.57,394.86,1579.42
LINE00013637,ORD0004547,1,PROD00401,2,393.58,78.72,708.44
LINE00013638,ORD0004547,2,PROD00464,3,1072.77,643.66,2574.65
LINE00013639,ORD0004547,3,PROD00300,6,126.32,0.0,757.92
LINE00013640,ORD0004548,1,PROD00157,4,1108.77,443.51,3991.57
LINE00013641,ORD0004548,2,PROD00232,2,329.77,32.98,626.56
LINE00013642,ORD0004548,3,PROD00330,4,941.71,188.34,3578.5
LINE00013643,ORD0004549,1,PROD00094,4,85.31,0.0,341.24
LINE00013644,ORD0004549,2,PROD00029,6,602.27,0.0,3613.62
LINE00013645,ORD0004550,1,PROD00483,4,170.64,34.13,648.43
LINE00013646,ORD0004551,1,PROD00045,2,1158.21,115.82,2200.6
LINE00013647,ORD0004551,2,PROD00326,1,758.56,0.0,758.56
LINE00013648,ORD0004551,3,PROD00426,4,713.38,0.0,2853.52
LINE00013649,ORD0004551,4,PROD00087,4,841.42,0.0,3365.68
LINE00013650,ORD0004552,1,PROD00029,4,272.45,0.0,1089.8
LINE00013651,ORD0004552,2,PROD00061,4,891.41,0.0,3565.64
LINE00013652,ORD0004552,3,PROD00244,6,307.1,0.0,1842.6
LINE00013653,ORD0004552,4,PROD00004,3,728.43,0.0,2185.29
LINE00013654,ORD0004553,1,PROD00224,5,303.32,0.0,1516.6
LINE00013655,ORD0004553,2,PROD00340,2,57.13,0.0,114.26
LINE00013656,ORD0004553,3,PROD00114,1,869.15,0.0,869.15
LINE00013657,ORD0004553,4,PROD00219,1,700.98,70.1,630.88
LINE00013658,ORD0004554,1,PROD00176,2,24.83,4.97,44.69
LINE00013659,ORD0004555,1,PROD00202,2,78.58,0.0,157.16
LINE00013660,ORD0004555,2,PROD00357,6,1022.18,0.0,6133.08
LINE00013661,ORD0004555,3,PROD00271,3,245.13,36.77,698.62
LINE00013662,ORD0004555,4,PROD00331,3,844.89,0.0,2534.67
LINE00013663,ORD0004555,5,PROD00359,2,799.62,0.0,1599.24
LINE00013664,ORD0004556,1,PROD00072,4,947.43,189.49,3600.23
LINE00013665,ORD0004556,2,PROD00102,2,520.76,0.0,1041.52
LINE00013666,ORD0004556,3,PROD00252,1,870.82,43.54,827.28
LINE00013667,ORD0004556,4,PROD00472,3,76.62,45.97,183.89
LINE00013668,ORD0004556,5,PROD00358,5,899.02,449.51,4045.59
LINE00013669,ORD0004557,1,PROD00163,3,1148.17,0.0,3444.51
LINE00013670,ORD0004557,2,PROD00387,6,375.08,450.1,1800.38
LINE00013671,ORD0004557,3,PROD00150,5,982.24,0.0,4911.2
LINE00013672,ORD0004557,4,PROD00222,4,463.54,370.83,1483.33
LINE00013673,ORD0004558,1,PROD00354,5,57.11,0.0,285.55
LINE00013674,ORD0004558,2,PROD00171,4,422.35,168.94,1520.46
LINE00013675,ORD0004559,1,PROD00027,4,238.39,95.36,858.2
LINE00013676,ORD0004559,2,PROD00068,3,244.95,0.0,734.85
LINE00013677,ORD0004560,1,PROD00450,4,422.11,84.42,1604.02
LINE00013678,ORD0004561,1,PROD00116,4,92.18,0.0,368.72
LINE00013679,ORD0004561,2,PROD00003,1,1028.81,205.76,823.05
LINE00013680,ORD0004561,3,PROD00226,1,712.4,35.62,676.78
LINE00013681,ORD0004561,4,PROD00282,4,236.25,94.5,850.5
LINE00013682,ORD0004562,1,PROD00253,2,937.16,0.0,1874.32
LINE00013683,ORD0004562,2,PROD00197,5,721.5,0.0,3607.5
LINE00013684,ORD0004562,3,PROD00491,5,1175.7,0.0,5878.5
LINE00013685,ORD0004563,1,PROD00192,1,862.82,172.56,690.26
LINE00013686,ORD0004563,2,PROD00037,3,798.75,239.62,2156.63
LINE00013687,ORD0004563,3,PROD00357,2,675.34,0.0,1350.68
LINE00013688,ORD0004563,4,PROD00109,5,226.37,0.0,1131.85
LINE00013689,ORD0004563,5,PROD00095,5,49.94,0.0,249.7
LINE00013690,ORD0004564,1,PROD00470,1,852.63,42.63,810.0
LINE00013691,ORD0004564,2,PROD00171,6,990.7,0.0,5944.2
LINE00013692,ORD0004564,3,PROD00323,3,221.25,132.75,531.0
LINE00013693,ORD0004565,1,PROD00161,3,1027.42,308.23,2774.03
LINE00013694,ORD0004565,2,PROD00423,5,1160.11,0.0,5800.55
LINE00013695,ORD0004565,3,PROD00140,1,230.39,11.52,218.87
LINE00013696,ORD0004565,4,PROD00486,3,584.94,175.48,1579.34
LINE00013697,ORD0004565,5,PROD00320,5,311.48,0.0,1557.4
LINE00013698,ORD0004566,1,PROD00466,6,346.0,415.2,1660.8
LINE00013699,ORD0004566,2,PROD00109,4,757.62,0.0,3030.48
LINE00013700,ORD0004566,3,PROD00283,1,213.31,42.66,170.65
LINE00013701,ORD0004566,4,PROD00231,6,445.84,0.0,2675.04
LINE00013702,ORD0004567,1,PROD00202,5,917.12,229.28,4356.32
LINE00013703,ORD0004567,2,PROD00332,2,417.02,83.4,750.64
LINE00013704,ORD0004567,3,PROD00060,6,1067.65,0.0,6405.9
LINE00013705,ORD0004567,4,PROD00381,6,827.56,0.0,4965.36
LINE00013706,ORD0004567,5,PROD00129,1,1194.03,238.81,955.22
LINE00013707,ORD0004568,1,PROD00404,4,39.71,0.0,158.84
LINE00013708,ORD0004568,2,PROD00226,5,812.03,812.03,3248.12
LINE00013709,ORD0004568,3,PROD00404,5,1025.79,0.0,5128.95
LINE00013710,ORD0004568,4,PROD00269,1,549.29,0.0,549.29
LINE00013711,ORD0004568,5,PROD00234,1,462.06,46.21,415.85
LINE00013712,ORD0004569,1,PROD00155,2,755.86,0.0,1511.72
LINE00013713,ORD0004569,2,PROD00464,6,969.93,0.0,5819.58
LINE00013714,ORD0004570,1,PROD00366,4,245.26,196.21,784.83
LINE00013715,ORD0004570,2,PROD00042,2,418.45,167.38,669.52
LINE00013716,ORD0004570,3,PROD00411,1,413.79,0.0,413.79
LINE00013717,ORD0004570,4,PROD00374,2,308.45,0.0,616.9
LINE00013718,ORD0004570,5,PROD00328,4,537.21,0.0,2148.84
LINE00013719,ORD0004571,1,PROD00111,5,755.84,0.0,3779.2
LINE00013720,ORD0004571,2,PROD00084,1,1095.38,0.0,1095.38
LINE00013721,ORD0004571,3,PROD00187,4,1128.64,225.73,4288.83
LINE00013722,ORD0004572,1,PROD00333,2,900.25,360.1,1440.4
LINE00013723,ORD0004572,2,PROD00058,2,1077.98,215.6,1940.36
LINE00013724,ORD0004572,3,PROD00098,3,345.72,103.72,933.44
LINE00013725,ORD0004572,4,PROD00174,2,665.67,0.0,1331.34
LINE00013726,ORD0004572,5,PROD00346,4,724.75,289.9,2609.1
LINE00013727,ORD0004573,1,PROD00242,3,230.97,0.0,692.91
LINE00013728,ORD0004574,1,PROD00079,3,779.4,0.0,2338.2
LINE00013729,ORD0004574,2,PROD00326,2,875.79,0.0,1751.58
LINE00013730,ORD0004574,3,PROD00333,5,264.24,0.0,1321.2
LINE00013731,ORD0004574,4,PROD00007,4,329.71,0.0,1318.84
LINE00013732,ORD0004574,5,PROD00150,3,522.45,0.0,1567.35
LINE00013733,ORD0004575,1,PROD00482,1,967.72,96.77,870.95
LINE00013734,ORD0004576,1,PROD00176,4,610.22,122.04,2318.84
LINE00013735,ORD0004576,2,PROD00215,4,81.71,0.0,326.84
LINE00013736,ORD0004576,3,PROD00252,5,333.75,333.75,1335.0
LINE00013737,ORD0004576,4,PROD00115,2,607.17,60.72,1153.62
LINE00013738,ORD0004576,5,PROD00382,1,655.75,0.0,655.75
LINE00013739,ORD0004577,1,PROD00484,5,522.49,522.49,2089.96
LINE00013740,ORD0004578,1,PROD00498,6,729.97,0.0,4379.82
LINE00013741,ORD0004578,2,PROD00195,2,969.65,387.86,1551.44
LINE00013742,ORD0004579,1,PROD00095,4,1075.01,215.0,4085.04
LINE00013743,ORD0004579,2,PROD00053,4,245.87,196.7,786.78
LINE00013744,ORD0004580,1,PROD00332,1,627.2,0.0,627.2
LINE00013745,ORD0004580,2,PROD00406,4,53.06,0.0,212.24
LINE00013746,ORD0004580,3,PROD00175,1,549.81,27.49,522.32
LINE00013747,ORD0004581,1,PROD00040,6,802.39,240.72,4573.62
LINE00013748,ORD0004582,1,PROD00297,2,583.96,58.4,1109.52
LINE00013749,ORD0004583,1,PROD00113,5,956.34,0.0,4781.7
LINE00013750,ORD0004583,2,PROD00313,6,710.99,0.0,4265.94
LINE00013751,ORD0004583,3,PROD00044,2,823.62,164.72,1482.52
LINE00013752,ORD0004583,4,PROD00074,1,579.16,115.83,463.33
LINE00013753,ORD0004583,5,PROD00310,5,295.29,73.82,1402.63
LINE00013754,ORD0004584,1,PROD00375,6,844.77,0.0,5068.62
LINE00013755,ORD0004584,2,PROD00252,1,959.09,191.82,767.27
LINE00013756,ORD0004584,3,PROD00009,5,437.01,109.25,2075.8
LINE00013757,ORD0004584,4,PROD00054,5,1065.45,0.0,5327.25
LINE00013758,ORD0004585,1,PROD00346,1,662.24,0.0,662.24
LINE00013759,ORD0004585,2,PROD00241,5,357.85,178.93,1610.32
LINE00013760,ORD0004585,3,PROD00253,6,748.27,0.0,4489.62
LINE00013761,ORD0004586,1,PROD00483,1,296.87,14.84,282.03
LINE00013762,ORD0004586,2,PROD00096,2,1178.91,471.56,1886.26
LINE00013763,ORD0004586,3,PROD00336,2,337.16,134.86,539.46
LINE00013764,ORD0004587,1,PROD00018,3,364.95,109.48,985.37
LINE00013765,ORD0004588,1,PROD00417,4,159.33,127.46,509.86
LINE00013766,ORD0004589,1,PROD00357,2,255.38,0.0,510.76
LINE00013767,ORD0004589,2,PROD00302,4,929.24,371.7,3345.26
LINE00013768,ORD0004589,3,PROD00173,1,343.54,34.35,309.19
LINE00013769,ORD0004589,4,PROD00491,4,873.09,349.24,3143.12
LINE00013770,ORD0004589,5,PROD00129,2,189.37,0.0,378.74
LINE00013771,ORD0004590,1,PROD00374,1,581.17,0.0,581.17
LINE00013772,ORD0004590,2,PROD00049,3,885.23,0.0,2655.69
LINE00013773,ORD0004591,1,PROD00051,5,995.31,248.83,4727.72
LINE00013774,ORD0004591,2,PROD00378,2,530.28,0.0,1060.56
LINE00013775,ORD0004591,3,PROD00170,6,942.34,0.0,5654.04
LINE00013776,ORD0004592,1,PROD00225,4,159.52,0.0,638.08
LINE00013777,ORD0004592,2,PROD00119,4,940.44,752.35,3009.41
LINE00013778,ORD0004593,1,PROD00299,2,1160.94,464.38,1857.5
LINE00013779,ORD0004593,2,PROD00396,5,72.22,18.06,343.04
LINE00013780,ORD0004593,3,PROD00294,6,1194.27,0.0,7165.62
LINE00013781,ORD0004594,1,PROD00200,6,1025.84,615.5,5539.54
LINE00013782,ORD0004594,2,PROD00005,2,683.38,0.0,1366.76
LINE00013783,ORD0004594,3,PROD00475,3,672.65,0.0,2017.95
LINE00013784,ORD0004595,1,PROD00202,2,1055.44,0.0,2110.88
LINE00013785,ORD0004595,2,PROD00436,1,103.93,20.79,83.14
LINE00013786,ORD0004595,3,PROD00026,4,887.92,0.0,3551.68
LINE00013787,ORD0004595,4,PROD00314,6,577.25,0.0,3463.5
LINE00013788,ORD0004596,1,PROD00435,6,91.56,0.0,549.36
LINE00013789,ORD0004596,2,PROD00319,3,997.17,0.0,2991.51
LINE00013790,ORD0004596,3,PROD00296,1,1163.42,0.0,1163.42
LINE00013791,ORD0004596,4,PROD00099,5,1032.89,258.22,4906.23
LINE00013792,ORD0004596,5,PROD00405,4,1032.08,0.0,4128.32
LINE00013793,ORD0004597,1,PROD00241,6,1142.61,1371.13,5484.53
LINE00013794,ORD0004597,2,PROD00414,1,883.75,176.75,707.0
LINE00013795,ORD0004597,3,PROD00192,5,193.82,96.91,872.19
LINE00013796,ORD0004598,1,PROD00418,6,427.98,0.0,2567.88
LINE00013797,ORD0004599,1,PROD00041,4,1114.09,222.82,4233.54
LINE00013798,ORD0004599,2,PROD00376,1,1067.43,0.0,1067.43
LINE00013799,ORD0004599,3,PROD00146,6,521.56,0.0,3129.36
LINE00013800,ORD0004599,4,PROD00101,6,767.41,460.45,4144.01
LINE00013801,ORD0004599,5,PROD00027,5,815.06,407.53,3667.77
LINE00013802,ORD0004600,1,PROD00086,1,366.34,0.0,366.34
LINE00013803,ORD0004600,2,PROD00060,1,1127.3,0.0,1127.3
LINE00013804,ORD0004600,3,PROD00198,2,70.17,28.07,112.27
LINE00013805,ORD0004601,1,PROD00106,4,1183.78,0.0,4735.12
LINE00013806,ORD0004601,2,PROD00125,4,402.2,0.0,1608.8
LINE00013807,ORD0004602,1,PROD00002,5,304.83,0.0,1524.15
LINE00013808,ORD0004602,2,PROD00074,4,447.29,0.0,1789.16
LINE00013809,ORD0004602,3,PROD00153,3,419.49,0.0,1258.47
LINE00013810,ORD0004602,4,PROD00364,6,834.34,0.0,5006.04
LINE00013811,ORD0004603,1,PROD00201,3,103.15,61.89,247.56
LINE00013812,ORD0004603,2,PROD00388,5,664.06,0.0,3320.3
LINE00013813,ORD0004604,1,PROD00004,2,664.83,66.48,1263.18
LINE00013814,ORD0004604,2,PROD00273,1,588.09,58.81,529.28
LINE00013815,ORD0004604,3,PROD00332,5,972.89,0.0,4864.45
LINE00013816,ORD0004604,4,PROD00456,6,146.25,87.75,789.75
LINE00013817,ORD0004605,1,PROD00005,6,957.85,0.0,5747.1
LINE00013818,ORD0004606,1,PROD00041,1,835.99,167.2,668.79
LINE00013819,ORD0004606,2,PROD00044,5,1151.26,0.0,5756.3
LINE00013820,ORD0004606,3,PROD00160,6,344.75,0.0,2068.5
LINE00013821,ORD0004607,1,PROD00361,1,756.98,75.7,681.28
LINE00013822,ORD0004608,1,PROD00259,2,634.79,0.0,1269.58
LINE00013823,ORD0004608,2,PROD00432,3,562.13,84.32,1602.07
LINE00013824,ORD0004609,1,PROD00020,2,677.27,270.91,1083.63
LINE00013825,ORD0004610,1,PROD00393,6,991.97,595.18,5356.64
LINE00013826,ORD0004610,2,PROD00177,6,444.95,0.0,2669.7
LINE00013827,ORD0004610,3,PROD00478,2,614.55,0.0,1229.1
LINE00013828,ORD0004610,4,PROD00492,6,847.59,1017.11,4068.43
LINE00013829,ORD0004611,1,PROD00266,2,412.02,164.81,659.23
LINE00013830,ORD0004611,2,PROD00383,1,838.95,0.0,838.95
LINE00013831,ORD0004611,3,PROD00473,4,1112.58,222.52,4227.8
LINE00013832,ORD0004611,4,PROD00017,1,930.28,93.03,837.25
LINE00013833,ORD0004612,1,PROD00235,5,787.81,787.81,3151.24
LINE00013834,ORD0004613,1,PROD00191,3,1104.95,331.49,2983.36
LINE00013835,ORD0004613,2,PROD00435,3,178.7,0.0,536.1
LINE00013836,ORD0004614,1,PROD00208,1,1031.46,0.0,1031.46
LINE00013837,ORD0004614,2,PROD00143,6,234.3,281.16,1124.64
LINE00013838,ORD0004615,1,PROD00350,6,38.77,0.0,232.62
LINE00013839,ORD0004615,2,PROD00466,4,605.26,0.0,2421.04
LINE00013840,ORD0004615,3,PROD00167,4,1058.97,211.79,4024.09
LINE00013841,ORD0004616,1,PROD00148,2,460.0,0.0,920.0
LINE00013842,ORD0004616,2,PROD00298,2,870.85,348.34,1393.36
LINE00013843,ORD0004616,3,PROD00197,2,550.51,0.0,1101.02
LINE00013844,ORD0004616,4,PROD00411,5,1151.01,287.75,5467.3
LINE00013845,ORD0004617,1,PROD00322,3,879.69,0.0,2639.07
LINE00013846,ORD0004617,2,PROD00041,5,301.05,0.0,1505.25
LINE00013847,ORD0004617,3,PROD00085,1,641.3,0.0,641.3
LINE00013848,ORD0004617,4,PROD00309,2,325.17,65.03,585.31
LINE00013849,ORD0004618,1,PROD00327,2,261.72,0.0,523.44
LINE00013850,ORD0004618,2,PROD00280,3,113.94,0.0,341.82
LINE00013851,ORD0004619,1,PROD00045,3,737.08,442.25,1768.99
LINE00013852,ORD0004619,2,PROD00473,4,890.42,178.08,3383.6
LINE00013853,ORD0004619,3,PROD00025,1,666.23,133.25,532.98
LINE00013854,ORD0004619,4,PROD00211,4,723.46,144.69,2749.15
LINE00013855,ORD0004620,1,PROD00373,2,77.37,0.0,154.74
LINE00013856,ORD0004621,1,PROD00091,3,462.65,277.59,1110.36
LINE00013857,ORD0004621,2,PROD00007,1,231.66,0.0,231.66
LINE00013858,ORD0004622,1,PROD00346,3,567.44,0.0,1702.32
LINE00013859,ORD0004622,2,PROD00192,1,793.14,79.31,713.83
LINE00013860,ORD0004622,3,PROD00347,5,565.44,0.0,2827.2
LINE00013861,ORD0004622,4,PROD00381,1,840.29,0.0,840.29
LINE00013862,ORD0004623,1,PROD00384,2,827.67,0.0,1655.34
LINE00013863,ORD0004624,1,PROD00055,4,798.9,0.0,3195.6
LINE00013864,ORD0004624,2,PROD00114,5,1059.54,529.77,4767.93
LINE00013865,ORD0004624,3,PROD00189,2,577.74,0.0,1155.48
LINE00013866,ORD0004625,1,PROD00222,2,1003.84,200.77,1806.91
LINE00013867,ORD0004626,1,PROD00148,5,735.56,0.0,3677.8
LINE00013868,ORD0004626,2,PROD00099,4,658.15,526.52,2106.08
LINE00013869,ORD0004627,1,PROD00067,3,571.38,0.0,1714.14
LINE00013870,ORD0004627,2,PROD00449,3,539.79,0.0,1619.37
LINE00013871,ORD0004627,3,PROD00099,3,49.76,0.0,149.28
LINE00013872,ORD0004627,4,PROD00468,2,678.33,135.67,1220.99
LINE00013873,ORD0004627,5,PROD00088,6,14.87,17.84,71.38
LINE00013874,ORD0004628,1,PROD00206,3,729.95,109.49,2080.36
LINE00013875,ORD0004628,2,PROD00483,3,30.63,9.19,82.7
LINE00013876,ORD0004628,3,PROD00488,2,997.25,0.0,1994.5
LINE00013877,ORD0004628,4,PROD00101,1,72.66,3.63,69.03
LINE00013878,ORD0004629,1,PROD00251,5,1188.05,297.01,5643.24
LINE00013879,ORD0004629,2,PROD00008,2,807.36,0.0,1614.72
LINE00013880,ORD0004629,3,PROD00474,1,17.62,3.52,14.1
LINE00013881,ORD0004629,4,PROD00264,2,1039.44,0.0,2078.88
LINE00013882,ORD0004629,5,PROD00487,2,107.45,0.0,214.9
LINE00013883,ORD0004630,1,PROD00150,2,735.32,73.53,1397.11
LINE00013884,ORD0004631,1,PROD00408,2,1156.52,462.61,1850.43
LINE00013885,ORD0004631,2,PROD00360,5,1090.46,272.62,5179.68
LINE00013886,ORD0004631,3,PROD00294,3,1121.54,672.92,2691.7
LINE00013887,ORD0004631,4,PROD00456,6,359.08,430.9,1723.58
LINE00013888,ORD0004632,1,PROD00409,2,839.2,83.92,1594.48
LINE00013889,ORD0004633,1,PROD00093,1,508.01,0.0,508.01
LINE00013890,ORD0004633,2,PROD00294,5,954.59,0.0,4772.95
LINE00013891,ORD0004634,1,PROD00321,6,6.76,2.03,38.53
LINE00013892,ORD0004634,2,PROD00142,6,133.71,160.45,641.81
LINE00013893,ORD0004634,3,PROD00096,6,666.68,0.0,4000.08
LINE00013894,ORD0004634,4,PROD00039,2,42.54,8.51,76.57
LINE00013895,ORD0004635,1,PROD00270,3,880.07,132.01,2508.2
LINE00013896,ORD0004635,2,PROD00345,1,774.39,0.0,774.39
LINE00013897,ORD0004636,1,PROD00022,2,415.42,41.54,789.3
LINE00013898,ORD0004637,1,PROD00200,6,122.76,0.0,736.56
LINE00013899,ORD0004637,2,PROD00049,1,816.51,163.3,653.21
LINE00013900,ORD0004637,3,PROD00161,3,879.88,0.0,2639.64
LINE00013901,ORD0004637,4,PROD00152,5,522.57,0.0,2612.85
LINE00013902,ORD0004638,1,PROD00116,6,1015.89,0.0,6095.34
LINE00013903,ORD0004638,2,PROD00276,1,244.57,48.91,195.66
LINE00013904,ORD0004638,3,PROD00424,3,202.12,30.32,576.04
LINE00013905,ORD0004639,1,PROD00229,2,244.49,24.45,464.53
LINE00013906,ORD0004639,2,PROD00110,2,562.31,0.0,1124.62
LINE00013907,ORD0004640,1,PROD00410,4,329.34,0.0,1317.36
LINE00013908,ORD0004640,2,PROD00099,4,360.19,0.0,1440.76
LINE00013909,ORD0004640,3,PROD00332,1,428.17,0.0,428.17
LINE00013910,ORD0004641,1,PROD00081,6,101.76,0.0,610.56
LINE00013911,ORD0004641,2,PROD00462,3,1188.65,356.6,3209.35
LINE00013912,ORD0004641,3,PROD00306,2,403.11,161.24,644.98
LINE00013913,ORD0004642,1,PROD00338,4,1109.78,0.0,4439.12
LINE00013914,ORD0004642,2,PROD00061,4,20.38,16.3,65.22
LINE00013915,ORD0004642,3,PROD00198,3,64.19,0.0,192.57
LINE00013916,ORD0004643,1,PROD00070,4,712.8,0.0,2851.2
LINE00013917,ORD0004643,2,PROD00294,2,424.07,42.41,805.73
LINE00013918,ORD0004643,3,PROD00326,1,963.74,0.0,963.74
LINE00013919,ORD0004643,4,PROD00461,2,239.43,23.94,454.92
LINE00013920,ORD0004644,1,PROD00390,6,931.78,1118.14,4472.54
LINE00013921,ORD0004644,2,PROD00092,6,733.8,220.14,4182.66
LINE00013922,ORD0004644,3,PROD00495,1,591.96,0.0,591.96
LINE00013923,ORD0004644,4,PROD00200,5,1142.55,571.27,5141.48
LINE00013924,ORD0004645,1,PROD00152,6,692.08,0.0,4152.48
LINE00013925,ORD0004645,2,PROD00206,2,856.29,0.0,1712.58
LINE00013926,ORD0004645,3,PROD00163,3,839.06,0.0,2517.18
LINE00013927,ORD0004645,4,PROD00421,6,1105.14,331.54,6299.3
LINE00013928,ORD0004646,1,PROD00482,3,369.05,0.0,1107.15
LINE00013929,ORD0004646,2,PROD00381,5,150.48,150.48,601.92
LINE00013930,ORD0004646,3,PROD00225,4,1159.47,927.58,3710.3
LINE00013931,ORD0004646,4,PROD00383,1,1170.19,0.0,1170.19
LINE00013932,ORD0004647,1,PROD00302,3,492.5,0.0,1477.5
LINE00013933,ORD0004648,1,PROD00139,2,549.39,0.0,1098.78
LINE00013934,ORD0004648,2,PROD00030,6,751.0,0.0,4506.0
LINE00013935,ORD0004648,3,PROD00380,3,69.34,10.4,197.62
LINE00013936,ORD0004648,4,PROD00040,3,673.33,101.0,1918.99
LINE00013937,ORD0004649,1,PROD00138,2,569.15,0.0,1138.3
LINE00013938,ORD0004650,1,PROD00196,2,800.65,160.13,1441.17
LINE00013939,ORD0004650,2,PROD00052,6,1089.15,0.0,6534.9
LINE00013940,ORD0004650,3,PROD00149,4,574.04,0.0,2296.16
LINE00013941,ORD0004650,4,PROD00418,5,340.17,0.0,1700.85
LINE00013942,ORD0004650,5,PROD00430,2,459.6,45.96,873.24
LINE00013943,ORD0004651,1,PROD00060,4,384.2,153.68,1383.12
LINE00013944,ORD0004652,1,PROD00361,1,989.28,197.86,791.42
LINE00013945,ORD0004653,1,PROD00464,1,956.1,191.22,764.88
LINE00013946,ORD0004654,1,PROD00077,2,780.77,0.0,1561.54
LINE00013947,ORD0004654,2,PROD00017,3,874.18,0.0,2622.54
LINE00013948,ORD0004654,3,PROD00417,2,1107.69,221.54,1993.84
LINE00013949,ORD0004654,4,PROD00066,2,975.22,97.52,1852.92
LINE00013950,ORD0004654,5,PROD00364,6,69.93,0.0,419.58
LINE00013951,ORD0004655,1,PROD00030,5,770.25,0.0,3851.25
LINE00013952,ORD0004655,2,PROD00483,3,333.46,0.0,1000.38
LINE00013953,ORD0004655,3,PROD00493,1,469.64,46.96,422.68
LINE00013954,ORD0004655,4,PROD00078,6,559.6,0.0,3357.6
LINE00013955,ORD0004655,5,PROD00067,1,427.76,0.0,427.76
LINE00013956,ORD0004656,1,PROD00248,6,248.98,0.0,1493.88
LINE00013957,ORD0004656,2,PROD00012,1,875.1,0.0,875.1
LINE00013958,ORD0004657,1,PROD00419,1,917.76,0.0,917.76
LINE00013959,ORD0004657,2,PROD00072,4,465.26,0.0,1861.04
LINE00013960,ORD0004657,3,PROD00039,5,484.0,0.0,2420.0
LINE00013961,ORD0004657,4,PROD00295,1,1115.78,55.79,1059.99
LINE00013962,ORD0004657,5,PROD00475,4,125.7,100.56,402.24
LINE00013963,ORD0004658,1,PROD00067,6,89.59,26.88,510.66
LINE00013964,ORD0004658,2,PROD00067,4,601.41,240.56,2165.08
LINE00013965,ORD0004658,3,PROD00198,1,328.85,65.77,263.08
LINE00013966,ORD0004658,4,PROD00232,4,883.56,706.85,2827.39
LINE00013967,ORD0004659,1,PROD00063,1,206.67,10.33,196.34
LINE00013968,ORD0004659,2,PROD00056,6,433.13,129.94,2468.84
LINE00013969,ORD0004659,3,PROD00378,5,753.56,0.0,3767.8
LINE00013970,ORD0004660,1,PROD00255,3,1052.55,0.0,3157.65
LINE00013971,ORD0004660,2,PROD00100,4,755.31,604.25,2416.99
LINE00013972,ORD0004661,1,PROD00400,-3,659.28,-197.78,-1780.06
LINE00013973,ORD0004661,2,PROD00427,6,499.91,149.97,2849.49
LINE00013974,ORD0004661,3,PROD00396,3,1064.31,319.29,2873.64
LINE00013975,ORD0004661,4,PROD00112,3,1103.9,165.59,3146.11
LINE00013976,ORD0004662,1,PROD00208,5,513.89,0.0,2569.45
LINE00013977,ORD0004662,2,PROD00440,3,830.11,0.0,2490.33
LINE00013978,ORD0004662,3,PROD00200,1,576.94,57.69,519.25
LINE00013979,ORD0004662,4,PROD00249,2,683.96,0.0,1367.92
LINE00013980,ORD0004663,1,PROD00363,2,772.18,0.0,1544.36
LINE00013981,ORD0004663,2,PROD00141,5,603.64,0.0,3018.2
LINE00013982,ORD0004663,3,PROD00321,1,806.17,161.23,644.94
LINE00013983,ORD0004663,4,PROD00210,3,608.08,0.0,1824.24
LINE00013984,ORD0004663,5,PROD00414,2,639.93,127.99,1151.87
LINE00013985,ORD0004664,1,PROD00459,5,201.26,0.0,1006.3
LINE00013986,ORD0004664,2,PROD00386,2,141.18,56.47,225.89
LINE00013987,ORD0004664,3,PROD00231,5,549.93,137.48,2612.17
LINE00013988,ORD0004664,4,PROD00151,3,211.8,127.08,508.32
LINE00013989,ORD0004665,1,PROD00154,2,974.63,97.46,1851.8
LINE00013990,ORD0004665,2,PROD00293,5,7.69,3.85,34.6
LINE00013991,ORD0004665,3,PROD00225,3,72.85,0.0,218.55
LINE00013992,ORD0004666,1,PROD00239,2,58.67,0.0,117.34
LINE00013993,ORD0004666,2,PROD00159,5,970.91,242.73,4611.82
LINE00013994,ORD0004666,3,PROD00393,2,661.31,66.13,1256.49
LINE00013995,ORD0004666,4,PROD00193,2,253.23,101.29,405.17
LINE00013996,ORD0004666,5,PROD00206,2,200.66,80.26,321.06
LINE00013997,ORD0004667,1,PROD00394,3,155.02,23.25,441.81
LINE00013998,ORD0004667,2,PROD00052,2,208.95,0.0,417.9
LINE00013999,ORD0004667,3,PROD00459,6,980.39,0.0,5882.34
LINE00014000,ORD0004668,1,PROD00004,3,1091.28,0.0,3273.84
LINE00014001,ORD0004669,1,PROD00133,1,199.6,19.96,179.64
LINE00014002,ORD0004669,2,PROD00097,5,501.63,250.82,2257.33
LINE00014003,ORD0004669,3,PROD00312,3,953.02,0.0,2859.06
LINE00014004,ORD0004670,1,PROD00026,2,525.48,0.0,1050.96
LINE00014005,ORD0004670,2,PROD00225,2,908.5,0.0,1817.0
LINE00014006,ORD0004670,3,PROD00087,1,260.36,52.07,208.29
LINE00014007,ORD0004671,1,PROD00493,2,506.72,202.69,810.75
LINE00014008,ORD0004672,1,PROD00205,2,460.37,0.0,920.74
LINE00014009,ORD0004673,1,PROD00141,5,651.99,326.0,2933.95
LINE00014010,ORD0004673,2,PROD00043,6,227.33,136.4,1227.58
LINE00014011,ORD0004674,1,PROD00180,1,7.23,0.72,6.51
LINE00014012,ORD0004674,2,PROD00191,3,1131.17,0.0,3393.51
LINE00014013,ORD0004675,1,PROD00261,4,155.44,0.0,621.76
LINE00014014,ORD0004675,2,PROD00009,5,852.57,0.0,4262.85
LINE00014015,ORD0004676,1,PROD00017,3,55.88,0.0,167.64
LINE00014016,ORD0004676,2,PROD00051,6,1155.0,693.0,6237.0
LINE00014017,ORD0004676,3,PROD00201,6,722.38,216.71,4117.57
LINE00014018,ORD0004676,4,PROD00061,3,564.66,0.0,1693.98
LINE00014019,ORD0004676,5,PROD00097,1,944.34,0.0,944.34
LINE00014020,ORD0004677,1,PROD00395,5,594.82,0.0,2974.1
LINE00014021,ORD0004678,1,PROD00004,1,893.99,178.8,715.19
LINE00014022,ORD0004679,1,PROD00073,4,1118.25,894.6,3578.4
LINE00014023,ORD0004679,2,PROD00171,2,1019.56,203.91,1835.21
LINE00014024,ORD0004679,3,PROD00211,3,359.53,53.93,1024.66
LINE00014025,ORD0004679,4,PROD00195,6,609.7,182.91,3475.29
LINE00014026,ORD0004679,5,PROD00354,4,379.23,0.0,1516.92
LINE00014027,ORD0004680,1,PROD00005,2,339.59,33.96,645.22
LINE00014028,ORD0004680,2,PROD00153,5,329.82,0.0,1649.1
LINE00014029,ORD0004680,3,PROD00246,2,596.04,0.0,1192.08
LINE00014030,ORD0004680,4,PROD00148,4,508.86,0.0,2035.44
LINE00014031,ORD0004681,1,PROD00294,1,1080.15,0.0,1080.15
LINE00014032,ORD0004682,1,PROD00160,1,1187.97,237.59,950.38
LINE00014033,ORD0004682,2,PROD00076,1,846.99,0.0,846.99
LINE00014034,ORD0004683,1,PROD00253,6,288.48,173.09,1557.79
LINE00014035,ORD0004684,1,PROD00374,4,253.03,101.21,910.91
LINE00014036,ORD0004684,2,PROD00034,3,168.97,101.38,405.53
LINE00014037,ORD0004684,3,PROD00391,5,372.24,93.06,1768.14
LINE00014038,ORD0004684,4,PROD00297,1,175.21,0.0,175.21
LINE00014039,ORD0004685,1,PROD00187,5,166.73,166.73,666.92
LINE00014040,ORD0004686,1,PROD00018,6,1097.06,1316.47,5265.89
LINE00014041,ORD0004687,1,PROD00085,3,285.26,0.0,855.78
LINE00014042,ORD0004687,2,PROD00456,5,1021.75,255.44,4853.31
LINE00014043,ORD0004687,3,PROD00112,4,597.92,478.34,1913.34
LINE00014044,ORD0004687,4,PROD00420,1,510.45,51.05,459.4
LINE00014045,ORD0004688,1,PROD00449,1,371.74,18.59,353.15
LINE00014046,ORD0004688,2,PROD00382,3,345.96,0.0,1037.88
LINE00014047,ORD0004688,3,PROD00133,5,537.54,0.0,2687.7
LINE00014048,ORD0004689,1,PROD00263,2,698.83,0.0,1397.66
LINE00014049,ORD0004689,2,PROD00380,1,1157.56,231.51,926.05
LINE00014050,ORD0004690,1,PROD00377,4,32.21,0.0,128.84
LINE00014051,ORD0004690,2,PROD00120,2,616.25,0.0,1232.5
LINE00014052,ORD0004690,3,PROD00393,6,115.79,0.0,694.74
LINE00014053,ORD0004690,4,PROD00308,5,547.83,136.96,2602.19
LINE00014054,ORD0004690,5,PROD00135,1,796.56,159.31,637.25
LINE00014055,ORD0004691,1,PROD00402,6,131.05,157.26,629.04
LINE00014056,ORD0004691,2,PROD00266,2,1192.93,238.59,2147.27
LINE00014057,ORD0004691,3,PROD00322,2,698.96,0.0,1397.92
LINE00014058,ORD0004691,4,PROD00202,1,878.51,87.85,790.66
LINE00014059,ORD0004691,5,PROD00468,1,367.32,73.46,293.86
LINE00014060,ORD0004692,1,PROD00115,3,1111.5,333.45,3001.05
LINE00014061,ORD0004693,1,PROD00276,3,68.52,20.56,185.0
LINE00014062,ORD0004693,2,PROD00300,1,630.21,0.0,630.21
LINE00014063,ORD0004693,3,PROD00139,4,836.48,167.3,3178.62
LINE00014064,ORD0004693,4,PROD00375,6,439.19,0.0,2635.14
LINE00014065,ORD0004693,5,PROD00499,4,119.15,0.0,476.6
LINE00014066,ORD0004694,1,PROD00118,4,878.26,0.0,3513.04
LINE00014067,ORD0004694,2,PROD00037,2,361.25,0.0,722.5
LINE00014068,ORD0004694,3,PROD00092,1,926.46,92.65,833.81
LINE00014069,ORD0004694,4,PROD00425,6,890.04,0.0,5340.24
LINE00014070,ORD0004694,5,PROD00478,6,127.54,0.0,765.24
LINE00014071,ORD0004695,1,PROD00015,4,887.48,0.0,3549.92
LINE00014072,ORD0004695,2,PROD00135,2,204.68,40.94,368.42
LINE00014073,ORD0004695,3,PROD00355,6,604.65,0.0,3627.9
LINE00014074,ORD0004695,4,PROD00005,2,1128.83,0.0,2257.66
LINE00014075,ORD0004695,5,PROD00087,6,366.58,109.97,2089.51
LINE00014076,ORD0004696,1,PROD00335,4,373.27,0.0,1493.08
LINE00014077,ORD0004696,2,PROD00354,5,1109.28,0.0,5546.4
LINE00014078,ORD0004696,3,PROD00435,3,671.61,100.74,1914.09
LINE00014079,ORD0004696,4,PROD00063,2,145.87,58.35,233.39
LINE00014080,ORD0004696,5,PROD00457,5,769.82,0.0,3849.1
LINE00014081,ORD0004697,1,PROD00326,1,871.3,0.0,871.3
LINE00014082,ORD0004697,2,PROD00289,4,1182.13,0.0,4728.52
LINE00014083,ORD0004697,3,PROD00296,5,644.29,0.0,3221.45
LINE00014084,ORD0004697,4,PROD00037,5,425.88,0.0,2129.4
LINE00014085,ORD0004697,5,PROD00500,4,932.59,0.0,3730.36
LINE00014086,ORD0004698,1,PROD00064,3,777.96,0.0,2333.88
LINE00014087,ORD0004698,2,PROD00061,2,608.03,60.8,1155.26
LINE00014088,ORD0004699,1,PROD00168,3,773.14,115.97,2203.45
LINE00014089,ORD0004699,2,PROD00479,1,555.2,111.04,444.16
LINE00014090,ORD0004699,3,PROD00476,6,749.59,0.0,4497.54
LINE00014091,ORD0004699,4,PROD00017,2,484.29,193.72,774.86
LINE00014092,ORD0004700,1,PROD00415,1,686.97,0.0,686.97
LINE00014093,ORD0004700,2,PROD00192,6,267.77,160.66,1445.96
LINE00014094,ORD0004700,3,PROD00269,2,37.44,0.0,74.88
LINE00014095,ORD0004700,4,PROD00328,3,549.27,329.56,1318.25
LINE00014096,ORD0004701,1,PROD00038,5,415.0,415.0,1660.0
LINE00014097,ORD0004702,1,PROD00268,3,858.23,128.73,2445.96
LINE00014098,ORD0004702,2,PROD00028,5,1101.94,0.0,5509.7
LINE00014099,ORD0004703,1,PROD00435,6,953.68,1144.42,4577.66
LINE00014100,ORD0004704,1,PROD00410,6,24.43,29.32,117.26
LINE00014101,ORD0004704,2,PROD00098,2,394.45,0.0,788.9
LINE00014102,ORD0004704,3,PROD00314,2,310.73,0.0,621.46
LINE00014103,ORD0004705,1,PROD00339,5,817.84,0.0,4089.2
LINE00014104,ORD0004705,2,PROD00236,4,1099.17,439.67,3957.01
LINE00014105,ORD0004706,1,PROD00069,4,766.35,0.0,3065.4
LINE00014106,ORD0004706,2,PROD00029,5,913.34,0.0,4566.7
LINE00014107,ORD0004706,3,PROD00086,2,309.52,123.81,495.23
LINE00014108,ORD0004706,4,PROD00067,6,204.38,61.31,1164.97
LINE00014109,ORD0004706,5,PROD00366,3,1114.85,167.23,3177.32
LINE00014110,ORD0004707,1,PROD00202,4,390.14,78.03,1482.53
LINE00014111,ORD0004707,2,PROD00117,6,1022.21,306.66,5826.6
LINE00014112,ORD0004707,3,PROD00254,1,295.54,0.0,295.54
LINE00014113,ORD0004707,4,PROD00218,6,183.78,0.0,1102.68
LINE00014114,ORD0004708,1,PROD00459,6,367.58,441.1,1764.38
LINE00014115,ORD0004708,2,PROD00377,3,208.35,31.25,593.8
LINE00014116,ORD0004709,1,PROD00222,4,85.12,17.02,323.46
LINE00014117,ORD0004709,2,PROD00323,1,8.04,0.0,8.04
LINE00014118,ORD0004709,3,PROD00371,3,73.08,21.92,197.32
LINE00014119,ORD0004709,4,PROD00099,2,925.9,185.18,1666.62
LINE00014120,ORD0004709,5,PROD00209,4,815.66,652.53,2610.11
LINE00014121,ORD0004710,1,PROD00458,4,916.69,183.34,3483.42
LINE00014122,ORD0004710,2,PROD00495,1,611.61,61.16,550.45
LINE00014123,ORD0004710,3,PROD00486,3,833.84,250.15,2251.37
LINE00014124,ORD0004710,4,PROD00322,5,1015.09,0.0,5075.45
LINE00014125,ORD0004711,1,PROD00170,1,1050.09,0.0,1050.09
LINE00014126,ORD0004711,2,PROD00184,6,397.68,0.0,2386.08
LINE00014127,ORD0004711,3,PROD00323,2,1142.93,114.29,2171.57
LINE00014128,ORD0004711,4,PROD00147,5,578.85,0.0,2894.25
LINE00014129,ORD0004712,1,PROD00255,4,374.97,0.0,1499.88
LINE00014130,ORD0004713,1,PROD00292,3,1153.23,0.0,3459.69
LINE00014131,ORD0004714,1,PROD00426,2,836.07,0.0,1672.14
LINE00014132,ORD0004715,1,PROD00497,5,644.27,161.07,3060.28
LINE00014133,ORD0004715,2,PROD00073,1,958.52,0.0,958.52
LINE00014134,ORD0004715,3,PROD00363,1,1074.31,0.0,1074.31
LINE00014135,ORD0004716,1,PROD00292,4,623.39,498.71,1994.85
LINE00014136,ORD0004716,2,PROD00444,5,79.35,39.68,357.07
LINE00014137,ORD0004716,3,PROD00424,5,1056.85,1056.85,4227.4
LINE00014138,ORD0004717,1,PROD00101,3,520.47,0.0,1561.41
LINE00014139,ORD0004717,2,PROD00465,6,329.23,395.08,1580.3
LINE00014140,ORD0004717,3,PROD00129,3,705.88,423.53,1694.11
LINE00014141,ORD0004717,4,PROD00056,1,895.62,44.78,850.84
LINE00014142,ORD0004718,1,PROD00229,3,842.76,0.0,2528.28
LINE00014143,ORD0004718,2,PROD00120,6,1048.21,628.93,5660.33
LINE00014144,ORD0004718,3,PROD00078,5,731.84,0.0,3659.2
LINE00014145,ORD0004718,4,PROD00095,1,14.46,0.0,14.46
LINE00014146,ORD0004719,1,PROD00081,3,480.66,0.0,1441.98
LINE00014147,ORD0004719,2,PROD00152,4,782.75,0.0,3131.0
LINE00014148,ORD0004719,3,PROD00060,6,409.84,122.95,2336.09
LINE00014149,ORD0004719,4,PROD00039,2,338.1,33.81,642.39
LINE00014150,ORD0004719,5,PROD00056,3,356.28,0.0,1068.84
LINE00014151,ORD0004720,1,PROD00048,5,936.2,0.0,4681.0
LINE00014152,ORD0004720,2,PROD00274,3,291.32,0.0,873.96
LINE00014153,ORD0004721,1,PROD00266,3,432.88,129.86,1168.78
LINE00014154,ORD0004721,2,PROD00443,1,487.44,24.37,463.07
LINE00014155,ORD0004722,1,PROD00295,2,361.98,0.0,723.96
LINE00014156,ORD0004722,2,PROD00376,1,478.16,0.0,478.16
LINE00014157,ORD0004723,1,PROD00049,6,194.16,0.0,1164.96
LINE00014158,ORD0004723,2,PROD00472,1,965.19,0.0,965.19
LINE00014159,ORD0004723,3,PROD00282,6,380.11,0.0,2280.66
LINE00014160,ORD0004724,1,PROD00361,2,572.87,0.0,1145.74
LINE00014161,ORD0004724,2,PROD00018,4,740.15,0.0,2960.6
LINE00014162,ORD0004725,1,PROD00324,1,193.01,0.0,193.01
LINE00014163,ORD0004725,2,PROD00290,2,1054.69,105.47,2003.91
LINE00014164,ORD0004726,1,PROD00372,1,476.62,0.0,476.62
LINE00014165,ORD0004726,2,PROD00044,6,950.0,0.0,5700.0
LINE00014166,ORD0004727,1,PROD00498,1,1132.55,0.0,1132.55
LINE00014167,ORD0004727,2,PROD00383,3,1125.99,675.59,2702.38
LINE00014168,ORD0004727,3,PROD00159,5,1018.5,1018.5,4074.0
LINE00014169,ORD0004727,4,PROD00183,6,1136.23,0.0,6817.38
LINE00014170,ORD0004727,5,PROD00281,2,285.57,57.11,514.03
LINE00014171,ORD0004728,1,PROD00358,6,604.19,725.03,2900.11
LINE00014172,ORD0004728,2,PROD00132,2,92.71,37.08,148.34
LINE00014173,ORD0004729,1,PROD00041,5,568.41,0.0,2842.05
LINE00014174,ORD0004729,2,PROD00057,4,479.3,0.0,1917.2
LINE00014175,ORD0004730,1,PROD00129,1,183.27,18.33,164.94
LINE00014176,ORD0004730,2,PROD00311,5,950.01,0.0,4750.05
LINE00014177,ORD0004730,3,PROD00248,2,712.93,0.0,1425.86
LINE00014178,ORD0004731,1,PROD00348,5,538.54,0.0,2692.7
LINE00014179,ORD0004731,2,PROD00009,5,278.89,0.0,1394.45
LINE00014180,ORD0004732,1,PROD00153,2,903.73,180.75,1626.71
LINE00014181,ORD0004732,2,PROD00137,2,1002.86,0.0,2005.72
LINE00014182,ORD0004732,3,PROD00107,6,961.4,288.42,5479.98
LINE00014183,ORD0004732,4,PROD00404,2,14.52,0.0,29.04
LINE00014184,ORD0004733,1,PROD00064,2,1154.46,0.0,2308.92
LINE00014185,ORD0004734,1,PROD00328,3,1097.8,658.68,2634.72
LINE00014186,ORD0004734,2,PROD00068,6,695.51,0.0,4173.06
LINE00014187,ORD0004734,3,PROD00288,4,1069.05,427.62,3848.58
LINE00014188,ORD0004735,1,PROD00066,4,90.45,0.0,361.8
LINE00014189,ORD0004735,2,PROD00246,4,914.42,365.77,3291.91
LINE00014190,ORD0004735,3,PROD00169,5,936.53,0.0,4682.65
LINE00014191,ORD0004736,1,PROD00267,4,585.09,234.04,2106.32
LINE00014192,ORD0004737,1,PROD00060,6,27.56,33.07,132.29
LINE00014193,ORD0004737,2,PROD00450,5,5.2,2.6,23.4
LINE00014194,ORD0004737,3,PROD00326,4,62.71,0.0,250.84
LINE00014195,ORD0004738,1,PROD00278,3,1131.11,678.67,2714.66
LINE00014196,ORD0004739,1,PROD00088,4,198.64,39.73,754.83
LINE00014197,ORD0004740,1,PROD00247,4,364.03,0.0,1456.12
LINE00014198,ORD0004740,2,PROD00087,6,632.08,0.0,3792.48
LINE00014199,ORD0004740,3,PROD00496,2,347.67,0.0,695.34
LINE00014200,ORD0004740,4,PROD00106,2,203.33,81.33,325.33
LINE00014201,ORD0004740,5,PROD00236,1,705.1,141.02,564.08
LINE00014202,ORD0004741,1,PROD00198,6,113.98,0.0,683.88
LINE00014203,ORD0004742,1,PROD00103,2,918.23,0.0,1836.46
LINE00014204,ORD0004742,2,PROD00232,3,158.14,0.0,474.42
LINE00014205,ORD0004742,3,PROD00398,3,1133.11,0.0,3399.33
LINE00014206,ORD0004742,4,PROD00424,4,864.8,0.0,3459.2
LINE00014207,ORD0004742,5,PROD00269,2,239.0,47.8,430.2
LINE00014208,ORD0004743,1,PROD00218,4,72.11,14.42,274.02
LINE00014209,ORD0004743,2,PROD00397,2,739.69,0.0,1479.38
LINE00014210,ORD0004744,1,PROD00070,4,761.85,0.0,3047.4
LINE00014211,ORD0004744,2,PROD00465,2,529.01,0.0,1058.02
LINE00014212,ORD0004744,3,PROD00338,3,875.77,0.0,2627.31
LINE00014213,ORD0004744,4,PROD00411,5,51.95,0.0,259.75
LINE00014214,ORD0004744,5,PROD00176,2,205.44,20.54,390.34
LINE00014215,ORD0004745,1,PROD00063,5,1027.68,256.92,4881.48
LINE00014216,ORD0004745,2,PROD00173,3,284.05,42.61,809.54
LINE00014217,ORD0004745,3,PROD00135,2,811.17,0.0,1622.34
LINE00014218,ORD0004745,4,PROD00103,4,724.27,0.0,2897.08
LINE00014219,ORD0004745,5,PROD00376,2,628.39,0.0,1256.78
LINE00014220,ORD0004746,1,PROD00448,3,917.09,137.56,2613.71
LINE00014221,ORD0004747,1,PROD00160,4,412.93,330.34,1321.38
LINE00014222,ORD0004747,2,PROD00381,5,764.62,191.16,3631.94
LINE00014223,ORD0004747,3,PROD00279,4,704.18,0.0,2816.72
LINE00014224,ORD0004748,1,PROD00207,6,356.77,0.0,2140.62
LINE00014225,ORD0004748,2,PROD00062,1,830.02,166.0,664.02
LINE00014226,ORD0004748,3,PROD00246,1,571.98,0.0,571.98
LINE00014227,ORD0004748,4,PROD00277,5,81.58,40.79,367.11
LINE00014228,ORD0004748,5,PROD00062,2,511.76,204.7,818.82
LINE00014229,ORD0004749,1,PROD00400,1,111.22,0.0,111.22
LINE00014230,ORD0004749,2,PROD00115,4,285.44,0.0,1141.76
LINE00014231,ORD0004749,3,PROD00330,1,7.17,0.0,7.17
LINE00014232,ORD0004749,4,PROD00081,4,430.4,0.0,1721.6
LINE00014233,ORD0004750,1,PROD00012,4,623.4,249.36,2244.24
LINE00014234,ORD0004750,2,PROD00182,4,1146.7,0.0,4586.8
LINE00014235,ORD0004750,3,PROD00087,6,720.97,432.58,3893.24
LINE00014236,ORD0004750,4,PROD00490,4,93.16,74.53,298.11
LINE00014237,ORD0004750,5,PROD00033,4,667.99,0.0,2671.96
LINE00014238,ORD0004751,1,PROD00498,2,659.95,0.0,1319.9
LINE00014239,ORD0004751,2,PROD00263,4,522.98,0.0,2091.92
LINE00014240,ORD0004752,1,PROD00063,5,668.08,0.0,3340.4
LINE00014241,ORD0004752,2,PROD00430,2,360.85,36.09,685.61
LINE00014242,ORD0004752,3,PROD00445,1,676.91,0.0,676.91
LINE00014243,ORD0004753,1,PROD00112,4,382.71,306.17,1224.67
LINE00014244,ORD0004753,2,PROD00146,3,254.85,38.23,726.32
LINE00014245,ORD0004753,3,PROD00341,4,1089.85,435.94,3923.46
LINE00014246,ORD0004753,4,PROD00143,6,871.08,1045.3,4181.18
LINE00014247,ORD0004754,1,PROD00299,3,930.09,0.0,2790.27
LINE00014248,ORD0004754,2,PROD00214,3,176.31,26.45,502.48
LINE00014249,ORD0004754,3,PROD00002,1,823.4,82.34,741.06
LINE00014250,ORD0004755,1,PROD00133,6,451.19,0.0,2707.14
LINE00014251,ORD0004756,1,PROD00122,3,1168.47,701.08,2804.33
LINE00014252,ORD0004756,2,PROD00286,5,1038.22,0.0,5191.1
LINE00014253,ORD0004756,3,PROD00292,6,603.11,0.0,3618.66
LINE00014254,ORD0004756,4,PROD00156,5,569.29,0.0,2846.45
LINE00014255,ORD0004757,1,PROD00487,3,384.08,0.0,1152.24
LINE00014256,ORD0004757,2,PROD00390,1,927.58,92.76,834.82
LINE00014257,ORD0004757,3,PROD00402,4,776.69,0.0,3106.76
LINE00014258,ORD0004758,1,PROD00021,5,967.15,241.79,4593.96
LINE00014259,ORD0004758,2,PROD00486,4,564.47,451.58,1806.3
LINE00014260,ORD0004758,3,PROD00454,5,1188.77,0.0,5943.85
LINE00014261,ORD0004759,1,PROD00117,6,316.94,380.33,1521.31
LINE00014262,ORD0004759,2,PROD00285,5,158.51,0.0,792.55
LINE00014263,ORD0004759,3,PROD00027,2,13.62,2.72,24.52
LINE00014264,ORD0004760,1,PROD00152,4,656.51,525.21,2100.83
LINE00014265,ORD0004760,2,PROD00495,1,941.18,94.12,847.06
LINE00014266,ORD0004760,3,PROD00407,6,1103.73,0.0,6622.38
LINE00014267,ORD0004761,1,PROD00444,5,313.24,0.0,1566.2
LINE00014268,ORD0004762,1,PROD00319,4,976.37,195.27,3710.21
LINE00014269,ORD0004762,2,PROD00265,6,584.62,175.39,3332.33
LINE00014270,ORD0004762,3,PROD00080,2,507.41,50.74,964.08
LINE00014271,ORD0004763,1,PROD00100,3,1104.7,331.41,2982.69
LINE00014272,ORD0004763,2,PROD00296,1,822.79,0.0,822.79
LINE00014273,ORD0004763,3,PROD00057,1,824.24,41.21,783.03
LINE00014274,ORD0004764,1,PROD00121,4,213.94,0.0,855.76
LINE00014275,ORD0004764,2,PROD00137,5,241.65,0.0,1208.25
LINE00014276,ORD0004764,3,PROD00334,6,709.11,425.47,3829.19
LINE00014277,ORD0004765,1,PROD00072,3,246.27,36.94,701.87
LINE00014278,ORD0004765,2,PROD00239,2,747.79,74.78,1420.8
LINE00014279,ORD0004766,1,PROD00376,1,526.65,105.33,421.32
LINE00014280,ORD0004766,2,PROD00111,4,788.12,315.25,2837.23
LINE00014281,ORD0004766,3,PROD00176,2,852.4,340.96,1363.84
LINE00014282,ORD0004767,1,PROD00132,3,692.02,0.0,2076.06
LINE00014283,ORD0004767,2,PROD00279,1,860.24,172.05,688.19
LINE00014284,ORD0004767,3,PROD00372,3,435.18,261.11,1044.43
LINE00014285,ORD0004768,1,PROD00101,2,243.69,0.0,487.38
LINE00014286,ORD0004768,2,PROD00158,5,469.73,117.43,2231.22
LINE00014287,ORD0004768,3,PROD00054,2,311.32,124.53,498.11
LINE00014288,ORD0004768,4,PROD00037,6,324.92,97.48,1852.04
LINE00014289,ORD0004769,1,PROD00153,6,17.41,5.22,99.24
LINE00014290,ORD0004769,2,PROD00248,3,207.75,124.65,498.6
LINE00014291,ORD0004769,3,PROD00468,2,422.39,168.96,675.82
LINE00014292,ORD0004769,4,PROD00116,5,992.37,0.0,4961.85
LINE00014293,ORD0004770,1,PROD00372,3,853.93,0.0,2561.79
LINE00014294,ORD0004770,2,PROD00148,4,705.88,141.18,2682.34
LINE00014295,ORD0004771,1,PROD00027,5,346.71,0.0,1733.55
LINE00014296,ORD0004771,2,PROD00230,1,364.92,0.0,364.92
LINE00014297,ORD0004771,3,PROD00448,4,987.68,197.54,3753.18
LINE00014298,ORD0004772,1,PROD00003,3,170.77,0.0,512.31
LINE00014299,ORD0004772,2,PROD00376,2,372.34,74.47,670.21
LINE00014300,ORD0004772,3,PROD00399,3,1194.53,0.0,3583.59
LINE00014301,ORD0004772,4,PROD00293,1,380.84,38.08,342.76
LINE00014302,ORD0004773,1,PROD00286,4,354.55,0.0,1418.2
LINE00014303,ORD0004773,2,PROD00369,6,304.28,0.0,1825.68
LINE00014304,ORD0004774,1,PROD00147,4,981.65,0.0,3926.6
LINE00014305,ORD0004774,2,PROD00171,1,802.85,0.0,802.85
LINE00014306,ORD0004774,3,PROD00219,6,794.89,0.0,4769.34
LINE00014307,ORD0004774,4,PROD00255,3,1057.31,634.39,2537.54
LINE00014308,ORD0004774,5,PROD00330,5,532.66,0.0,2663.3
LINE00014309,ORD0004775,1,PROD00290,4,602.67,0.0,2410.68
LINE00014310,ORD0004775,2,PROD00304,2,987.56,0.0,1975.12
LINE00014311,ORD0004775,3,PROD00098,5,1044.2,261.05,4959.95
LINE00014312,ORD0004775,4,PROD00447,2,552.81,0.0,1105.62
LINE00014313,ORD0004776,1,PROD00082,6,192.33,115.4,1038.58
LINE00014314,ORD0004777,1,PROD00003,5,625.76,312.88,2815.92
LINE00014315,ORD0004777,2,PROD00310,6,333.56,100.07,1901.29
LINE00014316,ORD0004777,3,PROD00384,5,248.54,62.14,1180.56
LINE00014317,ORD0004777,4,PROD00221,5,533.06,266.53,2398.77
LINE00014318,ORD0004777,5,PROD00202,2,201.18,0.0,402.36
LINE00014319,ORD0004778,1,PROD00113,3,668.83,200.65,1805.84
LINE00014320,ORD0004778,2,PROD00361,1,991.34,49.57,941.77
LINE00014321,ORD0004778,3,PROD00256,3,301.12,0.0,903.36
LINE00014322,ORD0004778,4,PROD00323,1,1007.55,0.0,1007.55
LINE00014323,ORD0004779,1,PROD00281,2,179.8,0.0,359.6
LINE00014324,ORD0004779,2,PROD00215,2,28.32,5.66,50.98
LINE00014325,ORD0004779,3,PROD00451,4,927.16,0.0,3708.64
LINE00014326,ORD0004779,4,PROD00248,5,605.15,0.0,3025.75
LINE00014327,ORD0004780,1,PROD00398,2,636.76,0.0,1273.52
LINE00014328,ORD0004780,2,PROD00206,3,700.42,420.25,1681.01
LINE00014329,ORD0004780,3,PROD00327,2,290.35,0.0,580.7
LINE00014330,ORD0004780,4,PROD00039,1,787.12,0.0,787.12
LINE00014331,ORD0004780,5,PROD00402,4,311.74,62.35,1184.61
LINE00014332,ORD0004781,1,PROD00128,6,543.74,326.24,2936.2
LINE00014333,ORD0004781,2,PROD00310,3,1031.32,0.0,3093.96
LINE00014334,ORD0004781,3,PROD00273,5,502.48,0.0,2512.4
LINE00014335,ORD0004781,4,PROD00095,2,749.55,0.0,1499.1
LINE00014336,ORD0004782,1,PROD00355,3,275.49,0.0,826.47
LINE00014337,ORD0004782,2,PROD00164,4,915.63,0.0,3662.52
LINE00014338,ORD0004782,3,PROD00178,2,252.96,101.18,404.74
LINE00014339,ORD0004782,4,PROD00146,6,591.0,0.0,3546.0
LINE00014340,ORD0004782,5,PROD00032,5,140.36,70.18,631.62
LINE00014341,ORD0004783,1,PROD00394,1,444.73,0.0,444.73
LINE00014342,ORD0004783,2,PROD00254,1,405.9,0.0,405.9
LINE00014343,ORD0004784,1,PROD00134,5,84.62,0.0,423.1
LINE00014344,ORD0004784,2,PROD00212,1,880.87,176.17,704.7
LINE00014345,ORD0004784,3,PROD00207,6,705.91,0.0,4235.46
LINE00014346,ORD0004784,4,PROD00016,2,604.47,0.0,1208.94
LINE00014347,ORD0004784,5,PROD00093,1,369.89,0.0,369.89
LINE00014348,ORD0004785,1,PROD00200,2,494.28,0.0,988.56
LINE00014349,ORD0004785,2,PROD00092,1,487.05,48.71,438.34
LINE00014350,ORD0004785,3,PROD00460,4,606.16,242.46,2182.18
LINE00014351,ORD0004786,1,PROD00270,2,358.42,0.0,716.84
LINE00014352,ORD0004786,2,PROD00316,1,689.66,137.93,551.73
LINE00014353,ORD0004787,1,PROD00384,2,5.12,0.0,10.24
LINE00014354,ORD0004787,2,PROD00165,4,1013.26,0.0,4053.04
LINE00014355,ORD0004787,3,PROD00500,1,788.86,39.44,749.42
LINE00014356,ORD0004787,4,PROD00379,4,793.34,0.0,3173.36
LINE00014357,ORD0004788,1,PROD00117,5,698.76,0.0,3493.8
LINE00014358,ORD0004788,2,PROD00246,2,737.49,0.0,1474.98
LINE00014359,ORD0004788,3,PROD00207,3,525.41,157.62,1418.61
LINE00014360,ORD0004788,4,PROD00452,5,130.62,0.0,653.1
LINE00014361,ORD0004789,1,PROD00376,1,502.48,100.5,401.98
LINE00014362,ORD0004789,2,PROD00257,5,261.52,0.0,1307.6
LINE00014363,ORD0004789,3,PROD00203,6,574.63,172.39,3275.39
LINE00014364,ORD0004790,1,PROD00337,1,1063.69,0.0,1063.69
LINE00014365,ORD0004790,2,PROD00455,5,664.48,166.12,3156.28
LINE00014366,ORD0004791,1,PROD00251,6,66.25,0.0,397.5
LINE00014367,ORD0004791,2,PROD00355,4,533.29,0.0,2133.16
LINE00014368,ORD0004791,3,PROD00006,3,103.86,0.0,311.58
LINE00014369,ORD0004792,1,PROD00352,1,1085.46,217.09,868.37
LINE00014370,ORD0004792,2,PROD00207,3,176.12,0.0,528.36
LINE00014371,ORD0004792,3,PROD00308,1,378.76,37.88,340.88
LINE00014372,ORD0004792,4,PROD00064,2,328.53,131.41,525.65
LINE00014373,ORD0004793,1,PROD00258,1,841.43,0.0,841.43
LINE00014374,ORD0004793,2,PROD00139,6,651.46,0.0,3908.76
LINE00014375,ORD0004794,1,PROD00206,4,839.53,0.0,3358.12
LINE00014376,ORD0004794,2,PROD00246,1,417.17,0.0,417.17
LINE00014377,ORD0004794,3,PROD00391,2,562.81,0.0,1125.62
LINE00014378,ORD0004795,1,PROD00331,5,649.56,0.0,3247.8
LINE00014379,ORD0004796,1,PROD00413,2,1198.28,0.0,2396.56
LINE00014380,ORD0004796,2,PROD00121,1,220.35,44.07,176.28
LINE00014381,ORD0004796,3,PROD00328,2,169.35,16.93,321.77
LINE00014382,ORD0004797,1,PROD00055,5,306.48,306.48,1225.92
LINE00014383,ORD0004798,1,PROD00054,2,573.93,229.57,918.29
LINE00014384,ORD0004798,2,PROD00095,3,783.62,470.17,1880.69
LINE00014385,ORD0004798,3,PROD00081,1,349.99,0.0,349.99
LINE00014386,ORD0004798,4,PROD00358,1,715.14,0.0,715.14
LINE00014387,ORD0004799,1,PROD00257,6,159.87,191.84,767.38
LINE00014388,ORD0004800,1,PROD00216,6,315.48,189.29,1703.59
LINE00014389,ORD0004800,2,PROD00191,2,826.33,330.53,1322.13
LINE00014390,ORD0004801,1,PROD00253,4,994.45,795.56,3182.24
LINE00014391,ORD0004801,2,PROD00321,6,380.49,0.0,2282.94
LINE00014392,ORD0004801,3,PROD00475,4,1042.15,0.0,4168.6
LINE00014393,ORD0004802,1,PROD00033,6,385.78,0.0,2314.68
LINE00014394,ORD0004802,2,PROD00369,6,794.55,0.0,4767.3
LINE00014395,ORD0004802,3,PROD00489,2,121.09,0.0,242.18
LINE00014396,ORD0004802,4,PROD00465,6,147.35,176.82,707.28
LINE00014397,ORD0004802,5,PROD00420,6,1129.72,677.83,6100.49
LINE00014398,ORD0004803,1,PROD00206,6,1160.08,348.02,6612.46
LINE00014399,ORD0004803,2,PROD00383,3,330.32,198.19,792.77
LINE00014400,ORD0004803,3,PROD00022,6,1070.41,0.0,6422.46
LINE00014401,ORD0004803,4,PROD00393,3,240.65,36.1,685.85
LINE00014402,ORD0004804,1,PROD00147,2,491.86,98.37,885.35
LINE00014403,ORD0004804,2,PROD00221,1,663.37,132.67,530.7
LINE00014404,ORD0004804,3,PROD00104,6,1198.34,0.0,7190.04
LINE00014405,ORD0004805,1,PROD00319,1,1137.25,0.0,1137.25
LINE00014406,ORD0004805,2,PROD00288,1,1127.74,0.0,1127.74
LINE00014407,ORD0004805,3,PROD00126,3,1115.59,0.0,3346.77
LINE00014408,ORD0004805,4,PROD00304,4,819.17,655.34,2621.34
LINE00014409,ORD0004805,5,PROD00462,3,504.66,0.0,1513.98
LINE00014410,ORD0004806,1,PROD00203,3,1155.09,173.26,3292.01
LINE00014411,ORD0004806,2,PROD00491,2,241.92,96.77,387.07
LINE00014412,ORD0004806,3,PROD00131,5,16.25,0.0,81.25
LINE00014413,ORD0004806,4,PROD00441,2,564.82,0.0,1129.64
LINE00014414,ORD0004807,1,PROD00237,4,506.47,202.59,1823.29
LINE00014415,ORD0004807,2,PROD00347,3,1192.21,715.33,2861.3
LINE00014416,ORD0004807,3,PROD00373,6,934.28,0.0,5605.68
LINE00014417,ORD0004807,4,PROD00012,4,318.57,63.71,1210.57
LINE00014418,ORD0004808,1,PROD00344,2,1096.34,438.54,1754.14
LINE00014419,ORD0004808,2,PROD00480,1,42.62,4.26,38.36
LINE00014420,ORD0004808,3,PROD00038,2,912.68,0.0,1825.36
LINE00014421,ORD0004808,4,PROD00179,6,550.16,0.0,3300.96
LINE00014422,ORD0004809,1,PROD00092,4,724.54,144.91,2753.25
LINE00014423,ORD0004809,2,PROD00293,4,355.7,142.28,1280.52
LINE00014424,ORD0004809,3,PROD00481,6,1170.48,0.0,7022.88
LINE00014425,ORD0004810,1,PROD00424,1,225.85,0.0,225.85
LINE00014426,ORD0004811,1,PROD00321,6,949.3,0.0,5695.8
LINE00014427,ORD0004811,2,PROD00293,4,468.75,93.75,1781.25
LINE00014428,ORD0004811,3,PROD00106,4,715.9,0.0,2863.6
LINE00014429,ORD0004811,4,PROD00210,6,471.21,0.0,2827.26
LINE00014430,ORD0004811,5,PROD00071,3,689.38,413.63,1654.51
LINE00014431,ORD0004812,1,PROD00373,5,581.88,0.0,2909.4
LINE00014432,ORD0004813,1,PROD00361,5,482.15,0.0,2410.75
LINE00014433,ORD0004813,2,PROD00180,5,140.15,0.0,700.75
LINE00014434,ORD0004813,3,PROD00476,1,770.33,0.0,770.33
LINE00014435,ORD0004813,4,PROD00301,2,277.39,55.48,499.3
LINE00014436,ORD0004813,5,PROD00026,4,574.34,114.87,2182.49
LINE00014437,ORD0004814,1,PROD00158,3,85.99,25.8,232.17
LINE00014438,ORD0004814,2,PROD00037,1,1065.04,213.01,852.03
LINE00014439,ORD0004814,3,PROD00419,3,582.5,0.0,1747.5
LINE00014440,ORD0004814,4,PROD00041,4,289.16,57.83,1098.81
LINE00014441,ORD0004814,5,PROD00221,5,904.82,0.0,4524.1
LINE00014442,ORD0004815,1,PROD00008,6,651.15,195.34,3711.56
LINE00014443,ORD0004815,2,PROD00058,1,475.92,0.0,475.92
LINE00014444,ORD0004816,1,PROD00497,4,607.75,0.0,2431.0
LINE00014445,ORD0004817,1,PROD00450,1,315.07,0.0,315.07
LINE00014446,ORD0004817,2,PROD00189,2,777.02,77.7,1476.34
LINE00014447,ORD0004818,1,PROD00376,2,517.11,206.84,827.38
LINE00014448,ORD0004818,2,PROD00136,2,513.89,0.0,1027.78
LINE00014449,ORD0004818,3,PROD00086,1,530.01,53.0,477.01
LINE00014450,ORD0004818,4,PROD00324,6,1003.64,0.0,6021.84
LINE00014451,ORD0004818,5,PROD00049,4,234.29,0.0,937.16
LINE00014452,ORD0004819,1,PROD00440,6,76.04,91.25,364.99
LINE00014453,ORD0004819,2,PROD00140,4,735.14,147.03,2793.53
LINE00014454,ORD0004819,3,PROD00042,2,18.96,1.9,36.02
LINE00014455,ORD0004820,1,PROD00495,1,123.05,0.0,123.05
LINE00014456,ORD0004820,2,PROD00454,6,1024.63,307.39,5840.39
LINE00014457,ORD0004821,1,PROD00014,2,995.49,99.55,1891.43
LINE00014458,ORD0004822,1,PROD00057,2,700.72,280.29,1121.15
LINE00014459,ORD0004822,2,PROD00392,6,766.5,0.0,4599.0
LINE00014460,ORD0004822,3,PROD00257,6,1183.76,0.0,7102.56
LINE00014461,ORD0004822,4,PROD00158,4,119.32,0.0,477.28
LINE00014462,ORD0004822,5,PROD00398,6,47.85,28.71,258.39
LINE00014463,ORD0004823,1,PROD00336,5,563.03,0.0,2815.15
LINE00014464,ORD0004823,2,PROD00368,4,759.46,0.0,3037.84
LINE00014465,ORD0004824,1,PROD00073,5,907.32,0.0,4536.6
LINE00014466,ORD0004824,2,PROD00410,2,903.63,0.0,1807.26
LINE00014467,ORD0004824,3,PROD00430,4,523.86,419.09,1676.35
LINE00014468,ORD0004825,1,PROD00439,1,1059.75,0.0,1059.75
LINE00014469,ORD0004825,2,PROD00312,6,560.27,0.0,3361.62
LINE00014470,ORD0004825,3,PROD00117,1,346.03,0.0,346.03
LINE00014471,ORD0004826,1,PROD00492,-3,1127.88,-338.36,-3045.28
LINE00014472,ORD0004826,2,PROD00237,6,1036.05,0.0,6216.3
LINE00014473,ORD0004826,3,PROD00318,3,148.64,22.3,423.62
LINE00014474,ORD0004827,1,PROD00332,6,217.08,0.0,1302.48
LINE00014475,ORD0004827,2,PROD00022,3,347.23,0.0,1041.69
LINE00014476,ORD0004828,1,PROD00264,5,576.51,0.0,2882.55
LINE00014477,ORD0004828,2,PROD00312,2,491.92,98.38,885.46
LINE00014478,ORD0004828,3,PROD00075,5,718.07,0.0,3590.35
LINE00014479,ORD0004828,4,PROD00377,4,690.53,276.21,2485.91
LINE00014480,ORD0004828,5,PROD00236,1,347.69,34.77,312.92
LINE00014481,ORD0004829,1,PROD00175,1,1146.86,114.69,1032.17
LINE00014482,ORD0004830,1,PROD00153,2,392.87,0.0,785.74
LINE00014483,ORD0004830,2,PROD00299,4,420.45,168.18,1513.62
LINE00014484,ORD0004830,3,PROD00446,6,226.47,67.94,1290.88
LINE00014485,ORD0004830,4,PROD00039,5,952.55,0.0,4762.75
LINE00014486,ORD0004831,1,PROD00268,4,561.31,0.0,2245.24
LINE00014487,ORD0004831,2,PROD00193,1,283.06,56.61,226.45
LINE00014488,ORD0004831,3,PROD00211,1,196.67,0.0,196.67
LINE00014489,ORD0004831,4,PROD00083,5,290.42,0.0,1452.1
LINE00014490,ORD0004832,1,PROD00456,6,1176.66,0.0,7059.96
LINE00014491,ORD0004832,2,PROD00443,5,916.67,229.17,4354.18
LINE00014492,ORD0004833,1,PROD00261,1,417.09,83.42,333.67
LINE00014493,ORD0004834,1,PROD00300,6,364.82,437.78,1751.14
LINE00014494,ORD0004834,2,PROD00443,6,725.48,0.0,4352.88
LINE00014495,ORD0004834,3,PROD00055,3,1092.16,0.0,3276.48
LINE00014496,ORD0004834,4,PROD00003,1,1147.65,114.77,1032.88
LINE00014497,ORD0004835,1,PROD00004,4,475.52,0.0,1902.08
LINE00014498,ORD0004835,2,PROD00476,4,375.52,150.21,1351.87
LINE00014499,ORD0004836,1,PROD00445,2,615.02,61.5,1168.54
LINE00014500,ORD0004836,2,PROD00064,4,1196.53,0.0,4786.12
LINE00014501,ORD0004836,3,PROD00225,5,581.06,290.53,2614.77
LINE00014502,ORD0004836,4,PROD00054,5,1004.37,0.0,5021.85
LINE00014503,ORD0004836,5,PROD00427,2,226.34,22.63,430.05
LINE00014504,ORD0004837,1,PROD00345,6,426.2,255.72,2301.48
LINE00014505,ORD0004837,2,PROD00082,2,94.12,9.41,178.83
LINE00014506,ORD0004837,3,PROD00197,4,102.66,0.0,410.64
LINE00014507,ORD0004837,4,PROD00344,2,342.44,68.49,616.39
LINE00014508,ORD0004837,5,PROD00195,5,1006.42,1006.42,4025.68
LINE00014509,ORD0004838,1,PROD00206,2,991.75,396.7,1586.8
LINE00014510,ORD0004839,1,PROD00279,3,1122.45,673.47,2693.88
LINE00014511,ORD0004839,2,PROD00157,4,984.99,0.0,3939.96
LINE00014512,ORD0004840,1,PROD00221,3,989.27,0.0,2967.81
LINE00014513,ORD0004840,2,PROD00006,5,916.18,0.0,4580.9
LINE00014514,ORD0004840,3,PROD00107,2,61.68,0.0,123.36
LINE00014515,ORD0004840,4,PROD00061,1,813.39,0.0,813.39
LINE00014516,ORD0004840,5,PROD00263,2,681.77,0.0,1363.54
LINE00014517,ORD0004841,1,PROD00291,1,1035.24,51.76,983.48
LINE00014518,ORD0004841,2,PROD00165,4,909.45,0.0,3637.8
LINE00014519,ORD0004841,3,PROD00390,3,1018.88,0.0,3056.64
LINE00014520,ORD0004842,1,PROD00134,6,598.17,0.0,3589.02
LINE00014521,ORD0004842,2,PROD00131,6,1141.86,0.0,6851.16
LINE00014522,ORD0004842,3,PROD00106,3,927.48,556.49,2225.95
LINE00014523,ORD0004843,1,PROD00487,4,77.51,62.01,248.03
LINE00014524,ORD0004843,2,PROD00235,1,1072.92,53.65,1019.27
LINE00014525,ORD0004843,3,PROD00207,2,259.95,26.0,493.9
LINE00014526,ORD0004843,4,PROD00470,3,1189.15,178.37,3389.08
LINE00014527,ORD0004844,1,PROD00097,1,173.39,0.0,173.39
LINE00014528,ORD0004844,2,PROD00010,4,104.85,0.0,419.4
LINE00014529,ORD0004845,1,PROD00288,2,1063.79,0.0,2127.58
LINE00014530,ORD0004845,2,PROD00102,4,752.38,601.9,2407.62
LINE00014531,ORD0004846,1,PROD00403,4,35.55,0.0,142.2
LINE00014532,ORD0004846,2,PROD00378,4,88.35,17.67,335.73
LINE00014533,ORD0004846,3,PROD00460,5,1036.64,259.16,4924.04
LINE00014534,ORD0004847,1,PROD00217,1,675.15,67.52,607.63
LINE00014535,ORD0004847,2,PROD00403,1,1145.54,229.11,916.43
LINE00014536,ORD0004847,3,PROD00105,3,664.48,398.69,1594.75
LINE00014537,ORD0004848,1,PROD00416,3,791.71,118.76,2256.37
LINE00014538,ORD0004849,1,PROD00187,1,64.22,3.21,61.01
LINE00014539,ORD0004850,1,PROD00329,3,236.94,0.0,710.82
LINE00014540,ORD0004850,2,PROD00420,2,1164.75,465.9,1863.6
LINE00014541,ORD0004850,3,PROD00389,1,1035.4,51.77,983.63
LINE00014542,ORD0004850,4,PROD00171,1,134.98,6.75,128.23
LINE00014543,ORD0004851,1,PROD00230,2,636.91,0.0,1273.82
LINE00014544,ORD0004851,2,PROD00095,4,802.63,321.05,2889.47
LINE00014545,ORD0004851,3,PROD00257,5,683.25,0.0,3416.25
LINE00014546,ORD0004851,4,PROD00049,6,1064.01,0.0,6384.06
LINE00014547,ORD0004851,5,PROD00084,6,165.03,198.04,792.14
LINE00014548,ORD0004852,1,PROD00353,3,732.34,219.7,1977.32
LINE00014549,ORD0004852,2,PROD00489,5,591.34,591.34,2365.36
LINE00014550,ORD0004852,3,PROD00207,6,710.66,0.0,4263.96
LINE00014551,ORD0004853,1,PROD00435,3,769.79,0.0,2309.37
LINE00014552,ORD0004853,2,PROD00224,5,343.02,343.02,1372.08
LINE00014553,ORD0004853,3,PROD00334,5,13.07,0.0,65.35
LINE00014554,ORD0004853,4,PROD00474,4,799.44,159.89,3037.87
LINE00014555,ORD0004854,1,PROD00377,2,79.12,7.91,150.33
LINE00014556,ORD0004854,2,PROD00086,6,25.46,0.0,152.76
LINE00014557,ORD0004854,3,PROD00390,4,657.61,131.52,2498.92
LINE00014558,ORD0004854,4,PROD00464,1,870.38,0.0,870.38
LINE00014559,ORD0004855,1,PROD00102,5,88.41,0.0,442.05
LINE00014560,ORD0004855,2,PROD00328,1,465.62,46.56,419.06
LINE00014561,ORD0004855,3,PROD00306,5,129.59,0.0,647.95
LINE00014562,ORD0004855,4,PROD00352,5,60.98,0.0,304.9
LINE00014563,ORD0004856,1,PROD00197,5,451.49,112.87,2144.58
LINE00014564,ORD0004856,2,PROD00011,3,549.41,0.0,1648.23
LINE00014565,ORD0004856,3,PROD00424,4,849.04,679.23,2716.93
LINE00014566,ORD0004856,4,PROD00479,2,909.17,181.83,1636.51
LINE00014567,ORD0004857,1,PROD00146,2,299.19,0.0,598.38
LINE00014568,ORD0004858,1,PROD00218,2,387.65,77.53,697.77
LINE00014569,ORD0004859,1,PROD00494,1,869.67,0.0,869.67
LINE00014570,ORD0004860,1,PROD00098,5,907.86,907.86,3631.44
LINE00014571,ORD0004860,2,PROD00391,4,632.6,253.04,2277.36
LINE00014572,ORD0004860,3,PROD00416,1,702.09,35.1,666.99
LINE00014573,ORD0004861,1,PROD00212,4,570.38,228.15,2053.37
LINE00014574,ORD0004861,2,PROD00368,4,104.14,41.66,374.9
LINE00014575,ORD0004861,3,PROD00428,6,315.82,94.75,1800.17
LINE00014576,ORD0004861,4,PROD00355,1,178.09,0.0,178.09
LINE00014577,ORD0004862,1,PROD00410,2,1102.9,0.0,2205.8
LINE00014578,ORD0004862,2,PROD00059,1,726.49,0.0,726.49
LINE00014579,ORD0004862,3,PROD00408,4,877.26,0.0,3509.04
LINE00014580,ORD0004862,4,PROD00146,4,576.42,0.0,2305.68
LINE00014581,ORD0004862,5,PROD00155,4,1062.9,425.16,3826.44
LINE00014582,ORD0004863,1,PROD00106,4,131.03,104.82,419.3
LINE00014583,ORD0004864,1,PROD00453,6,941.56,564.94,5084.42
LINE00014584,ORD0004864,2,PROD00252,2,692.08,69.21,1314.95
LINE00014585,ORD0004865,1,PROD00096,3,824.51,123.68,2349.85
LINE00014586,ORD0004865,2,PROD00454,5,648.91,0.0,3244.55
LINE00014587,ORD0004865,3,PROD00057,3,23.96,14.38,57.5
LINE00014588,ORD0004865,4,PROD00377,3,690.21,207.06,1863.57
LINE00014589,ORD0004866,1,PROD00223,5,729.92,0.0,3649.6
LINE00014590,ORD0004867,1,PROD00473,1,440.03,0.0,440.03
LINE00014591,ORD0004867,2,PROD00346,5,942.06,471.03,4239.27
LINE00014592,ORD0004868,1,PROD00435,2,950.78,380.31,1521.25
LINE00014593,ORD0004868,2,PROD00375,1,377.3,0.0,377.3
LINE00014594,ORD0004869,1,PROD00230,3,776.53,232.96,2096.63
LINE00014595,ORD0004870,1,PROD00047,3,921.05,138.16,2624.99
LINE00014596,ORD0004871,1,PROD00220,2,12.36,1.24,23.48
LINE00014597,ORD0004871,2,PROD00471,6,1187.6,0.0,7125.6
LINE00014598,ORD0004872,1,PROD00175,3,820.87,123.13,2339.48
LINE00014599,ORD0004872,2,PROD00197,1,316.48,63.3,253.18
LINE00014600,ORD0004872,3,PROD00019,4,463.63,0.0,1854.52
LINE00014601,ORD0004873,1,PROD00237,4,67.64,54.11,216.45
LINE00014602,ORD0004873,2,PROD00146,2,264.84,105.94,423.74
LINE00014603,ORD0004873,3,PROD00001,4,370.38,0.0,1481.52
LINE00014604,ORD0004874,1,PROD00421,2,679.01,67.9,1290.12
LINE00014605,ORD0004874,2,PROD00154,4,579.79,463.83,1855.33
LINE00014606,ORD0004874,3,PROD00081,6,1070.62,321.19,6102.53
LINE00014607,ORD0004874,4,PROD00329,2,392.04,0.0,784.08
LINE00014608,ORD0004874,5,PROD00336,6,918.97,0.0,5513.82
LINE00014609,ORD0004875,1,PROD00282,2,327.7,65.54,589.86
LINE00014610,ORD0004875,2,PROD00061,3,949.15,284.75,2562.7
LINE00014611,ORD0004876,1,PROD00450,3,810.19,0.0,2430.57
LINE00014612,ORD0004876,2,PROD00442,4,554.75,0.0,2219.0
LINE00014613,ORD0004876,3,PROD00370,2,94.96,0.0,189.92
LINE00014614,ORD0004876,4,PROD00486,4,523.7,209.48,1885.32
LINE00014615,ORD0004876,5,PROD00185,5,182.48,0.0,912.4
LINE00014616,ORD0004877,1,PROD00235,2,430.05,0.0,860.1
LINE00014617,ORD0004878,1,PROD00041,5,171.4,0.0,857.0
LINE00014618,ORD0004878,2,PROD00023,6,742.61,0.0,4455.66
LINE00014619,ORD0004878,3,PROD00394,2,607.09,121.42,1092.76
LINE00014620,ORD0004879,1,PROD00262,5,1168.4,292.1,5549.9
LINE00014621,ORD0004879,2,PROD00339,3,80.03,0.0,240.09
LINE00014622,ORD0004879,3,PROD00411,3,300.13,90.04,810.35
LINE00014623,ORD0004879,4,PROD00111,5,378.66,189.33,1703.97
LINE00014624,ORD0004880,1,PROD00330,4,964.7,0.0,3858.8
LINE00014625,ORD0004880,2,PROD00261,4,30.21,12.08,108.76
LINE00014626,ORD0004880,3,PROD00296,4,292.43,58.49,1111.23
LINE00014627,ORD0004880,4,PROD00165,3,265.73,79.72,717.47
LINE00014628,ORD0004880,5,PROD00196,6,682.03,818.44,3273.74
LINE00014629,ORD0004881,1,PROD00155,2,173.21,0.0,346.42
LINE00014630,ORD0004881,2,PROD00273,3,698.87,0.0,2096.61
LINE00014631,ORD0004881,3,PROD00416,1,558.58,0.0,558.58
LINE00014632,ORD0004882,1,PROD00376,5,75.32,0.0,376.6
LINE00014633,ORD0004882,2,PROD00246,5,857.4,0.0,4287.0
LINE00014634,ORD0004882,3,PROD00457,5,136.79,34.2,649.75
LINE00014635,ORD0004883,1,PROD00293,2,820.17,0.0,1640.34
LINE00014636,ORD0004883,2,PROD00047,3,469.34,281.6,1126.42
LINE00014637,ORD0004884,1,PROD00133,3,583.4,175.02,1575.18
LINE00014638,ORD0004884,2,PROD00376,6,47.2,0.0,283.2
LINE00014639,ORD0004884,3,PROD00077,4,1137.17,0.0,4548.68
LINE00014640,ORD0004884,4,PROD00370,1,939.85,187.97,751.88
LINE00014641,ORD0004885,1,PROD00207,2,485.57,0.0,971.14
LINE00014642,ORD0004885,2,PROD00175,4,49.06,9.81,186.43
LINE00014643,ORD0004886,1,PROD00488,3,1092.96,655.78,2623.1
LINE00014644,ORD0004886,2,PROD00180,3,321.47,0.0,964.41
LINE00014645,ORD0004886,3,PROD00421,2,878.66,351.46,1405.86
LINE00014646,ORD0004886,4,PROD00014,6,601.4,360.84,3247.56
LINE00014647,ORD0004886,5,PROD00019,3,950.22,0.0,2850.66
LINE00014648,ORD0004887,1,PROD00223,6,1152.48,0.0,6914.88
LINE00014649,ORD0004887,2,PROD00281,5,379.15,379.15,1516.6
LINE00014650,ORD0004887,3,PROD00235,4,183.83,0.0,735.32
LINE00014651,ORD0004887,4,PROD00342,3,376.95,226.17,904.68
LINE00014652,ORD0004887,5,PROD00353,5,604.81,0.0,3024.05
LINE00014653,ORD0004888,1,PROD00070,1,1051.11,210.22,840.89
LINE00014654,ORD0004888,2,PROD00471,2,39.51,0.0,79.02
LINE00014655,ORD0004888,3,PROD00339,5,528.33,132.08,2509.57
LINE00014656,ORD0004889,1,PROD00096,1,419.42,41.94,377.48
LINE00014657,ORD0004889,2,PROD00306,1,633.16,31.66,601.5
LINE00014658,ORD0004889,3,PROD00069,4,960.74,0.0,3842.96
LINE00014659,ORD0004889,4,PROD00324,6,1177.01,0.0,7062.06
LINE00014660,ORD0004889,5,PROD00044,4,341.13,0.0,1364.52
LINE00014661,ORD0004890,1,PROD00007,4,306.85,122.74,1104.66
LINE00014662,ORD0004890,2,PROD00043,5,463.27,0.0,2316.35
LINE00014663,ORD0004890,3,PROD00464,4,862.29,344.92,3104.24
LINE00014664,ORD0004891,1,PROD00175,6,441.31,0.0,2647.86
LINE00014665,ORD0004891,2,PROD00127,2,492.26,0.0,984.52
LINE00014666,ORD0004891,3,PROD00231,5,533.38,266.69,2400.21
LINE00014667,ORD0004891,4,PROD00178,1,471.52,0.0,471.52
LINE00014668,ORD0004891,5,PROD00426,4,814.56,0.0,3258.24
LINE00014669,ORD0004892,1,PROD00107,1,53.25,0.0,53.25
LINE00014670,ORD0004892,2,PROD00146,2,144.93,14.49,275.37
LINE00014671,ORD0004893,1,PROD00420,6,66.8,20.04,380.76
LINE00014672,ORD0004894,1,PROD00289,6,466.09,279.65,2516.89
LINE00014673,ORD0004894,2,PROD00492,1,352.72,17.64,335.08
LINE00014674,ORD0004894,3,PROD00289,4,440.19,0.0,1760.76
LINE00014675,ORD0004894,4,PROD00141,1,858.55,42.93,815.62
LINE00014676,ORD0004894,5,PROD00441,5,719.65,0.0,3598.25
LINE00014677,ORD0004895,1,PROD00258,2,558.08,55.81,1060.35
LINE00014678,ORD0004895,2,PROD00498,3,570.5,0.0,1711.5
LINE00014679,ORD0004895,3,PROD00461,5,314.71,0.0,1573.55
LINE00014680,ORD0004895,4,PROD00368,4,684.3,136.86,2600.34
LINE00014681,ORD0004895,5,PROD00413,1,35.25,0.0,35.25
LINE00014682,ORD0004896,1,PROD00196,6,190.48,228.58,914.3
LINE00014683,ORD0004896,2,PROD00467,5,451.71,451.71,1806.84
LINE00014684,ORD0004896,3,PROD00335,3,282.16,0.0,846.48
LINE00014685,ORD0004897,1,PROD00157,1,563.34,0.0,563.34
LINE00014686,ORD0004898,1,PROD00089,1,237.47,47.49,189.98
LINE00014687,ORD0004898,2,PROD00134,1,663.26,132.65,530.61
LINE00014688,ORD0004899,1,PROD00285,1,621.41,0.0,621.41
LINE00014689,ORD0004900,1,PROD00074,6,1078.26,0.0,6469.56
LINE00014690,ORD0004900,2,PROD00219,2,1110.03,222.01,1998.05
LINE00014691,ORD0004900,3,PROD00356,1,416.53,0.0,416.53
LINE00014692,ORD0004900,4,PROD00215,6,1045.78,627.47,5647.21
LINE00014693,ORD0004901,1,PROD00252,3,969.95,290.99,2618.86
LINE00014694,ORD0004901,2,PROD00085,3,347.31,104.19,937.74
LINE00014695,ORD0004902,1,PROD00058,3,624.04,93.61,1778.51
LINE00014696,ORD0004902,2,PROD00403,2,501.82,0.0,1003.64
LINE00014697,ORD0004902,3,PROD00475,3,193.58,29.04,551.7
LINE00014698,ORD0004902,4,PROD00245,4,182.07,0.0,728.28
LINE00014699,ORD0004902,5,PROD00262,1,796.7,0.0,796.7
LINE00014700,ORD0004903,1,PROD00125,5,850.6,212.65,4040.35
LINE00014701,ORD0004903,2,PROD00436,6,115.59,69.35,624.19
LINE00014702,ORD0004904,1,PROD00166,2,701.79,0.0,1403.58
LINE00014703,ORD0004904,2,PROD00036,3,358.87,0.0,1076.61
LINE00014704,ORD0004904,3,PROD00170,6,362.38,0.0,2174.28
LINE00014705,ORD0004904,4,PROD00498,2,828.81,0.0,1657.62
LINE00014706,ORD0004904,5,PROD00490,6,75.08,0.0,450.48
LINE00014707,ORD0004905,1,PROD00444,6,481.07,0.0,2886.42
LINE00014708,ORD0004906,1,PROD00435,3,839.24,125.89,2391.83
LINE00014709,ORD0004906,2,PROD00103,2,952.82,381.13,1524.51
LINE00014710,ORD0004906,3,PROD00313,3,650.6,195.18,1756.62
LINE00014711,ORD0004906,4,PROD00176,3,1155.61,693.37,2773.46
LINE00014712,ORD0004907,1,PROD00195,4,764.85,611.88,2447.52
LINE00014713,ORD0004907,2,PROD00051,5,104.15,104.15,416.6
LINE00014714,ORD0004907,3,PROD00175,1,350.96,0.0,350.96
LINE00014715,ORD0004907,4,PROD00301,6,97.87,0.0,587.22
LINE00014716,ORD0004908,1,PROD00223,4,318.6,254.88,1019.52
LINE00014717,ORD0004909,1,PROD00044,3,1138.07,682.84,2731.37
LINE00014718,ORD0004909,2,PROD00006,1,346.84,69.37,277.47
LINE00014719,ORD0004910,1,PROD00449,5,66.26,0.0,331.3
LINE00014720,ORD0004911,1,PROD00033,3,261.04,0.0,783.12
LINE00014721,ORD0004911,2,PROD00162,2,775.89,155.18,1396.6
LINE00014722,ORD0004911,3,PROD00349,3,1112.52,0.0,3337.56
LINE00014723,ORD0004911,4,PROD00156,4,784.48,627.58,2510.34
LINE00014724,ORD0004911,5,PROD00114,2,496.89,0.0,993.78
LINE00014725,ORD0004912,1,PROD00100,2,183.5,0.0,367.0
LINE00014726,ORD0004912,2,PROD00006,4,721.65,288.66,2597.94
LINE00014727,ORD0004913,1,PROD00443,3,992.61,595.57,2382.26
LINE00014728,ORD0004913,2,PROD00220,2,879.07,0.0,1758.14
LINE00014729,ORD0004914,1,PROD00433,3,173.78,104.27,417.07
LINE00014730,ORD0004914,2,PROD00443,2,965.49,0.0,1930.98
LINE00014731,ORD0004914,3,PROD00061,5,127.75,127.75,511.0
LINE00014732,ORD0004914,4,PROD00112,2,1001.59,0.0,2003.18
LINE00014733,ORD0004915,1,PROD00328,6,319.13,382.96,1531.82
LINE00014734,ORD0004916,1,PROD00153,5,378.82,378.82,1515.28
LINE00014735,ORD0004916,2,PROD00044,6,341.66,409.99,1639.97
LINE00014736,ORD0004916,3,PROD00372,6,229.42,0.0,1376.52
LINE00014737,ORD0004916,4,PROD00037,1,1064.0,53.2,1010.8
LINE00014738,ORD0004917,1,PROD00181,5,922.04,0.0,4610.2
LINE00014739,ORD0004918,1,PROD00500,3,674.21,0.0,2022.63
LINE00014740,ORD0004918,2,PROD00441,5,342.29,171.15,1540.3
LINE00014741,ORD0004918,3,PROD00311,5,847.15,0.0,4235.75
LINE00014742,ORD0004918,4,PROD00033,1,996.67,199.33,797.34
LINE00014743,ORD0004919,1,PROD00387,2,702.51,0.0,1405.02
LINE00014744,ORD0004919,2,PROD00085,2,93.51,0.0,187.02
LINE00014745,ORD0004919,3,PROD00355,4,372.11,0.0,1488.44
LINE00014746,ORD0004919,4,PROD00134,4,826.66,165.33,3141.31
LINE00014747,ORD0004919,5,PROD00041,1,561.38,0.0,561.38
LINE00014748,ORD0004920,1,PROD00321,1,998.46,99.85,898.61
LINE00014749,ORD0004920,2,PROD00276,5,1156.27,289.07,5492.28
LINE00014750,ORD0004920,3,PROD00465,2,1120.33,112.03,2128.63
LINE00014751,ORD0004921,1,PROD00094,5,612.88,0.0,3064.4
LINE00014752,ORD0004922,1,PROD00162,2,350.39,140.16,560.62
LINE00014753,ORD0004922,2,PROD00426,2,360.32,0.0,720.64
LINE00014754,ORD0004922,3,PROD00251,4,614.74,0.0,2458.96
LINE00014755,ORD0004923,1,PROD00454,5,251.19,62.8,1193.15
LINE00014756,ORD0004924,1,PROD00409,4,904.94,0.0,3619.76
LINE00014757,ORD0004924,2,PROD00500,3,827.69,248.31,2234.76
LINE00014758,ORD0004924,3,PROD00379,3,238.18,0.0,714.54
LINE00014759,ORD0004924,4,PROD00036,4,429.69,0.0,1718.76
LINE00014760,ORD0004924,5,PROD00207,3,985.89,591.53,2366.14
LINE00014761,ORD0004925,1,PROD00254,3,335.77,0.0,1007.31
LINE00014762,ORD0004925,2,PROD00074,4,784.2,313.68,2823.12
LINE00014763,ORD0004925,3,PROD00397,2,130.68,0.0,261.36
LINE00014764,ORD0004925,4,PROD00487,3,537.84,0.0,1613.52
LINE00014765,ORD0004925,5,PROD00182,1,68.8,0.0,68.8
LINE00014766,ORD0004926,1,PROD00278,3,359.65,0.0,1078.95
LINE00014767,ORD0004927,1,PROD00086,1,274.06,54.81,219.25
LINE00014768,ORD0004927,2,PROD00033,4,726.32,581.06,2324.22
LINE00014769,ORD0004927,3,PROD00319,4,997.86,798.29,3193.15
LINE00014770,ORD0004928,1,PROD00263,2,1101.64,0.0,2203.28
LINE00014771,ORD0004928,2,PROD00250,4,331.67,0.0,1326.68
LINE00014772,ORD0004929,1,PROD00433,6,396.67,119.0,2261.02
LINE00014773,ORD0004930,1,PROD00310,1,458.45,0.0,458.45
LINE00014774,ORD0004931,1,PROD00465,2,986.39,98.64,1874.14
LINE00014775,ORD0004931,2,PROD00341,3,126.91,0.0,380.73
LINE00014776,ORD0004931,3,PROD00106,2,568.58,56.86,1080.3
LINE00014777,ORD0004932,1,PROD00013,5,635.75,0.0,3178.75
LINE00014778,ORD0004933,1,PROD00350,2,128.56,0.0,257.12
LINE00014779,ORD0004933,2,PROD00385,4,1149.58,0.0,4598.32
LINE00014780,ORD0004933,3,PROD00278,6,1064.19,0.0,6385.14
LINE00014781,ORD0004933,4,PROD00172,3,406.99,122.1,1098.87
LINE00014782,ORD0004934,1,PROD00395,3,541.96,0.0,1625.88
LINE00014783,ORD0004934,2,PROD00048,4,435.53,87.11,1655.01
LINE00014784,ORD0004934,3,PROD00021,3,1038.27,0.0,3114.81
LINE00014785,ORD0004935,1,PROD00450,5,604.93,0.0,3024.65
LINE00014786,ORD0004935,2,PROD00237,4,988.42,0.0,3953.68
LINE00014787,ORD0004935,3,PROD00234,2,180.36,0.0,360.72
LINE00014788,ORD0004935,4,PROD00407,1,431.47,0.0,431.47
LINE00014789,ORD0004936,1,PROD00498,1,943.01,0.0,943.01
LINE00014790,ORD0004936,2,PROD00324,4,956.97,0.0,3827.88
LINE00014791,ORD0004937,1,PROD00012,4,981.09,196.22,3728.14
LINE00014792,ORD0004937,2,PROD00169,6,624.65,749.58,2998.32
LINE00014793,ORD0004937,3,PROD00328,1,708.33,0.0,708.33
LINE00014794,ORD0004937,4,PROD00398,1,204.63,0.0,204.63
LINE00014795,ORD0004937,5,PROD00107,2,151.09,0.0,302.18
LINE00014796,ORD0004938,1,PROD00182,2,136.9,0.0,273.8
LINE00014797,ORD0004938,2,PROD00426,2,922.75,184.55,1660.95
LINE00014798,ORD0004938,3,PROD00470,1,624.95,0.0,624.95
LINE00014799,ORD0004938,4,PROD00226,2,971.2,0.0,1942.4
LINE00014800,ORD0004938,5,PROD00157,6,577.32,173.2,3290.72
LINE00014801,ORD0004939,1,PROD00406,2,749.19,299.68,1198.7
LINE00014802,ORD0004939,2,PROD00301,1,213.26,42.65,170.61
LINE00014803,ORD0004939,3,PROD00117,6,776.17,0.0,4657.02
LINE00014804,ORD0004940,1,PROD00113,1,585.75,0.0,585.75
LINE00014805,ORD0004940,2,PROD00248,3,342.1,0.0,1026.3
LINE00014806,ORD0004940,3,PROD00304,1,1135.49,113.55,1021.94
LINE00014807,ORD0004940,4,PROD00409,2,150.4,15.04,285.76
LINE00014808,ORD0004941,1,PROD00039,1,577.44,0.0,577.44
LINE00014809,ORD0004941,2,PROD00487,3,815.71,0.0,2447.13
LINE00014810,ORD0004941,3,PROD00479,3,910.8,546.48,2185.92
LINE00014811,ORD0004942,1,PROD00266,5,439.0,0.0,2195.0
LINE00014812,ORD0004942,2,PROD00057,4,705.0,0.0,2820.0
LINE00014813,ORD0004943,1,PROD00013,2,828.03,82.8,1573.26
LINE00014814,ORD0004943,2,PROD00054,3,298.1,89.43,804.87
LINE00014815,ORD0004944,1,PROD00020,5,667.05,0.0,3335.25
LINE00014816,ORD0004944,2,PROD00063,2,160.04,0.0,320.08
LINE00014817,ORD0004944,3,PROD00429,1,751.48,75.15,676.33
LINE00014818,ORD0004944,4,PROD00471,4,642.46,0.0,2569.84
LINE00014819,ORD0004945,1,PROD00200,6,688.71,0.0,4132.26
LINE00014820,ORD0004945,2,PROD00187,3,827.01,0.0,2481.03
LINE00014821,ORD0004946,1,PROD00351,4,186.43,0.0,745.72
LINE00014822,ORD0004946,2,PROD00098,1,992.87,198.57,794.3
LINE00014823,ORD0004946,3,PROD00439,4,1063.61,425.44,3829.0
LINE00014824,ORD0004946,4,PROD00172,2,748.91,299.56,1198.26
LINE00014825,ORD0004946,5,PROD00280,4,702.96,281.18,2530.66
LINE00014826,ORD0004947,1,PROD00326,3,587.08,0.0,1761.24
LINE00014827,ORD0004947,2,PROD00310,3,777.42,0.0,2332.26
LINE00014828,ORD0004947,3,PROD00449,4,339.8,67.96,1291.24
LINE00014829,ORD0004947,4,PROD00423,5,894.05,0.0,4470.25
LINE00014830,ORD0004948,1,PROD00047,4,1136.7,0.0,4546.8
LINE00014831,ORD0004948,2,PROD00125,4,738.86,0.0,2955.44
LINE00014832,ORD0004948,3,PROD00396,3,1143.23,0.0,3429.69
LINE00014833,ORD0004948,4,PROD00008,2,595.85,238.34,953.36
LINE00014834,ORD0004949,1,PROD00352,5,700.88,175.22,3329.18
LINE00014835,ORD0004949,2,PROD00108,2,716.21,286.48,1145.94
LINE00014836,ORD0004949,3,PROD00257,1,877.48,0.0,877.48
LINE00014837,ORD0004950,1,PROD00408,5,259.21,0.0,1296.05
LINE00014838,ORD0004950,2,PROD00131,2,977.48,390.99,1563.97
LINE00014839,ORD0004950,3,PROD00082,6,1163.65,1396.38,5585.52
LINE00014840,ORD0004950,4,PROD00155,3,508.94,0.0,1526.82
LINE00014841,ORD0004951,1,PROD00430,1,224.84,44.97,179.87
LINE00014842,ORD0004951,2,PROD00014,4,1100.05,440.02,3960.18
LINE00014843,ORD0004952,1,PROD00298,1,555.98,0.0,555.98
LINE00014844,ORD0004952,2,PROD00498,6,950.85,570.51,5134.59
LINE00014845,ORD0004952,3,PROD00355,6,40.28,12.08,229.6
LINE00014846,ORD0004952,4,PROD00281,6,655.88,0.0,3935.28
LINE00014847,ORD0004952,5,PROD00446,4,1000.29,0.0,4001.16
LINE00014848,ORD0004953,1,PROD00313,4,211.96,84.78,763.06
LINE00014849,ORD0004953,2,PROD00144,4,219.26,0.0,877.04
LINE00014850,ORD0004953,3,PROD00441,5,220.65,0.0,1103.25
LINE00014851,ORD0004953,4,PROD00033,6,343.92,0.0,2063.52
LINE00014852,ORD0004954,1,PROD00353,3,782.07,117.31,2228.9
LINE00014853,ORD0004954,2,PROD00370,4,409.26,81.85,1555.19
LINE00014854,ORD0004954,3,PROD00106,6,650.02,195.01,3705.11
LINE00014855,ORD0004954,4,PROD00305,2,303.23,0.0,606.46
LINE00014856,ORD0004954,5,PROD00123,6,823.04,0.0,4938.24
LINE00014857,ORD0004955,1,PROD00490,2,942.83,377.13,1508.53
LINE00014858,ORD0004955,2,PROD00454,3,459.12,0.0,1377.36
LINE00014859,ORD0004955,3,PROD00249,5,1147.57,0.0,5737.85
LINE00014860,ORD0004955,4,PROD00441,2,938.24,0.0,1876.48
LINE00014861,ORD0004955,5,PROD00339,5,1155.53,0.0,5777.65
LINE00014862,ORD0004956,1,PROD00026,3,1174.68,704.81,2819.23
LINE00014863,ORD0004957,1,PROD00010,4,427.71,0.0,1710.84
LINE00014864,ORD0004957,2,PROD00214,1,863.36,86.34,777.02
LINE00014865,ORD0004957,3,PROD00059,1,290.26,0.0,290.26
LINE00014866,ORD0004957,4,PROD00206,3,372.73,223.64,894.55
LINE00014867,ORD0004958,1,PROD00496,3,342.52,102.76,924.8
LINE00014868,ORD0004958,2,PROD00304,5,852.4,213.1,4048.9
LINE00014869,ORD0004958,3,PROD00086,1,829.1,0.0,829.1
LINE00014870,ORD0004959,1,PROD00127,4,197.55,0.0,790.2
LINE00014871,ORD0004959,2,PROD00491,5,799.83,0.0,3999.15
LINE00014872,ORD0004960,1,PROD00473,1,185.61,0.0,185.61
LINE00014873,ORD0004960,2,PROD00149,3,404.33,60.65,1152.34
LINE00014874,ORD0004960,3,PROD00244,3,1006.6,0.0,3019.8
LINE00014875,ORD0004961,1,PROD00012,2,63.27,12.65,113.89
LINE00014876,ORD0004961,2,PROD00264,3,26.28,15.77,63.07
LINE00014877,ORD0004961,3,PROD00320,1,316.22,31.62,284.6
LINE00014878,ORD0004961,4,PROD00172,3,335.85,100.76,906.79
LINE00014879,ORD0004962,1,PROD00303,2,115.85,23.17,208.53
LINE00014880,ORD0004962,2,PROD00068,5,627.24,627.24,2508.96
LINE00014881,ORD0004963,1,PROD00133,3,1039.8,311.94,2807.46
LINE00014882,ORD0004963,2,PROD00200,5,531.6,265.8,2392.2
LINE00014883,ORD0004964,1,PROD00039,4,81.75,0.0,327.0
LINE00014884,ORD0004964,2,PROD00347,1,564.62,0.0,564.62
LINE00014885,ORD0004964,3,PROD00316,6,416.34,0.0,2498.04
LINE00014886,ORD0004964,4,PROD00133,6,656.31,0.0,3937.86
LINE00014887,ORD0004965,1,PROD00315,5,111.26,27.82,528.48
LINE00014888,ORD0004965,2,PROD00292,6,432.84,0.0,2597.04
LINE00014889,ORD0004965,3,PROD00095,3,1066.89,160.03,3040.64
LINE00014890,ORD0004965,4,PROD00434,1,917.12,45.86,871.26
LINE00014891,ORD0004965,5,PROD00137,5,1186.93,593.47,5341.18
LINE00014892,ORD0004966,1,PROD00205,2,848.49,339.4,1357.58
LINE00014893,ORD0004967,1,PROD00116,6,488.2,0.0,2929.2
LINE00014894,ORD0004967,2,PROD00438,5,609.42,0.0,3047.1
LINE00014895,ORD0004967,3,PROD00434,5,50.89,0.0,254.45
LINE00014896,ORD0004967,4,PROD00193,2,318.68,0.0,637.36
LINE00014897,ORD0004968,1,PROD00096,6,1020.73,612.44,5511.94
LINE00014898,ORD0004968,2,PROD00064,4,493.01,197.2,1774.84
LINE00014899,ORD0004968,3,PROD00273,3,20.3,12.18,48.72
LINE00014900,ORD0004969,1,PROD00086,3,65.1,0.0,195.3
LINE00014901,ORD0004969,2,PROD00028,5,746.27,373.13,3358.22
LINE00014902,ORD0004969,3,PROD00471,4,538.91,0.0,2155.64
LINE00014903,ORD0004969,4,PROD00027,5,171.24,85.62,770.58
LINE00014904,ORD0004969,5,PROD00256,6,554.55,0.0,3327.3
LINE00014905,ORD0004970,1,PROD00153,3,655.1,98.27,1867.03
LINE00014906,ORD0004970,2,PROD00369,2,622.42,0.0,1244.84
LINE00014907,ORD0004971,1,PROD00055,5,634.18,317.09,2853.81
LINE00014908,ORD0004971,2,PROD00002,3,43.32,0.0,129.96
LINE00014909,ORD0004971,3,PROD00121,5,939.57,939.57,3758.28
LINE00014910,ORD0004972,1,PROD00274,1,882.22,0.0,882.22
LINE00014911,ORD0004972,2,PROD00023,2,593.98,0.0,1187.96
LINE00014912,ORD0004972,3,PROD00371,1,184.6,0.0,184.6
LINE00014913,ORD0004972,4,PROD00326,4,996.61,199.32,3787.12
LINE00014914,ORD0004973,1,PROD00392,2,413.88,82.78,744.98
LINE00014915,ORD0004973,2,PROD00348,5,345.64,0.0,1728.2
LINE00014916,ORD0004973,3,PROD00079,1,315.23,15.76,299.47
LINE00014917,ORD0004973,4,PROD00298,3,717.8,0.0,2153.4
LINE00014918,ORD0004973,5,PROD00488,3,931.63,0.0,2794.89
LINE00014919,ORD0004974,1,PROD00290,2,165.22,33.04,297.4
LINE00014920,ORD0004974,2,PROD00462,2,920.71,368.28,1473.14
LINE00014921,ORD0004974,3,PROD00485,3,886.76,0.0,2660.28
LINE00014922,ORD0004974,4,PROD00375,2,1142.16,0.0,2284.32
LINE00014923,ORD0004974,5,PROD00027,6,716.78,0.0,4300.68
LINE00014924,ORD0004975,1,PROD00230,6,890.37,267.11,5075.11
LINE00014925,ORD0004975,2,PROD00117,5,287.97,0.0,1439.85
LINE00014926,ORD0004975,3,PROD00198,5,241.7,120.85,1087.65
LINE00014927,ORD0004975,4,PROD00213,6,669.3,803.16,3212.64
LINE00014928,ORD0004976,1,PROD00235,1,213.36,0.0,213.36
LINE00014929,ORD0004976,2,PROD00019,2,690.01,0.0,1380.02
LINE00014930,ORD0004976,3,PROD00472,2,766.74,76.67,1456.81
LINE00014931,ORD0004976,4,PROD00186,3,32.85,19.71,78.84
LINE00014932,ORD0004977,1,PROD00432,1,165.43,8.27,157.16
LINE00014933,ORD0004977,2,PROD00019,4,53.51,21.4,192.64
LINE00014934,ORD0004977,3,PROD00236,2,740.37,0.0,1480.74
LINE00014935,ORD0004977,4,PROD00492,5,1068.22,0.0,5341.1
LINE00014936,ORD0004978,1,PROD00405,4,35.07,0.0,140.28
LINE00014937,ORD0004979,1,PROD00333,1,153.53,15.35,138.18
LINE00014938,ORD0004979,2,PROD00433,5,1059.84,264.96,5034.24
LINE00014939,ORD0004979,3,PROD00496,3,67.71,0.0,203.13
LINE00014940,ORD0004979,4,PROD00186,5,678.13,0.0,3390.65
LINE00014941,ORD0004979,5,PROD00441,4,658.08,0.0,2632.32
LINE00014942,ORD0004980,1,PROD00052,2,338.2,33.82,642.58
LINE00014943,ORD0004980,2,PROD00335,6,146.39,0.0,878.34
LINE00014944,ORD0004980,3,PROD00444,1,236.49,0.0,236.49
LINE00014945,ORD0004981,1,PROD00404,2,995.57,398.23,1592.91
LINE00014946,ORD0004981,2,PROD00217,3,462.9,0.0,1388.7
LINE00014947,ORD0004981,3,PROD00266,2,10.31,1.03,19.59
LINE00014948,ORD0004981,4,PROD00111,5,1057.51,1057.51,4230.04
LINE00014949,ORD0004981,5,PROD00247,4,1009.88,0.0,4039.52
LINE00014950,ORD0004982,1,PROD00087,3,30.54,9.16,82.46
LINE00014951,ORD0004983,1,PROD00127,4,148.67,0.0,594.68
LINE00014952,ORD0004983,2,PROD00174,3,120.77,0.0,362.31
LINE00014953,ORD0004983,3,PROD00159,5,398.61,0.0,1993.05
LINE00014954,ORD0004984,1,PROD00199,5,1142.58,285.64,5427.26
LINE00014955,ORD0004984,2,PROD00370,6,1070.77,0.0,6424.62
LINE00014956,ORD0004984,3,PROD00190,2,98.26,19.65,176.87
LINE00014957,ORD0004985,1,PROD00300,4,60.84,24.34,219.02
LINE00014958,ORD0004985,2,PROD00152,1,594.79,0.0,594.79
LINE00014959,ORD0004985,3,PROD00036,6,779.51,0.0,4677.06
LINE00014960,ORD0004986,1,PROD00072,4,530.36,212.14,1909.3
LINE00014961,ORD0004986,2,PROD00486,2,126.19,0.0,252.38
LINE00014962,ORD0004986,3,PROD00236,5,1131.21,0.0,5656.05
LINE00014963,ORD0004986,4,PROD00015,1,982.6,49.13,933.47
LINE00014964,ORD0004987,1,PROD00244,4,659.21,0.0,2636.84
LINE00014965,ORD0004988,1,PROD00462,2,496.48,198.59,794.37
LINE00014966,ORD0004988,2,PROD00481,3,1018.54,152.78,2902.84
LINE00014967,ORD0004988,3,PROD00385,5,77.11,0.0,385.55
LINE00014968,ORD0004989,1,PROD00401,2,407.61,0.0,815.22
LINE00014969,ORD0004989,2,PROD00161,1,393.93,0.0,393.93
LINE00014970,ORD0004989,3,PROD00124,-3,789.65,-118.45,-2250.5
LINE00014971,ORD0004989,4,PROD00112,4,560.05,0.0,2240.2
LINE00014972,ORD0004990,1,PROD00420,6,1012.49,1214.99,4859.95
LINE00014973,ORD0004990,2,PROD00223,5,82.84,0.0,414.2
LINE00014974,ORD0004990,3,PROD00040,5,513.45,0.0,2567.25
LINE00014975,ORD0004990,4,PROD00116,2,1012.01,101.2,1922.82
LINE00014976,ORD0004990,5,PROD00435,5,23.97,11.98,107.87
LINE00014977,ORD0004991,1,PROD00342,5,1016.89,0.0,5084.45
LINE00014978,ORD0004991,2,PROD00250,2,781.92,0.0,1563.84
LINE00014979,ORD0004991,3,PROD00187,3,54.6,0.0,163.8
LINE00014980,ORD0004991,4,PROD00434,6,396.66,238.0,2141.96
LINE00014981,ORD0004992,1,PROD00417,6,42.9,0.0,257.4
LINE00014982,ORD0004992,2,PROD00112,2,1177.49,0.0,2354.98
LINE00014983,ORD0004992,3,PROD00164,2,323.2,0.0,646.4
LINE00014984,ORD0004993,1,PROD00423,4,603.3,482.64,1930.56
LINE00014985,ORD0004993,2,PROD00201,2,255.63,0.0,511.26
LINE00014986,ORD0004993,3,PROD00097,4,51.02,10.2,193.88
LINE00014987,ORD0004993,4,PROD00099,5,516.4,129.1,2452.9
LINE00014988,ORD0004994,1,PROD00367,5,642.37,160.59,3051.26
LINE00014989,ORD0004994,2,PROD00232,6,655.64,196.69,3737.15
LINE00014990,ORD0004994,3,PROD00234,1,725.75,145.15,580.6
LINE00014991,ORD0004994,4,PROD00007,1,868.06,0.0,868.06
LINE00014992,ORD0004995,1,PROD00485,6,178.64,0.0,1071.84
LINE00014993,ORD0004995,2,PROD00470,6,497.06,149.12,2833.24
LINE00014994,ORD0004995,3,PROD00206,2,198.16,79.26,317.06
LINE00014995,ORD0004995,4,PROD00110,4,182.24,0.0,728.96
LINE00014996,ORD0004995,5,PROD00454,2,1018.66,407.46,1629.86
LINE00014997,ORD0004996,1,PROD00222,4,408.07,326.46,1305.82
LINE00014998,ORD0004997,1,PROD00392,1,668.94,66.89,602.05
LINE00014999,ORD0004997,2,PROD00447,1,685.17,0.0,685.17
LINE00015000,ORD0004997,3,PROD00227,4,537.52,0.0,2150.08
LINE00015001,ORD0004997,4,PROD00052,4,838.36,167.67,3185.77
LINE00015002,ORD0004997,5,PROD00214,6,750.03,0.0,4500.18
LINE00015003,ORD0004998,1,PROD00313,2,1038.01,0.0,2076.02
LINE00015004,ORD0004998,2,PROD00482,6,647.37,776.84,3107.38
LINE00015005,ORD0004998,3,PROD00149,1,718.35,0.0,718.35
LINE00015006,ORD0004998,4,PROD00158,3,60.83,0.0,182.49
LINE00015007,ORD0004998,5,PROD00441,5,485.61,121.4,2306.65
LINE00015008,ORD0004999,1,PROD00353,5,690.6,172.65,3280.35
LINE00015009,ORD0005000,1,PROD00084,4,967.03,0.0,3868.12
