order_id,customer_id,store_id,channel,order_ts,order_status,fulfilment_type,shipping_fee
ORD0000001,CUST000926,STOR0019,STORE,2025-09-08 05:57:00,COMPLETED,EXPRESS,15.03
ORD0000002,CUST000318,STOR0054,ONLINE,2025-08-23 03:43:00,COMPLETED,EXPRESS,12.16
ORD0000003,CUST000362,STOR0050,B2B,2025-05-07 12:49:00,COMPLETED,EXPRESS,4.57
ORD0000004,CUST001011,STOR0015,B2B,2025-08-01 21:37:00,COMPLETED,STANDARD,4.11
ORD0000005,CUST001153,STOR0002,B2B,2025-06-08 23:38:00,CANCELLED,EXPRESS,19.86
ORD0000006,CUST001076,STOR0058,MARKETPLACE,2025-08-24 00:45:00,PENDING,STANDARD,10.47
ORD0000007,CUST001142,STOR0045,B2B,2025-05-14 08:27:00,COMPLETED,STANDARD,2.18
ORD0000008,CUST000973,STOR0026,STORE,2025-12-16 21:22:00,COMPLETED,STANDARD,0.6
ORD0000009,CUST000403,STOR0029,MARKETPLACE,2025-05-28 18:11:00,PENDING,EXPRESS,11.95
ORD0000010,CUST001193,STOR0027,ONLINE,2025-11-24 21:11:00,PENDING,STANDARD,5.81
ORD0000011,CUST000801,STOR0001,MARKETPLACE,2025-06-12 09:08:00,COMPLETED,CLICK_COLLECT,19.7
ORD0000012,CUST000545,STOR0038,ONLINE,2025-06-03 16:42:00,COMPLETED,STANDARD,7.99
ORD0000013,CUST000438,STOR0013,B2B,2025-07-07 15:51:00,CANCELLED,EXPRESS,5.35
ORD0000014,CUST001109,STOR0055,ONLINE,2025-06-19 12:35:00,COMPLETED,CLICK_COLLECT,3.17
ORD0000015,CUST000140,STOR0031,ONLINE,2025-09-13 04:55:00,PENDING,STANDARD,6.18
ORD0000016,CUST000741,STOR0015,MARKETPLACE,2025-11-14 13:53:00,CANCELLED,STANDARD,18.81
ORD0000017,CUST000809,STOR0002,STORE,2025-05-16 10:49:00,COMPLETED,EXPRESS,11.25
ORD0000018,CUST000261,STOR0031,B2B,2025-12-06 07:47:00,COMPLETED,STANDARD,14.97
ORD0000019,CUST000154,STOR0028,ONLINE,2025-07-18 15:49:00,CANCELLED,STANDARD,14.04
ORD0000020,CUST000082,STOR0024,MARKETPLACE,2025-11-02 04:49:00,CANCELLED,EXPRESS,11.61
ORD0000021,CUST001097,STOR0039,MARKETPLACE,2025-11-28 10:19:00,COMPLETED,EXPRESS,12.79
ORD0000022,CUST001148,STOR0060,STORE,2025-08-12 22:37:00,CANCELLED,EXPRESS,2.27
ORD0000023,CUST001059,STOR0040,ONLINE,2025-09-08 10:34:00,COMPLETED,CLICK_COLLECT,6.71
ORD0000024,CUST001052,STOR0015,MARKETPLACE,2025-07-14 09:38:00,COMPLETED,STANDARD,14.15
ORD0000025,CUST000687,STOR0034,B2B,2025-08-03 09:12:00,COMPLETED,EXPRESS,14.94
ORD0000026,CUST000286,STOR0052,MARKETPLACE,2025-10-24 21:12:00,COMPLETED,CLICK_COLLECT,17.15
ORD0000027,CUST000658,STOR0014,B2B,2025-11-04 17:35:00,PENDING,CLICK_COLLECT,4.34
ORD0000028,CUST000597,STOR0041,STORE,2025-11-07 23:56:00,COMPLETED,CLICK_COLLECT,19.75
ORD0000029,CUST001018,STOR0024,STORE,2025-12-04 10:11:00,CANCELLED,EXPRESS,17.93
ORD0000030,CUST001101,STOR0022,STORE,2025-12-30 18:29:00,COMPLETED,CLICK_COLLECT,1.8
ORD0000031,CUST001128,STOR0026,ONLINE,2025-06-06 12:52:00,COMPLETED,STANDARD,20.3
ORD0000032,CUST001128,STOR0038,MARKETPLACE,2025-07-10 15:29:00,PENDING,CLICK_COLLECT,10.51
ORD0000033,CUST001003,STOR0039,ONLINE,2025-07-13 01:27:00,CANCELLED,EXPRESS,9.67
ORD0000034,CUST000252,STOR0024,ONLINE,2025-06-05 04:11:00,COMPLETED,STANDARD,6.93
ORD0000035,CUST000261,STOR0051,ONLINE,2025-09-23 17:17:00,CANCELLED,STANDARD,1.0
ORD0000036,CUST000021,STOR0008,MARKETPLACE,2025-10-22 18:03:00,PENDING,CLICK_COLLECT,6.93
ORD0000037,CUST000452,STOR0040,MARKETPLACE,2025-08-24 07:14:00,PENDING,EXPRESS,21.02
ORD0000038,CUST001197,STOR0021,STORE,2025-06-13 00:35:00,COMPLETED,EXPRESS,5.08
ORD0000039,CUST000187,STOR0037,MARKETPLACE,2025-10-10 00:10:00,CANCELLED,STANDARD,2.39
ORD0000040,CUST000496,STOR0030,STORE,2025-12-08 13:14:00,COMPLETED,STANDARD,6.99
ORD0000041,CUST000632,STOR0028,B2B,2025-05-06 07:42:00,CANCELLED,STANDARD,5.8
ORD0000042,CUST000910,STOR0029,STORE,2025-12-08 02:26:00,CANCELLED,CLICK_COLLECT,18.77
ORD0000043,CUST000557,STOR0014,B2B,2025-05-11 17:48:00,CANCELLED,CLICK_COLLECT,8.56
ORD0000044,CUST000795,STOR0054,B2B,2025-05-11 15:32:00,PENDING,STANDARD,9.32
ORD0000045,CUST000774,STOR0011,B2B,2025-11-02 02:38:00,COMPLETED,STANDARD,7.86
ORD0000046,CUST000596,STOR0058,STORE,2025-08-17 08:15:00,CANCELLED,CLICK_COLLECT,21.94
ORD0000047,CUST001154,STOR0016,ONLINE,2025-05-12 21:59:00,CANCELLED,CLICK_COLLECT,20.0
ORD0000048,CUST000737,STOR0025,ONLINE,2025-08-13 18:22:00,CANCELLED,EXPRESS,18.1
ORD0000049,CUST000896,STOR0017,MARKETPLACE,2025-12-24 13:05:00,COMPLETED,EXPRESS,9.16
ORD0000050,CUST000346,STOR0015,STORE,2025-07-11 15:10:00,COMPLETED,EXPRESS,9.11
ORD0000051,CUST000326,STOR0006,ONLINE,2025-11-16 07:05:00,COMPLETED,STANDARD,13.13
ORD0000052,CUST000601,STOR0010,B2B,2025-07-10 14:09:00,COMPLETED,STANDARD,5.73
ORD0000053,CUST000137,STOR0015,ONLINE,2025-07-24 05:33:00,PENDING,STANDARD,14.32
ORD0000054,CUST000591,STOR0036,B2B,2025-11-22 23:11:00,CANCELLED,STANDARD,5.91
ORD0000055,CUST000158,STOR0005,ONLINE,2025-11-28 06:38:00,COMPLETED,STANDARD,13.35
ORD0000056,CUST000756,STOR0047,STORE,2025-11-21 14:35:00,COMPLETED,CLICK_COLLECT,23.3
ORD0000057,CUST000352,STOR0050,MARKETPLACE,2025-07-07 00:20:00,PENDING,STANDARD,12.52
ORD0000058,CUST000277,STOR0011,ONLINE,2025-12-21 01:25:00,CANCELLED,STANDARD,21.16
ORD0000059,CUST000753,STOR0037,MARKETPLACE,2025-07-06 19:53:00,CANCELLED,STANDARD,11.37
ORD0000060,CUST000509,STOR0011,ONLINE,2025-11-03 03:45:00,COMPLETED,EXPRESS,3.4
ORD0000061,CUST001004,STOR0044,B2B,2025-07-18 14:33:00,PENDING,CLICK_COLLECT,18.16
ORD0000062,CUST001065,STOR0023,B2B,2025-12-19 16:29:00,COMPLETED,CLICK_COLLECT,23.42
ORD0000063,CUST001024,STOR0009,ONLINE,2025-06-17 16:54:00,COMPLETED,STANDARD,14.99
ORD0000064,CUST000845,STOR0025,B2B,2025-08-08 09:07:00,COMPLETED,EXPRESS,0.6
ORD0000065,CUST000033,STOR0014,B2B,2025-09-07 06:48:00,COMPLETED,EXPRESS,21.63
ORD0000066,CUST000619,STOR0026,STORE,2025-11-24 23:08:00,COMPLETED,STANDARD,22.51
ORD0000067,CUST000997,STOR0026,B2B,2025-12-23 14:16:00,CANCELLED,EXPRESS,22.06
ORD0000068,CUST000106,STOR0016,STORE,2025-09-01 04:26:00,COMPLETED,EXPRESS,9.35
ORD0000069,CUST000792,STOR0057,B2B,2025-08-03 14:58:00,COMPLETED,CLICK_COLLECT,7.35
ORD0000070,CUST000978,STOR0003,B2B,2025-12-02 16:35:00,COMPLETED,EXPRESS,8.29
ORD0000071,CUST000023,STOR0007,STORE,2025-07-24 16:10:00,PENDING,EXPRESS,1.5
ORD0000072,CUST001068,STOR0024,ONLINE,2025-09-13 06:40:00,CANCELLED,EXPRESS,8.35
ORD0000073,CUST000669,STOR0019,MARKETPLACE,2025-10-09 14:22:00,COMPLETED,CLICK_COLLECT,14.64
ORD0000074,CUST000999,STOR0028,ONLINE,2025-12-18 14:48:00,PENDING,CLICK_COLLECT,18.72
ORD0000075,CUST000774,STOR0022,B2B,2025-09-12 02:09:00,COMPLETED,STANDARD,3.56
ORD0000076,CUST000787,STOR0018,B2B,2025-12-26 06:05:00,COMPLETED,STANDARD,1.1
ORD0000077,CUST000857,STOR0037,STORE,2025-05-09 04:12:00,CANCELLED,STANDARD,10.67
ORD0000078,CUST000432,STOR0001,ONLINE,2025-09-28 08:58:00,COMPLETED,STANDARD,6.64
ORD0000079,CUST000960,STOR0059,STORE,2025-09-06 02:14:00,CANCELLED,STANDARD,2.0
ORD0000080,CUST000763,STOR0055,B2B,2025-08-31 10:39:00,COMPLETED,CLICK_COLLECT,13.96
ORD0000081,CUST000669,STOR0034,STORE,2025-12-19 23:21:00,PENDING,CLICK_COLLECT,17.07
ORD0000082,CUST000503,STOR0015,ONLINE,2025-11-28 19:49:00,CANCELLED,EXPRESS,6.8
ORD0000083,CUST001022,STOR0047,B2B,2026-01-01 16:19:00,COMPLETED,CLICK_COLLECT,7.51
ORD0000084,CUST000304,STOR0036,STORE,2025-12-12 08:06:00,COMPLETED,STANDARD,11.61
ORD0000085,CUST001111,STOR0033,MARKETPLACE,2025-06-14 03:44:00,CANCELLED,CLICK_COLLECT,10.0
ORD0000086,CUST000167,STOR0016,STORE,2025-09-28 10:19:00,PENDING,EXPRESS,23.71
ORD0000087,CUST000643,STOR0060,ONLINE,2025-10-22 02:49:00,CANCELLED,EXPRESS,20.38
ORD0000088,CUST000063,STOR0022,MARKETPLACE,2025-06-14 13:30:00,COMPLETED,EXPRESS,5.89
ORD0000089,CUST000812,STOR0038,STORE,2025-12-17 15:59:00,CANCELLED,EXPRESS,21.24
ORD0000090,CUST000338,STOR0022,STORE,2025-07-18 07:39:00,PENDING,EXPRESS,14.84
ORD0000091,CUST000169,STOR0006,ONLINE,2025-12-10 02:06:00,COMPLETED,CLICK_COLLECT,10.71
ORD0000092,CUST000312,STOR0004,ONLINE,2025-12-21 02:59:00,CANCELLED,STANDARD,0.82
ORD0000093,CUST000732,STOR0043,ONLINE,2025-07-19 11:43:00,COMPLETED,STANDARD,22.32
ORD0000094,CUST001194,STOR0006,ONLINE,2025-07-29 03:02:00,PENDING,STANDARD,20.54
ORD0000095,CUST000801,STOR0053,B2B,2025-06-24 05:57:00,COMPLETED,EXPRESS,14.83
ORD0000096,CUST000583,STOR0009,ONLINE,2025-10-10 16:04:00,CANCELLED,CLICK_COLLECT,21.31
ORD0000097,CUST001055,STOR0007,B2B,2025-06-15 20:49:00,PENDING,STANDARD,17.23
ORD0000098,CUST000694,STOR0043,STORE,2025-05-14 12:54:00,CANCELLED,EXPRESS,8.97
ORD0000099,CUST000822,STOR0027,STORE,2025-09-13 09:18:00,COMPLETED,CLICK_COLLECT,8.17
ORD0000100,CUST000318,STOR0003,ONLINE,2025-07-06 14:09:00,COMPLETED,CLICK_COLLECT,21.88
ORD0000101,CUST000259,STOR0010,ONLINE,2025-06-12 03:28:00,COMPLETED,EXPRESS,17.19
ORD0000102,CUST000987,STOR0028,B2B,2025-10-01 07:45:00,COMPLETED,CLICK_COLLECT,16.71
ORD0000103,CUST000620,STOR0060,STORE,2025-10-24 17:46:00,CANCELLED,CLICK_COLLECT,0.85
ORD0000104,CUST000707,STOR0005,ONLINE,2025-06-15 12:12:00,COMPLETED,EXPRESS,9.74
ORD0000105,CUST000815,STOR0051,MARKETPLACE,2025-11-30 15:29:00,CANCELLED,STANDARD,20.39
ORD0000106,CUST000645,STOR0059,STORE,2025-11-12 22:27:00,COMPLETED,STANDARD,23.86
ORD0000107,CUST000686,STOR0010,ONLINE,2025-08-20 02:31:00,COMPLETED,STANDARD,12.82
ORD0000108,CUST000415,STOR0047,STORE,2025-09-09 08:58:00,CANCELLED,STANDARD,19.27
ORD0000109,CUST000703,STOR0052,MARKETPLACE,2025-10-14 11:45:00,COMPLETED,STANDARD,2.61
ORD0000110,CUST000433,STOR0010,MARKETPLACE,2025-11-19 16:12:00,PENDING,EXPRESS,13.27
ORD0000111,CUST000403,STOR0028,ONLINE,2025-12-19 16:37:00,CANCELLED,CLICK_COLLECT,14.77
ORD0000112,CUST000935,STOR0003,MARKETPLACE,2025-07-19 17:48:00,COMPLETED,STANDARD,10.18
ORD0000113,CUST000855,STOR0060,B2B,2025-10-13 02:30:00,PENDING,CLICK_COLLECT,5.77
ORD0000114,CUST000921,STOR0017,MARKETPLACE,2025-07-25 18:14:00,COMPLETED,STANDARD,16.71
ORD0000115,CUST000544,STOR0001,STORE,2025-10-01 08:25:00,COMPLETED,STANDARD,23.8
ORD0000116,CUST000005,STOR0028,ONLINE,2025-08-29 07:25:00,COMPLETED,EXPRESS,13.38
ORD0000117,CUST000034,STOR0033,MARKETPLACE,2025-12-22 17:26:00,PENDING,CLICK_COLLECT,1.28
ORD0000118,CUST001132,STOR0019,ONLINE,2025-10-01 06:34:00,COMPLETED,EXPRESS,14.02
ORD0000119,CUST000411,STOR0001,B2B,2025-07-29 05:34:00,COMPLETED,EXPRESS,16.17
ORD0000120,CUST000266,STOR0060,MARKETPLACE,2025-09-05 00:06:00,COMPLETED,CLICK_COLLECT,7.31
ORD0000121,CUST000874,STOR0014,STORE,2025-07-10 13:10:00,COMPLETED,STANDARD,19.13
ORD0000122,CUST001124,STOR0041,ONLINE,2025-07-18 09:34:00,COMPLETED,STANDARD,21.83
ORD0000123,CUST000136,STOR0050,MARKETPLACE,2025-12-10 00:15:00,COMPLETED,STANDARD,19.12
ORD0000124,CUST001095,STOR0030,ONLINE,2025-07-31 03:32:00,CANCELLED,CLICK_COLLECT,15.36
ORD0000125,CUST000189,STOR0023,STORE,2025-11-23 02:22:00,CANCELLED,STANDARD,13.63
ORD0000126,CUST000177,STOR0005,STORE,2025-07-09 23:01:00,COMPLETED,EXPRESS,4.01
ORD0000127,CUST000398,STOR0031,MARKETPLACE,2025-11-30 22:34:00,COMPLETED,EXPRESS,21.34
ORD0000128,CUST001050,STOR0050,B2B,2025-11-24 13:06:00,COMPLETED,STANDARD,4.75
ORD0000129,CUST000138,STOR0048,STORE,2025-10-16 15:49:00,CANCELLED,CLICK_COLLECT,19.27
ORD0000130,CUST000756,STOR0013,ONLINE,2025-08-13 10:41:00,COMPLETED,EXPRESS,4.7
ORD0000131,CUST000763,STOR0042,MARKETPLACE,2025-09-29 11:01:00,CANCELLED,CLICK_COLLECT,20.94
ORD0000132,CUST000275,STOR0054,ONLINE,2025-07-25 14:05:00,PENDING,CLICK_COLLECT,14.04
ORD0000133,CUST000970,STOR0032,MARKETPLACE,2025-06-04 18:08:00,COMPLETED,CLICK_COLLECT,20.27
ORD0000134,CUST000504,STOR0020,B2B,2025-11-23 20:20:00,COMPLETED,STANDARD,21.47
ORD0000135,CUST000281,STOR0045,MARKETPLACE,2025-05-20 09:42:00,CANCELLED,STANDARD,7.02
ORD0000136,CUST001088,STOR0024,ONLINE,2025-12-09 13:04:00,CANCELLED,EXPRESS,18.47
ORD0000137,CUST000584,STOR0021,STORE,2025-08-18 00:01:00,COMPLETED,STANDARD,23.29
ORD0000138,CUST000206,STOR0024,ONLINE,2025-10-07 19:54:00,COMPLETED,EXPRESS,19.2
ORD0000139,CUST001181,STOR0014,ONLINE,2025-07-26 03:11:00,COMPLETED,STANDARD,6.91
ORD0000140,CUST001109,STOR0059,ONLINE,2025-12-07 17:48:00,PENDING,CLICK_COLLECT,21.76
ORD0000141,CUST001132,STOR0043,MARKETPLACE,2025-09-22 09:58:00,COMPLETED,EXPRESS,18.81
ORD0000142,CUST000861,STOR0006,MARKETPLACE,2025-05-16 09:58:00,COMPLETED,CLICK_COLLECT,1.3
ORD0000143,CUST000009,STOR0007,B2B,2025-05-23 03:37:00,COMPLETED,EXPRESS,20.24
ORD0000144,CUST000542,STOR0011,STORE,2025-08-17 17:06:00,COMPLETED,EXPRESS,4.21
ORD0000145,CUST000213,STOR0041,ONLINE,2025-10-19 18:44:00,CANCELLED,STANDARD,18.22
ORD0000146,CUST001044,STOR0016,B2B,2025-06-07 05:47:00,COMPLETED,CLICK_COLLECT,13.07
ORD0000147,CUST000385,STOR0032,STORE,2025-07-14 18:50:00,COMPLETED,EXPRESS,5.28
ORD0000148,CUST001081,STOR0019,MARKETPLACE,2025-10-23 12:12:00,COMPLETED,EXPRESS,24.34
ORD0000149,CUST000552,STOR0016,ONLINE,2025-08-19 18:18:00,CANCELLED,EXPRESS,16.21
ORD0000150,CUST000831,STOR0038,STORE,2025-09-10 00:07:00,COMPLETED,CLICK_COLLECT,3.2
ORD0000151,CUST000246,STOR0043,STORE,2025-06-22 20:37:00,COMPLETED,CLICK_COLLECT,1.01
ORD0000152,CUST000148,STOR0044,B2B,2025-07-08 23:02:00,COMPLETED,STANDARD,6.91
ORD0000153,CUST000431,STOR0046,ONLINE,2025-06-03 18:00:00,COMPLETED,EXPRESS,2.67
ORD0000154,CUST000302,STOR0047,ONLINE,2025-06-27 14:09:00,COMPLETED,EXPRESS,24.43
ORD0000155,CUST000564,STOR0029,STORE,2025-08-10 21:33:00,COMPLETED,STANDARD,9.73
ORD0000156,CUST000498,STOR0032,B2B,2025-06-23 21:54:00,COMPLETED,EXPRESS,1.22
ORD0000157,CUST000325,STOR0004,ONLINE,2025-05-06 13:29:00,CANCELLED,CLICK_COLLECT,7.23
ORD0000158,CUST000589,STOR0010,MARKETPLACE,2025-08-19 03:56:00,COMPLETED,STANDARD,10.65
ORD0000159,CUST001085,STOR0005,B2B,2025-05-09 15:50:00,COMPLETED,EXPRESS,16.11
ORD0000160,CUST000565,STOR0054,B2B,2025-08-29 06:44:00,CANCELLED,EXPRESS,4.01
ORD0000161,CUST000274,STOR0002,STORE,2025-07-01 14:57:00,CANCELLED,EXPRESS,5.47
ORD0000162,CUST000297,STOR0008,MARKETPLACE,2025-09-24 16:41:00,COMPLETED,CLICK_COLLECT,6.37
ORD0000163,CUST001058,STOR0052,MARKETPLACE,2025-05-31 08:55:00,CANCELLED,STANDARD,1.57
ORD0000164,CUST000580,STOR0017,STORE,2025-12-18 03:15:00,PENDING,CLICK_COLLECT,14.36
ORD0000165,CUST000375,STOR0041,B2B,2025-12-28 16:58:00,PENDING,STANDARD,3.73
ORD0000166,CUST001135,STOR0027,MARKETPLACE,2025-05-11 10:49:00,COMPLETED,EXPRESS,4.84
ORD0000167,CUST000871,STOR0017,MARKETPLACE,2025-06-02 23:19:00,PENDING,STANDARD,15.72
ORD0000168,CUST001156,STOR0023,ONLINE,2025-10-24 19:36:00,CANCELLED,EXPRESS,15.62
ORD0000169,CUST000094,STOR0055,MARKETPLACE,2025-12-19 07:20:00,COMPLETED,EXPRESS,18.97
ORD0000170,CUST000467,STOR0028,ONLINE,2025-09-19 10:31:00,COMPLETED,STANDARD,14.13
ORD0000171,CUST000090,STOR0014,B2B,2025-06-10 07:26:00,CANCELLED,CLICK_COLLECT,24.9
ORD0000172,CUST001124,STOR0029,STORE,2025-05-24 03:43:00,COMPLETED,CLICK_COLLECT,5.36
ORD0000173,CUST000526,STOR0001,B2B,2025-08-08 03:02:00,COMPLETED,EXPRESS,16.08
ORD0000174,CUST000429,STOR0006,MARKETPLACE,2025-12-19 14:57:00,COMPLETED,CLICK_COLLECT,2.97
ORD0000175,CUST001100,STOR0048,STORE,2025-11-28 08:50:00,COMPLETED,EXPRESS,17.22
ORD0000176,CUST000014,STOR0060,B2B,2025-09-21 05:42:00,COMPLETED,EXPRESS,22.19
ORD0000177,CUST001194,STOR0015,MARKETPLACE,2025-05-31 02:32:00,COMPLETED,EXPRESS,17.41
ORD0000178,CUST000927,STOR0036,STORE,2025-12-31 11:48:00,COMPLETED,CLICK_COLLECT,2.44
ORD0000179,CUST000564,STOR0013,STORE,2025-10-13 18:01:00,COMPLETED,STANDARD,18.44
ORD0000180,CUST000429,STOR0013,STORE,2025-11-09 05:12:00,COMPLETED,EXPRESS,1.53
ORD0000181,CUST000276,STOR0003,ONLINE,2025-08-29 07:39:00,COMPLETED,EXPRESS,15.68
ORD0000182,CUST000885,STOR0010,ONLINE,2025-12-17 09:53:00,COMPLETED,EXPRESS,9.45
ORD0000183,CUST001092,STOR0012,B2B,2025-06-18 11:02:00,COMPLETED,STANDARD,19.11
ORD0000184,CUST000851,STOR0007,B2B,2025-06-29 02:09:00,COMPLETED,CLICK_COLLECT,20.31
ORD0000185,CUST001137,STOR0057,MARKETPLACE,2025-07-13 22:33:00,CANCELLED,STANDARD,20.72
ORD0000186,CUST001162,STOR0014,B2B,2025-10-05 17:42:00,CANCELLED,STANDARD,15.27
ORD0000187,CUST000647,STOR0017,STORE,2025-11-25 14:17:00,COMPLETED,STANDARD,10.15
ORD0000188,CUST000187,STOR0056,ONLINE,2025-08-10 17:29:00,COMPLETED,STANDARD,5.74
ORD0000189,CUST000232,STOR0036,B2B,2025-11-01 17:54:00,CANCELLED,CLICK_COLLECT,14.52
ORD0000190,CUST001061,STOR0012,STORE,2025-11-10 04:03:00,COMPLETED,STANDARD,22.7
ORD0000191,CUST000152,STOR0016,ONLINE,2025-09-13 19:34:00,COMPLETED,CLICK_COLLECT,13.44
ORD0000192,CUST001125,STOR0009,STORE,2025-07-11 08:21:00,COMPLETED,EXPRESS,12.26
ORD0000193,CUST000452,STOR0045,ONLINE,2025-12-06 06:08:00,PENDING,STANDARD,15.62
ORD0000194,CUST001120,STOR0006,MARKETPLACE,2025-05-24 13:46:00,CANCELLED,STANDARD,17.03
ORD0000195,CUST000068,STOR0049,ONLINE,2025-12-08 10:01:00,COMPLETED,CLICK_COLLECT,17.27
ORD0000196,CUST000172,STOR0021,STORE,2025-12-12 23:01:00,PENDING,STANDARD,2.07
ORD0000197,CUST000202,STOR0029,MARKETPLACE,2025-06-23 15:51:00,COMPLETED,CLICK_COLLECT,18.71
ORD0000198,CUST000307,STOR0023,MARKETPLACE,2025-10-07 00:46:00,CANCELLED,CLICK_COLLECT,2.88
ORD0000199,CUST000594,STOR0049,MARKETPLACE,2025-12-26 16:41:00,COMPLETED,STANDARD,2.13
ORD0000200,CUST001181,STOR0035,B2B,2025-11-30 04:38:00,COMPLETED,EXPRESS,13.06
ORD0000201,CUST000360,STOR0053,MARKETPLACE,2025-11-18 02:09:00,PENDING,CLICK_COLLECT,19.71
ORD0000202,CUST000083,STOR0033,B2B,2025-07-25 12:30:00,CANCELLED,STANDARD,1.1
ORD0000203,CUST000536,STOR0057,STORE,2025-05-18 00:42:00,CANCELLED,EXPRESS,15.92
ORD0000204,CUST001057,STOR0018,STORE,2025-05-28 11:46:00,CANCELLED,EXPRESS,14.08
ORD0000205,CUST000552,STOR0033,STORE,2025-07-05 13:09:00,COMPLETED,EXPRESS,16.53
ORD0000206,CUST000349,STOR0051,B2B,2025-08-07 09:52:00,COMPLETED,CLICK_COLLECT,17.86
ORD0000207,CUST000833,STOR0014,STORE,2025-10-13 15:03:00,CANCELLED,CLICK_COLLECT,21.4
ORD0000208,CUST000728,STOR0051,ONLINE,2025-09-25 14:39:00,PENDING,CLICK_COLLECT,23.83
ORD0000209,CUST000258,STOR0005,ONLINE,2025-12-11 16:11:00,COMPLETED,STANDARD,23.2
ORD0000210,CUST001083,STOR0008,ONLINE,2025-12-13 12:16:00,COMPLETED,CLICK_COLLECT,18.33
ORD0000211,CUST999999,STOR0031,B2B,2025-12-11 20:11:00,COMPLETED,CLICK_COLLECT,4.85
ORD0000212,CUST000132,STOR0026,MARKETPLACE,2025-11-05 06:33:00,COMPLETED,STANDARD,16.82
ORD0000213,CUST000605,STOR0047,STORE,2025-06-11 22:25:00,PENDING,CLICK_COLLECT,16.13
ORD0000214,CUST000835,STOR0020,STORE,2025-10-23 23:19:00,COMPLETED,STANDARD,21.99
ORD0000215,CUST000755,STOR0047,B2B,2025-11-15 22:08:00,COMPLETED,STANDARD,7.74
ORD0000216,CUST000947,STOR0056,ONLINE,2025-11-21 08:05:00,CANCELLED,EXPRESS,23.64
ORD0000217,CUST000727,STOR0049,MARKETPLACE,2025-10-14 12:10:00,COMPLETED,STANDARD,4.66
ORD0000218,CUST000756,STOR0022,STORE,2025-11-23 07:46:00,COMPLETED,STANDARD,23.98
ORD0000219,CUST000174,STOR0031,B2B,2025-12-25 23:01:00,COMPLETED,EXPRESS,19.8
ORD0000220,CUST001180,STOR0053,ONLINE,2025-12-12 09:32:00,COMPLETED,CLICK_COLLECT,2.72
ORD0000221,CUST001026,STOR0034,STORE,2025-07-06 17:44:00,COMPLETED,EXPRESS,18.14
ORD0000222,CUST000127,STOR0044,MARKETPLACE,2025-06-09 14:39:00,COMPLETED,EXPRESS,17.17
ORD0000223,CUST000420,STOR0059,STORE,2025-05-20 09:15:00,COMPLETED,EXPRESS,4.86
ORD0000224,CUST000646,STOR0057,ONLINE,2025-09-17 08:37:00,CANCELLED,CLICK_COLLECT,5.55
ORD0000225,CUST000194,STOR0046,B2B,2025-06-11 03:05:00,PENDING,EXPRESS,18.03
ORD0000226,CUST000099,STOR0039,STORE,2025-11-23 03:34:00,COMPLETED,CLICK_COLLECT,2.29
ORD0000227,CUST000444,STOR0009,B2B,2025-10-26 06:31:00,COMPLETED,STANDARD,0.98
ORD0000228,CUST000158,STOR0006,B2B,2025-08-18 01:46:00,COMPLETED,EXPRESS,2.38
ORD0000229,CUST001132,STOR0047,ONLINE,2025-09-11 13:49:00,COMPLETED,STANDARD,5.22
ORD0000230,CUST000219,STOR0022,B2B,2025-05-12 00:37:00,COMPLETED,CLICK_COLLECT,3.2
ORD0000231,CUST000027,STOR0016,B2B,2025-10-05 16:59:00,COMPLETED,EXPRESS,15.92
ORD0000232,CUST000581,STOR0053,ONLINE,2025-09-10 08:46:00,CANCELLED,STANDARD,22.06
ORD0000233,CUST000754,STOR0040,MARKETPLACE,2025-10-27 06:25:00,COMPLETED,STANDARD,1.91
ORD0000234,CUST000253,STOR0056,MARKETPLACE,2025-10-07 02:51:00,COMPLETED,CLICK_COLLECT,7.31
ORD0000235,CUST000978,STOR0022,ONLINE,2025-07-04 12:33:00,PENDING,STANDARD,18.91
ORD0000236,CUST000323,STOR0014,STORE,2025-08-18 06:10:00,COMPLETED,STANDARD,11.28
ORD0000237,CUST000158,STOR0006,MARKETPLACE,2025-07-30 10:26:00,COMPLETED,CLICK_COLLECT,18.65
ORD0000238,CUST001065,STOR0035,B2B,2025-11-09 09:08:00,COMPLETED,EXPRESS,15.76
ORD0000239,CUST001009,STOR0060,B2B,2025-11-21 10:15:00,CANCELLED,EXPRESS,24.16
ORD0000240,CUST000197,STOR0008,STORE,2025-11-12 01:33:00,CANCELLED,STANDARD,23.47
ORD0000241,CUST000417,STOR0024,B2B,2025-06-24 01:33:00,CANCELLED,CLICK_COLLECT,2.21
ORD0000242,CUST000316,STOR0044,B2B,2025-12-15 00:24:00,COMPLETED,EXPRESS,23.51
ORD0000243,CUST000448,STOR0017,MARKETPLACE,2025-06-29 03:11:00,COMPLETED,STANDARD,20.43
ORD0000244,CUST000894,STOR0037,ONLINE,2025-09-13 17:11:00,CANCELLED,CLICK_COLLECT,21.19
ORD0000245,CUST000293,STOR0040,STORE,2025-08-22 17:41:00,PENDING,EXPRESS,7.26
ORD0000246,CUST000623,STOR0058,ONLINE,2025-05-16 03:15:00,PENDING,EXPRESS,19.51
ORD0000247,CUST000977,STOR0056,STORE,2025-08-01 09:15:00,CANCELLED,STANDARD,5.3
ORD0000248,CUST000255,STOR0004,ONLINE,2025-10-18 11:39:00,COMPLETED,EXPRESS,17.28
ORD0000249,CUST000098,STOR0033,MARKETPLACE,2025-05-10 19:52:00,PENDING,CLICK_COLLECT,17.69
ORD0000250,CUST001176,STOR0012,ONLINE,2025-11-27 09:18:00,CANCELLED,EXPRESS,14.57
ORD0000251,CUST001174,STOR0040,B2B,2025-06-17 12:48:00,PENDING,CLICK_COLLECT,20.2
ORD0000252,CUST001132,STOR0042,B2B,2025-12-14 21:18:00,COMPLETED,CLICK_COLLECT,7.39
ORD0000253,CUST000787,STOR0041,STORE,2025-09-20 11:37:00,COMPLETED,EXPRESS,14.13
ORD0000254,CUST001025,STOR0057,MARKETPLACE,2025-07-20 00:49:00,PENDING,CLICK_COLLECT,19.81
ORD0000255,CUST000390,STOR0007,STORE,2025-12-11 06:11:00,COMPLETED,EXPRESS,19.51
ORD0000256,CUST001155,STOR0036,ONLINE,2025-11-20 13:25:00,CANCELLED,CLICK_COLLECT,17.49
ORD0000257,CUST000816,STOR0041,ONLINE,2025-09-25 15:09:00,CANCELLED,EXPRESS,24.31
ORD0000258,CUST000357,STOR0048,STORE,2025-05-13 20:28:00,COMPLETED,CLICK_COLLECT,23.58
ORD0000259,CUST000452,STOR0021,MARKETPLACE,2025-11-07 07:33:00,COMPLETED,CLICK_COLLECT,3.46
ORD0000260,CUST000036,STOR0054,MARKETPLACE,2025-12-21 17:48:00,COMPLETED,EXPRESS,24.0
ORD0000261,CUST000292,STOR0058,B2B,2025-12-19 21:07:00,COMPLETED,STANDARD,13.73
ORD0000262,CUST000735,STOR0035,STORE,2025-12-09 04:25:00,CANCELLED,CLICK_COLLECT,6.65
ORD0000263,CUST001174,STOR0025,MARKETPLACE,2025-11-22 17:24:00,CANCELLED,CLICK_COLLECT,1.82
ORD0000264,CUST001151,STOR0031,B2B,2025-12-04 06:00:00,COMPLETED,CLICK_COLLECT,20.77
ORD0000265,CUST000390,STOR0052,MARKETPLACE,2025-12-17 04:49:00,PENDING,EXPRESS,24.51
ORD0000266,CUST000394,STOR0050,MARKETPLACE,2025-11-14 03:16:00,CANCELLED,CLICK_COLLECT,3.72
ORD0000267,CUST001043,STOR0018,ONLINE,2025-10-03 09:54:00,COMPLETED,STANDARD,11.96
ORD0000268,CUST001053,STOR0028,B2B,2025-07-02 00:00:00,CANCELLED,STANDARD,24.96
ORD0000269,CUST000414,STOR0005,ONLINE,2025-06-04 12:32:00,COMPLETED,CLICK_COLLECT,8.37
ORD0000270,CUST000136,STOR0025,ONLINE,2025-12-02 00:03:00,PENDING,CLICK_COLLECT,6.98
ORD0000271,CUST000150,STOR0055,MARKETPLACE,2025-07-20 20:38:00,COMPLETED,EXPRESS,10.19
ORD0000272,CUST000402,STOR0056,B2B,2025-06-20 20:33:00,CANCELLED,CLICK_COLLECT,3.59
ORD0000273,CUST000574,STOR0018,ONLINE,2025-11-08 11:14:00,CANCELLED,EXPRESS,11.07
ORD0000274,CUST000120,STOR0046,B2B,2025-07-17 12:10:00,COMPLETED,CLICK_COLLECT,10.08
ORD0000275,CUST000267,STOR0039,STORE,2025-12-12 13:42:00,COMPLETED,STANDARD,13.89
ORD0000276,CUST001008,STOR0047,B2B,2025-05-29 23:55:00,CANCELLED,STANDARD,24.55
ORD0000277,CUST000137,STOR0050,MARKETPLACE,2025-09-27 22:59:00,COMPLETED,EXPRESS,23.41
ORD0000278,CUST000138,STOR0013,STORE,2025-10-25 17:16:00,COMPLETED,EXPRESS,5.8
ORD0000279,CUST000644,STOR0023,STORE,2025-12-31 04:59:00,COMPLETED,EXPRESS,22.9
ORD0000280,CUST001116,STOR0060,ONLINE,2025-08-16 03:29:00,CANCELLED,STANDARD,5.12
ORD0000281,CUST000209,STOR0006,STORE,2025-12-22 05:43:00,COMPLETED,EXPRESS,2.82
ORD0000282,CUST001052,STOR0043,MARKETPLACE,2025-11-14 13:15:00,COMPLETED,EXPRESS,12.39
ORD0000283,CUST000249,STOR0013,STORE,2025-09-29 11:24:00,CANCELLED,STANDARD,22.29
ORD0000284,CUST000542,STOR0038,ONLINE,2025-09-22 09:19:00,COMPLETED,CLICK_COLLECT,8.08
ORD0000285,CUST001046,STOR0003,ONLINE,2025-06-11 12:18:00,CANCELLED,EXPRESS,7.12
ORD0000286,CUST000420,STOR0044,MARKETPLACE,2025-05-19 07:28:00,COMPLETED,EXPRESS,11.76
ORD0000287,CUST000949,STOR0048,B2B,2025-06-02 04:57:00,PENDING,STANDARD,22.88
ORD0000288,CUST000331,STOR0041,ONLINE,2025-05-25 00:53:00,CANCELLED,CLICK_COLLECT,13.41
ORD0000289,CUST000397,STOR0017,B2B,2025-06-21 03:40:00,COMPLETED,CLICK_COLLECT,13.65
ORD0000290,CUST000897,STOR0015,B2B,2025-11-10 15:50:00,COMPLETED,CLICK_COLLECT,6.08
ORD0000291,CUST001114,STOR0044,MARKETPLACE,2025-06-04 16:11:00,CANCELLED,STANDARD,8.46
ORD0000292,CUST000047,STOR0032,B2B,2025-09-29 14:47:00,CANCELLED,CLICK_COLLECT,23.18
ORD0000293,CUST000126,STOR0026,B2B,2025-06-05 14:30:00,COMPLETED,EXPRESS,12.96
ORD0000294,CUST000032,STOR0024,ONLINE,2025-11-28 04:55:00,CANCELLED,CLICK_COLLECT,3.59
ORD0000295,CUST000459,STOR0041,MARKETPLACE,2025-10-21 05:11:00,COMPLETED,CLICK_COLLECT,3.98
ORD0000296,CUST000750,STOR0001,MARKETPLACE,2025-08-14 21:55:00,PENDING,EXPRESS,23.43
ORD0000297,CUST001167,STOR0010,ONLINE,2025-10-28 08:25:00,PENDING,CLICK_COLLECT,19.25
ORD0000298,CUST000285,STOR0021,B2B,2025-06-19 02:36:00,CANCELLED,CLICK_COLLECT,23.87
ORD0000299,CUST000550,STOR0016,B2B,2025-09-25 18:34:00,PENDING,CLICK_COLLECT,13.55
ORD0000300,CUST000034,STOR0011,STORE,2025-11-22 17:55:00,COMPLETED,EXPRESS,19.96
ORD0000301,CUST000471,STOR0043,B2B,2025-10-07 22:46:00,PENDING,CLICK_COLLECT,17.29
ORD0000302,CUST000267,STOR0020,MARKETPLACE,2025-09-12 09:41:00,PENDING,CLICK_COLLECT,13.84
ORD0000303,CUST000581,STOR0023,B2B,2025-05-22 20:05:00,PENDING,CLICK_COLLECT,11.45
ORD0000304,CUST000904,STOR0006,MARKETPLACE,2025-11-29 01:44:00,COMPLETED,STANDARD,22.38
ORD0000305,CUST000979,STOR0013,STORE,2025-08-16 14:24:00,COMPLETED,CLICK_COLLECT,11.3
ORD0000306,CUST000131,STOR0047,B2B,2025-08-11 02:39:00,CANCELLED,CLICK_COLLECT,13.3
ORD0000307,CUST001177,STOR0059,B2B,2025-08-12 17:09:00,PENDING,EXPRESS,17.96
ORD0000308,CUST001058,STOR0037,STORE,2025-06-14 04:20:00,CANCELLED,CLICK_COLLECT,0.95
ORD0000309,CUST001074,STOR0001,B2B,2025-10-17 17:20:00,COMPLETED,CLICK_COLLECT,15.63
ORD0000310,CUST000552,STOR0057,ONLINE,2025-07-05 11:03:00,COMPLETED,EXPRESS,9.52
ORD0000311,CUST000936,STOR0037,ONLINE,2025-10-11 10:43:00,COMPLETED,CLICK_COLLECT,3.12
ORD0000312,CUST000702,STOR0055,MARKETPLACE,2025-07-16 17:11:00,COMPLETED,EXPRESS,4.56
ORD0000313,CUST000808,STOR0013,STORE,2025-09-17 12:29:00,COMPLETED,CLICK_COLLECT,7.35
ORD0000314,CUST000273,STOR0044,MARKETPLACE,2025-10-16 07:40:00,CANCELLED,STANDARD,21.66
ORD0000315,CUST001173,STOR0060,ONLINE,2025-06-24 17:57:00,COMPLETED,EXPRESS,4.11
ORD0000316,CUST000672,STOR0012,MARKETPLACE,2025-05-26 21:43:00,CANCELLED,STANDARD,22.85
ORD0000317,CUST001179,STOR0011,B2B,2025-08-01 12:10:00,PENDING,STANDARD,21.71
ORD0000318,CUST000758,STOR0007,STORE,2025-07-01 10:33:00,PENDING,STANDARD,14.0
ORD0000319,CUST000053,STOR0042,B2B,2025-08-14 11:23:00,PENDING,EXPRESS,23.91
ORD0000320,CUST000033,STOR0040,MARKETPLACE,2025-12-09 17:20:00,CANCELLED,CLICK_COLLECT,7.18
ORD0000321,CUST000398,STOR0020,ONLINE,2025-07-11 07:00:00,PENDING,CLICK_COLLECT,1.86
ORD0000322,CUST000986,STOR0039,B2B,2025-12-05 03:58:00,COMPLETED,STANDARD,4.98
ORD0000323,CUST001192,STOR0016,MARKETPLACE,2025-12-05 22:21:00,COMPLETED,STANDARD,20.96
ORD0000324,CUST000181,STOR0021,MARKETPLACE,2025-06-28 12:19:00,CANCELLED,STANDARD,8.17
ORD0000325,CUST000444,STOR0047,STORE,2025-07-28 06:06:00,COMPLETED,CLICK_COLLECT,22.15
ORD0000326,CUST001075,STOR0007,STORE,2025-12-01 13:30:00,CANCELLED,EXPRESS,21.29
ORD0000327,CUST000545,STOR0055,STORE,2025-05-17 00:39:00,COMPLETED,EXPRESS,23.76
ORD0000328,CUST000725,STOR0012,B2B,2025-11-24 02:02:00,CANCELLED,CLICK_COLLECT,13.23
ORD0000329,CUST001073,STOR0031,ONLINE,2025-06-06 22:37:00,PENDING,CLICK_COLLECT,20.87
ORD0000330,CUST000557,STOR0024,STORE,2025-11-15 15:00:00,COMPLETED,CLICK_COLLECT,13.17
ORD0000331,CUST000334,STOR0057,STORE,2025-12-11 11:25:00,COMPLETED,CLICK_COLLECT,20.23
ORD0000332,CUST000120,STOR0021,B2B,2025-11-29 13:26:00,CANCELLED,CLICK_COLLECT,11.06
ORD0000333,CUST001010,STOR0046,MARKETPLACE,2025-07-21 05:08:00,PENDING,EXPRESS,24.58
ORD0000334,CUST001109,STOR0041,MARKETPLACE,2025-12-20 21:17:00,PENDING,EXPRESS,24.11
ORD0000335,CUST000590,STOR0012,STORE,2025-11-25 10:50:00,COMPLETED,CLICK_COLLECT,22.76
ORD0000336,CUST000681,STOR0002,STORE,2025-05-27 22:27:00,COMPLETED,STANDARD,1.07
ORD0000337,CUST000471,STOR0038,STORE,2025-11-27 09:23:00,COMPLETED,STANDARD,3.28
ORD0000338,CUST000668,STOR0056,MARKETPLACE,2025-12-16 03:51:00,COMPLETED,STANDARD,0.14
ORD0000339,CUST001069,STOR0014,B2B,2025-08-01 15:02:00,PENDING,CLICK_COLLECT,4.55
ORD0000340,CUST000583,STOR0055,B2B,2025-05-31 09:19:00,CANCELLED,CLICK_COLLECT,15.5
ORD0000341,CUST001024,STOR0055,STORE,2025-11-05 15:09:00,CANCELLED,EXPRESS,22.47
ORD0000342,CUST000600,STOR0042,B2B,2025-11-23 14:46:00,COMPLETED,CLICK_COLLECT,0.16
ORD0000343,CUST000344,STOR0059,MARKETPLACE,2025-08-07 16:47:00,COMPLETED,STANDARD,23.74
ORD0000344,CUST000355,STOR0046,ONLINE,2025-05-23 16:13:00,COMPLETED,STANDARD,20.91
ORD0000345,CUST000294,STOR0057,ONLINE,2025-06-07 06:38:00,COMPLETED,CLICK_COLLECT,2.32
ORD0000346,CUST000185,STOR0034,STORE,2025-08-10 23:00:00,CANCELLED,EXPRESS,12.24
ORD0000347,CUST000949,STOR0023,ONLINE,2025-06-27 22:35:00,PENDING,STANDARD,19.17
ORD0000348,CUST000179,STOR0043,B2B,2025-08-17 16:45:00,COMPLETED,STANDARD,22.5
ORD0000349,CUST000534,STOR0048,MARKETPLACE,2025-09-05 14:20:00,PENDING,CLICK_COLLECT,6.64
ORD0000350,CUST001170,STOR0003,MARKETPLACE,2025-06-09 12:09:00,COMPLETED,CLICK_COLLECT,2.26
ORD0000351,CUST000929,STOR0025,STORE,2025-12-01 21:47:00,COMPLETED,EXPRESS,1.33
ORD0000352,CUST000901,STOR0008,B2B,2025-12-14 05:45:00,COMPLETED,STANDARD,11.43
ORD0000353,CUST000445,STOR0060,STORE,2025-06-30 06:28:00,COMPLETED,EXPRESS,4.54
ORD0000354,CUST000439,STOR0048,B2B,2025-06-14 18:36:00,COMPLETED,STANDARD,18.32
ORD0000355,CUST001199,STOR0005,MARKETPLACE,2025-11-26 10:42:00,COMPLETED,CLICK_COLLECT,13.77
ORD0000356,CUST000745,STOR0045,STORE,2025-07-05 05:20:00,PENDING,CLICK_COLLECT,5.08
ORD0000357,CUST000856,STOR0008,B2B,2025-09-25 09:17:00,CANCELLED,CLICK_COLLECT,18.59
ORD0000358,CUST000806,STOR0019,STORE,2025-09-09 07:10:00,COMPLETED,CLICK_COLLECT,8.32
ORD0000359,CUST001021,STOR0040,ONLINE,2025-12-13 08:36:00,COMPLETED,EXPRESS,15.09
ORD0000360,CUST000006,STOR0012,STORE,2025-12-09 18:28:00,CANCELLED,STANDARD,4.05
ORD0000361,CUST000960,STOR0049,B2B,2025-07-29 07:42:00,COMPLETED,STANDARD,12.26
ORD0000362,CUST001187,STOR0036,STORE,2025-12-21 10:08:00,COMPLETED,STANDARD,0.7
ORD0000363,CUST000747,STOR0026,ONLINE,2025-10-25 03:08:00,PENDING,STANDARD,4.33
ORD0000364,CUST001136,STOR0032,B2B,2025-12-18 01:16:00,PENDING,CLICK_COLLECT,12.65
ORD0000365,CUST000432,STOR0045,MARKETPLACE,2025-09-28 14:22:00,PENDING,EXPRESS,4.62
ORD0000366,CUST000125,STOR0052,ONLINE,2025-10-16 17:25:00,COMPLETED,STANDARD,6.95
ORD0000367,CUST000795,STOR0042,ONLINE,2025-07-22 07:59:00,PENDING,CLICK_COLLECT,8.02
ORD0000368,CUST000334,STOR0014,ONLINE,2025-08-31 02:22:00,COMPLETED,STANDARD,16.07
ORD0000369,CUST000714,STOR0043,ONLINE,2025-06-17 23:37:00,COMPLETED,EXPRESS,4.97
ORD0000370,CUST001048,STOR0013,ONLINE,2025-07-15 20:55:00,PENDING,STANDARD,22.79
ORD0000371,CUST000170,STOR0014,B2B,2025-09-30 13:30:00,COMPLETED,CLICK_COLLECT,24.19
ORD0000372,CUST000310,STOR0047,STORE,2025-06-12 12:03:00,COMPLETED,STANDARD,3.94
ORD0000373,CUST000943,STOR0027,B2B,2025-12-13 21:59:00,COMPLETED,STANDARD,2.88
ORD0000374,CUST000183,STOR0008,ONLINE,2025-11-19 23:43:00,CANCELLED,EXPRESS,2.61
ORD0000375,CUST000248,STOR0040,ONLINE,2025-12-25 05:02:00,CANCELLED,STANDARD,18.07
ORD0000376,CUST001084,STOR0049,B2B,2025-10-22 23:59:00,COMPLETED,STANDARD,23.14
ORD0000377,CUST000076,STOR0019,STORE,2025-11-13 23:13:00,CANCELLED,EXPRESS,8.43
ORD0000378,CUST000367,STOR0030,MARKETPLACE,2025-09-20 00:42:00,PENDING,STANDARD,3.74
ORD0000379,CUST000206,STOR0006,MARKETPLACE,2025-11-22 09:11:00,COMPLETED,CLICK_COLLECT,17.08
ORD0000380,CUST000691,STOR0056,ONLINE,2025-10-13 16:08:00,PENDING,CLICK_COLLECT,8.17
ORD0000381,CUST000588,STOR0025,STORE,2025-06-09 04:38:00,COMPLETED,CLICK_COLLECT,4.84
ORD0000382,CUST000780,STOR0054,ONLINE,2025-12-08 11:22:00,COMPLETED,STANDARD,17.89
ORD0000383,CUST000263,STOR0050,B2B,2025-09-28 19:22:00,COMPLETED,STANDARD,5.72
ORD0000384,CUST000565,STOR0013,B2B,2025-08-30 03:09:00,COMPLETED,CLICK_COLLECT,8.17
ORD0000385,CUST000267,STOR0014,ONLINE,2025-08-07 12:19:00,COMPLETED,STANDARD,22.2
ORD0000386,CUST000289,STOR0031,ONLINE,2025-11-21 04:01:00,CANCELLED,STANDARD,9.05
ORD0000387,CUST001142,STOR0032,MARKETPLACE,2025-06-16 15:14:00,COMPLETED,STANDARD,14.98
ORD0000388,CUST000175,STOR0028,B2B,2025-05-21 14:46:00,PENDING,STANDARD,10.31
ORD0000389,CUST000577,STOR0034,ONLINE,2025-06-08 04:55:00,COMPLETED,EXPRESS,6.53
ORD0000390,CUST000016,STOR0015,MARKETPLACE,2025-12-13 05:52:00,COMPLETED,STANDARD,1.47
ORD0000391,CUST000831,STOR0032,B2B,2025-05-10 19:23:00,COMPLETED,EXPRESS,22.33
ORD0000392,CUST000760,STOR0029,MARKETPLACE,2025-07-23 19:04:00,COMPLETED,EXPRESS,10.63
ORD0000393,CUST000983,STOR0054,ONLINE,2025-06-19 07:16:00,COMPLETED,EXPRESS,11.54
ORD0000394,CUST001137,STOR0004,ONLINE,2025-05-06 03:02:00,PENDING,STANDARD,0.97
ORD0000395,CUST000845,STOR0036,STORE,2025-05-12 23:50:00,COMPLETED,EXPRESS,9.97
ORD0000396,CUST000332,STOR0028,ONLINE,2025-11-17 02:31:00,PENDING,STANDARD,12.92
ORD0000397,CUST000751,STOR0029,ONLINE,2025-11-29 23:42:00,COMPLETED,CLICK_COLLECT,0.76
ORD0000398,CUST000125,STOR0030,ONLINE,2025-11-06 03:21:00,COMPLETED,CLICK_COLLECT,1.06
ORD0000399,CUST000111,STOR0030,STORE,2025-08-29 03:15:00,COMPLETED,STANDARD,24.22
ORD0000400,CUST001087,STOR0018,B2B,2025-11-30 09:23:00,COMPLETED,STANDARD,20.03
ORD0000401,CUST000403,STOR0002,ONLINE,2025-06-19 03:45:00,PENDING,EXPRESS,4.54
ORD0000402,CUST000728,STOR0029,B2B,2025-09-19 16:43:00,CANCELLED,CLICK_COLLECT,6.34
ORD0000403,CUST001150,STOR0001,MARKETPLACE,2025-05-13 06:07:00,COMPLETED,CLICK_COLLECT,20.09
ORD0000404,CUST000825,STOR0011,B2B,2025-11-20 06:38:00,COMPLETED,EXPRESS,22.24
ORD0000405,CUST000724,STOR0038,ONLINE,2025-08-25 04:05:00,PENDING,STANDARD,20.77
ORD0000406,CUST000066,STOR0004,MARKETPLACE,2025-11-01 15:01:00,CANCELLED,EXPRESS,10.64
ORD0000407,CUST000052,STOR0049,ONLINE,2025-07-24 10:40:00,COMPLETED,STANDARD,11.17
ORD0000408,CUST000255,STOR0059,MARKETPLACE,2025-09-07 21:29:00,COMPLETED,STANDARD,18.73
ORD0000409,CUST001114,STOR0050,ONLINE,2025-07-12 18:15:00,PENDING,CLICK_COLLECT,21.45
ORD0000410,CUST001176,STOR0001,MARKETPLACE,2025-10-14 22:17:00,COMPLETED,CLICK_COLLECT,24.94
ORD0000411,CUST000353,STOR0003,MARKETPLACE,2025-05-22 10:50:00,PENDING,CLICK_COLLECT,12.55
ORD0000412,CUST001018,STOR0060,B2B,2025-11-28 18:19:00,PENDING,CLICK_COLLECT,24.74
ORD0000413,CUST000134,STOR0013,B2B,2025-10-16 07:41:00,PENDING,EXPRESS,17.13
ORD0000414,CUST001140,STOR0048,MARKETPLACE,2025-11-30 13:24:00,COMPLETED,EXPRESS,22.7
ORD0000415,CUST000994,STOR0019,ONLINE,2025-05-31 04:13:00,CANCELLED,EXPRESS,14.28
ORD0000416,CUST000357,STOR0049,MARKETPLACE,2025-07-08 07:53:00,CANCELLED,STANDARD,5.27
ORD0000417,CUST000593,STOR0038,ONLINE,2025-10-29 16:42:00,PENDING,EXPRESS,20.18
ORD0000418,CUST000541,STOR0011,B2B,2025-05-23 22:52:00,COMPLETED,STANDARD,5.36
ORD0000419,CUST001108,STOR0055,STORE,2025-05-19 16:29:00,COMPLETED,STANDARD,10.27
ORD0000420,CUST000057,STOR0041,MARKETPLACE,2025-12-07 05:42:00,COMPLETED,CLICK_COLLECT,23.59
ORD0000421,CUST000757,STOR0044,B2B,2025-11-26 02:15:00,COMPLETED,STANDARD,2.09
ORD0000422,CUST999999,STOR0033,MARKETPLACE,2025-08-27 00:46:00,PENDING,STANDARD,20.38
ORD0000423,CUST000818,STOR0058,MARKETPLACE,2025-12-09 02:34:00,COMPLETED,CLICK_COLLECT,3.46
ORD0000424,CUST000730,STOR0034,STORE,2025-11-16 03:28:00,PENDING,EXPRESS,24.31
ORD0000425,CUST000024,STOR0035,STORE,2025-08-09 14:59:00,COMPLETED,STANDARD,6.49
ORD0000426,CUST000656,STOR0031,ONLINE,2025-05-17 13:30:00,COMPLETED,STANDARD,9.51
ORD0000427,CUST000826,STOR0006,ONLINE,2025-05-27 09:38:00,COMPLETED,CLICK_COLLECT,22.27
ORD0000428,CUST000339,STOR0039,B2B,2025-10-25 18:17:00,PENDING,CLICK_COLLECT,3.76
ORD0000429,CUST000978,STOR0043,ONLINE,2025-11-07 12:37:00,COMPLETED,STANDARD,14.72
ORD0000430,CUST000530,STOR0058,ONLINE,2025-07-03 22:07:00,PENDING,EXPRESS,2.81
ORD0000431,CUST001131,STOR0042,STORE,2025-08-23 01:31:00,COMPLETED,EXPRESS,7.1
ORD0000432,CUST001144,STOR0015,MARKETPLACE,2025-12-20 22:35:00,CANCELLED,EXPRESS,2.68
ORD0000433,CUST000816,STOR0012,MARKETPLACE,2025-12-30 14:37:00,COMPLETED,CLICK_COLLECT,23.16
ORD0000434,CUST000771,STOR0025,STORE,2025-11-01 20:18:00,COMPLETED,CLICK_COLLECT,10.73
ORD0000435,CUST000640,STOR0010,ONLINE,2025-07-13 14:32:00,CANCELLED,STANDARD,3.82
ORD0000436,CUST000292,STOR0011,MARKETPLACE,2025-07-31 03:24:00,PENDING,STANDARD,20.64
ORD0000437,CUST001120,STOR0009,ONLINE,2025-08-18 08:34:00,PENDING,CLICK_COLLECT,24.0
ORD0000438,CUST001095,STOR0026,STORE,2025-11-21 07:17:00,PENDING,STANDARD,22.01
ORD0000439,CUST000983,STOR0010,B2B,2025-06-10 08:25:00,PENDING,CLICK_COLLECT,1.7
ORD0000440,CUST000130,STOR0006,MARKETPLACE,2025-05-11 19:53:00,COMPLETED,STANDARD,24.97
ORD0000441,CUST000509,STOR0023,STORE,2025-06-03 18:57:00,COMPLETED,CLICK_COLLECT,10.18
ORD0000442,CUST000835,STOR0058,ONLINE,2025-07-04 06:30:00,COMPLETED,STANDARD,24.53
ORD0000443,CUST001140,STOR0033,ONLINE,2025-05-17 08:20:00,CANCELLED,EXPRESS,19.49
ORD0000444,CUST000340,STOR0024,MARKETPLACE,2025-11-01 00:58:00,COMPLETED,EXPRESS,3.62
ORD0000445,CUST000879,STOR0021,ONLINE,2025-06-06 19:06:00,COMPLETED,CLICK_COLLECT,7.23
ORD0000446,CUST000824,STOR0055,ONLINE,2025-05-13 18:26:00,CANCELLED,CLICK_COLLECT,12.11
ORD0000447,CUST001057,STOR0009,MARKETPLACE,2025-12-25 23:04:00,PENDING,CLICK_COLLECT,14.33
ORD0000448,CUST001120,STOR0035,ONLINE,2025-09-22 20:02:00,CANCELLED,EXPRESS,20.83
ORD0000449,CUST000164,STOR0029,MARKETPLACE,2025-06-12 03:17:00,CANCELLED,CLICK_COLLECT,21.19
ORD0000450,CUST000669,STOR0040,STORE,2025-06-01 07:53:00,CANCELLED,CLICK_COLLECT,9.41
ORD0000451,CUST001103,STOR0040,STORE,2025-07-12 17:27:00,PENDING,EXPRESS,17.41
ORD0000452,CUST001038,STOR0025,MARKETPLACE,2025-09-23 14:19:00,COMPLETED,EXPRESS,8.51
ORD0000453,CUST000101,STOR0008,ONLINE,2025-07-11 10:51:00,PENDING,STANDARD,18.06
ORD0000454,CUST000979,STOR0024,STORE,2025-10-26 05:03:00,CANCELLED,CLICK_COLLECT,1.11
ORD0000455,CUST000161,STOR0028,ONLINE,2025-06-04 02:30:00,COMPLETED,CLICK_COLLECT,13.45
ORD0000456,CUST000809,STOR0014,B2B,2025-11-19 17:51:00,COMPLETED,STANDARD,10.27
ORD0000457,CUST000205,STOR0033,MARKETPLACE,2025-11-03 20:08:00,COMPLETED,EXPRESS,14.99
ORD0000458,CUST000101,STOR0002,MARKETPLACE,2025-08-11 15:00:00,COMPLETED,EXPRESS,13.26
ORD0000459,CUST000097,STOR0019,B2B,2025-10-01 08:11:00,CANCELLED,CLICK_COLLECT,21.63
ORD0000460,CUST001141,STOR0040,B2B,2025-11-23 23:55:00,CANCELLED,EXPRESS,10.26
ORD0000461,CUST000332,STOR0001,MARKETPLACE,2025-07-28 13:16:00,COMPLETED,EXPRESS,21.63
ORD0000462,CUST001101,STOR0058,ONLINE,2025-09-08 14:21:00,PENDING,EXPRESS,19.56
ORD0000463,CUST000394,STOR0051,ONLINE,2025-07-23 10:14:00,CANCELLED,STANDARD,6.06
ORD0000464,CUST000829,STOR0057,B2B,2025-11-22 11:16:00,COMPLETED,CLICK_COLLECT,4.61
ORD0000465,CUST000593,STOR0004,ONLINE,2025-08-21 10:44:00,CANCELLED,CLICK_COLLECT,8.35
ORD0000466,CUST000110,STOR0001,B2B,2025-10-08 11:14:00,COMPLETED,STANDARD,2.96
ORD0000467,CUST000926,STOR0028,B2B,2025-06-13 09:11:00,CANCELLED,EXPRESS,10.03
ORD0000468,CUST000138,STOR0025,ONLINE,2025-11-17 10:39:00,COMPLETED,STANDARD,4.42
ORD0000469,CUST000763,STOR0059,MARKETPLACE,2025-11-03 03:05:00,PENDING,CLICK_COLLECT,15.99
ORD0000470,CUST001100,STOR0001,ONLINE,2025-05-21 00:48:00,CANCELLED,CLICK_COLLECT,12.91
ORD0000471,CUST001013,STOR0036,STORE,2025-08-15 15:45:00,COMPLETED,STANDARD,4.32
ORD0000472,CUST000028,STOR0060,MARKETPLACE,2025-10-05 11:28:00,CANCELLED,STANDARD,24.86
ORD0000473,CUST000337,STOR0041,B2B,2025-08-18 08:54:00,COMPLETED,STANDARD,18.26
ORD0000474,CUST000418,STOR0034,MARKETPLACE,2025-12-27 05:03:00,COMPLETED,CLICK_COLLECT,18.99
ORD0000475,CUST000881,STOR0023,B2B,2025-09-05 10:14:00,PENDING,STANDARD,11.53
ORD0000476,CUST000755,STOR0017,STORE,2025-08-03 20:10:00,COMPLETED,STANDARD,3.09
ORD0000477,CUST000477,STOR0033,MARKETPLACE,2025-09-25 22:48:00,COMPLETED,EXPRESS,19.92
ORD0000478,CUST000880,STOR0017,MARKETPLACE,2025-07-13 01:02:00,COMPLETED,EXPRESS,16.31
ORD0000479,CUST000404,STOR0055,ONLINE,2025-07-31 23:09:00,COMPLETED,STANDARD,23.61
ORD0000480,CUST000585,STOR0050,B2B,2025-06-14 22:28:00,PENDING,CLICK_COLLECT,20.39
ORD0000481,CUST000816,STOR0049,STORE,2025-05-27 14:28:00,COMPLETED,CLICK_COLLECT,7.34
ORD0000482,CUST000341,STOR0032,STORE,2025-10-17 21:47:00,COMPLETED,STANDARD,21.69
ORD0000483,CUST000348,STOR0053,ONLINE,2025-09-25 17:24:00,CANCELLED,EXPRESS,17.86
ORD0000484,CUST000138,STOR0039,B2B,2025-10-20 17:03:00,COMPLETED,STANDARD,6.37
ORD0000485,CUST000068,STOR0025,STORE,2025-11-04 20:12:00,COMPLETED,CLICK_COLLECT,13.63
ORD0000486,CUST000470,STOR0022,STORE,2025-12-04 04:17:00,COMPLETED,STANDARD,0.89
ORD0000487,CUST000213,STOR0033,ONLINE,2025-12-27 22:50:00,CANCELLED,EXPRESS,11.85
ORD0000488,CUST000138,STOR0054,B2B,2025-07-18 16:57:00,COMPLETED,STANDARD,6.97
ORD0000489,CUST000536,STOR0017,B2B,2025-07-10 21:23:00,COMPLETED,CLICK_COLLECT,5.26
ORD0000490,CUST000136,STOR0031,STORE,2025-09-19 11:44:00,CANCELLED,CLICK_COLLECT,19.61
ORD0000491,CUST000657,STOR0016,ONLINE,2025-06-02 00:41:00,COMPLETED,CLICK_COLLECT,11.41
ORD0000492,CUST000524,STOR0056,B2B,2025-09-11 16:42:00,PENDING,CLICK_COLLECT,14.48
ORD0000493,CUST000318,STOR0057,ONLINE,2025-10-03 16:32:00,COMPLETED,EXPRESS,12.03
ORD0000494,CUST000982,STOR0007,MARKETPLACE,2025-11-01 04:53:00,CANCELLED,CLICK_COLLECT,3.44
ORD0000495,CUST000184,STOR0056,B2B,2025-08-10 07:02:00,COMPLETED,STANDARD,6.69
ORD0000496,CUST001141,STOR0042,STORE,2025-12-23 06:53:00,PENDING,EXPRESS,4.07
ORD0000497,CUST000212,STOR0010,ONLINE,2025-07-05 07:36:00,PENDING,EXPRESS,0.75
ORD0000498,CUST001161,STOR0014,STORE,2025-12-27 05:56:00,PENDING,CLICK_COLLECT,23.1
ORD0000499,CUST000435,STOR0011,STORE,2025-11-04 18:35:00,COMPLETED,STANDARD,20.41
ORD0000500,CUST000360,STOR0057,ONLINE,2025-05-09 05:14:00,COMPLETED,STANDARD,17.29
ORD0000501,CUST000778,STOR0008,ONLINE,2025-08-12 14:27:00,COMPLETED,CLICK_COLLECT,21.03
ORD0000502,CUST001144,STOR0059,B2B,2025-10-05 21:55:00,CANCELLED,STANDARD,0.28
ORD0000503,CUST000764,STOR0025,ONLINE,2025-05-27 09:12:00,COMPLETED,STANDARD,22.93
ORD0000504,CUST000654,STOR0042,STORE,2025-07-05 17:18:00,COMPLETED,CLICK_COLLECT,12.76
ORD0000505,CUST000863,STOR0051,STORE,2025-05-18 15:17:00,COMPLETED,EXPRESS,7.73
ORD0000506,CUST000201,STOR0003,ONLINE,2025-12-13 18:20:00,COMPLETED,CLICK_COLLECT,19.33
ORD0000507,CUST000828,STOR0059,STORE,2025-05-10 14:53:00,COMPLETED,EXPRESS,20.43
ORD0000508,CUST000777,STOR0029,ONLINE,2025-07-16 10:47:00,COMPLETED,STANDARD,22.57
ORD0000509,CUST000799,STOR0028,MARKETPLACE,2025-05-17 13:27:00,COMPLETED,STANDARD,0.33
ORD0000510,CUST000760,STOR0020,ONLINE,2025-10-18 12:58:00,COMPLETED,CLICK_COLLECT,21.02
ORD0000511,CUST000916,STOR0035,MARKETPLACE,2025-07-02 09:00:00,COMPLETED,EXPRESS,15.35
ORD0000512,CUST000962,STOR0003,ONLINE,2025-12-28 18:17:00,COMPLETED,CLICK_COLLECT,19.01
ORD0000513,CUST000415,STOR0019,STORE,2025-08-24 13:35:00,CANCELLED,CLICK_COLLECT,18.14
ORD0000514,CUST000327,STOR0025,B2B,2025-09-27 19:25:00,COMPLETED,CLICK_COLLECT,5.85
ORD0000515,CUST001066,STOR0058,ONLINE,2025-08-24 17:35:00,CANCELLED,CLICK_COLLECT,24.88
ORD0000516,CUST000149,STOR0024,ONLINE,2025-10-22 20:31:00,COMPLETED,CLICK_COLLECT,10.72
ORD0000517,CUST000159,STOR0037,B2B,2025-08-06 14:54:00,CANCELLED,STANDARD,17.33
ORD0000518,CUST000179,STOR0009,B2B,2025-07-05 04:01:00,COMPLETED,EXPRESS,21.23
ORD0000519,CUST001145,STOR0054,STORE,2025-10-14 16:36:00,CANCELLED,STANDARD,7.57
ORD0000520,CUST000012,STOR0049,MARKETPLACE,2025-05-26 17:54:00,COMPLETED,STANDARD,19.6
ORD0000521,CUST000644,STOR0008,B2B,2025-08-06 10:32:00,CANCELLED,EXPRESS,7.27
ORD0000522,CUST000283,STOR0032,MARKETPLACE,2025-05-29 21:47:00,CANCELLED,CLICK_COLLECT,4.62
ORD0000523,CUST001130,STOR0010,MARKETPLACE,2025-05-25 03:34:00,COMPLETED,CLICK_COLLECT,17.82
ORD0000524,CUST000546,STOR0012,STORE,2025-08-17 04:27:00,COMPLETED,CLICK_COLLECT,23.58
ORD0000525,CUST000153,STOR0029,ONLINE,2025-07-30 16:37:00,COMPLETED,CLICK_COLLECT,18.29
ORD0000526,CUST001134,STOR0023,MARKETPLACE,2025-07-13 04:06:00,COMPLETED,EXPRESS,20.84
ORD0000527,CUST001036,STOR0009,ONLINE,2025-05-17 10:27:00,PENDING,STANDARD,3.16
ORD0000528,CUST000001,STOR0046,ONLINE,2025-12-14 11:31:00,COMPLETED,STANDARD,15.8
ORD0000529,CUST000701,STOR0027,MARKETPLACE,2025-07-01 22:57:00,COMPLETED,EXPRESS,4.29
ORD0000530,CUST000963,STOR0012,STORE,2025-12-03 04:17:00,PENDING,CLICK_COLLECT,8.2
ORD0000531,CUST000120,STOR0006,B2B,2025-11-06 08:00:00,PENDING,CLICK_COLLECT,23.63
ORD0000532,CUST000330,STOR0045,MARKETPLACE,2025-12-01 16:11:00,CANCELLED,STANDARD,2.25
ORD0000533,CUST001111,STOR0060,MARKETPLACE,2025-08-21 02:24:00,COMPLETED,EXPRESS,1.65
ORD0000534,CUST000121,STOR0006,ONLINE,2025-11-23 11:35:00,PENDING,EXPRESS,24.37
ORD0000535,CUST000950,STOR0057,ONLINE,2025-10-09 05:54:00,COMPLETED,EXPRESS,4.65
ORD0000536,CUST000090,STOR0048,MARKETPLACE,2025-05-26 23:56:00,COMPLETED,EXPRESS,1.33
ORD0000537,CUST000090,STOR0003,B2B,2025-09-28 04:12:00,COMPLETED,EXPRESS,14.84
ORD0000538,CUST000991,STOR0017,ONLINE,2025-10-27 00:00:00,PENDING,CLICK_COLLECT,19.63
ORD0000539,CUST000601,STOR0015,STORE,2025-09-26 22:20:00,PENDING,CLICK_COLLECT,11.71
ORD0000540,CUST000437,STOR0056,B2B,2025-10-04 17:36:00,COMPLETED,STANDARD,14.88
ORD0000541,CUST000237,STOR0027,ONLINE,2025-07-16 15:49:00,PENDING,CLICK_COLLECT,12.87
ORD0000542,CUST000637,STOR0052,ONLINE,2025-06-11 15:12:00,COMPLETED,CLICK_COLLECT,19.34
ORD0000543,CUST000093,STOR0010,MARKETPLACE,2025-05-15 08:21:00,PENDING,CLICK_COLLECT,15.27
ORD0000544,CUST000141,STOR0030,MARKETPLACE,2025-07-01 21:11:00,COMPLETED,CLICK_COLLECT,9.0
ORD0000545,CUST000496,STOR0022,STORE,2025-07-10 16:48:00,CANCELLED,CLICK_COLLECT,1.51
ORD0000546,CUST000892,STOR0003,B2B,2025-12-12 08:34:00,CANCELLED,STANDARD,14.71
ORD0000547,CUST000614,STOR0060,STORE,2025-07-01 22:16:00,PENDING,EXPRESS,24.19
ORD0000548,CUST000611,STOR0026,STORE,2025-07-26 07:24:00,PENDING,STANDARD,8.27
ORD0000549,CUST000910,STOR0060,MARKETPLACE,2025-05-19 14:52:00,COMPLETED,EXPRESS,9.0
ORD0000550,CUST000164,STOR0024,B2B,2025-10-11 10:22:00,COMPLETED,STANDARD,14.11
ORD0000551,CUST000070,STOR0035,MARKETPLACE,2025-11-08 00:38:00,COMPLETED,STANDARD,1.06
ORD0000552,CUST000057,STOR0043,ONLINE,2025-10-14 22:19:00,COMPLETED,STANDARD,23.78
ORD0000553,CUST001040,STOR0025,ONLINE,2025-05-31 14:49:00,PENDING,CLICK_COLLECT,0.48
ORD0000554,CUST000912,STOR0044,B2B,2025-07-29 09:45:00,COMPLETED,CLICK_COLLECT,17.57
ORD0000555,CUST000832,STOR0046,MARKETPLACE,2025-06-18 20:01:00,COMPLETED,EXPRESS,20.44
ORD0000556,CUST000171,STOR0044,STORE,2025-12-30 08:44:00,COMPLETED,STANDARD,16.67
ORD0000557,CUST000643,STOR0051,MARKETPLACE,2025-06-21 14:57:00,COMPLETED,STANDARD,3.95
ORD0000558,CUST000104,STOR0006,MARKETPLACE,2025-08-20 22:58:00,COMPLETED,EXPRESS,5.36
ORD0000559,CUST000711,STOR0052,MARKETPLACE,2025-11-06 05:58:00,CANCELLED,CLICK_COLLECT,22.26
ORD0000560,CUST000579,STOR0003,B2B,2025-07-31 01:28:00,COMPLETED,EXPRESS,17.6
ORD0000561,CUST001128,STOR0004,MARKETPLACE,2025-12-08 04:29:00,PENDING,CLICK_COLLECT,9.15
ORD0000562,CUST000135,STOR0004,ONLINE,2025-05-13 07:42:00,CANCELLED,EXPRESS,23.93
ORD0000563,CUST000025,STOR0014,ONLINE,2025-10-12 06:19:00,COMPLETED,EXPRESS,8.71
ORD0000564,CUST000440,STOR0028,ONLINE,2026-01-01 01:56:00,PENDING,CLICK_COLLECT,17.47
ORD0000565,CUST000148,STOR0035,MARKETPLACE,2025-11-16 09:04:00,PENDING,STANDARD,23.89
ORD0000566,CUST000357,STOR0035,MARKETPLACE,2025-10-20 10:56:00,COMPLETED,STANDARD,22.73
ORD0000567,CUST000301,STOR0003,MARKETPLACE,2025-10-28 18:21:00,CANCELLED,STANDARD,0.83
ORD0000568,CUST001183,STOR0001,ONLINE,2025-08-18 15:36:00,CANCELLED,CLICK_COLLECT,10.71
ORD0000569,CUST000151,STOR0035,B2B,2025-12-25 17:03:00,CANCELLED,EXPRESS,6.57
ORD0000570,CUST000495,STOR0031,MARKETPLACE,2025-11-21 22:57:00,COMPLETED,CLICK_COLLECT,22.24
ORD0000571,CUST001168,STOR0055,MARKETPLACE,2025-06-30 21:12:00,COMPLETED,CLICK_COLLECT,17.47
ORD0000572,CUST000006,STOR0026,B2B,2025-08-09 07:01:00,CANCELLED,EXPRESS,18.97
ORD0000573,CUST000672,STOR0001,STORE,2025-12-08 05:21:00,COMPLETED,CLICK_COLLECT,8.7
ORD0000574,CUST000436,STOR0025,MARKETPLACE,2025-05-08 02:31:00,COMPLETED,STANDARD,22.47
ORD0000575,CUST000941,STOR0035,MARKETPLACE,2025-06-22 09:06:00,COMPLETED,CLICK_COLLECT,1.53
ORD0000576,CUST000307,STOR0015,STORE,2025-06-22 21:36:00,COMPLETED,EXPRESS,21.4
ORD0000577,CUST000066,STOR0037,ONLINE,2025-05-23 00:47:00,CANCELLED,CLICK_COLLECT,1.16
ORD0000578,CUST001108,STOR0036,B2B,2025-07-07 00:40:00,PENDING,EXPRESS,6.07
ORD0000579,CUST000787,STOR0026,B2B,2025-06-13 03:05:00,COMPLETED,STANDARD,15.41
ORD0000580,CUST000686,STOR0060,B2B,2025-05-07 09:57:00,COMPLETED,CLICK_COLLECT,13.91
ORD0000581,CUST001159,STOR0056,STORE,2025-09-22 14:20:00,COMPLETED,STANDARD,14.84
ORD0000582,CUST000344,STOR0026,ONLINE,2025-10-04 13:19:00,COMPLETED,STANDARD,10.48
ORD0000583,CUST000018,STOR0057,STORE,2025-11-27 05:51:00,CANCELLED,EXPRESS,8.84
ORD0000584,CUST000947,STOR0030,ONLINE,2025-06-22 02:16:00,PENDING,STANDARD,0.03
ORD0000585,CUST000706,STOR0054,STORE,2025-08-27 03:05:00,COMPLETED,CLICK_COLLECT,18.8
ORD0000586,CUST000884,STOR0045,STORE,2025-05-07 05:12:00,COMPLETED,CLICK_COLLECT,19.88
ORD0000587,CUST000139,STOR0023,ONLINE,2025-11-07 21:10:00,PENDING,CLICK_COLLECT,22.75
ORD0000588,CUST000750,STOR0037,ONLINE,2025-11-07 00:43:00,CANCELLED,STANDARD,19.32
ORD0000589,CUST001097,STOR0024,MARKETPLACE,2025-09-11 13:13:00,PENDING,CLICK_COLLECT,2.04
ORD0000590,CUST000950,STOR0045,B2B,2025-10-03 10:36:00,COMPLETED,CLICK_COLLECT,17.27
ORD0000591,CUST000092,STOR0046,ONLINE,2025-08-11 17:33:00,COMPLETED,STANDARD,11.97
ORD0000592,CUST000443,STOR0005,B2B,2025-11-17 22:38:00,PENDING,STANDARD,12.71
ORD0000593,CUST000354,STOR0052,MARKETPLACE,2025-10-01 15:57:00,COMPLETED,EXPRESS,21.66
ORD0000594,CUST000283,STOR0011,B2B,2025-10-21 03:32:00,COMPLETED,STANDARD,1.35
ORD0000595,CUST000604,STOR0035,STORE,2025-09-24 06:39:00,COMPLETED,STANDARD,16.56
ORD0000596,CUST000182,STOR0018,MARKETPLACE,2025-06-14 01:16:00,CANCELLED,EXPRESS,16.37
ORD0000597,CUST001075,STOR0048,ONLINE,2025-11-09 04:59:00,COMPLETED,EXPRESS,24.35
ORD0000598,CUST000402,STOR0045,ONLINE,2025-08-06 18:38:00,COMPLETED,CLICK_COLLECT,15.68
ORD0000599,CUST000426,STOR0004,MARKETPLACE,2025-05-09 04:02:00,COMPLETED,STANDARD,21.31
ORD0000600,CUST001020,STOR0023,STORE,2025-06-08 22:28:00,COMPLETED,STANDARD,9.32
ORD0000601,CUST000268,STOR0033,ONLINE,2025-06-24 01:57:00,CANCELLED,EXPRESS,22.16
ORD0000602,CUST000404,STOR0001,ONLINE,2025-08-18 08:25:00,COMPLETED,CLICK_COLLECT,19.83
ORD0000603,CUST000942,STOR0023,B2B,2025-07-04 14:29:00,PENDING,STANDARD,15.28
ORD0000604,CUST000146,STOR0044,ONLINE,2025-07-02 04:49:00,COMPLETED,CLICK_COLLECT,2.24
ORD0000605,CUST000152,STOR0031,MARKETPLACE,2025-10-27 21:47:00,CANCELLED,CLICK_COLLECT,1.02
ORD0000606,CUST001088,STOR0014,ONLINE,2025-06-15 18:47:00,COMPLETED,EXPRESS,6.2
ORD0000607,CUST000566,STOR0005,B2B,2025-11-11 17:52:00,CANCELLED,STANDARD,3.77
ORD0000608,CUST000860,STOR0032,ONLINE,2025-05-26 06:07:00,PENDING,STANDARD,9.17
ORD0000609,CUST000856,STOR0054,B2B,2025-09-25 11:53:00,CANCELLED,STANDARD,9.58
ORD0000610,CUST000314,STOR0006,B2B,2025-11-01 12:59:00,COMPLETED,EXPRESS,1.51
ORD0000611,CUST000522,STOR0020,ONLINE,2025-10-01 09:49:00,CANCELLED,EXPRESS,9.79
ORD0000612,CUST000387,STOR0046,STORE,2025-06-25 21:19:00,PENDING,EXPRESS,8.59
ORD0000613,CUST000772,STOR0011,B2B,2025-07-22 20:38:00,COMPLETED,STANDARD,21.16
ORD0000614,CUST000241,STOR0006,MARKETPLACE,2025-08-12 04:27:00,COMPLETED,EXPRESS,5.41
ORD0000615,CUST000704,STOR0042,MARKETPLACE,2025-08-19 21:08:00,COMPLETED,CLICK_COLLECT,3.78
ORD0000616,CUST001052,STOR0041,ONLINE,2025-10-26 16:54:00,PENDING,CLICK_COLLECT,12.32
ORD0000617,CUST000201,STOR0048,B2B,2025-10-05 21:39:00,COMPLETED,CLICK_COLLECT,6.0
ORD0000618,CUST001170,STOR0044,B2B,2025-07-24 22:05:00,COMPLETED,STANDARD,5.03
ORD0000619,CUST000275,STOR0047,MARKETPLACE,2025-07-31 07:56:00,CANCELLED,STANDARD,22.22
ORD0000620,CUST001089,STOR0016,STORE,2025-10-23 01:23:00,COMPLETED,EXPRESS,23.73
ORD0000621,CUST000494,STOR0005,ONLINE,2025-11-30 01:51:00,COMPLETED,CLICK_COLLECT,13.23
ORD0000622,CUST000547,STOR0024,B2B,2025-08-17 00:23:00,CANCELLED,CLICK_COLLECT,14.09
ORD0000623,CUST000929,STOR0026,MARKETPLACE,2025-07-13 15:21:00,COMPLETED,STANDARD,9.01
ORD0000624,CUST001156,STOR0031,MARKETPLACE,2025-07-06 13:23:00,CANCELLED,EXPRESS,23.28
ORD0000625,CUST000131,STOR0028,STORE,2025-10-05 16:24:00,COMPLETED,STANDARD,1.98
ORD0000626,CUST000046,STOR0035,ONLINE,2025-08-01 09:23:00,PENDING,EXPRESS,23.13
ORD0000627,CUST000628,STOR0033,ONLINE,2025-12-31 19:58:00,COMPLETED,STANDARD,19.01
ORD0000628,CUST000761,STOR0037,B2B,2025-10-05 04:20:00,CANCELLED,EXPRESS,21.11
ORD0000629,CUST000491,STOR0001,B2B,2025-06-21 03:54:00,COMPLETED,STANDARD,5.99
ORD0000630,CUST000244,STOR0018,STORE,2025-11-20 22:37:00,CANCELLED,STANDARD,23.33
ORD0000631,CUST000543,STOR0042,STORE,2025-07-18 01:42:00,COMPLETED,STANDARD,23.52
ORD0000632,CUST000649,STOR0057,MARKETPLACE,2025-12-01 03:19:00,COMPLETED,CLICK_COLLECT,20.24
ORD0000633,CUST999999,STOR0043,B2B,2025-08-29 18:26:00,COMPLETED,STANDARD,24.03
ORD0000634,CUST001094,STOR0042,ONLINE,2025-10-27 00:01:00,CANCELLED,CLICK_COLLECT,20.55
ORD0000635,CUST000247,STOR0006,MARKETPLACE,2025-12-27 05:09:00,PENDING,EXPRESS,2.31
ORD0000636,CUST000652,STOR0011,STORE,2025-12-30 17:17:00,COMPLETED,CLICK_COLLECT,6.98
ORD0000637,CUST001036,STOR0052,B2B,2025-12-21 05:27:00,COMPLETED,EXPRESS,21.1
ORD0000638,CUST000100,STOR0008,B2B,2025-10-19 21:31:00,COMPLETED,CLICK_COLLECT,24.12
ORD0000639,CUST000052,STOR0045,B2B,2025-12-14 20:59:00,COMPLETED,CLICK_COLLECT,20.51
ORD0000640,CUST000928,STOR0009,B2B,2025-07-01 14:29:00,CANCELLED,CLICK_COLLECT,8.1
ORD0000641,CUST000007,STOR0008,MARKETPLACE,2025-06-23 06:29:00,COMPLETED,CLICK_COLLECT,20.69
ORD0000642,CUST000732,STOR0053,STORE,2025-12-28 20:44:00,CANCELLED,CLICK_COLLECT,1.57
ORD0000643,CUST001064,STOR0043,ONLINE,2025-12-29 11:20:00,COMPLETED,STANDARD,23.02
ORD0000644,CUST000263,STOR0005,MARKETPLACE,2025-09-06 21:11:00,COMPLETED,EXPRESS,11.58
ORD0000645,CUST000872,STOR0002,MARKETPLACE,2025-12-08 06:07:00,COMPLETED,CLICK_COLLECT,17.31
ORD0000646,CUST000816,STOR0034,ONLINE,2025-06-06 06:48:00,CANCELLED,STANDARD,22.71
ORD0000647,CUST000775,STOR0040,MARKETPLACE,2025-06-25 03:12:00,COMPLETED,CLICK_COLLECT,3.85
ORD0000648,CUST000055,STOR0039,STORE,2025-11-20 12:11:00,PENDING,CLICK_COLLECT,15.78
ORD0000649,CUST000262,STOR0047,MARKETPLACE,2025-09-07 07:22:00,PENDING,EXPRESS,20.68
ORD0000650,CUST000437,STOR0059,STORE,2025-12-12 21:43:00,COMPLETED,STANDARD,3.77
ORD0000651,CUST000390,STOR0058,STORE,2025-10-30 14:14:00,COMPLETED,EXPRESS,9.09
ORD0000652,CUST000455,STOR0051,MARKETPLACE,2025-09-04 22:44:00,COMPLETED,STANDARD,5.67
ORD0000653,CUST000717,STOR0003,B2B,2025-08-23 02:32:00,CANCELLED,STANDARD,22.68
ORD0000654,CUST001048,STOR0012,B2B,2025-09-24 14:02:00,PENDING,EXPRESS,19.7
ORD0000655,CUST000325,STOR0054,STORE,2025-06-05 16:51:00,CANCELLED,STANDARD,2.47
ORD0000656,CUST000812,STOR0007,MARKETPLACE,2025-09-08 03:09:00,PENDING,STANDARD,22.32
ORD0000657,CUST000375,STOR0046,ONLINE,2025-09-25 21:35:00,CANCELLED,CLICK_COLLECT,19.84
ORD0000658,CUST000537,STOR0035,MARKETPLACE,2025-10-14 13:59:00,CANCELLED,EXPRESS,5.01
ORD0000659,CUST000298,STOR0014,STORE,2025-08-27 08:08:00,COMPLETED,STANDARD,23.81
ORD0000660,CUST000035,STOR0041,ONLINE,2025-12-27 22:32:00,PENDING,EXPRESS,6.34
ORD0000661,CUST001160,STOR0010,STORE,2025-06-14 11:35:00,COMPLETED,CLICK_COLLECT,23.96
ORD0000662,CUST000375,STOR0053,MARKETPLACE,2025-08-17 01:24:00,COMPLETED,EXPRESS,16.4
ORD0000663,CUST000981,STOR0056,STORE,2025-12-22 12:15:00,COMPLETED,CLICK_COLLECT,2.87
ORD0000664,CUST001008,STOR0018,ONLINE,2025-05-20 08:25:00,COMPLETED,STANDARD,12.14
ORD0000665,CUST001145,STOR0020,ONLINE,2025-07-25 07:54:00,PENDING,EXPRESS,3.71
ORD0000666,CUST000451,STOR0050,B2B,2025-12-19 21:04:00,COMPLETED,EXPRESS,16.53
ORD0000667,CUST000818,STOR0015,B2B,2025-09-13 09:42:00,COMPLETED,EXPRESS,1.58
ORD0000668,CUST000976,STOR0003,MARKETPLACE,2025-11-09 08:50:00,COMPLETED,EXPRESS,14.22
ORD0000669,CUST000138,STOR0024,ONLINE,2025-11-26 05:59:00,CANCELLED,CLICK_COLLECT,6.69
ORD0000670,CUST000701,STOR0022,B2B,2025-05-25 18:49:00,COMPLETED,STANDARD,14.24
ORD0000671,CUST000770,STOR0038,STORE,2025-10-24 02:36:00,PENDING,EXPRESS,11.27
ORD0000672,CUST000379,STOR0004,B2B,2025-09-10 11:51:00,COMPLETED,STANDARD,0.45
ORD0000673,CUST000031,STOR0005,B2B,2025-06-18 13:10:00,COMPLETED,STANDARD,18.22
ORD0000674,CUST000151,STOR0013,STORE,2025-05-28 04:19:00,CANCELLED,CLICK_COLLECT,10.09
ORD0000675,CUST000930,STOR0026,ONLINE,2025-09-19 18:41:00,PENDING,CLICK_COLLECT,11.86
ORD0000676,CUST001005,STOR0058,B2B,2025-05-24 05:27:00,COMPLETED,STANDARD,19.95
ORD0000677,CUST000897,STOR0042,B2B,2025-11-19 05:08:00,COMPLETED,EXPRESS,23.98
ORD0000678,CUST001096,STOR0040,B2B,2025-10-31 18:33:00,PENDING,EXPRESS,8.81
ORD0000679,CUST000426,STOR0041,MARKETPLACE,2025-12-07 20:59:00,COMPLETED,STANDARD,15.07
ORD0000680,CUST000633,STOR0013,ONLINE,2025-10-14 12:21:00,PENDING,CLICK_COLLECT,18.13
ORD0000681,CUST000373,STOR0015,ONLINE,2025-10-01 20:21:00,COMPLETED,STANDARD,3.96
ORD0000682,CUST000049,STOR0050,MARKETPLACE,2025-10-03 02:22:00,CANCELLED,EXPRESS,6.81
ORD0000683,CUST000935,STOR0052,MARKETPLACE,2025-07-17 18:40:00,CANCELLED,STANDARD,17.77
ORD0000684,CUST001150,STOR0030,B2B,2025-05-06 04:26:00,COMPLETED,EXPRESS,13.62
ORD0000685,CUST000822,STOR0020,B2B,2025-11-17 13:31:00,PENDING,EXPRESS,23.08
ORD0000686,CUST000413,STOR0025,MARKETPLACE,2025-12-18 02:26:00,CANCELLED,CLICK_COLLECT,24.77
ORD0000687,CUST000048,STOR0027,STORE,2025-07-10 10:02:00,COMPLETED,EXPRESS,17.48
ORD0000688,CUST000791,STOR0018,B2B,2025-09-03 06:02:00,PENDING,STANDARD,24.07
ORD0000689,CUST001159,STOR0042,MARKETPLACE,2025-08-26 02:07:00,COMPLETED,CLICK_COLLECT,17.4
ORD0000690,CUST000102,STOR0045,MARKETPLACE,2025-07-02 10:13:00,PENDING,EXPRESS,17.98
ORD0000691,CUST000226,STOR0011,STORE,2025-06-20 11:22:00,CANCELLED,EXPRESS,16.86
ORD0000692,CUST000161,STOR0055,MARKETPLACE,2025-08-23 09:15:00,PENDING,EXPRESS,22.9
ORD0000693,CUST001168,STOR0049,MARKETPLACE,2025-10-11 17:53:00,PENDING,EXPRESS,8.72
ORD0000694,CUST000891,STOR0016,MARKETPLACE,2025-07-17 13:42:00,COMPLETED,EXPRESS,21.87
ORD0000695,CUST000454,STOR0020,MARKETPLACE,2025-12-28 09:47:00,COMPLETED,EXPRESS,15.3
ORD0000696,CUST000501,STOR0049,STORE,2025-08-15 18:59:00,COMPLETED,EXPRESS,14.46
ORD0000697,CUST000553,STOR0057,B2B,2025-07-17 07:36:00,COMPLETED,STANDARD,13.15
ORD0000698,CUST001150,STOR0011,STORE,2025-10-26 21:44:00,COMPLETED,STANDARD,14.83
ORD0000699,CUST000977,STOR0047,STORE,2025-09-11 13:08:00,PENDING,CLICK_COLLECT,20.44
ORD0000700,CUST000553,STOR0007,STORE,2025-10-17 16:37:00,COMPLETED,STANDARD,24.18
ORD0000701,CUST000265,STOR0004,STORE,2025-12-20 18:28:00,COMPLETED,EXPRESS,19.04
ORD0000702,CUST001063,STOR0023,STORE,2025-09-05 10:19:00,COMPLETED,CLICK_COLLECT,17.74
ORD0000703,CUST000968,STOR0052,STORE,2025-08-19 11:21:00,COMPLETED,STANDARD,6.11
ORD0000704,CUST001161,STOR0028,MARKETPLACE,2025-05-16 09:17:00,CANCELLED,STANDARD,3.71
ORD0000705,CUST000112,STOR0053,ONLINE,2025-10-09 07:36:00,COMPLETED,CLICK_COLLECT,21.87
ORD0000706,CUST000236,STOR0014,B2B,2025-06-02 04:49:00,COMPLETED,EXPRESS,21.61
ORD0000707,CUST000803,STOR0013,MARKETPLACE,2025-09-18 22:38:00,PENDING,EXPRESS,15.7
ORD0000708,CUST001138,STOR0028,ONLINE,2025-12-06 15:00:00,PENDING,CLICK_COLLECT,5.46
ORD0000709,CUST000739,STOR0036,MARKETPLACE,2025-05-23 08:45:00,COMPLETED,EXPRESS,17.39
ORD0000710,CUST000174,STOR0005,STORE,2025-08-15 12:14:00,PENDING,CLICK_COLLECT,9.27
ORD0000711,CUST000376,STOR0013,B2B,2025-12-18 06:18:00,COMPLETED,CLICK_COLLECT,18.52
ORD0000712,CUST000635,STOR0030,MARKETPLACE,2025-05-14 07:12:00,COMPLETED,EXPRESS,10.16
ORD0000713,CUST000617,STOR0015,B2B,2025-10-20 03:01:00,PENDING,EXPRESS,12.61
ORD0000714,CUST000812,STOR0051,ONLINE,2025-10-30 21:51:00,COMPLETED,CLICK_COLLECT,19.79
ORD0000715,CUST000289,STOR0037,MARKETPLACE,2025-10-19 10:45:00,CANCELLED,CLICK_COLLECT,23.98
ORD0000716,CUST000998,STOR0029,MARKETPLACE,2025-06-14 20:05:00,COMPLETED,EXPRESS,6.59
ORD0000717,CUST000653,STOR0004,STORE,2025-05-15 09:13:00,COMPLETED,CLICK_COLLECT,19.85
ORD0000718,CUST000335,STOR0011,MARKETPLACE,2025-12-05 11:03:00,CANCELLED,EXPRESS,8.46
ORD0000719,CUST000327,STOR0013,STORE,2025-08-28 10:46:00,COMPLETED,CLICK_COLLECT,24.85
ORD0000720,CUST000280,STOR0002,STORE,2025-10-12 07:00:00,COMPLETED,EXPRESS,14.34
ORD0000721,CUST000021,STOR0015,ONLINE,2025-06-02 06:13:00,COMPLETED,STANDARD,6.34
ORD0000722,CUST000252,STOR0043,B2B,2025-09-02 14:04:00,CANCELLED,EXPRESS,23.32
ORD0000723,CUST000875,STOR0010,B2B,2025-05-08 14:54:00,PENDING,CLICK_COLLECT,8.68
ORD0000724,CUST000117,STOR0012,MARKETPLACE,2025-11-30 10:15:00,COMPLETED,STANDARD,1.4
ORD0000725,CUST000473,STOR0048,MARKETPLACE,2025-12-23 05:58:00,CANCELLED,STANDARD,5.87
ORD0000726,CUST000270,STOR0003,STORE,2025-06-30 08:45:00,PENDING,EXPRESS,11.46
ORD0000727,CUST000034,STOR0006,B2B,2025-11-26 18:51:00,COMPLETED,STANDARD,16.55
ORD0000728,CUST000765,STOR0004,B2B,2025-06-08 09:03:00,CANCELLED,EXPRESS,16.51
ORD0000729,CUST000209,STOR0054,B2B,2025-09-22 14:46:00,CANCELLED,EXPRESS,20.62
ORD0000730,CUST000375,STOR0060,MARKETPLACE,2025-08-19 03:39:00,COMPLETED,EXPRESS,8.99
ORD0000731,CUST000903,STOR0010,B2B,2025-09-21 07:34:00,COMPLETED,EXPRESS,12.64
ORD0000732,CUST000319,STOR0021,ONLINE,2025-12-30 02:11:00,PENDING,CLICK_COLLECT,8.58
ORD0000733,CUST000522,STOR0059,STORE,2025-08-14 17:18:00,COMPLETED,EXPRESS,6.23
ORD0000734,CUST000157,STOR0051,STORE,2025-06-23 14:36:00,COMPLETED,STANDARD,2.11
ORD0000735,CUST000938,STOR0033,ONLINE,2025-05-18 03:33:00,COMPLETED,CLICK_COLLECT,8.67
ORD0000736,CUST000103,STOR0043,ONLINE,2025-10-29 17:26:00,CANCELLED,STANDARD,21.57
ORD0000737,CUST000074,STOR0052,STORE,2025-09-07 09:44:00,PENDING,STANDARD,8.81
ORD0000738,CUST000516,STOR0045,MARKETPLACE,2025-10-03 19:39:00,COMPLETED,CLICK_COLLECT,7.96
ORD0000739,CUST000209,STOR0012,STORE,2025-12-18 03:31:00,COMPLETED,EXPRESS,23.63
ORD0000740,CUST000452,STOR0036,B2B,2025-11-13 08:15:00,COMPLETED,STANDARD,0.54
ORD0000741,CUST000296,STOR0008,B2B,2025-12-11 09:09:00,COMPLETED,EXPRESS,16.98
ORD0000742,CUST000784,STOR0055,STORE,2025-10-28 08:37:00,COMPLETED,CLICK_COLLECT,18.4
ORD0000743,CUST000401,STOR0013,MARKETPLACE,2025-10-30 17:52:00,COMPLETED,EXPRESS,11.07
ORD0000744,CUST001029,STOR0054,B2B,2025-12-23 00:19:00,PENDING,CLICK_COLLECT,14.5
ORD0000745,CUST000952,STOR0002,STORE,2025-07-29 00:17:00,COMPLETED,EXPRESS,15.35
ORD0000746,CUST000716,STOR0005,MARKETPLACE,2025-08-10 16:43:00,COMPLETED,CLICK_COLLECT,11.2
ORD0000747,CUST000373,STOR0026,B2B,2025-07-10 19:44:00,COMPLETED,STANDARD,23.69
ORD0000748,CUST000849,STOR0015,MARKETPLACE,2025-10-06 23:20:00,COMPLETED,EXPRESS,23.03
ORD0000749,CUST000350,STOR0011,MARKETPLACE,2025-09-04 10:50:00,PENDING,STANDARD,0.44
ORD0000750,CUST001112,STOR0006,STORE,2025-05-26 12:22:00,PENDING,STANDARD,0.69
ORD0000751,CUST000323,STOR0010,MARKETPLACE,2025-08-08 18:46:00,COMPLETED,STANDARD,8.06
ORD0000752,CUST000087,STOR0010,MARKETPLACE,2025-12-13 13:13:00,COMPLETED,CLICK_COLLECT,17.53
ORD0000753,CUST000501,STOR0030,STORE,2025-08-16 07:27:00,CANCELLED,STANDARD,20.67
ORD0000754,CUST000369,STOR0003,B2B,2025-11-07 09:42:00,CANCELLED,STANDARD,8.38
ORD0000755,CUST000056,STOR0042,MARKETPLACE,2025-07-11 19:32:00,COMPLETED,STANDARD,5.12
ORD0000756,CUST001103,STOR0049,ONLINE,2025-06-02 07:41:00,COMPLETED,EXPRESS,14.35
ORD0000757,CUST000322,STOR0005,ONLINE,2025-12-10 07:45:00,COMPLETED,STANDARD,2.36
ORD0000758,CUST000157,STOR0024,MARKETPLACE,2025-12-04 05:50:00,PENDING,CLICK_COLLECT,22.79
ORD0000759,CUST001103,STOR0010,B2B,2025-06-03 22:23:00,PENDING,EXPRESS,13.39
ORD0000760,CUST000018,STOR0007,ONLINE,2025-08-16 09:57:00,PENDING,EXPRESS,6.55
ORD0000761,CUST000634,STOR0020,STORE,2025-09-20 01:24:00,COMPLETED,STANDARD,19.87
ORD0000762,CUST001030,STOR0059,B2B,2025-06-20 18:59:00,CANCELLED,CLICK_COLLECT,13.11
ORD0000763,CUST000671,STOR0050,B2B,2025-07-07 10:33:00,CANCELLED,EXPRESS,23.64
ORD0000764,CUST000244,STOR0039,B2B,2025-08-16 23:19:00,COMPLETED,STANDARD,7.4
ORD0000765,CUST000289,STOR0046,B2B,2025-06-21 03:39:00,COMPLETED,STANDARD,1.88
ORD0000766,CUST000131,STOR0003,MARKETPLACE,2025-06-21 00:19:00,COMPLETED,CLICK_COLLECT,6.32
ORD0000767,CUST000995,STOR0033,ONLINE,2025-06-30 03:18:00,COMPLETED,EXPRESS,21.57
ORD0000768,CUST000833,STOR0038,MARKETPLACE,2025-08-28 04:52:00,PENDING,CLICK_COLLECT,13.17
ORD0000769,CUST000408,STOR0008,ONLINE,2025-10-19 05:32:00,COMPLETED,STANDARD,21.88
ORD0000770,CUST000345,STOR0046,ONLINE,2025-08-22 13:01:00,COMPLETED,STANDARD,8.7
ORD0000771,CUST001105,STOR0022,STORE,2025-06-25 23:10:00,PENDING,EXPRESS,4.71
ORD0000772,CUST000096,STOR0021,STORE,2025-05-30 00:20:00,COMPLETED,STANDARD,22.16
ORD0000773,CUST000004,STOR0060,MARKETPLACE,2025-12-22 07:35:00,PENDING,CLICK_COLLECT,4.05
ORD0000774,CUST001157,STOR0050,ONLINE,2025-08-20 19:10:00,COMPLETED,EXPRESS,9.95
ORD0000775,CUST000937,STOR0049,B2B,2025-10-31 13:10:00,COMPLETED,STANDARD,4.43
ORD0000776,CUST001028,STOR0040,B2B,2025-09-25 06:56:00,COMPLETED,STANDARD,20.36
ORD0000777,CUST001036,STOR0022,ONLINE,2025-08-18 23:05:00,PENDING,EXPRESS,4.43
ORD0000778,CUST000889,STOR0036,MARKETPLACE,2025-08-30 03:15:00,COMPLETED,STANDARD,24.33
ORD0000779,CUST001036,STOR0051,STORE,2025-06-23 04:42:00,COMPLETED,STANDARD,17.92
ORD0000780,CUST001108,STOR0055,STORE,2025-06-14 03:43:00,COMPLETED,STANDARD,11.53
ORD0000781,CUST000130,STOR0034,B2B,2025-10-06 23:54:00,COMPLETED,CLICK_COLLECT,23.45
ORD0000782,CUST000832,STOR0058,B2B,2025-11-10 22:01:00,CANCELLED,EXPRESS,2.37
ORD0000783,CUST000759,STOR0053,STORE,2025-05-17 13:48:00,COMPLETED,CLICK_COLLECT,22.47
ORD0000784,CUST000546,STOR0016,ONLINE,2025-09-20 16:06:00,PENDING,STANDARD,11.68
ORD0000785,CUST000944,STOR0059,ONLINE,2025-08-27 13:07:00,COMPLETED,CLICK_COLLECT,10.47
ORD0000786,CUST000506,STOR0035,MARKETPLACE,2025-12-10 17:41:00,COMPLETED,CLICK_COLLECT,12.44
ORD0000787,CUST000309,STOR0045,B2B,2025-11-10 21:01:00,CANCELLED,EXPRESS,17.4
ORD0000788,CUST000788,STOR0049,STORE,2025-12-02 12:34:00,PENDING,EXPRESS,14.37
ORD0000789,CUST000918,STOR0014,MARKETPLACE,2025-05-30 04:20:00,PENDING,CLICK_COLLECT,14.83
ORD0000790,CUST000668,STOR0015,MARKETPLACE,2025-12-20 05:21:00,CANCELLED,CLICK_COLLECT,15.91
ORD0000791,CUST000611,STOR0057,STORE,2025-11-17 14:47:00,PENDING,CLICK_COLLECT,0.56
ORD0000792,CUST000293,STOR0049,B2B,2025-07-13 20:30:00,CANCELLED,CLICK_COLLECT,24.71
ORD0000793,CUST000897,STOR0037,B2B,2025-07-22 02:48:00,CANCELLED,STANDARD,14.06
ORD0000794,CUST000629,STOR0044,B2B,2025-09-24 19:29:00,COMPLETED,CLICK_COLLECT,8.8
ORD0000795,CUST000831,STOR0018,ONLINE,2025-10-11 18:18:00,PENDING,STANDARD,20.07
ORD0000796,CUST000620,STOR0008,B2B,2025-11-27 16:54:00,CANCELLED,STANDARD,7.22
ORD0000797,CUST000704,STOR0014,B2B,2025-08-31 16:40:00,PENDING,CLICK_COLLECT,20.21
ORD0000798,CUST001197,STOR0035,ONLINE,2025-06-02 12:18:00,COMPLETED,EXPRESS,7.9
ORD0000799,CUST001055,STOR0052,B2B,2025-11-24 19:10:00,COMPLETED,EXPRESS,24.12
ORD0000800,CUST000817,STOR0009,B2B,2025-06-05 01:10:00,COMPLETED,EXPRESS,10.01
ORD0000801,CUST000126,STOR0002,STORE,2025-09-24 19:57:00,COMPLETED,CLICK_COLLECT,20.84
ORD0000802,CUST000454,STOR0001,STORE,2025-08-05 16:06:00,COMPLETED,EXPRESS,12.06
ORD0000803,CUST000486,STOR0040,B2B,2025-10-23 17:35:00,COMPLETED,CLICK_COLLECT,24.87
ORD0000804,CUST000485,STOR0001,STORE,2025-09-24 11:26:00,CANCELLED,EXPRESS,22.88
ORD0000805,CUST000095,STOR0044,MARKETPLACE,2025-05-18 00:13:00,CANCELLED,CLICK_COLLECT,10.08
ORD0000806,CUST000417,STOR0002,MARKETPLACE,2025-10-04 19:22:00,CANCELLED,EXPRESS,2.43
ORD0000807,CUST000898,STOR0035,MARKETPLACE,2025-07-11 18:12:00,CANCELLED,EXPRESS,14.24
ORD0000808,CUST000040,STOR0042,ONLINE,2025-09-11 15:58:00,PENDING,EXPRESS,4.05
ORD0000809,CUST000072,STOR0002,ONLINE,2025-12-16 20:51:00,COMPLETED,EXPRESS,9.31
ORD0000810,CUST000473,STOR0018,MARKETPLACE,2025-10-29 03:03:00,COMPLETED,EXPRESS,3.29
ORD0000811,CUST000992,STOR0018,MARKETPLACE,2025-10-05 01:25:00,CANCELLED,CLICK_COLLECT,22.56
ORD0000812,CUST000617,STOR0003,B2B,2025-08-16 11:10:00,COMPLETED,STANDARD,2.92
ORD0000813,CUST000894,STOR0056,B2B,2025-12-25 11:39:00,COMPLETED,EXPRESS,23.31
ORD0000814,CUST000371,STOR0008,ONLINE,2025-11-18 05:11:00,COMPLETED,STANDARD,5.39
ORD0000815,CUST000604,STOR0029,ONLINE,2025-10-15 20:42:00,COMPLETED,EXPRESS,7.68
ORD0000816,CUST001109,STOR0019,MARKETPLACE,2025-12-22 12:19:00,COMPLETED,CLICK_COLLECT,5.57
ORD0000817,CUST000198,STOR0055,STORE,2025-08-25 10:10:00,PENDING,STANDARD,7.81
ORD0000818,CUST000589,STOR0022,MARKETPLACE,2025-09-08 02:08:00,COMPLETED,STANDARD,4.16
ORD0000819,CUST000007,STOR0048,STORE,2025-12-04 19:03:00,CANCELLED,STANDARD,16.46
ORD0000820,CUST000968,STOR0016,STORE,2025-05-29 02:59:00,CANCELLED,EXPRESS,3.93
ORD0000821,CUST001118,STOR0047,STORE,2025-11-19 08:34:00,PENDING,EXPRESS,13.89
ORD0000822,CUST001135,STOR0021,STORE,2025-11-04 21:20:00,COMPLETED,CLICK_COLLECT,16.71
ORD0000823,CUST000710,STOR0009,MARKETPLACE,2025-06-18 21:53:00,COMPLETED,EXPRESS,2.89
ORD0000824,CUST000755,STOR0040,ONLINE,2025-09-11 10:31:00,CANCELLED,STANDARD,1.37
ORD0000825,CUST000097,STOR0024,MARKETPLACE,2025-12-26 01:33:00,PENDING,STANDARD,6.46
ORD0000826,CUST000966,STOR0015,MARKETPLACE,2025-08-30 09:17:00,COMPLETED,EXPRESS,19.31
ORD0000827,CUST001084,STOR0047,MARKETPLACE,2025-07-21 14:55:00,COMPLETED,EXPRESS,2.98
ORD0000828,CUST001170,STOR0030,STORE,2025-10-01 09:44:00,COMPLETED,EXPRESS,21.19
ORD0000829,CUST000683,STOR0015,B2B,2025-10-07 06:02:00,PENDING,CLICK_COLLECT,0.76
ORD0000830,CUST000446,STOR0027,ONLINE,2025-06-24 03:33:00,COMPLETED,CLICK_COLLECT,5.03
ORD0000831,CUST000374,STOR0028,ONLINE,2025-12-03 20:33:00,PENDING,EXPRESS,12.65
ORD0000832,CUST001141,STOR0005,MARKETPLACE,2025-12-19 05:51:00,COMPLETED,EXPRESS,13.58
ORD0000833,CUST001137,STOR0028,STORE,2025-06-25 00:18:00,COMPLETED,CLICK_COLLECT,1.56
ORD0000834,CUST000627,STOR0027,MARKETPLACE,2025-06-21 03:28:00,COMPLETED,EXPRESS,18.22
ORD0000835,CUST000208,STOR0033,ONLINE,2025-09-06 16:03:00,COMPLETED,EXPRESS,17.14
ORD0000836,CUST000782,STOR0032,ONLINE,2025-06-23 09:17:00,CANCELLED,EXPRESS,18.56
ORD0000837,CUST000815,STOR0038,ONLINE,2025-12-30 05:37:00,COMPLETED,STANDARD,5.25
ORD0000838,CUST001179,STOR0017,B2B,2025-08-15 04:37:00,CANCELLED,EXPRESS,24.29
ORD0000839,CUST001178,STOR0038,ONLINE,2025-08-01 01:39:00,COMPLETED,STANDARD,1.21
ORD0000840,CUST000983,STOR0015,ONLINE,2025-10-05 17:21:00,PENDING,STANDARD,20.82
ORD0000841,CUST000336,STOR0007,ONLINE,2025-10-28 22:21:00,PENDING,CLICK_COLLECT,10.24
ORD0000842,CUST000589,STOR0011,MARKETPLACE,2025-09-16 09:57:00,CANCELLED,EXPRESS,18.4
ORD0000843,CUST000938,STOR0038,MARKETPLACE,2025-09-14 16:19:00,CANCELLED,STANDARD,14.03
ORD0000844,CUST999999,STOR0022,MARKETPLACE,2025-12-16 11:52:00,PENDING,STANDARD,23.64
ORD0000845,CUST000106,STOR0012,STORE,2025-11-11 03:53:00,COMPLETED,EXPRESS,18.63
ORD0000846,CUST000152,STOR0053,STORE,2025-09-01 23:34:00,COMPLETED,CLICK_COLLECT,13.51
ORD0000847,CUST000926,STOR0058,ONLINE,2025-10-16 19:58:00,CANCELLED,STANDARD,23.16
ORD0000848,CUST000613,STOR0059,MARKETPLACE,2025-11-14 18:33:00,COMPLETED,STANDARD,19.75
ORD0000849,CUST001017,STOR0049,STORE,2025-11-25 06:27:00,PENDING,EXPRESS,24.55
ORD0000850,CUST000446,STOR0041,ONLINE,2025-06-01 02:11:00,COMPLETED,CLICK_COLLECT,12.57
ORD0000851,CUST001099,STOR0008,ONLINE,2025-11-14 13:54:00,PENDING,STANDARD,15.24
ORD0000852,CUST000564,STOR0059,MARKETPLACE,2025-09-08 17:05:00,PENDING,STANDARD,22.19
ORD0000853,CUST001174,STOR0041,STORE,2025-05-11 23:50:00,COMPLETED,EXPRESS,11.7
ORD0000854,CUST000303,STOR0036,B2B,2025-05-18 11:20:00,CANCELLED,CLICK_COLLECT,5.19
ORD0000855,CUST000642,STOR0048,ONLINE,2025-12-02 11:05:00,CANCELLED,CLICK_COLLECT,0.3
ORD0000856,CUST000400,STOR0009,B2B,2025-12-06 21:20:00,COMPLETED,CLICK_COLLECT,18.61
ORD0000857,CUST001198,STOR0006,ONLINE,2025-06-06 18:15:00,COMPLETED,CLICK_COLLECT,3.14
ORD0000858,CUST000276,STOR0042,MARKETPLACE,2025-09-29 15:19:00,COMPLETED,STANDARD,6.08
ORD0000859,CUST000121,STOR0045,MARKETPLACE,2025-08-23 01:36:00,PENDING,STANDARD,21.39
ORD0000860,CUST000581,STOR0021,ONLINE,2025-11-05 03:02:00,COMPLETED,EXPRESS,5.3
ORD0000861,CUST000143,STOR0058,MARKETPLACE,2025-09-01 06:25:00,PENDING,EXPRESS,5.14
ORD0000862,CUST000901,STOR0006,STORE,2025-11-15 12:08:00,COMPLETED,CLICK_COLLECT,18.02
ORD0000863,CUST000429,STOR0023,STORE,2025-08-16 18:15:00,PENDING,STANDARD,17.61
ORD0000864,CUST000659,STOR0056,B2B,2025-10-13 10:34:00,COMPLETED,EXPRESS,15.82
ORD0000865,CUST000505,STOR0006,MARKETPLACE,2025-07-19 14:42:00,CANCELLED,EXPRESS,5.99
ORD0000866,CUST000732,STOR0023,ONLINE,2025-09-07 18:11:00,COMPLETED,EXPRESS,7.25
ORD0000867,CUST000088,STOR0043,STORE,2025-08-14 21:39:00,PENDING,STANDARD,11.79
ORD0000868,CUST000325,STOR0035,B2B,2025-06-21 14:01:00,CANCELLED,EXPRESS,0.12
ORD0000869,CUST000363,STOR0034,ONLINE,2025-12-26 07:18:00,CANCELLED,EXPRESS,6.41
ORD0000870,CUST000845,STOR0005,ONLINE,2025-12-01 22:43:00,COMPLETED,CLICK_COLLECT,24.98
ORD0000871,CUST000420,STOR0022,MARKETPLACE,2025-09-01 10:40:00,CANCELLED,EXPRESS,1.07
ORD0000872,CUST000387,STOR0043,ONLINE,2025-08-09 03:02:00,COMPLETED,EXPRESS,24.5
ORD0000873,CUST000997,STOR0027,STORE,2025-05-08 08:09:00,CANCELLED,STANDARD,23.34
ORD0000874,CUST000531,STOR0044,MARKETPLACE,2025-09-13 03:16:00,CANCELLED,STANDARD,13.22
ORD0000875,CUST000650,STOR0051,STORE,2025-10-01 07:37:00,COMPLETED,CLICK_COLLECT,10.29
ORD0000876,CUST001015,STOR0026,MARKETPLACE,2025-11-26 01:26:00,PENDING,CLICK_COLLECT,24.13
ORD0000877,CUST000356,STOR0012,MARKETPLACE,2025-12-27 00:36:00,PENDING,CLICK_COLLECT,11.36
ORD0000878,CUST000719,STOR0008,STORE,2025-07-14 10:48:00,COMPLETED,CLICK_COLLECT,18.72
ORD0000879,CUST001006,STOR0008,B2B,2025-08-30 04:54:00,COMPLETED,STANDARD,0.53
ORD0000880,CUST000246,STOR0051,ONLINE,2025-08-22 17:35:00,CANCELLED,EXPRESS,19.39
ORD0000881,CUST000625,STOR0014,ONLINE,2025-11-18 01:12:00,PENDING,EXPRESS,5.14
ORD0000882,CUST000736,STOR0033,STORE,2025-09-03 14:41:00,COMPLETED,STANDARD,10.12
ORD0000883,CUST000029,STOR0054,MARKETPLACE,2025-11-16 15:28:00,COMPLETED,STANDARD,17.94
ORD0000884,CUST000231,STOR0023,STORE,2025-10-07 00:39:00,PENDING,CLICK_COLLECT,21.83
ORD0000885,CUST000262,STOR0026,STORE,2025-05-11 05:34:00,COMPLETED,EXPRESS,19.69
ORD0000886,CUST000349,STOR0056,STORE,2025-05-16 08:04:00,COMPLETED,CLICK_COLLECT,0.87
ORD0000887,CUST000946,STOR0009,ONLINE,2025-10-20 11:28:00,COMPLETED,EXPRESS,1.66
ORD0000888,CUST001014,STOR0045,MARKETPLACE,2025-05-20 22:44:00,COMPLETED,CLICK_COLLECT,5.38
ORD0000889,CUST000492,STOR0054,ONLINE,2025-07-14 11:49:00,COMPLETED,CLICK_COLLECT,12.07
ORD0000890,CUST000296,STOR0010,MARKETPLACE,2025-10-10 09:06:00,PENDING,EXPRESS,0.7
ORD0000891,CUST000973,STOR0010,B2B,2025-11-08 23:35:00,COMPLETED,CLICK_COLLECT,10.17
ORD0000892,CUST000161,STOR0032,MARKETPLACE,2025-06-21 05:23:00,COMPLETED,STANDARD,7.24
ORD0000893,CUST000439,STOR0012,B2B,2025-07-12 22:41:00,COMPLETED,STANDARD,13.34
ORD0000894,CUST000395,STOR0020,B2B,2025-10-12 01:02:00,PENDING,EXPRESS,2.48
ORD0000895,CUST000973,STOR0001,STORE,2025-08-11 06:03:00,PENDING,EXPRESS,11.22
ORD0000896,CUST000311,STOR0050,ONLINE,2025-10-20 05:03:00,COMPLETED,CLICK_COLLECT,8.38
ORD0000897,CUST000849,STOR0047,STORE,2025-11-24 07:25:00,COMPLETED,CLICK_COLLECT,9.01
ORD0000898,CUST000064,STOR0001,MARKETPLACE,2025-08-18 17:37:00,CANCELLED,EXPRESS,15.12
ORD0000899,CUST001014,STOR0016,STORE,2025-05-13 01:06:00,COMPLETED,CLICK_COLLECT,24.14
ORD0000900,CUST000946,STOR0006,STORE,2025-05-12 14:13:00,COMPLETED,CLICK_COLLECT,11.29
ORD0000901,CUST000419,STOR0035,B2B,2025-06-16 02:06:00,PENDING,STANDARD,18.58
ORD0000902,CUST000799,STOR0032,STORE,2025-09-03 02:41:00,COMPLETED,STANDARD,0.62
ORD0000903,CUST000573,STOR0048,B2B,2025-12-02 08:20:00,COMPLETED,EXPRESS,2.77
ORD0000904,CUST000141,STOR0031,ONLINE,2025-06-17 17:51:00,CANCELLED,EXPRESS,7.66
ORD0000905,CUST000462,STOR0049,MARKETPLACE,2025-08-18 01:09:00,COMPLETED,STANDARD,4.59
ORD0000906,CUST000814,STOR0001,STORE,2025-06-11 02:41:00,COMPLETED,STANDARD,5.37
ORD0000907,CUST000169,STOR0010,ONLINE,2025-10-03 08:48:00,PENDING,EXPRESS,7.63
ORD0000908,CUST000972,STOR0057,STORE,2025-12-02 14:51:00,CANCELLED,CLICK_COLLECT,0.57
ORD0000909,CUST000724,STOR0021,ONLINE,2025-10-25 05:26:00,COMPLETED,STANDARD,11.76
ORD0000910,CUST000615,STOR0047,ONLINE,2025-05-26 20:29:00,COMPLETED,EXPRESS,23.7
ORD0000911,CUST001197,STOR0035,MARKETPLACE,2025-12-03 22:22:00,COMPLETED,EXPRESS,0.93
ORD0000912,CUST000227,STOR0021,ONLINE,2025-06-02 03:36:00,COMPLETED,EXPRESS,13.51
ORD0000913,CUST001098,STOR0057,B2B,2025-08-17 22:18:00,COMPLETED,EXPRESS,13.9
ORD0000914,CUST000863,STOR0009,STORE,2025-11-24 16:43:00,CANCELLED,EXPRESS,24.98
ORD0000915,CUST001077,STOR0018,MARKETPLACE,2025-12-24 00:32:00,CANCELLED,EXPRESS,0.59
ORD0000916,CUST001142,STOR0006,ONLINE,2025-11-13 07:28:00,PENDING,STANDARD,12.27
ORD0000917,CUST000176,STOR0028,MARKETPLACE,2025-10-11 18:08:00,COMPLETED,STANDARD,10.09
ORD0000918,CUST001084,STOR0060,STORE,2025-11-10 23:48:00,CANCELLED,CLICK_COLLECT,24.05
ORD0000919,CUST000405,STOR0051,MARKETPLACE,2025-10-13 04:53:00,COMPLETED,EXPRESS,13.51
ORD0000920,CUST000920,STOR0003,STORE,2025-09-13 13:17:00,COMPLETED,STANDARD,14.35
ORD0000921,CUST000562,STOR0028,STORE,2025-09-18 13:20:00,COMPLETED,CLICK_COLLECT,21.39
ORD0000922,CUST000409,STOR0048,B2B,2025-06-18 02:10:00,COMPLETED,STANDARD,8.98
ORD0000923,CUST000427,STOR0049,STORE,2025-07-29 00:56:00,COMPLETED,STANDARD,0.52
ORD0000924,CUST000510,STOR0051,MARKETPLACE,2025-09-23 16:24:00,CANCELLED,EXPRESS,5.98
ORD0000925,CUST000007,STOR0034,ONLINE,2025-06-03 19:00:00,COMPLETED,EXPRESS,2.98
ORD0000926,CUST001188,STOR0055,ONLINE,2025-11-26 00:01:00,CANCELLED,CLICK_COLLECT,18.82
ORD0000927,CUST000482,STOR0009,B2B,2025-10-13 04:52:00,COMPLETED,EXPRESS,18.55
ORD0000928,CUST001183,STOR0047,B2B,2025-10-01 21:34:00,PENDING,STANDARD,9.71
ORD0000929,CUST000615,STOR0035,ONLINE,2025-09-21 23:21:00,PENDING,EXPRESS,12.0
ORD0000930,CUST000084,STOR0004,ONLINE,2025-07-11 12:15:00,PENDING,CLICK_COLLECT,12.88
ORD0000931,CUST000890,STOR0008,ONLINE,2025-10-28 07:15:00,COMPLETED,EXPRESS,2.06
ORD0000932,CUST000175,STOR0021,ONLINE,2025-05-30 16:56:00,PENDING,CLICK_COLLECT,16.14
ORD0000933,CUST001027,STOR0010,MARKETPLACE,2025-10-30 08:21:00,COMPLETED,STANDARD,4.73
ORD0000934,CUST000141,STOR0024,STORE,2025-07-11 21:00:00,COMPLETED,STANDARD,6.94
ORD0000935,CUST000659,STOR0025,MARKETPLACE,2025-08-19 00:28:00,COMPLETED,CLICK_COLLECT,22.26
ORD0000936,CUST000905,STOR0010,ONLINE,2025-07-14 12:27:00,COMPLETED,STANDARD,13.76
ORD0000937,CUST000033,STOR0052,STORE,2025-07-13 20:46:00,PENDING,STANDARD,17.22
ORD0000938,CUST000456,STOR0033,B2B,2025-06-13 04:41:00,PENDING,EXPRESS,24.2
ORD0000939,CUST000069,STOR0034,MARKETPLACE,2025-06-13 12:09:00,PENDING,STANDARD,12.42
ORD0000940,CUST000279,STOR0030,STORE,2025-10-29 10:57:00,COMPLETED,CLICK_COLLECT,24.27
ORD0000941,CUST000456,STOR0023,B2B,2025-08-19 09:10:00,COMPLETED,STANDARD,7.37
ORD0000942,CUST001147,STOR0009,MARKETPLACE,2025-06-15 19:06:00,COMPLETED,CLICK_COLLECT,2.9
ORD0000943,CUST000362,STOR0051,MARKETPLACE,2025-08-21 02:40:00,COMPLETED,CLICK_COLLECT,0.45
ORD0000944,CUST000065,STOR0004,B2B,2025-10-23 12:07:00,PENDING,STANDARD,5.48
ORD0000945,CUST000049,STOR0004,ONLINE,2025-07-12 13:26:00,COMPLETED,CLICK_COLLECT,6.06
ORD0000946,CUST000061,STOR0006,STORE,2025-06-11 14:05:00,COMPLETED,STANDARD,14.19
ORD0000947,CUST000141,STOR0023,ONLINE,2025-12-28 20:27:00,COMPLETED,STANDARD,16.37
ORD0000948,CUST000767,STOR0001,B2B,2025-07-12 17:45:00,CANCELLED,EXPRESS,18.79
ORD0000949,CUST000530,STOR0020,B2B,2025-07-02 23:58:00,COMPLETED,EXPRESS,16.38
ORD0000950,CUST000859,STOR0015,MARKETPLACE,2025-12-20 04:28:00,CANCELLED,STANDARD,2.68
ORD0000951,CUST000015,STOR0024,B2B,2025-05-28 10:15:00,COMPLETED,CLICK_COLLECT,7.73
ORD0000952,CUST000482,STOR0023,B2B,2025-12-08 04:16:00,COMPLETED,EXPRESS,24.98
ORD0000953,CUST000651,STOR0049,ONLINE,2025-09-19 05:10:00,COMPLETED,EXPRESS,16.7
ORD0000954,CUST000008,STOR0033,B2B,2025-06-21 12:28:00,CANCELLED,CLICK_COLLECT,20.23
ORD0000955,CUST000820,STOR0010,STORE,2025-12-31 11:59:00,COMPLETED,STANDARD,23.91
ORD0000956,CUST000838,STOR0055,B2B,2025-10-12 14:56:00,PENDING,EXPRESS,19.75
ORD0000957,CUST000165,STOR0043,STORE,2025-07-20 15:29:00,PENDING,STANDARD,15.98
ORD0000958,CUST000846,STOR0060,ONLINE,2025-08-06 00:02:00,PENDING,EXPRESS,12.51
ORD0000959,CUST000258,STOR0016,MARKETPLACE,2025-09-06 09:09:00,COMPLETED,STANDARD,7.69
ORD0000960,CUST000775,STOR0036,STORE,2025-07-23 23:26:00,COMPLETED,STANDARD,2.17
ORD0000961,CUST000518,STOR0039,MARKETPLACE,2025-11-24 20:27:00,COMPLETED,EXPRESS,6.42
ORD0000962,CUST000819,STOR0043,MARKETPLACE,2025-11-23 05:01:00,COMPLETED,CLICK_COLLECT,20.46
ORD0000963,CUST001010,STOR0050,STORE,2025-11-18 03:06:00,PENDING,CLICK_COLLECT,2.01
ORD0000964,CUST000006,STOR0055,B2B,2025-06-12 14:15:00,COMPLETED,EXPRESS,5.63
ORD0000965,CUST000589,STOR0033,STORE,2025-10-26 18:50:00,COMPLETED,CLICK_COLLECT,12.92
ORD0000966,CUST000048,STOR0026,B2B,2025-10-03 13:34:00,COMPLETED,STANDARD,8.68
ORD0000967,CUST000373,STOR0006,STORE,2025-05-31 03:02:00,COMPLETED,EXPRESS,4.9
ORD0000968,CUST000382,STOR0016,ONLINE,2025-11-13 08:05:00,COMPLETED,CLICK_COLLECT,10.04
ORD0000969,CUST001082,STOR0028,ONLINE,2025-07-24 19:47:00,COMPLETED,EXPRESS,3.56
ORD0000970,CUST001035,STOR0025,ONLINE,2025-11-04 23:41:00,COMPLETED,STANDARD,4.08
ORD0000971,CUST000915,STOR0036,ONLINE,2025-10-31 06:06:00,COMPLETED,STANDARD,20.19
ORD0000972,CUST000610,STOR0059,B2B,2025-05-14 00:13:00,COMPLETED,STANDARD,2.67
ORD0000973,CUST000203,STOR0038,B2B,2025-10-29 15:47:00,PENDING,EXPRESS,1.14
ORD0000974,CUST000795,STOR0057,STORE,2025-11-13 03:56:00,COMPLETED,CLICK_COLLECT,17.88
ORD0000975,CUST001040,STOR0017,ONLINE,2025-11-14 01:46:00,PENDING,CLICK_COLLECT,7.12
ORD0000976,CUST001073,STOR0022,MARKETPLACE,2025-10-15 14:52:00,COMPLETED,CLICK_COLLECT,3.01
ORD0000977,CUST000458,STOR0022,STORE,2025-06-27 14:21:00,COMPLETED,STANDARD,11.81
ORD0000978,CUST000909,STOR0034,ONLINE,2025-06-17 17:33:00,CANCELLED,STANDARD,19.48
ORD0000979,CUST000465,STOR0030,ONLINE,2025-10-06 01:45:00,CANCELLED,STANDARD,10.67
ORD0000980,CUST000228,STOR0050,B2B,2025-09-24 22:32:00,COMPLETED,STANDARD,22.34
ORD0000981,CUST000787,STOR0017,B2B,2025-10-26 19:56:00,CANCELLED,STANDARD,13.39
ORD0000982,CUST000465,STOR0003,B2B,2025-09-07 10:53:00,CANCELLED,CLICK_COLLECT,21.58
ORD0000983,CUST000588,STOR0036,ONLINE,2025-12-22 00:11:00,PENDING,EXPRESS,19.61
ORD0000984,CUST000031,STOR0011,MARKETPLACE,2025-09-02 16:02:00,COMPLETED,STANDARD,19.96
ORD0000985,CUST000810,STOR0012,STORE,2025-06-09 06:56:00,COMPLETED,EXPRESS,14.63
ORD0000986,CUST000784,STOR0036,MARKETPLACE,2025-11-24 12:38:00,CANCELLED,EXPRESS,9.96
ORD0000987,CUST000907,STOR0044,MARKETPLACE,2025-09-03 00:24:00,COMPLETED,EXPRESS,15.49
ORD0000988,CUST000747,STOR0045,STORE,2025-06-05 07:36:00,COMPLETED,EXPRESS,1.37
ORD0000989,CUST000611,STOR0053,STORE,2025-06-04 13:57:00,CANCELLED,STANDARD,0.11
ORD0000990,CUST000405,STOR0024,ONLINE,2025-12-29 00:13:00,PENDING,EXPRESS,22.32
ORD0000991,CUST000434,STOR0045,ONLINE,2025-06-15 09:54:00,PENDING,CLICK_COLLECT,21.64
ORD0000992,CUST001110,STOR0055,MARKETPLACE,2025-09-30 04:18:00,PENDING,STANDARD,5.51
ORD0000993,CUST000220,STOR0048,B2B,2025-05-08 09:58:00,PENDING,STANDARD,20.35
ORD0000994,CUST000302,STOR0007,MARKETPLACE,2025-07-25 07:02:00,COMPLETED,EXPRESS,11.91
ORD0000995,CUST000795,STOR0045,MARKETPLACE,2025-08-07 22:35:00,CANCELLED,CLICK_COLLECT,19.85
ORD0000996,CUST000676,STOR0015,MARKETPLACE,2025-07-04 21:55:00,PENDING,STANDARD,2.34
ORD0000997,CUST000243,STOR0057,MARKETPLACE,2025-07-28 00:52:00,CANCELLED,EXPRESS,6.49
ORD0000998,CUST001199,STOR0051,B2B,2025-06-14 15:32:00,COMPLETED,EXPRESS,11.81
ORD0000999,CUST000228,STOR0009,ONLINE,2025-09-24 10:20:00,CANCELLED,EXPRESS,8.24
ORD0001000,CUST000763,STOR0049,B2B,2025-05-31 04:14:00,PENDING,STANDARD,8.53
ORD0001001,CUST000094,STOR0049,B2B,2025-07-11 04:24:00,COMPLETED,STANDARD,18.36
ORD0001002,CUST000600,STOR0028,MARKETPLACE,2025-05-10 04:18:00,COMPLETED,EXPRESS,19.33
ORD0001003,CUST000734,STOR0005,B2B,2025-09-02 04:02:00,COMPLETED,STANDARD,11.52
ORD0001004,CUST000251,STOR0024,B2B,2025-05-21 16:29:00,COMPLETED,CLICK_COLLECT,12.02
ORD0001005,CUST000126,STOR0014,ONLINE,2025-10-17 07:30:00,CANCELLED,EXPRESS,7.67
ORD0001006,CUST000381,STOR0057,B2B,2025-07-03 16:01:00,COMPLETED,STANDARD,21.01
ORD0001007,CUST000941,STOR0043,STORE,2025-09-11 10:45:00,CANCELLED,STANDARD,4.05
ORD0001008,CUST000808,STOR0044,B2B,2025-06-19 10:16:00,COMPLETED,EXPRESS,4.65
ORD0001009,CUST000919,STOR0027,B2B,2025-09-15 09:02:00,COMPLETED,STANDARD,0.26
ORD0001010,CUST000424,STOR0010,B2B,2025-10-20 12:43:00,COMPLETED,CLICK_COLLECT,5.16
ORD0001011,CUST001124,STOR0059,B2B,2025-07-31 06:46:00,CANCELLED,EXPRESS,17.29
ORD0001012,CUST000447,STOR0058,B2B,2025-08-05 19:08:00,PENDING,EXPRESS,15.18
ORD0001013,CUST000062,STOR0052,MARKETPLACE,2025-08-18 21:44:00,PENDING,CLICK_COLLECT,24.84
ORD0001014,CUST000362,STOR0004,MARKETPLACE,2025-10-04 21:14:00,COMPLETED,STANDARD,6.49
ORD0001015,CUST001075,STOR0054,STORE,2025-08-02 00:43:00,CANCELLED,STANDARD,14.44
ORD0001016,CUST000671,STOR0039,B2B,2025-11-12 02:57:00,CANCELLED,EXPRESS,19.41
ORD0001017,CUST000659,STOR0027,B2B,2025-07-25 06:43:00,COMPLETED,CLICK_COLLECT,11.84
ORD0001018,CUST000695,STOR0023,MARKETPLACE,2025-10-05 14:31:00,COMPLETED,EXPRESS,21.26
ORD0001019,CUST000057,STOR0016,MARKETPLACE,2025-10-03 22:55:00,COMPLETED,STANDARD,11.92
ORD0001020,CUST000267,STOR0030,STORE,2025-12-12 12:47:00,COMPLETED,STANDARD,17.65
ORD0001021,CUST000988,STOR0007,ONLINE,2025-06-19 20:09:00,COMPLETED,EXPRESS,20.75
ORD0001022,CUST000248,STOR0032,ONLINE,2025-10-19 15:27:00,CANCELLED,STANDARD,1.43
ORD0001023,CUST001113,STOR0024,ONLINE,2025-07-20 05:39:00,COMPLETED,EXPRESS,20.93
ORD0001024,CUST000477,STOR0003,MARKETPLACE,2025-08-17 18:35:00,COMPLETED,STANDARD,20.89
ORD0001025,CUST001198,STOR0055,STORE,2025-10-01 00:13:00,COMPLETED,STANDARD,22.46
ORD0001026,CUST001126,STOR0001,ONLINE,2025-11-13 13:36:00,COMPLETED,STANDARD,16.97
ORD0001027,CUST000159,STOR0004,B2B,2025-07-13 15:53:00,PENDING,STANDARD,21.71
ORD0001028,CUST000040,STOR0059,STORE,2025-08-29 14:56:00,COMPLETED,EXPRESS,23.1
ORD0001029,CUST000702,STOR0044,ONLINE,2025-08-28 01:56:00,COMPLETED,EXPRESS,14.58
ORD0001030,CUST000940,STOR0012,MARKETPLACE,2025-06-28 05:26:00,COMPLETED,EXPRESS,14.44
ORD0001031,CUST000903,STOR0011,MARKETPLACE,2025-12-10 03:55:00,CANCELLED,EXPRESS,24.47
ORD0001032,CUST001106,STOR0015,ONLINE,2025-12-26 17:00:00,CANCELLED,EXPRESS,6.5
ORD0001033,CUST001127,STOR0021,ONLINE,2025-06-15 11:39:00,PENDING,STANDARD,18.45
ORD0001034,CUST000324,STOR0049,B2B,2025-07-02 04:29:00,COMPLETED,CLICK_COLLECT,21.53
ORD0001035,CUST000794,STOR0015,MARKETPLACE,2025-06-15 18:07:00,COMPLETED,EXPRESS,24.37
ORD0001036,CUST000257,STOR0054,B2B,2025-09-27 13:03:00,CANCELLED,EXPRESS,9.88
ORD0001037,CUST000341,STOR0036,MARKETPLACE,2025-07-29 05:29:00,COMPLETED,STANDARD,14.7
ORD0001038,CUST000766,STOR0002,B2B,2025-07-12 19:47:00,COMPLETED,CLICK_COLLECT,21.48
ORD0001039,CUST000006,STOR0027,B2B,2025-08-25 09:52:00,COMPLETED,EXPRESS,21.16
ORD0001040,CUST001118,STOR0001,ONLINE,2025-05-11 05:02:00,PENDING,STANDARD,14.88
ORD0001041,CUST000160,STOR0058,MARKETPLACE,2025-06-17 05:49:00,COMPLETED,STANDARD,15.49
ORD0001042,CUST001173,STOR0059,ONLINE,2025-07-16 08:34:00,PENDING,STANDARD,4.33
ORD0001043,CUST000507,STOR0014,STORE,2025-06-15 11:12:00,COMPLETED,STANDARD,6.12
ORD0001044,CUST000767,STOR0058,MARKETPLACE,2025-05-23 01:09:00,COMPLETED,STANDARD,2.84
ORD0001045,CUST000692,STOR0019,MARKETPLACE,2025-12-18 23:14:00,COMPLETED,STANDARD,21.38
ORD0001046,CUST001136,STOR0052,MARKETPLACE,2025-10-01 16:52:00,COMPLETED,CLICK_COLLECT,4.84
ORD0001047,CUST000333,STOR0019,STORE,2025-11-20 07:12:00,CANCELLED,STANDARD,14.8
ORD0001048,CUST001101,STOR0002,MARKETPLACE,2025-06-08 00:51:00,PENDING,CLICK_COLLECT,18.51
ORD0001049,CUST000259,STOR0054,MARKETPLACE,2025-10-18 07:07:00,COMPLETED,STANDARD,4.04
ORD0001050,CUST000683,STOR0049,B2B,2025-10-01 01:28:00,COMPLETED,CLICK_COLLECT,15.03
ORD0001051,CUST000293,STOR0016,B2B,2025-06-09 01:07:00,CANCELLED,STANDARD,1.88
ORD0001052,CUST000762,STOR0018,STORE,2025-08-31 09:37:00,COMPLETED,STANDARD,9.6
ORD0001053,CUST000191,STOR0037,STORE,2025-10-05 08:41:00,CANCELLED,EXPRESS,15.55
ORD0001054,CUST000272,STOR0012,B2B,2025-11-25 03:37:00,CANCELLED,STANDARD,17.57
ORD0001055,CUST999999,STOR0047,B2B,2025-05-31 15:23:00,COMPLETED,EXPRESS,21.37
ORD0001056,CUST000310,STOR0043,B2B,2025-07-15 15:20:00,COMPLETED,EXPRESS,2.57
ORD0001057,CUST000053,STOR0057,B2B,2025-12-23 04:44:00,COMPLETED,EXPRESS,20.22
ORD0001058,CUST001170,STOR0038,STORE,2025-07-03 00:00:00,PENDING,EXPRESS,7.89
ORD0001059,CUST000392,STOR0011,ONLINE,2025-06-10 08:03:00,COMPLETED,EXPRESS,17.28
ORD0001060,CUST000021,STOR0021,ONLINE,2025-12-12 10:22:00,COMPLETED,STANDARD,17.99
ORD0001061,CUST000216,STOR0020,STORE,2025-06-10 03:37:00,COMPLETED,CLICK_COLLECT,21.28
ORD0001062,CUST000287,STOR0017,B2B,2025-09-07 18:29:00,PENDING,STANDARD,9.36
ORD0001063,CUST000269,STOR0010,ONLINE,2025-11-11 08:55:00,PENDING,CLICK_COLLECT,5.91
ORD0001064,CUST000659,STOR0045,ONLINE,2025-12-01 08:40:00,PENDING,STANDARD,18.4
ORD0001065,CUST001112,STOR0031,B2B,2025-05-07 09:49:00,COMPLETED,EXPRESS,12.32
ORD0001066,CUST000428,STOR0057,STORE,2025-08-11 18:12:00,COMPLETED,CLICK_COLLECT,14.74
ORD0001067,CUST000196,STOR0023,ONLINE,2025-09-25 13:22:00,COMPLETED,EXPRESS,11.68
ORD0001068,CUST000888,STOR0018,ONLINE,2025-09-21 21:18:00,PENDING,EXPRESS,15.91
ORD0001069,CUST001080,STOR0034,STORE,2025-11-23 11:47:00,PENDING,STANDARD,24.32
ORD0001070,CUST000979,STOR0009,B2B,2025-07-27 22:27:00,COMPLETED,STANDARD,18.49
ORD0001071,CUST000257,STOR0043,STORE,2025-07-13 12:30:00,COMPLETED,EXPRESS,23.1
ORD0001072,CUST000654,STOR0048,MARKETPLACE,2025-12-12 20:55:00,COMPLETED,CLICK_COLLECT,9.79
ORD0001073,CUST000376,STOR0056,MARKETPLACE,2025-09-25 05:11:00,COMPLETED,STANDARD,13.33
ORD0001074,CUST000831,STOR0011,MARKETPLACE,2025-08-04 23:50:00,CANCELLED,STANDARD,13.81
ORD0001075,CUST000516,STOR0057,STORE,2025-06-23 18:48:00,COMPLETED,STANDARD,21.28
ORD0001076,CUST000561,STOR0006,MARKETPLACE,2025-06-18 05:15:00,PENDING,CLICK_COLLECT,4.38
ORD0001077,CUST000856,STOR0026,STORE,2025-05-08 00:38:00,CANCELLED,STANDARD,3.36
ORD0001078,CUST000702,STOR0053,ONLINE,2025-08-16 00:16:00,PENDING,EXPRESS,10.76
ORD0001079,CUST000584,STOR0042,ONLINE,2025-06-22 02:30:00,COMPLETED,CLICK_COLLECT,5.79
ORD0001080,CUST000173,STOR0037,STORE,2025-05-25 01:47:00,COMPLETED,EXPRESS,19.08
ORD0001081,CUST000276,STOR0011,MARKETPLACE,2025-09-20 19:11:00,CANCELLED,STANDARD,2.17
ORD0001082,CUST000012,STOR0045,ONLINE,2025-10-04 07:24:00,CANCELLED,STANDARD,23.29
ORD0001083,CUST000077,STOR0021,B2B,2025-06-11 14:31:00,COMPLETED,EXPRESS,2.77
ORD0001084,CUST000113,STOR0031,B2B,2025-10-28 23:26:00,COMPLETED,EXPRESS,7.03
ORD0001085,CUST000725,STOR0001,ONLINE,2025-11-03 16:45:00,PENDING,EXPRESS,5.71
ORD0001086,CUST000868,STOR0006,B2B,2025-06-19 06:17:00,CANCELLED,CLICK_COLLECT,3.67
ORD0001087,CUST000422,STOR0056,STORE,2025-07-02 21:07:00,CANCELLED,STANDARD,0.31
ORD0001088,CUST000580,STOR0046,ONLINE,2025-12-31 19:16:00,CANCELLED,EXPRESS,3.43
ORD0001089,CUST000797,STOR0023,MARKETPLACE,2025-06-26 22:06:00,COMPLETED,STANDARD,22.88
ORD0001090,CUST000951,STOR0031,B2B,2025-06-25 14:11:00,PENDING,EXPRESS,11.92
ORD0001091,CUST000427,STOR0051,MARKETPLACE,2025-08-21 01:27:00,PENDING,EXPRESS,4.5
ORD0001092,CUST000878,STOR0052,ONLINE,2025-05-17 08:56:00,CANCELLED,EXPRESS,21.46
ORD0001093,CUST000904,STOR0002,ONLINE,2025-05-31 16:35:00,CANCELLED,CLICK_COLLECT,15.39
ORD0001094,CUST000375,STOR0003,STORE,2025-06-23 05:19:00,COMPLETED,CLICK_COLLECT,5.48
ORD0001095,CUST000548,STOR0005,B2B,2025-07-23 08:49:00,COMPLETED,STANDARD,6.72
ORD0001096,CUST000403,STOR0033,B2B,2025-08-23 10:50:00,PENDING,EXPRESS,11.22
ORD0001097,CUST000736,STOR0056,MARKETPLACE,2025-11-16 00:10:00,PENDING,EXPRESS,18.63
ORD0001098,CUST001146,STOR0037,ONLINE,2025-08-10 04:26:00,COMPLETED,CLICK_COLLECT,11.69
ORD0001099,CUST000546,STOR0005,ONLINE,2025-06-25 16:27:00,COMPLETED,CLICK_COLLECT,8.47
ORD0001100,CUST000641,STOR0031,MARKETPLACE,2025-09-11 10:40:00,COMPLETED,STANDARD,9.77
ORD0001101,CUST000033,STOR0054,ONLINE,2025-07-16 07:20:00,PENDING,STANDARD,11.92
ORD0001102,CUST000876,STOR0004,MARKETPLACE,2025-05-25 08:43:00,CANCELLED,CLICK_COLLECT,15.88
ORD0001103,CUST000455,STOR0030,MARKETPLACE,2025-11-10 03:18:00,COMPLETED,STANDARD,11.43
ORD0001104,CUST000169,STOR0035,B2B,2025-08-15 23:24:00,COMPLETED,EXPRESS,6.41
ORD0001105,CUST000795,STOR0049,STORE,2025-08-20 14:08:00,CANCELLED,CLICK_COLLECT,23.12
ORD0001106,CUST000609,STOR0057,ONLINE,2025-12-22 02:23:00,PENDING,EXPRESS,20.41
ORD0001107,CUST000069,STOR0004,STORE,2025-11-13 19:36:00,CANCELLED,EXPRESS,23.11
ORD0001108,CUST000226,STOR0001,MARKETPLACE,2025-06-17 18:53:00,COMPLETED,STANDARD,17.44
ORD0001109,CUST000042,STOR0019,STORE,2025-10-19 17:24:00,COMPLETED,EXPRESS,18.82
ORD0001110,CUST000075,STOR0015,STORE,2025-08-23 01:21:00,CANCELLED,EXPRESS,22.87
ORD0001111,CUST000433,STOR0002,B2B,2025-10-04 16:15:00,CANCELLED,CLICK_COLLECT,11.0
ORD0001112,CUST000829,STOR0031,ONLINE,2025-06-29 00:52:00,PENDING,STANDARD,4.58
ORD0001113,CUST000974,STOR0059,MARKETPLACE,2025-06-21 13:26:00,COMPLETED,CLICK_COLLECT,0.4
ORD0001114,CUST001039,STOR0028,MARKETPLACE,2025-09-14 14:32:00,COMPLETED,CLICK_COLLECT,19.0
ORD0001115,CUST000096,STOR0025,B2B,2025-10-26 19:51:00,COMPLETED,CLICK_COLLECT,10.37
ORD0001116,CUST000347,STOR0045,B2B,2025-07-22 21:52:00,CANCELLED,STANDARD,18.55
ORD0001117,CUST000045,STOR0055,MARKETPLACE,2025-07-25 20:20:00,PENDING,STANDARD,3.47
ORD0001118,CUST000121,STOR0017,B2B,2025-06-05 22:29:00,COMPLETED,CLICK_COLLECT,21.61
ORD0001119,CUST000061,STOR0027,B2B,2025-10-27 23:28:00,COMPLETED,STANDARD,20.97
ORD0001120,CUST000334,STOR0037,ONLINE,2025-11-17 02:25:00,CANCELLED,STANDARD,23.59
ORD0001121,CUST001043,STOR0054,ONLINE,2025-10-01 18:11:00,PENDING,CLICK_COLLECT,23.26
ORD0001122,CUST000316,STOR0027,MARKETPLACE,2025-09-08 03:35:00,COMPLETED,STANDARD,11.59
ORD0001123,CUST000013,STOR0035,B2B,2025-08-31 23:58:00,COMPLETED,CLICK_COLLECT,6.56
ORD0001124,CUST000324,STOR0002,STORE,2025-08-17 18:18:00,PENDING,CLICK_COLLECT,17.17
ORD0001125,CUST000179,STOR0044,STORE,2025-10-23 07:56:00,COMPLETED,EXPRESS,17.18
ORD0001126,CUST000040,STOR0008,MARKETPLACE,2025-10-16 19:44:00,COMPLETED,CLICK_COLLECT,15.26
ORD0001127,CUST000780,STOR0039,STORE,2025-08-21 14:01:00,COMPLETED,CLICK_COLLECT,8.5
ORD0001128,CUST000005,STOR0024,MARKETPLACE,2025-09-20 14:12:00,PENDING,CLICK_COLLECT,4.06
ORD0001129,CUST001050,STOR0048,MARKETPLACE,2025-07-14 07:35:00,COMPLETED,STANDARD,17.43
ORD0001130,CUST000155,STOR0030,ONLINE,2025-11-22 22:43:00,CANCELLED,EXPRESS,12.55
ORD0001131,CUST000772,STOR0042,MARKETPLACE,2025-12-29 00:24:00,COMPLETED,CLICK_COLLECT,2.85
ORD0001132,CUST001188,STOR0056,ONLINE,2025-12-18 20:33:00,COMPLETED,EXPRESS,16.26
ORD0001133,CUST000291,STOR0058,ONLINE,2025-07-09 18:58:00,COMPLETED,STANDARD,4.99
ORD0001134,CUST000975,STOR0004,STORE,2025-08-28 01:07:00,CANCELLED,CLICK_COLLECT,7.46
ORD0001135,CUST000064,STOR0033,ONLINE,2025-08-28 01:13:00,PENDING,CLICK_COLLECT,22.46
ORD0001136,CUST000327,STOR0026,STORE,2025-12-11 02:29:00,PENDING,STANDARD,15.02
ORD0001137,CUST000607,STOR0054,MARKETPLACE,2025-08-20 17:11:00,PENDING,EXPRESS,18.81
ORD0001138,CUST000040,STOR0030,STORE,2025-05-13 21:54:00,PENDING,CLICK_COLLECT,16.49
ORD0001139,CUST000957,STOR0041,MARKETPLACE,2025-07-31 18:11:00,COMPLETED,STANDARD,10.47
ORD0001140,CUST000231,STOR0047,B2B,2025-05-06 13:59:00,COMPLETED,STANDARD,20.0
ORD0001141,CUST000032,STOR0036,ONLINE,2025-08-17 12:08:00,PENDING,STANDARD,21.02
ORD0001142,CUST000935,STOR0004,STORE,2025-07-06 19:07:00,CANCELLED,STANDARD,16.81
ORD0001143,CUST000552,STOR0014,MARKETPLACE,2025-12-17 08:17:00,PENDING,EXPRESS,15.76
ORD0001144,CUST000685,STOR0034,B2B,2025-06-22 20:16:00,COMPLETED,STANDARD,4.47
ORD0001145,CUST000293,STOR0020,STORE,2025-11-10 23:18:00,COMPLETED,STANDARD,10.2
ORD0001146,CUST000320,STOR0015,B2B,2025-05-10 18:05:00,COMPLETED,STANDARD,0.22
ORD0001147,CUST000925,STOR0026,ONLINE,2025-09-24 08:36:00,COMPLETED,CLICK_COLLECT,9.42
ORD0001148,CUST000271,STOR0059,MARKETPLACE,2025-11-16 14:00:00,COMPLETED,EXPRESS,7.96
ORD0001149,CUST000087,STOR0023,MARKETPLACE,2025-12-08 22:19:00,COMPLETED,CLICK_COLLECT,19.1
ORD0001150,CUST000163,STOR0045,B2B,2025-07-10 16:48:00,COMPLETED,EXPRESS,16.99
ORD0001151,CUST000558,STOR0054,STORE,2025-07-07 12:52:00,COMPLETED,EXPRESS,21.86
ORD0001152,CUST000510,STOR0034,MARKETPLACE,2025-09-28 14:31:00,COMPLETED,CLICK_COLLECT,10.0
ORD0001153,CUST000473,STOR0028,ONLINE,2025-06-13 06:08:00,CANCELLED,EXPRESS,20.17
ORD0001154,CUST000836,STOR0019,ONLINE,2025-10-07 19:33:00,COMPLETED,EXPRESS,14.54
ORD0001155,CUST000357,STOR0009,ONLINE,2025-09-28 15:58:00,COMPLETED,STANDARD,15.12
ORD0001156,CUST000842,STOR0037,STORE,2025-08-13 05:10:00,COMPLETED,EXPRESS,10.42
ORD0001157,CUST001166,STOR0038,B2B,2025-05-24 14:59:00,COMPLETED,STANDARD,22.31
ORD0001158,CUST000317,STOR0038,STORE,2025-08-10 19:37:00,COMPLETED,EXPRESS,18.79
ORD0001159,CUST000819,STOR0036,B2B,2025-11-10 15:55:00,CANCELLED,EXPRESS,15.27
ORD0001160,CUST000617,STOR0008,STORE,2025-08-09 13:00:00,COMPLETED,CLICK_COLLECT,4.32
ORD0001161,CUST000506,STOR0007,MARKETPLACE,2025-09-16 08:57:00,COMPLETED,CLICK_COLLECT,13.2
ORD0001162,CUST000317,STOR0009,B2B,2025-06-23 19:05:00,COMPLETED,STANDARD,0.11
ORD0001163,CUST000102,STOR0042,B2B,2025-05-23 09:19:00,CANCELLED,STANDARD,21.0
ORD0001164,CUST000625,STOR0048,STORE,2025-11-07 23:04:00,COMPLETED,EXPRESS,18.28
ORD0001165,CUST000616,STOR0008,ONLINE,2025-09-27 02:13:00,COMPLETED,CLICK_COLLECT,20.29
ORD0001166,CUST001114,STOR0031,STORE,2025-09-09 10:09:00,COMPLETED,CLICK_COLLECT,15.32
ORD0001167,CUST000786,STOR0020,STORE,2025-08-25 20:20:00,COMPLETED,EXPRESS,22.71
ORD0001168,CUST000310,STOR0004,STORE,2025-07-29 19:45:00,COMPLETED,EXPRESS,20.79
ORD0001169,CUST000993,STOR0028,B2B,2025-05-13 18:59:00,PENDING,STANDARD,15.56
ORD0001170,CUST000821,STOR0009,ONLINE,2025-07-11 17:57:00,COMPLETED,EXPRESS,13.35
ORD0001171,CUST000971,STOR0043,MARKETPLACE,2025-12-17 00:05:00,COMPLETED,CLICK_COLLECT,23.38
ORD0001172,CUST000838,STOR0007,B2B,2025-08-28 19:26:00,PENDING,EXPRESS,24.45
ORD0001173,CUST000595,STOR0055,ONLINE,2025-06-14 20:58:00,COMPLETED,STANDARD,19.89
ORD0001174,CUST000247,STOR0046,STORE,2025-07-23 15:16:00,COMPLETED,STANDARD,24.11
ORD0001175,CUST000647,STOR0055,B2B,2025-10-21 06:30:00,COMPLETED,STANDARD,1.3
ORD0001176,CUST000348,STOR0005,B2B,2025-09-08 15:12:00,COMPLETED,STANDARD,5.64
ORD0001177,CUST000368,STOR0003,STORE,2025-05-28 18:48:00,COMPLETED,CLICK_COLLECT,18.61
ORD0001178,CUST000146,STOR0038,STORE,2025-10-02 19:46:00,PENDING,EXPRESS,4.83
ORD0001179,CUST000611,STOR0047,STORE,2025-08-31 01:12:00,COMPLETED,EXPRESS,6.88
ORD0001180,CUST000001,STOR0050,MARKETPLACE,2025-08-28 09:35:00,CANCELLED,EXPRESS,0.64
ORD0001181,CUST000264,STOR0050,STORE,2025-11-13 17:26:00,COMPLETED,STANDARD,23.08
ORD0001182,CUST000964,STOR0027,MARKETPLACE,2025-12-18 00:44:00,COMPLETED,CLICK_COLLECT,1.78
ORD0001183,CUST001142,STOR0055,MARKETPLACE,2025-09-03 20:02:00,COMPLETED,EXPRESS,17.38
ORD0001184,CUST001103,STOR0038,MARKETPLACE,2025-10-21 05:55:00,COMPLETED,EXPRESS,8.79
ORD0001185,CUST000151,STOR0036,MARKETPLACE,2025-06-24 08:02:00,PENDING,STANDARD,8.61
ORD0001186,CUST000196,STOR0021,B2B,2025-09-22 23:05:00,COMPLETED,EXPRESS,17.96
ORD0001187,CUST000750,STOR0016,ONLINE,2025-10-11 12:42:00,CANCELLED,STANDARD,16.17
ORD0001188,CUST000104,STOR0019,ONLINE,2025-12-02 15:00:00,PENDING,STANDARD,22.31
ORD0001189,CUST000638,STOR0021,MARKETPLACE,2025-11-27 00:45:00,COMPLETED,CLICK_COLLECT,6.91
ORD0001190,CUST001119,STOR0010,STORE,2025-05-10 07:38:00,COMPLETED,CLICK_COLLECT,0.6
ORD0001191,CUST000807,STOR0050,STORE,2025-06-28 18:24:00,COMPLETED,STANDARD,12.84
ORD0001192,CUST000818,STOR0044,MARKETPLACE,2025-12-26 17:35:00,COMPLETED,CLICK_COLLECT,11.12
ORD0001193,CUST000803,STOR0021,STORE,2025-09-21 00:09:00,PENDING,CLICK_COLLECT,8.45
ORD0001194,CUST000896,STOR0046,STORE,2025-12-22 12:18:00,COMPLETED,CLICK_COLLECT,5.92
ORD0001195,CUST000410,STOR0004,STORE,2025-11-06 13:08:00,PENDING,EXPRESS,7.5
ORD0001196,CUST001039,STOR0058,ONLINE,2025-12-09 00:32:00,CANCELLED,EXPRESS,1.06
ORD0001197,CUST000990,STOR0003,STORE,2025-11-06 19:35:00,COMPLETED,CLICK_COLLECT,17.89
ORD0001198,CUST000190,STOR0035,MARKETPLACE,2025-10-06 22:39:00,COMPLETED,STANDARD,2.3
ORD0001199,CUST000799,STOR0025,ONLINE,2025-10-27 04:51:00,COMPLETED,EXPRESS,13.43
ORD0001200,CUST000097,STOR0022,STORE,2025-09-24 10:35:00,CANCELLED,STANDARD,4.66
ORD0001201,CUST000826,STOR0003,MARKETPLACE,2025-06-05 03:38:00,CANCELLED,CLICK_COLLECT,16.81
ORD0001202,CUST000643,STOR0015,B2B,2025-06-15 04:01:00,COMPLETED,EXPRESS,11.94
ORD0001203,CUST000571,STOR0019,B2B,2025-07-14 11:45:00,COMPLETED,CLICK_COLLECT,16.97
ORD0001204,CUST000403,STOR0006,B2B,2025-10-26 04:58:00,COMPLETED,EXPRESS,9.76
ORD0001205,CUST000695,STOR0047,STORE,2025-05-24 19:36:00,PENDING,EXPRESS,10.53
ORD0001206,CUST000794,STOR0027,STORE,2025-11-24 15:51:00,CANCELLED,STANDARD,6.2
ORD0001207,CUST000006,STOR0024,STORE,2025-11-01 18:24:00,COMPLETED,STANDARD,18.73
ORD0001208,CUST000617,STOR0002,STORE,2025-05-24 23:34:00,COMPLETED,EXPRESS,20.32
ORD0001209,CUST000443,STOR0059,B2B,2025-12-24 14:00:00,PENDING,EXPRESS,1.21
ORD0001210,CUST000485,STOR0003,B2B,2025-12-29 01:25:00,CANCELLED,STANDARD,10.85
ORD0001211,CUST000265,STOR0047,ONLINE,2025-05-08 11:02:00,CANCELLED,EXPRESS,20.94
ORD0001212,CUST000248,STOR0001,STORE,2025-10-12 17:37:00,PENDING,STANDARD,14.81
ORD0001213,CUST000486,STOR0041,ONLINE,2025-06-17 01:51:00,COMPLETED,EXPRESS,3.38
ORD0001214,CUST000324,STOR0045,STORE,2025-10-08 08:21:00,CANCELLED,EXPRESS,14.21
ORD0001215,CUST000474,STOR0055,ONLINE,2025-10-31 19:23:00,PENDING,CLICK_COLLECT,20.61
ORD0001216,CUST001093,STOR0028,ONLINE,2025-08-14 01:03:00,COMPLETED,EXPRESS,8.72
ORD0001217,CUST000605,STOR0043,MARKETPLACE,2025-11-30 15:59:00,COMPLETED,EXPRESS,24.54
ORD0001218,CUST000654,STOR0019,MARKETPLACE,2025-10-04 04:02:00,COMPLETED,EXPRESS,5.63
ORD0001219,CUST000034,STOR0041,ONLINE,2025-05-29 03:35:00,PENDING,CLICK_COLLECT,9.73
ORD0001220,CUST000433,STOR0019,MARKETPLACE,2025-10-14 11:33:00,COMPLETED,EXPRESS,24.51
ORD0001221,CUST000760,STOR0010,ONLINE,2025-06-15 05:38:00,CANCELLED,CLICK_COLLECT,12.38
ORD0001222,CUST000779,STOR0001,STORE,2025-07-25 22:26:00,CANCELLED,STANDARD,20.27
ORD0001223,CUST001110,STOR0028,ONLINE,2025-12-07 04:19:00,CANCELLED,STANDARD,7.41
ORD0001224,CUST000864,STOR0058,B2B,2025-12-13 20:09:00,COMPLETED,STANDARD,4.92
ORD0001225,CUST001033,STOR0024,ONLINE,2025-11-26 02:23:00,COMPLETED,EXPRESS,23.87
ORD0001226,CUST000904,STOR0015,ONLINE,2025-10-27 00:04:00,CANCELLED,EXPRESS,20.22
ORD0001227,CUST000711,STOR0034,B2B,2025-07-25 13:03:00,PENDING,STANDARD,9.34
ORD0001228,CUST000154,STOR0014,STORE,2025-06-20 08:19:00,PENDING,EXPRESS,7.69
ORD0001229,CUST000769,STOR0017,MARKETPLACE,2025-09-28 08:03:00,COMPLETED,STANDARD,17.0
ORD0001230,CUST000958,STOR0038,ONLINE,2025-07-26 22:58:00,COMPLETED,CLICK_COLLECT,11.51
ORD0001231,CUST001075,STOR0041,B2B,2025-09-29 23:05:00,CANCELLED,CLICK_COLLECT,23.42
ORD0001232,CUST001190,STOR0014,B2B,2025-12-08 22:25:00,COMPLETED,EXPRESS,22.13
ORD0001233,CUST000661,STOR0046,B2B,2025-09-24 07:12:00,COMPLETED,CLICK_COLLECT,16.76
ORD0001234,CUST000015,STOR0024,B2B,2025-08-31 12:35:00,COMPLETED,STANDARD,24.26
ORD0001235,CUST000971,STOR0052,ONLINE,2025-11-12 22:30:00,PENDING,EXPRESS,6.11
ORD0001236,CUST001155,STOR0012,STORE,2025-05-07 20:06:00,COMPLETED,CLICK_COLLECT,9.0
ORD0001237,CUST000389,STOR0055,STORE,2025-09-08 07:13:00,PENDING,CLICK_COLLECT,11.98
ORD0001238,CUST000431,STOR0037,B2B,2025-11-23 21:08:00,COMPLETED,EXPRESS,1.0
ORD0001239,CUST000274,STOR0021,STORE,2025-12-14 17:58:00,COMPLETED,EXPRESS,23.37
ORD0001240,CUST000383,STOR0017,STORE,2025-12-21 14:24:00,CANCELLED,EXPRESS,22.96
ORD0001241,CUST000459,STOR0047,MARKETPLACE,2025-10-12 22:10:00,COMPLETED,STANDARD,3.42
ORD0001242,CUST001179,STOR0007,MARKETPLACE,2025-10-28 05:01:00,COMPLETED,STANDARD,10.58
ORD0001243,CUST000359,STOR0034,MARKETPLACE,2025-06-23 07:48:00,COMPLETED,STANDARD,5.31
ORD0001244,CUST000145,STOR0039,STORE,2025-07-21 15:42:00,PENDING,STANDARD,19.99
ORD0001245,CUST000658,STOR0056,ONLINE,2025-09-06 10:52:00,COMPLETED,EXPRESS,17.25
ORD0001246,CUST000907,STOR0021,B2B,2025-06-07 12:03:00,PENDING,CLICK_COLLECT,15.23
ORD0001247,CUST000453,STOR0008,ONLINE,2025-05-23 06:35:00,COMPLETED,CLICK_COLLECT,20.81
ORD0001248,CUST000438,STOR0044,STORE,2025-11-23 09:15:00,COMPLETED,EXPRESS,24.82
ORD0001249,CUST000263,STOR0032,B2B,2025-11-07 04:58:00,CANCELLED,EXPRESS,5.46
ORD0001250,CUST001037,STOR0045,ONLINE,2026-01-01 02:26:00,CANCELLED,EXPRESS,23.21
ORD0001251,CUST000908,STOR0001,STORE,2025-11-08 15:01:00,PENDING,EXPRESS,1.31
ORD0001252,CUST000642,STOR0011,MARKETPLACE,2025-08-10 01:21:00,COMPLETED,CLICK_COLLECT,7.19
ORD0001253,CUST000969,STOR0051,MARKETPLACE,2025-11-08 01:40:00,COMPLETED,STANDARD,22.45
ORD0001254,CUST000890,STOR0031,MARKETPLACE,2025-07-14 00:43:00,PENDING,STANDARD,10.7
ORD0001255,CUST001166,STOR0060,ONLINE,2025-08-21 04:23:00,CANCELLED,STANDARD,0.34
ORD0001256,CUST000830,STOR0013,MARKETPLACE,2025-05-16 07:45:00,CANCELLED,EXPRESS,23.65
ORD0001257,CUST001175,STOR0029,MARKETPLACE,2025-11-08 02:18:00,COMPLETED,CLICK_COLLECT,12.14
ORD0001258,CUST001071,STOR0060,STORE,2025-10-03 06:06:00,PENDING,CLICK_COLLECT,19.25
ORD0001259,CUST001177,STOR0054,MARKETPLACE,2025-10-26 15:47:00,PENDING,STANDARD,6.44
ORD0001260,CUST000876,STOR0003,MARKETPLACE,2025-12-25 22:32:00,COMPLETED,STANDARD,21.67
ORD0001261,CUST000426,STOR0010,B2B,2025-10-05 22:51:00,CANCELLED,EXPRESS,5.41
ORD0001262,CUST000527,STOR0058,B2B,2025-06-08 23:14:00,COMPLETED,STANDARD,2.52
ORD0001263,CUST001093,STOR0052,ONLINE,2025-11-05 17:37:00,COMPLETED,EXPRESS,15.4
ORD0001264,CUST000516,STOR0002,ONLINE,2025-09-26 10:14:00,COMPLETED,STANDARD,17.13
ORD0001265,CUST000335,STOR0009,STORE,2025-08-25 23:44:00,PENDING,CLICK_COLLECT,17.58
ORD0001266,CUST999999,STOR0053,STORE,2025-07-22 15:19:00,COMPLETED,EXPRESS,17.88
ORD0001267,CUST001007,STOR0005,STORE,2025-11-13 16:44:00,COMPLETED,STANDARD,11.26
ORD0001268,CUST000990,STOR0004,MARKETPLACE,2025-10-17 17:41:00,PENDING,EXPRESS,1.68
ORD0001269,CUST000158,STOR0047,STORE,2025-09-16 01:24:00,COMPLETED,CLICK_COLLECT,16.06
ORD0001270,CUST001178,STOR0039,MARKETPLACE,2025-08-16 09:29:00,CANCELLED,STANDARD,18.83
ORD0001271,CUST000909,STOR0040,MARKETPLACE,2025-07-28 16:27:00,PENDING,EXPRESS,4.82
ORD0001272,CUST000008,STOR0055,B2B,2025-10-26 17:15:00,COMPLETED,STANDARD,9.87
ORD0001273,CUST001113,STOR0004,STORE,2025-06-05 01:53:00,CANCELLED,STANDARD,9.6
ORD0001274,CUST000858,STOR0021,MARKETPLACE,2025-06-08 00:06:00,COMPLETED,CLICK_COLLECT,11.24
ORD0001275,CUST000677,STOR0032,B2B,2025-09-12 13:17:00,COMPLETED,EXPRESS,18.79
ORD0001276,CUST000205,STOR0012,MARKETPLACE,2025-08-05 15:22:00,CANCELLED,EXPRESS,6.86
ORD0001277,CUST001073,STOR0029,MARKETPLACE,2025-05-07 01:24:00,PENDING,EXPRESS,20.21
ORD0001278,CUST000118,STOR0023,ONLINE,2025-12-11 04:18:00,CANCELLED,EXPRESS,8.82
ORD0001279,CUST000359,STOR0058,MARKETPLACE,2025-07-28 03:09:00,COMPLETED,EXPRESS,1.72
ORD0001280,CUST000968,STOR0060,MARKETPLACE,2025-09-14 18:39:00,COMPLETED,STANDARD,20.04
ORD0001281,CUST001084,STOR0027,B2B,2025-12-05 06:12:00,COMPLETED,CLICK_COLLECT,19.39
ORD0001282,CUST000963,STOR0056,ONLINE,2025-12-06 10:52:00,COMPLETED,EXPRESS,0.5
ORD0001283,CUST000094,STOR0057,MARKETPLACE,2025-07-07 13:12:00,COMPLETED,STANDARD,22.91
ORD0001284,CUST000125,STOR0012,ONLINE,2025-09-14 20:26:00,COMPLETED,CLICK_COLLECT,1.21
ORD0001285,CUST000458,STOR0002,MARKETPLACE,2025-10-09 23:34:00,COMPLETED,STANDARD,6.73
ORD0001286,CUST000888,STOR0041,ONLINE,2025-10-01 00:37:00,PENDING,EXPRESS,14.91
ORD0001287,CUST000998,STOR0009,MARKETPLACE,2025-12-14 18:56:00,COMPLETED,STANDARD,13.88
ORD0001288,CUST000798,STOR0040,MARKETPLACE,2025-06-03 06:23:00,PENDING,STANDARD,7.47
ORD0001289,CUST000420,STOR0023,B2B,2025-12-26 01:29:00,CANCELLED,EXPRESS,24.7
ORD0001290,CUST001021,STOR0041,STORE,2025-05-09 18:20:00,PENDING,EXPRESS,16.92
ORD0001291,CUST001124,STOR0003,STORE,2025-12-19 10:37:00,CANCELLED,STANDARD,4.21
ORD0001292,CUST000302,STOR0042,ONLINE,2025-10-10 08:17:00,COMPLETED,STANDARD,8.84
ORD0001293,CUST000287,STOR0022,MARKETPLACE,2025-09-18 19:48:00,PENDING,STANDARD,11.72
ORD0001294,CUST000084,STOR0015,ONLINE,2025-12-08 09:09:00,PENDING,CLICK_COLLECT,11.0
ORD0001295,CUST001091,STOR0028,B2B,2025-08-31 15:18:00,COMPLETED,CLICK_COLLECT,9.13
ORD0001296,CUST000137,STOR0033,B2B,2025-06-04 21:19:00,COMPLETED,CLICK_COLLECT,13.07
ORD0001297,CUST001026,STOR0034,STORE,2025-06-15 06:00:00,PENDING,EXPRESS,19.67
ORD0001298,CUST001054,STOR0052,MARKETPLACE,2025-09-16 12:44:00,COMPLETED,CLICK_COLLECT,10.51
ORD0001299,CUST000451,STOR0011,B2B,2025-07-07 20:49:00,COMPLETED,CLICK_COLLECT,16.07
ORD0001300,CUST000574,STOR0011,B2B,2025-11-06 17:24:00,CANCELLED,EXPRESS,7.31
ORD0001301,CUST000909,STOR0013,ONLINE,2025-09-15 06:06:00,CANCELLED,EXPRESS,4.54
ORD0001302,CUST000178,STOR0024,ONLINE,2025-10-04 06:42:00,PENDING,STANDARD,11.72
ORD0001303,CUST000301,STOR0057,B2B,2025-09-11 04:18:00,COMPLETED,EXPRESS,14.08
ORD0001304,CUST000048,STOR0060,B2B,2025-08-20 19:35:00,COMPLETED,STANDARD,3.34
ORD0001305,CUST000971,STOR0008,B2B,2025-11-07 04:14:00,PENDING,CLICK_COLLECT,23.65
ORD0001306,CUST000351,STOR0015,B2B,2025-05-12 04:56:00,PENDING,STANDARD,0.9
ORD0001307,CUST000559,STOR0056,B2B,2025-11-30 13:20:00,COMPLETED,CLICK_COLLECT,22.21
ORD0001308,CUST001190,STOR0021,MARKETPLACE,2025-07-16 14:28:00,COMPLETED,CLICK_COLLECT,19.78
ORD0001309,CUST000643,STOR0013,ONLINE,2025-08-21 15:20:00,PENDING,CLICK_COLLECT,15.61
ORD0001310,CUST000431,STOR0030,ONLINE,2025-05-16 14:47:00,COMPLETED,CLICK_COLLECT,1.62
ORD0001311,CUST001143,STOR0038,MARKETPLACE,2025-09-09 19:03:00,COMPLETED,CLICK_COLLECT,24.69
ORD0001312,CUST000800,STOR0011,B2B,2025-11-17 22:40:00,PENDING,STANDARD,12.64
ORD0001313,CUST000842,STOR0014,ONLINE,2025-09-23 16:28:00,COMPLETED,STANDARD,17.13
ORD0001314,CUST000488,STOR0038,B2B,2025-08-16 02:09:00,COMPLETED,STANDARD,2.86
ORD0001315,CUST000058,STOR0041,MARKETPLACE,2025-10-14 21:38:00,COMPLETED,CLICK_COLLECT,21.96
ORD0001316,CUST001162,STOR0042,B2B,2025-09-22 03:09:00,COMPLETED,CLICK_COLLECT,19.18
ORD0001317,CUST001001,STOR0001,B2B,2025-11-30 00:41:00,CANCELLED,CLICK_COLLECT,19.01
ORD0001318,CUST000243,STOR0004,B2B,2025-10-05 01:55:00,PENDING,STANDARD,5.49
ORD0001319,CUST001137,STOR0010,B2B,2025-11-21 04:37:00,PENDING,CLICK_COLLECT,22.34
ORD0001320,CUST001048,STOR0043,B2B,2025-07-02 08:57:00,COMPLETED,CLICK_COLLECT,22.55
ORD0001321,CUST000648,STOR0003,B2B,2025-12-27 01:15:00,CANCELLED,EXPRESS,11.51
ORD0001322,CUST001063,STOR0051,STORE,2025-10-10 13:55:00,COMPLETED,EXPRESS,8.86
ORD0001323,CUST000998,STOR0029,STORE,2025-08-28 00:51:00,COMPLETED,STANDARD,21.0
ORD0001324,CUST000662,STOR0022,MARKETPLACE,2025-10-21 06:06:00,COMPLETED,CLICK_COLLECT,21.1
ORD0001325,CUST000068,STOR0023,STORE,2025-07-26 14:43:00,COMPLETED,CLICK_COLLECT,11.96
ORD0001326,CUST000456,STOR0034,MARKETPLACE,2025-10-07 21:56:00,COMPLETED,EXPRESS,1.12
ORD0001327,CUST000429,STOR0007,ONLINE,2025-08-08 16:34:00,COMPLETED,STANDARD,7.71
ORD0001328,CUST000210,STOR0049,STORE,2025-09-06 01:41:00,COMPLETED,CLICK_COLLECT,19.83
ORD0001329,CUST000821,STOR0035,B2B,2025-12-09 01:12:00,COMPLETED,EXPRESS,15.69
ORD0001330,CUST000153,STOR0048,ONLINE,2025-08-14 17:38:00,PENDING,CLICK_COLLECT,10.95
ORD0001331,CUST000915,STOR0035,ONLINE,2025-12-15 14:39:00,COMPLETED,STANDARD,15.97
ORD0001332,CUST000732,STOR0028,MARKETPLACE,2025-07-22 20:17:00,COMPLETED,EXPRESS,24.41
ORD0001333,CUST000475,STOR0053,B2B,2025-09-30 09:01:00,CANCELLED,EXPRESS,20.36
ORD0001334,CUST000276,STOR0040,MARKETPLACE,2025-05-22 13:13:00,CANCELLED,STANDARD,18.96
ORD0001335,CUST000244,STOR0023,B2B,2025-09-12 21:13:00,COMPLETED,EXPRESS,17.66
ORD0001336,CUST000302,STOR0043,B2B,2025-06-16 19:58:00,COMPLETED,STANDARD,12.73
ORD0001337,CUST000078,STOR0009,ONLINE,2025-09-26 23:13:00,COMPLETED,CLICK_COLLECT,9.21
ORD0001338,CUST000336,STOR0053,STORE,2025-11-02 21:19:00,COMPLETED,STANDARD,7.5
ORD0001339,CUST000142,STOR0036,MARKETPLACE,2025-08-10 23:23:00,COMPLETED,CLICK_COLLECT,6.19
ORD0001340,CUST000956,STOR0059,STORE,2025-08-24 12:01:00,COMPLETED,EXPRESS,19.87
ORD0001341,CUST000522,STOR0025,STORE,2025-12-08 15:45:00,COMPLETED,EXPRESS,18.58
ORD0001342,CUST000581,STOR0042,ONLINE,2025-09-29 11:34:00,CANCELLED,EXPRESS,18.52
ORD0001343,CUST000870,STOR0005,B2B,2025-12-28 19:07:00,COMPLETED,EXPRESS,0.33
ORD0001344,CUST001052,STOR0043,ONLINE,2025-06-16 05:04:00,CANCELLED,CLICK_COLLECT,13.8
ORD0001345,CUST000203,STOR0015,MARKETPLACE,2025-10-18 09:57:00,COMPLETED,CLICK_COLLECT,11.99
ORD0001346,CUST000523,STOR0053,STORE,2025-10-31 01:45:00,CANCELLED,EXPRESS,7.2
ORD0001347,CUST000257,STOR0035,B2B,2025-11-10 04:37:00,COMPLETED,CLICK_COLLECT,15.92
ORD0001348,CUST000059,STOR0052,STORE,2025-07-06 06:49:00,CANCELLED,CLICK_COLLECT,8.7
ORD0001349,CUST001178,STOR0047,B2B,2025-12-30 23:01:00,COMPLETED,STANDARD,13.95
ORD0001350,CUST000927,STOR0030,ONLINE,2025-06-23 13:24:00,PENDING,CLICK_COLLECT,9.44
ORD0001351,CUST000160,STOR0001,STORE,2025-08-20 13:27:00,COMPLETED,CLICK_COLLECT,9.85
ORD0001352,CUST000066,STOR0009,STORE,2025-07-06 08:11:00,COMPLETED,CLICK_COLLECT,17.47
ORD0001353,CUST001115,STOR0003,ONLINE,2025-07-01 08:39:00,COMPLETED,CLICK_COLLECT,10.94
ORD0001354,CUST000863,STOR0032,MARKETPLACE,2025-08-22 17:14:00,PENDING,CLICK_COLLECT,0.4
ORD0001355,CUST000148,STOR0021,STORE,2025-09-04 14:39:00,COMPLETED,EXPRESS,20.36
ORD0001356,CUST000056,STOR0040,STORE,2025-06-05 08:18:00,COMPLETED,STANDARD,19.42
ORD0001357,CUST000623,STOR0055,B2B,2025-08-03 02:29:00,COMPLETED,EXPRESS,22.04
ORD0001358,CUST000108,STOR0008,B2B,2025-06-10 12:52:00,COMPLETED,EXPRESS,18.79
ORD0001359,CUST001163,STOR0038,MARKETPLACE,2025-08-11 06:04:00,CANCELLED,CLICK_COLLECT,15.84
ORD0001360,CUST000324,STOR0041,STORE,2025-08-05 18:48:00,CANCELLED,CLICK_COLLECT,10.97
ORD0001361,CUST000190,STOR0020,ONLINE,2025-12-09 08:51:00,COMPLETED,STANDARD,23.18
ORD0001362,CUST000006,STOR0012,MARKETPLACE,2025-11-24 17:20:00,COMPLETED,STANDARD,18.22
ORD0001363,CUST000591,STOR0060,MARKETPLACE,2025-06-28 08:49:00,PENDING,EXPRESS,12.03
ORD0001364,CUST001098,STOR0015,ONLINE,2025-06-21 17:58:00,COMPLETED,EXPRESS,18.88
ORD0001365,CUST000740,STOR0018,B2B,2025-07-04 02:16:00,COMPLETED,EXPRESS,17.17
ORD0001366,CUST000406,STOR0010,MARKETPLACE,2025-07-19 18:53:00,COMPLETED,STANDARD,6.52
ORD0001367,CUST001078,STOR0034,B2B,2025-11-22 18:29:00,PENDING,EXPRESS,5.34
ORD0001368,CUST000593,STOR0001,MARKETPLACE,2025-06-09 22:00:00,COMPLETED,STANDARD,11.02
ORD0001369,CUST000195,STOR0033,STORE,2025-10-19 13:27:00,COMPLETED,CLICK_COLLECT,13.21
ORD0001370,CUST000123,STOR0007,B2B,2025-08-09 16:03:00,COMPLETED,STANDARD,7.8
ORD0001371,CUST000189,STOR0005,MARKETPLACE,2025-10-02 02:20:00,COMPLETED,EXPRESS,12.03
ORD0001372,CUST000213,STOR0052,ONLINE,2025-08-19 05:40:00,CANCELLED,CLICK_COLLECT,1.94
ORD0001373,CUST000831,STOR0041,MARKETPLACE,2025-08-30 03:02:00,CANCELLED,EXPRESS,3.22
ORD0001374,CUST000109,STOR0027,ONLINE,2025-11-16 14:53:00,COMPLETED,EXPRESS,20.55
ORD0001375,CUST000148,STOR0024,MARKETPLACE,2025-10-21 06:15:00,COMPLETED,CLICK_COLLECT,18.58
ORD0001376,CUST000109,STOR0012,STORE,2025-05-09 12:02:00,COMPLETED,STANDARD,23.97
ORD0001377,CUST000687,STOR0059,ONLINE,2025-08-24 10:41:00,COMPLETED,STANDARD,4.2
ORD0001378,CUST000593,STOR0051,STORE,2025-11-11 03:06:00,COMPLETED,EXPRESS,10.22
ORD0001379,CUST000155,STOR0017,MARKETPLACE,2025-05-15 03:20:00,PENDING,CLICK_COLLECT,3.54
ORD0001380,CUST000512,STOR0014,STORE,2025-05-30 12:27:00,COMPLETED,STANDARD,21.32
ORD0001381,CUST000655,STOR0015,STORE,2025-07-16 01:02:00,COMPLETED,CLICK_COLLECT,4.4
ORD0001382,CUST000057,STOR0007,ONLINE,2025-08-09 12:08:00,COMPLETED,STANDARD,18.95
ORD0001383,CUST000429,STOR0015,ONLINE,2025-07-10 17:19:00,COMPLETED,STANDARD,16.04
ORD0001384,CUST000776,STOR0008,STORE,2025-08-07 05:33:00,COMPLETED,STANDARD,18.32
ORD0001385,CUST000844,STOR0044,MARKETPLACE,2025-07-10 10:53:00,COMPLETED,STANDARD,5.41
ORD0001386,CUST000612,STOR0050,MARKETPLACE,2025-06-22 16:25:00,PENDING,EXPRESS,10.7
ORD0001387,CUST001196,STOR0033,B2B,2025-05-07 05:16:00,CANCELLED,STANDARD,6.69
ORD0001388,CUST001195,STOR0023,STORE,2025-11-12 01:46:00,CANCELLED,EXPRESS,15.92
ORD0001389,CUST000497,STOR0018,MARKETPLACE,2025-09-04 20:57:00,COMPLETED,CLICK_COLLECT,11.8
ORD0001390,CUST000189,STOR0022,STORE,2025-07-04 11:25:00,CANCELLED,EXPRESS,9.27
ORD0001391,CUST000136,STOR0018,B2B,2025-07-30 18:54:00,CANCELLED,STANDARD,9.24
ORD0001392,CUST000125,STOR0040,B2B,2025-07-08 20:32:00,CANCELLED,EXPRESS,2.63
ORD0001393,CUST000511,STOR0026,MARKETPLACE,2025-09-04 11:14:00,COMPLETED,EXPRESS,21.95
ORD0001394,CUST000807,STOR0028,MARKETPLACE,2025-11-21 08:59:00,COMPLETED,EXPRESS,5.21
ORD0001395,CUST000836,STOR0009,MARKETPLACE,2025-10-01 22:44:00,COMPLETED,STANDARD,7.24
ORD0001396,CUST000796,STOR0032,STORE,2025-12-16 22:48:00,COMPLETED,STANDARD,8.47
ORD0001397,CUST000938,STOR0056,B2B,2025-05-26 05:41:00,COMPLETED,CLICK_COLLECT,15.63
ORD0001398,CUST000556,STOR0014,MARKETPLACE,2025-12-30 07:20:00,CANCELLED,CLICK_COLLECT,8.21
ORD0001399,CUST001184,STOR0002,B2B,2025-11-13 13:15:00,COMPLETED,EXPRESS,18.27
ORD0001400,CUST000964,STOR0038,STORE,2025-06-12 09:36:00,PENDING,CLICK_COLLECT,18.8
ORD0001401,CUST000159,STOR0027,ONLINE,2025-11-16 17:50:00,COMPLETED,STANDARD,16.85
ORD0001402,CUST000807,STOR0058,STORE,2025-09-11 02:06:00,CANCELLED,STANDARD,0.73
ORD0001403,CUST000427,STOR0031,STORE,2025-05-11 15:51:00,CANCELLED,STANDARD,11.79
ORD0001404,CUST000561,STOR0035,B2B,2025-06-17 00:06:00,CANCELLED,CLICK_COLLECT,22.6
ORD0001405,CUST000287,STOR0025,MARKETPLACE,2025-05-10 17:57:00,PENDING,STANDARD,2.95
ORD0001406,CUST000403,STOR0038,MARKETPLACE,2025-06-06 09:25:00,CANCELLED,EXPRESS,4.6
ORD0001407,CUST000296,STOR0048,STORE,2025-10-17 08:53:00,CANCELLED,CLICK_COLLECT,7.41
ORD0001408,CUST000392,STOR0039,ONLINE,2025-11-14 12:13:00,CANCELLED,STANDARD,18.7
ORD0001409,CUST000616,STOR0001,STORE,2025-10-02 18:40:00,CANCELLED,CLICK_COLLECT,6.56
ORD0001410,CUST000225,STOR0012,B2B,2025-12-08 21:05:00,CANCELLED,CLICK_COLLECT,7.3
ORD0001411,CUST000840,STOR0029,ONLINE,2025-08-31 02:39:00,CANCELLED,CLICK_COLLECT,22.23
ORD0001412,CUST000452,STOR0039,ONLINE,2025-07-02 06:21:00,COMPLETED,STANDARD,23.9
ORD0001413,CUST001170,STOR0002,ONLINE,2025-06-02 05:22:00,CANCELLED,CLICK_COLLECT,6.17
ORD0001414,CUST001199,STOR0003,ONLINE,2025-10-07 08:46:00,COMPLETED,STANDARD,5.79
ORD0001415,CUST000859,STOR0054,B2B,2025-07-14 06:30:00,COMPLETED,CLICK_COLLECT,6.84
ORD0001416,CUST000094,STOR0053,MARKETPLACE,2025-11-25 03:18:00,COMPLETED,CLICK_COLLECT,1.55
ORD0001417,CUST000444,STOR0003,ONLINE,2025-05-24 13:31:00,COMPLETED,CLICK_COLLECT,2.28
ORD0001418,CUST001185,STOR0042,ONLINE,2025-08-16 00:18:00,COMPLETED,STANDARD,21.21
ORD0001419,CUST000080,STOR0010,B2B,2025-10-20 05:57:00,CANCELLED,STANDARD,10.1
ORD0001420,CUST000149,STOR0057,ONLINE,2025-09-22 01:47:00,COMPLETED,EXPRESS,3.61
ORD0001421,CUST001028,STOR0058,MARKETPLACE,2025-12-08 06:16:00,COMPLETED,CLICK_COLLECT,6.53
ORD0001422,CUST000654,STOR0013,ONLINE,2025-06-14 01:13:00,CANCELLED,STANDARD,17.38
ORD0001423,CUST000995,STOR0054,ONLINE,2025-09-27 21:06:00,COMPLETED,CLICK_COLLECT,9.55
ORD0001424,CUST000985,STOR0007,ONLINE,2025-05-26 10:50:00,CANCELLED,STANDARD,5.08
ORD0001425,CUST001194,STOR0044,MARKETPLACE,2025-06-09 22:06:00,COMPLETED,STANDARD,7.59
ORD0001426,CUST000009,STOR0011,ONLINE,2025-09-01 21:55:00,COMPLETED,STANDARD,2.98
ORD0001427,CUST000613,STOR0021,STORE,2025-12-07 17:29:00,CANCELLED,CLICK_COLLECT,1.88
ORD0001428,CUST000894,STOR0031,MARKETPLACE,2025-12-29 19:13:00,CANCELLED,EXPRESS,7.36
ORD0001429,CUST000147,STOR0016,ONLINE,2025-08-23 06:38:00,COMPLETED,CLICK_COLLECT,12.48
ORD0001430,CUST000777,STOR0008,MARKETPLACE,2025-10-10 03:42:00,COMPLETED,STANDARD,16.04
ORD0001431,CUST000099,STOR0005,STORE,2025-06-05 11:18:00,COMPLETED,EXPRESS,5.44
ORD0001432,CUST000888,STOR0043,STORE,2025-05-19 13:38:00,CANCELLED,STANDARD,10.16
ORD0001433,CUST000343,STOR0021,STORE,2025-07-09 11:21:00,CANCELLED,CLICK_COLLECT,7.8
ORD0001434,CUST000745,STOR0019,B2B,2025-05-25 00:08:00,COMPLETED,CLICK_COLLECT,11.66
ORD0001435,CUST000566,STOR0034,MARKETPLACE,2025-09-21 19:45:00,CANCELLED,EXPRESS,15.11
ORD0001436,CUST000453,STOR0004,ONLINE,2025-09-12 18:38:00,COMPLETED,STANDARD,14.77
ORD0001437,CUST000698,STOR0028,B2B,2025-10-13 22:46:00,COMPLETED,CLICK_COLLECT,22.93
ORD0001438,CUST001034,STOR0019,STORE,2025-06-28 11:23:00,COMPLETED,EXPRESS,15.95
ORD0001439,CUST000799,STOR0026,STORE,2025-05-28 14:09:00,COMPLETED,EXPRESS,9.17
ORD0001440,CUST000017,STOR0031,ONLINE,2025-07-11 12:55:00,COMPLETED,STANDARD,7.35
ORD0001441,CUST000456,STOR0001,B2B,2025-10-20 08:07:00,PENDING,CLICK_COLLECT,23.89
ORD0001442,CUST000083,STOR0051,B2B,2025-08-21 05:16:00,COMPLETED,STANDARD,0.09
ORD0001443,CUST001109,STOR0039,ONLINE,2025-10-16 13:26:00,COMPLETED,STANDARD,12.15
ORD0001444,CUST000967,STOR0027,STORE,2025-09-20 04:00:00,COMPLETED,CLICK_COLLECT,18.0
ORD0001445,CUST000331,STOR0009,STORE,2025-06-06 11:55:00,COMPLETED,CLICK_COLLECT,3.7
ORD0001446,CUST000582,STOR0001,MARKETPLACE,2025-06-19 17:09:00,CANCELLED,EXPRESS,21.66
ORD0001447,CUST000609,STOR0003,ONLINE,2025-09-17 06:22:00,COMPLETED,STANDARD,0.98
ORD0001448,CUST000927,STOR0039,ONLINE,2025-11-14 17:17:00,COMPLETED,EXPRESS,22.25
ORD0001449,CUST000505,STOR0023,ONLINE,2025-06-01 22:07:00,COMPLETED,STANDARD,7.97
ORD0001450,CUST000299,STOR0011,STORE,2025-11-21 14:59:00,COMPLETED,EXPRESS,7.23
ORD0001451,CUST000737,STOR0032,ONLINE,2025-10-16 22:59:00,PENDING,EXPRESS,13.1
ORD0001452,CUST001107,STOR0002,ONLINE,2025-05-13 04:59:00,COMPLETED,EXPRESS,2.56
ORD0001453,CUST000497,STOR0020,ONLINE,2025-07-18 22:21:00,PENDING,EXPRESS,21.79
ORD0001454,CUST000196,STOR0060,MARKETPLACE,2025-06-07 16:48:00,COMPLETED,EXPRESS,13.89
ORD0001455,CUST000264,STOR0036,ONLINE,2025-11-26 14:18:00,COMPLETED,STANDARD,16.04
ORD0001456,CUST000458,STOR0002,B2B,2025-10-25 17:59:00,COMPLETED,EXPRESS,12.44
ORD0001457,CUST000052,STOR0044,STORE,2025-12-25 17:41:00,CANCELLED,CLICK_COLLECT,14.63
ORD0001458,CUST000200,STOR0015,B2B,2025-06-04 21:09:00,COMPLETED,STANDARD,20.55
ORD0001459,CUST000029,STOR0021,MARKETPLACE,2025-08-17 19:36:00,PENDING,EXPRESS,23.95
ORD0001460,CUST000763,STOR0038,MARKETPLACE,2025-12-26 15:50:00,COMPLETED,CLICK_COLLECT,18.99
ORD0001461,CUST000002,STOR0054,B2B,2025-06-22 18:57:00,PENDING,EXPRESS,14.16
ORD0001462,CUST000736,STOR0058,STORE,2025-05-18 22:19:00,PENDING,CLICK_COLLECT,20.03
ORD0001463,CUST000137,STOR0047,ONLINE,2025-08-23 00:24:00,CANCELLED,EXPRESS,10.51
ORD0001464,CUST000560,STOR0024,B2B,2025-07-06 07:28:00,COMPLETED,STANDARD,9.98
ORD0001465,CUST000191,STOR0060,STORE,2025-06-11 14:26:00,CANCELLED,CLICK_COLLECT,14.0
ORD0001466,CUST001131,STOR0004,STORE,2025-07-21 18:57:00,COMPLETED,STANDARD,15.88
ORD0001467,CUST000981,STOR0047,B2B,2025-09-14 08:12:00,PENDING,CLICK_COLLECT,4.02
ORD0001468,CUST000552,STOR0020,B2B,2025-10-09 12:18:00,CANCELLED,STANDARD,8.08
ORD0001469,CUST000578,STOR0044,STORE,2025-12-16 00:34:00,COMPLETED,CLICK_COLLECT,3.52
ORD0001470,CUST000618,STOR0033,ONLINE,2025-07-09 05:13:00,COMPLETED,EXPRESS,2.0
ORD0001471,CUST000227,STOR0047,MARKETPLACE,2025-11-03 04:19:00,COMPLETED,STANDARD,23.56
ORD0001472,CUST000671,STOR0035,MARKETPLACE,2025-08-15 19:06:00,COMPLETED,EXPRESS,7.04
ORD0001473,CUST000357,STOR0054,B2B,2025-10-02 00:24:00,PENDING,EXPRESS,0.37
ORD0001474,CUST000927,STOR0004,STORE,2025-07-16 05:23:00,COMPLETED,STANDARD,16.43
ORD0001475,CUST000597,STOR0023,STORE,2025-10-11 10:43:00,COMPLETED,STANDARD,8.05
ORD0001476,CUST000793,STOR0015,ONLINE,2025-09-20 04:33:00,COMPLETED,STANDARD,22.79
ORD0001477,CUST999999,STOR0012,ONLINE,2025-06-10 19:27:00,CANCELLED,STANDARD,2.48
ORD0001478,CUST000285,STOR0054,STORE,2025-07-20 05:38:00,COMPLETED,EXPRESS,2.18
ORD0001479,CUST000363,STOR0058,ONLINE,2025-09-01 17:59:00,COMPLETED,CLICK_COLLECT,6.02
ORD0001480,CUST000430,STOR0031,ONLINE,2025-06-20 12:24:00,CANCELLED,STANDARD,24.66
ORD0001481,CUST000068,STOR0014,ONLINE,2025-12-01 11:48:00,COMPLETED,CLICK_COLLECT,3.92
ORD0001482,CUST000734,STOR0001,STORE,2025-05-17 09:34:00,COMPLETED,STANDARD,10.45
ORD0001483,CUST000218,STOR0037,STORE,2025-10-24 18:03:00,COMPLETED,STANDARD,9.34
ORD0001484,CUST000998,STOR0006,ONLINE,2025-07-02 15:38:00,COMPLETED,STANDARD,16.15
ORD0001485,CUST000700,STOR0028,ONLINE,2025-06-22 22:37:00,CANCELLED,STANDARD,4.61
ORD0001486,CUST000576,STOR0045,B2B,2025-08-01 12:45:00,COMPLETED,CLICK_COLLECT,18.5
ORD0001487,CUST000006,STOR0047,B2B,2025-08-04 19:19:00,PENDING,CLICK_COLLECT,20.3
ORD0001488,CUST000586,STOR0051,MARKETPLACE,2025-06-11 07:00:00,COMPLETED,STANDARD,18.57
ORD0001489,CUST000960,STOR0030,ONLINE,2025-05-27 12:41:00,COMPLETED,EXPRESS,9.42
ORD0001490,CUST000502,STOR0029,ONLINE,2025-08-26 23:18:00,COMPLETED,CLICK_COLLECT,7.39
ORD0001491,CUST000214,STOR0059,ONLINE,2025-11-15 11:12:00,CANCELLED,EXPRESS,10.7
ORD0001492,CUST000697,STOR0004,MARKETPLACE,2025-08-21 22:27:00,COMPLETED,CLICK_COLLECT,11.77
ORD0001493,CUST000257,STOR0002,STORE,2025-12-21 13:04:00,PENDING,STANDARD,20.53
ORD0001494,CUST001122,STOR0004,B2B,2025-10-18 10:30:00,COMPLETED,CLICK_COLLECT,15.62
ORD0001495,CUST000142,STOR0044,ONLINE,2025-06-14 04:15:00,CANCELLED,EXPRESS,15.65
ORD0001496,CUST000792,STOR0041,B2B,2025-10-27 14:01:00,CANCELLED,STANDARD,8.38
ORD0001497,CUST000996,STOR0008,MARKETPLACE,2025-06-09 04:12:00,PENDING,STANDARD,1.79
ORD0001498,CUST001059,STOR0047,MARKETPLACE,2025-06-10 12:52:00,PENDING,EXPRESS,10.35
ORD0001499,CUST000171,STOR0019,STORE,2025-12-25 15:05:00,PENDING,EXPRESS,4.81
ORD0001500,CUST000502,STOR0030,MARKETPLACE,2025-05-16 00:47:00,COMPLETED,CLICK_COLLECT,18.81
ORD0001501,CUST000499,STOR0045,ONLINE,2025-09-27 22:09:00,COMPLETED,STANDARD,6.49
ORD0001502,CUST001029,STOR0055,B2B,2025-08-02 19:42:00,CANCELLED,CLICK_COLLECT,5.22
ORD0001503,CUST000529,STOR0007,B2B,2025-09-05 17:45:00,PENDING,STANDARD,20.04
ORD0001504,CUST001168,STOR0005,MARKETPLACE,2025-09-10 13:21:00,COMPLETED,CLICK_COLLECT,3.49
ORD0001505,CUST000563,STOR0043,ONLINE,2025-05-30 03:49:00,CANCELLED,EXPRESS,4.09
ORD0001506,CUST000377,STOR0028,B2B,2025-08-23 12:18:00,COMPLETED,EXPRESS,1.59
ORD0001507,CUST000573,STOR0021,MARKETPLACE,2025-06-11 15:11:00,COMPLETED,STANDARD,12.23
ORD0001508,CUST000804,STOR0021,B2B,2025-12-05 11:43:00,PENDING,EXPRESS,24.44
ORD0001509,CUST001048,STOR0019,B2B,2025-07-11 16:28:00,COMPLETED,STANDARD,6.97
ORD0001510,CUST000753,STOR0054,ONLINE,2025-11-27 18:18:00,COMPLETED,EXPRESS,10.17
ORD0001511,CUST000847,STOR0038,STORE,2025-06-10 10:00:00,PENDING,EXPRESS,8.17
ORD0001512,CUST000225,STOR0010,ONLINE,2025-09-19 10:54:00,CANCELLED,STANDARD,18.77
ORD0001513,CUST001009,STOR0012,STORE,2025-12-16 13:45:00,COMPLETED,CLICK_COLLECT,0.54
ORD0001514,CUST000442,STOR0017,MARKETPLACE,2025-08-26 18:49:00,COMPLETED,STANDARD,3.27
ORD0001515,CUST000761,STOR0058,ONLINE,2025-06-03 09:27:00,COMPLETED,STANDARD,19.69
ORD0001516,CUST001127,STOR0055,ONLINE,2025-07-19 15:29:00,COMPLETED,EXPRESS,24.31
ORD0001517,CUST000281,STOR0024,ONLINE,2025-11-07 18:29:00,PENDING,EXPRESS,17.45
ORD0001518,CUST000417,STOR0015,STORE,2025-05-19 14:01:00,COMPLETED,EXPRESS,11.32
ORD0001519,CUST000498,STOR0013,B2B,2025-10-27 04:49:00,COMPLETED,CLICK_COLLECT,1.4
ORD0001520,CUST000553,STOR0021,ONLINE,2025-09-28 22:45:00,CANCELLED,EXPRESS,10.01
ORD0001521,CUST000810,STOR0013,B2B,2025-11-08 14:00:00,COMPLETED,CLICK_COLLECT,3.52
ORD0001522,CUST000411,STOR0001,ONLINE,2025-12-12 16:27:00,COMPLETED,STANDARD,22.08
ORD0001523,CUST000101,STOR0058,MARKETPLACE,2025-12-03 04:01:00,PENDING,EXPRESS,3.16
ORD0001524,CUST001113,STOR0014,STORE,2025-12-01 08:49:00,COMPLETED,EXPRESS,21.23
ORD0001525,CUST000047,STOR0051,STORE,2025-10-25 18:24:00,PENDING,CLICK_COLLECT,10.14
ORD0001526,CUST000176,STOR0045,STORE,2025-11-07 23:40:00,CANCELLED,STANDARD,21.3
ORD0001527,CUST000586,STOR0058,B2B,2025-10-16 21:16:00,PENDING,STANDARD,0.6
ORD0001528,CUST001164,STOR0046,ONLINE,2025-08-08 13:17:00,COMPLETED,STANDARD,3.64
ORD0001529,CUST000192,STOR0059,STORE,2025-10-12 11:48:00,COMPLETED,STANDARD,20.62
ORD0001530,CUST000222,STOR0058,MARKETPLACE,2025-12-19 00:04:00,COMPLETED,EXPRESS,2.74
ORD0001531,CUST000123,STOR0035,ONLINE,2025-08-02 16:45:00,COMPLETED,CLICK_COLLECT,18.34
ORD0001532,CUST000074,STOR0019,MARKETPLACE,2025-09-30 20:48:00,COMPLETED,STANDARD,7.05
ORD0001533,CUST000714,STOR0026,B2B,2025-07-14 07:04:00,PENDING,EXPRESS,1.9
ORD0001534,CUST001070,STOR0041,ONLINE,2025-06-29 10:12:00,COMPLETED,CLICK_COLLECT,16.14
ORD0001535,CUST000655,STOR0023,ONLINE,2025-09-05 09:29:00,COMPLETED,STANDARD,15.61
ORD0001536,CUST000826,STOR0034,MARKETPLACE,2025-05-09 03:59:00,CANCELLED,EXPRESS,11.18
ORD0001537,CUST000538,STOR0003,ONLINE,2025-09-07 14:35:00,PENDING,STANDARD,3.87
ORD0001538,CUST000830,STOR0058,STORE,2025-09-01 21:06:00,CANCELLED,CLICK_COLLECT,2.57
ORD0001539,CUST001057,STOR0060,B2B,2025-05-29 03:23:00,CANCELLED,CLICK_COLLECT,24.44
ORD0001540,CUST001170,STOR0031,B2B,2025-06-03 02:36:00,CANCELLED,EXPRESS,14.48
ORD0001541,CUST000408,STOR0011,B2B,2025-11-04 16:12:00,COMPLETED,EXPRESS,21.74
ORD0001542,CUST000058,STOR0022,STORE,2025-11-06 10:55:00,COMPLETED,STANDARD,6.39
ORD0001543,CUST000713,STOR0028,MARKETPLACE,2025-10-17 17:04:00,CANCELLED,CLICK_COLLECT,3.75
ORD0001544,CUST000491,STOR0016,STORE,2025-08-08 07:23:00,COMPLETED,STANDARD,9.7
ORD0001545,CUST000959,STOR0058,B2B,2025-10-21 04:06:00,COMPLETED,CLICK_COLLECT,1.08
ORD0001546,CUST000549,STOR0060,B2B,2025-10-27 10:34:00,CANCELLED,CLICK_COLLECT,12.12
ORD0001547,CUST000415,STOR0001,STORE,2025-12-14 06:00:00,PENDING,EXPRESS,5.11
ORD0001548,CUST000981,STOR0049,B2B,2025-12-22 14:11:00,CANCELLED,CLICK_COLLECT,14.0
ORD0001549,CUST000649,STOR0005,MARKETPLACE,2025-10-18 07:16:00,COMPLETED,STANDARD,8.0
ORD0001550,CUST000615,STOR0028,ONLINE,2025-12-15 16:23:00,COMPLETED,STANDARD,20.09
ORD0001551,CUST000016,STOR0035,B2B,2025-09-02 06:58:00,COMPLETED,CLICK_COLLECT,21.06
ORD0001552,CUST000459,STOR0036,STORE,2025-10-16 14:48:00,CANCELLED,EXPRESS,11.73
ORD0001553,CUST000238,STOR0008,MARKETPLACE,2025-12-27 23:48:00,COMPLETED,EXPRESS,3.21
ORD0001554,CUST001033,STOR0059,B2B,2025-11-09 15:41:00,COMPLETED,STANDARD,19.51
ORD0001555,CUST000170,STOR0010,ONLINE,2025-05-21 00:28:00,COMPLETED,STANDARD,17.91
ORD0001556,CUST000605,STOR0044,MARKETPLACE,2025-07-16 04:12:00,CANCELLED,STANDARD,22.21
ORD0001557,CUST000991,STOR0055,B2B,2025-05-19 11:47:00,CANCELLED,STANDARD,18.93
ORD0001558,CUST000875,STOR0060,ONLINE,2025-12-05 22:57:00,PENDING,CLICK_COLLECT,15.77
ORD0001559,CUST000890,STOR0023,B2B,2025-06-02 12:23:00,CANCELLED,EXPRESS,10.17
ORD0001560,CUST000774,STOR0034,STORE,2025-05-16 19:39:00,COMPLETED,EXPRESS,19.47
ORD0001561,CUST000751,STOR0010,STORE,2025-05-10 00:39:00,COMPLETED,STANDARD,24.66
ORD0001562,CUST000747,STOR0013,B2B,2025-08-11 21:45:00,PENDING,STANDARD,23.93
ORD0001563,CUST000181,STOR0038,ONLINE,2025-06-21 04:53:00,COMPLETED,STANDARD,24.6
ORD0001564,CUST000044,STOR0024,MARKETPLACE,2025-11-02 00:29:00,CANCELLED,CLICK_COLLECT,6.08
ORD0001565,CUST001010,STOR0051,ONLINE,2025-05-18 03:21:00,COMPLETED,EXPRESS,0.93
ORD0001566,CUST000142,STOR0026,STORE,2025-11-01 03:02:00,CANCELLED,STANDARD,0.77
ORD0001567,CUST000715,STOR0036,STORE,2025-05-14 04:25:00,COMPLETED,EXPRESS,22.74
ORD0001568,CUST001140,STOR0059,STORE,2025-10-06 14:55:00,COMPLETED,EXPRESS,7.23
ORD0001569,CUST000734,STOR0032,ONLINE,2025-09-11 22:13:00,PENDING,STANDARD,2.69
ORD0001570,CUST001168,STOR0006,MARKETPLACE,2025-09-29 12:30:00,CANCELLED,STANDARD,24.26
ORD0001571,CUST000847,STOR0041,B2B,2025-11-03 16:59:00,COMPLETED,CLICK_COLLECT,20.79
ORD0001572,CUST000426,STOR0006,B2B,2025-11-29 04:01:00,COMPLETED,CLICK_COLLECT,10.19
ORD0001573,CUST001062,STOR0010,MARKETPLACE,2025-08-07 04:49:00,CANCELLED,CLICK_COLLECT,8.33
ORD0001574,CUST000341,STOR0047,B2B,2025-12-11 18:57:00,COMPLETED,EXPRESS,0.07
ORD0001575,CUST000290,STOR0002,B2B,2025-11-29 01:44:00,COMPLETED,STANDARD,7.6
ORD0001576,CUST000036,STOR0021,ONLINE,2025-11-13 12:50:00,PENDING,STANDARD,13.99
ORD0001577,CUST000294,STOR0032,ONLINE,2025-07-31 08:13:00,CANCELLED,CLICK_COLLECT,5.07
ORD0001578,CUST000406,STOR0016,MARKETPLACE,2025-05-20 20:44:00,CANCELLED,CLICK_COLLECT,22.74
ORD0001579,CUST000412,STOR0052,ONLINE,2025-08-11 19:45:00,COMPLETED,STANDARD,1.42
ORD0001580,CUST001078,STOR0053,STORE,2025-05-15 18:03:00,COMPLETED,CLICK_COLLECT,11.08
ORD0001581,CUST000635,STOR0055,ONLINE,2025-06-04 23:00:00,COMPLETED,CLICK_COLLECT,16.09
ORD0001582,CUST000571,STOR0005,MARKETPLACE,2025-07-04 10:44:00,PENDING,CLICK_COLLECT,18.9
ORD0001583,CUST000472,STOR0004,MARKETPLACE,2025-10-12 21:03:00,COMPLETED,CLICK_COLLECT,11.09
ORD0001584,CUST000856,STOR0026,STORE,2025-08-22 02:15:00,PENDING,CLICK_COLLECT,0.62
ORD0001585,CUST000281,STOR0044,B2B,2025-11-23 02:08:00,PENDING,STANDARD,8.72
ORD0001586,CUST000940,STOR0058,MARKETPLACE,2025-12-13 18:19:00,CANCELLED,STANDARD,21.8
ORD0001587,CUST000151,STOR0054,ONLINE,2025-12-25 22:14:00,COMPLETED,EXPRESS,17.02
ORD0001588,CUST000501,STOR0001,B2B,2025-06-29 21:49:00,CANCELLED,STANDARD,15.12
ORD0001589,CUST000286,STOR0007,ONLINE,2025-10-11 16:18:00,COMPLETED,STANDARD,16.68
ORD0001590,CUST000836,STOR0047,MARKETPLACE,2025-10-08 07:30:00,COMPLETED,CLICK_COLLECT,2.6
ORD0001591,CUST000981,STOR0045,ONLINE,2025-11-29 15:27:00,PENDING,EXPRESS,11.97
ORD0001592,CUST001088,STOR0035,STORE,2025-12-14 04:42:00,CANCELLED,STANDARD,10.81
ORD0001593,CUST000733,STOR0002,ONLINE,2025-09-17 21:42:00,CANCELLED,CLICK_COLLECT,4.04
ORD0001594,CUST000326,STOR0012,B2B,2025-12-28 12:11:00,CANCELLED,EXPRESS,11.1
ORD0001595,CUST000023,STOR0037,STORE,2025-12-04 22:32:00,CANCELLED,CLICK_COLLECT,9.93
ORD0001596,CUST000384,STOR0036,ONLINE,2025-08-15 10:10:00,CANCELLED,EXPRESS,14.52
ORD0001597,CUST001097,STOR0007,STORE,2025-07-06 10:36:00,COMPLETED,EXPRESS,15.56
ORD0001598,CUST000889,STOR0021,B2B,2025-09-05 14:09:00,CANCELLED,EXPRESS,0.62
ORD0001599,CUST001141,STOR0024,ONLINE,2025-12-06 06:58:00,COMPLETED,STANDARD,23.11
ORD0001600,CUST000596,STOR0008,B2B,2025-12-27 22:59:00,COMPLETED,EXPRESS,8.24
ORD0001601,CUST001171,STOR0005,STORE,2025-09-24 18:12:00,PENDING,EXPRESS,21.69
ORD0001602,CUST001092,STOR0029,ONLINE,2025-08-03 02:34:00,COMPLETED,EXPRESS,13.14
ORD0001603,CUST000740,STOR0050,ONLINE,2025-05-16 01:55:00,COMPLETED,CLICK_COLLECT,15.09
ORD0001604,CUST000371,STOR0034,B2B,2025-07-12 08:38:00,PENDING,EXPRESS,8.74
ORD0001605,CUST000478,STOR0042,ONLINE,2025-09-01 01:40:00,COMPLETED,CLICK_COLLECT,4.9
ORD0001606,CUST000308,STOR0022,ONLINE,2025-06-06 03:46:00,COMPLETED,CLICK_COLLECT,12.68
ORD0001607,CUST001011,STOR0018,STORE,2025-12-05 20:02:00,PENDING,STANDARD,10.04
ORD0001608,CUST000306,STOR0012,STORE,2025-10-17 19:22:00,COMPLETED,STANDARD,10.2
ORD0001609,CUST001149,STOR0002,B2B,2025-06-28 03:40:00,COMPLETED,STANDARD,0.34
ORD0001610,CUST000041,STOR0009,MARKETPLACE,2025-09-10 20:12:00,COMPLETED,EXPRESS,16.28
ORD0001611,CUST001176,STOR0029,MARKETPLACE,2025-08-22 04:16:00,COMPLETED,EXPRESS,23.63
ORD0001612,CUST000051,STOR0045,MARKETPLACE,2025-11-10 20:18:00,CANCELLED,CLICK_COLLECT,2.3
ORD0001613,CUST000801,STOR0043,MARKETPLACE,2025-10-17 08:19:00,CANCELLED,CLICK_COLLECT,19.42
ORD0001614,CUST000780,STOR0035,B2B,2025-09-09 08:03:00,COMPLETED,EXPRESS,16.15
ORD0001615,CUST000521,STOR0022,ONLINE,2025-07-09 11:14:00,COMPLETED,EXPRESS,16.38
ORD0001616,CUST000858,STOR0023,STORE,2025-12-21 17:34:00,COMPLETED,CLICK_COLLECT,4.96
ORD0001617,CUST000469,STOR0043,MARKETPLACE,2025-07-20 17:47:00,PENDING,EXPRESS,15.75
ORD0001618,CUST001013,STOR0014,B2B,2025-12-10 13:53:00,CANCELLED,EXPRESS,12.94
ORD0001619,CUST000944,STOR0031,MARKETPLACE,2025-07-06 04:01:00,PENDING,EXPRESS,0.11
ORD0001620,CUST000500,STOR0011,B2B,2025-09-13 19:18:00,PENDING,CLICK_COLLECT,5.46
ORD0001621,CUST000616,STOR0016,B2B,2025-12-04 20:16:00,PENDING,CLICK_COLLECT,8.43
ORD0001622,CUST000049,STOR0049,MARKETPLACE,2025-09-20 01:22:00,COMPLETED,STANDARD,9.03
ORD0001623,CUST000359,STOR0035,MARKETPLACE,2025-11-06 01:38:00,CANCELLED,EXPRESS,4.13
ORD0001624,CUST000938,STOR0013,MARKETPLACE,2025-12-02 00:03:00,COMPLETED,CLICK_COLLECT,18.96
ORD0001625,CUST000958,STOR0029,STORE,2025-09-28 01:44:00,CANCELLED,STANDARD,21.11
ORD0001626,CUST000708,STOR0043,ONLINE,2025-10-04 10:17:00,COMPLETED,CLICK_COLLECT,23.13
ORD0001627,CUST000687,STOR0036,MARKETPLACE,2025-05-22 13:08:00,COMPLETED,EXPRESS,0.96
ORD0001628,CUST000010,STOR0020,MARKETPLACE,2025-06-08 22:44:00,COMPLETED,CLICK_COLLECT,4.62
ORD0001629,CUST000430,STOR0022,STORE,2025-09-26 03:19:00,COMPLETED,STANDARD,22.72
ORD0001630,CUST000477,STOR0053,STORE,2025-10-05 08:49:00,CANCELLED,CLICK_COLLECT,21.46
ORD0001631,CUST000162,STOR0052,ONLINE,2025-11-16 10:12:00,COMPLETED,STANDARD,5.98
ORD0001632,CUST000563,STOR0056,STORE,2025-08-04 18:01:00,CANCELLED,EXPRESS,4.62
ORD0001633,CUST001130,STOR0028,B2B,2025-08-31 08:09:00,COMPLETED,CLICK_COLLECT,8.6
ORD0001634,CUST000745,STOR0032,STORE,2025-10-30 01:33:00,PENDING,STANDARD,13.85
ORD0001635,CUST000600,STOR0022,ONLINE,2025-10-26 11:22:00,COMPLETED,CLICK_COLLECT,18.91
ORD0001636,CUST000166,STOR0038,STORE,2025-05-16 19:52:00,COMPLETED,STANDARD,1.96
ORD0001637,CUST000733,STOR0021,STORE,2025-10-23 09:22:00,CANCELLED,CLICK_COLLECT,0.78
ORD0001638,CUST000971,STOR0012,ONLINE,2025-11-17 13:08:00,CANCELLED,EXPRESS,4.99
ORD0001639,CUST000196,STOR0054,STORE,2025-08-27 08:24:00,COMPLETED,CLICK_COLLECT,7.94
ORD0001640,CUST000342,STOR0049,B2B,2025-09-04 11:27:00,COMPLETED,STANDARD,4.34
ORD0001641,CUST000528,STOR0034,ONLINE,2025-08-22 00:32:00,PENDING,CLICK_COLLECT,11.05
ORD0001642,CUST000122,STOR0028,STORE,2025-06-15 00:37:00,COMPLETED,CLICK_COLLECT,20.81
ORD0001643,CUST000482,STOR0060,MARKETPLACE,2025-07-06 00:50:00,COMPLETED,EXPRESS,18.62
ORD0001644,CUST000688,STOR0003,MARKETPLACE,2026-01-01 01:19:00,PENDING,CLICK_COLLECT,13.5
ORD0001645,CUST000858,STOR0029,STORE,2025-12-26 04:58:00,COMPLETED,STANDARD,23.81
ORD0001646,CUST000470,STOR0053,ONLINE,2025-06-30 08:50:00,COMPLETED,CLICK_COLLECT,8.6
ORD0001647,CUST000598,STOR0042,STORE,2025-12-31 02:42:00,COMPLETED,STANDARD,9.23
ORD0001648,CUST000610,STOR0024,ONLINE,2025-11-30 07:25:00,COMPLETED,CLICK_COLLECT,4.39
ORD0001649,CUST000505,STOR0017,STORE,2025-11-06 07:06:00,CANCELLED,EXPRESS,19.18
ORD0001650,CUST000379,STOR0039,ONLINE,2025-08-27 12:29:00,COMPLETED,CLICK_COLLECT,8.28
ORD0001651,CUST000585,STOR0041,MARKETPLACE,2025-10-04 00:47:00,COMPLETED,STANDARD,13.03
ORD0001652,CUST000613,STOR0016,B2B,2025-11-03 06:41:00,PENDING,EXPRESS,5.63
ORD0001653,CUST000079,STOR0044,STORE,2025-11-25 02:56:00,PENDING,EXPRESS,12.09
ORD0001654,CUST000657,STOR0002,B2B,2025-10-26 20:06:00,COMPLETED,CLICK_COLLECT,14.61
ORD0001655,CUST000260,STOR0025,MARKETPLACE,2025-10-25 14:38:00,COMPLETED,EXPRESS,5.34
ORD0001656,CUST000876,STOR0010,ONLINE,2025-06-16 16:07:00,COMPLETED,CLICK_COLLECT,12.59
ORD0001657,CUST000321,STOR0007,STORE,2025-07-03 19:09:00,CANCELLED,CLICK_COLLECT,22.5
ORD0001658,CUST000447,STOR0044,B2B,2025-11-23 10:28:00,CANCELLED,EXPRESS,2.85
ORD0001659,CUST001157,STOR0033,B2B,2025-05-12 11:08:00,CANCELLED,STANDARD,11.05
ORD0001660,CUST000166,STOR0024,STORE,2025-07-19 11:54:00,COMPLETED,EXPRESS,6.85
ORD0001661,CUST000364,STOR0001,STORE,2025-05-19 00:51:00,CANCELLED,CLICK_COLLECT,20.17
ORD0001662,CUST001137,STOR0040,ONLINE,2025-07-07 17:31:00,COMPLETED,CLICK_COLLECT,23.5
ORD0001663,CUST000114,STOR0011,MARKETPLACE,2025-10-16 11:56:00,PENDING,EXPRESS,11.31
ORD0001664,CUST000098,STOR0018,ONLINE,2025-08-15 01:15:00,PENDING,CLICK_COLLECT,19.72
ORD0001665,CUST000941,STOR0044,MARKETPLACE,2025-07-14 13:43:00,COMPLETED,CLICK_COLLECT,1.72
ORD0001666,CUST000492,STOR0051,B2B,2025-11-04 23:09:00,PENDING,CLICK_COLLECT,2.41
ORD0001667,CUST001126,STOR0043,STORE,2025-05-25 07:53:00,CANCELLED,STANDARD,1.79
ORD0001668,CUST000500,STOR0016,MARKETPLACE,2025-12-15 10:06:00,CANCELLED,STANDARD,2.51
ORD0001669,CUST000006,STOR0007,STORE,2025-07-24 05:09:00,PENDING,CLICK_COLLECT,13.67
ORD0001670,CUST000065,STOR0050,STORE,2025-08-06 07:11:00,COMPLETED,CLICK_COLLECT,9.67
ORD0001671,CUST000842,STOR0015,B2B,2025-06-06 23:49:00,COMPLETED,STANDARD,13.44
ORD0001672,CUST000177,STOR0042,B2B,2025-10-26 21:43:00,COMPLETED,CLICK_COLLECT,9.51
ORD0001673,CUST001046,STOR0038,MARKETPLACE,2025-05-09 14:47:00,CANCELLED,EXPRESS,12.05
ORD0001674,CUST000725,STOR0009,ONLINE,2025-05-17 01:01:00,COMPLETED,CLICK_COLLECT,17.93
ORD0001675,CUST000019,STOR0030,ONLINE,2025-11-21 01:30:00,CANCELLED,STANDARD,6.72
ORD0001676,CUST001092,STOR0054,MARKETPLACE,2025-08-07 00:50:00,COMPLETED,STANDARD,5.42
ORD0001677,CUST000166,STOR0049,ONLINE,2025-05-07 16:23:00,PENDING,STANDARD,15.56
ORD0001678,CUST000741,STOR0017,MARKETPLACE,2025-11-26 20:19:00,CANCELLED,CLICK_COLLECT,11.82
ORD0001679,CUST000694,STOR0025,ONLINE,2025-10-10 12:22:00,PENDING,STANDARD,11.34
ORD0001680,CUST000900,STOR0029,ONLINE,2025-09-10 02:15:00,PENDING,CLICK_COLLECT,10.38
ORD0001681,CUST001198,STOR0023,B2B,2025-06-11 13:15:00,COMPLETED,STANDARD,18.55
ORD0001682,CUST000903,STOR0035,STORE,2025-11-17 12:59:00,COMPLETED,EXPRESS,9.09
ORD0001683,CUST000401,STOR0035,B2B,2025-06-28 14:06:00,COMPLETED,STANDARD,4.15
ORD0001684,CUST000592,STOR0043,B2B,2025-06-10 06:43:00,COMPLETED,EXPRESS,7.43
ORD0001685,CUST001013,STOR0028,STORE,2025-08-14 12:11:00,COMPLETED,STANDARD,7.42
ORD0001686,CUST000937,STOR0027,ONLINE,2025-10-27 03:04:00,COMPLETED,STANDARD,15.66
ORD0001687,CUST000606,STOR0033,STORE,2025-06-01 11:11:00,COMPLETED,CLICK_COLLECT,9.92
ORD0001688,CUST999999,STOR0057,B2B,2025-09-19 23:26:00,COMPLETED,EXPRESS,0.68
ORD0001689,CUST000773,STOR0035,B2B,2025-07-09 12:20:00,PENDING,CLICK_COLLECT,22.56
ORD0001690,CUST000773,STOR0036,STORE,2025-12-29 00:13:00,COMPLETED,STANDARD,6.96
ORD0001691,CUST000467,STOR0026,STORE,2025-07-01 15:43:00,COMPLETED,EXPRESS,14.42
ORD0001692,CUST000233,STOR0043,STORE,2025-06-21 23:09:00,CANCELLED,STANDARD,9.58
ORD0001693,CUST000132,STOR0003,MARKETPLACE,2025-10-06 07:17:00,COMPLETED,EXPRESS,18.57
ORD0001694,CUST000193,STOR0006,B2B,2025-10-28 04:37:00,COMPLETED,STANDARD,12.84
ORD0001695,CUST001063,STOR0013,ONLINE,2025-07-16 15:07:00,COMPLETED,CLICK_COLLECT,2.86
ORD0001696,CUST000821,STOR0042,ONLINE,2025-10-31 18:49:00,CANCELLED,EXPRESS,16.93
ORD0001697,CUST001067,STOR0042,MARKETPLACE,2025-09-17 19:46:00,PENDING,EXPRESS,22.36
ORD0001698,CUST000117,STOR0021,STORE,2025-10-01 19:28:00,COMPLETED,STANDARD,12.26
ORD0001699,CUST000839,STOR0051,MARKETPLACE,2025-06-03 08:34:00,CANCELLED,EXPRESS,12.92
ORD0001700,CUST001095,STOR0043,ONLINE,2025-05-30 17:39:00,COMPLETED,EXPRESS,1.92
ORD0001701,CUST000642,STOR0027,STORE,2025-06-29 20:51:00,COMPLETED,EXPRESS,5.0
ORD0001702,CUST000945,STOR0024,MARKETPLACE,2025-05-30 05:38:00,CANCELLED,STANDARD,18.62
ORD0001703,CUST000858,STOR0039,MARKETPLACE,2025-11-14 13:06:00,PENDING,EXPRESS,5.45
ORD0001704,CUST000146,STOR0006,STORE,2025-12-25 17:32:00,PENDING,CLICK_COLLECT,17.76
ORD0001705,CUST001199,STOR0004,B2B,2025-10-18 18:56:00,PENDING,STANDARD,17.44
ORD0001706,CUST000027,STOR0032,ONLINE,2025-06-04 06:41:00,CANCELLED,EXPRESS,8.7
ORD0001707,CUST000352,STOR0008,B2B,2025-11-25 21:44:00,COMPLETED,CLICK_COLLECT,4.86
ORD0001708,CUST000496,STOR0005,B2B,2025-12-27 03:51:00,PENDING,CLICK_COLLECT,8.24
ORD0001709,CUST000093,STOR0020,ONLINE,2025-10-01 01:48:00,COMPLETED,EXPRESS,16.81
ORD0001710,CUST000606,STOR0024,MARKETPLACE,2025-10-06 11:47:00,PENDING,STANDARD,8.54
ORD0001711,CUST001123,STOR0049,ONLINE,2025-08-21 07:43:00,COMPLETED,EXPRESS,21.27
ORD0001712,CUST000316,STOR0010,MARKETPLACE,2025-11-09 06:38:00,COMPLETED,STANDARD,10.95
ORD0001713,CUST000378,STOR0021,ONLINE,2025-07-14 02:53:00,COMPLETED,EXPRESS,21.69
ORD0001714,CUST000218,STOR0053,STORE,2025-12-21 05:57:00,COMPLETED,EXPRESS,20.28
ORD0001715,CUST000810,STOR0015,MARKETPLACE,2025-06-06 22:34:00,COMPLETED,EXPRESS,2.44
ORD0001716,CUST001137,STOR0017,MARKETPLACE,2025-06-28 23:49:00,COMPLETED,STANDARD,7.85
ORD0001717,CUST000497,STOR0001,B2B,2025-06-30 01:38:00,PENDING,EXPRESS,13.03
ORD0001718,CUST000095,STOR0042,B2B,2025-11-10 10:49:00,COMPLETED,EXPRESS,22.05
ORD0001719,CUST000278,STOR0041,MARKETPLACE,2025-10-01 17:29:00,COMPLETED,CLICK_COLLECT,24.63
ORD0001720,CUST000361,STOR0045,ONLINE,2025-10-09 19:55:00,CANCELLED,EXPRESS,15.9
ORD0001721,CUST000191,STOR0027,B2B,2025-12-20 06:21:00,PENDING,STANDARD,1.66
ORD0001722,CUST000964,STOR0013,B2B,2025-06-27 06:39:00,CANCELLED,STANDARD,11.96
ORD0001723,CUST000464,STOR0046,MARKETPLACE,2025-06-09 03:30:00,COMPLETED,CLICK_COLLECT,23.0
ORD0001724,CUST000352,STOR0042,STORE,2025-07-23 04:41:00,COMPLETED,STANDARD,17.21
ORD0001725,CUST000126,STOR0027,STORE,2025-09-17 23:14:00,COMPLETED,CLICK_COLLECT,5.87
ORD0001726,CUST000030,STOR0007,ONLINE,2025-07-25 09:57:00,COMPLETED,EXPRESS,6.71
ORD0001727,CUST000555,STOR0010,ONLINE,2025-07-20 17:55:00,COMPLETED,CLICK_COLLECT,6.99
ORD0001728,CUST000631,STOR0029,B2B,2025-11-28 11:00:00,COMPLETED,CLICK_COLLECT,22.36
ORD0001729,CUST001055,STOR0028,ONLINE,2025-05-29 03:42:00,COMPLETED,EXPRESS,24.74
ORD0001730,CUST001180,STOR0019,ONLINE,2025-05-08 19:51:00,COMPLETED,EXPRESS,8.79
ORD0001731,CUST000134,STOR0058,STORE,2025-10-11 17:39:00,CANCELLED,STANDARD,8.0
ORD0001732,CUST000615,STOR0054,MARKETPLACE,2025-12-04 20:08:00,COMPLETED,CLICK_COLLECT,15.84
ORD0001733,CUST000367,STOR0025,ONLINE,2025-05-20 16:58:00,COMPLETED,STANDARD,16.08
ORD0001734,CUST000548,STOR0012,STORE,2025-07-26 12:20:00,COMPLETED,CLICK_COLLECT,23.92
ORD0001735,CUST000782,STOR0028,B2B,2025-07-06 15:24:00,PENDING,STANDARD,19.38
ORD0001736,CUST000475,STOR0035,B2B,2025-09-28 11:14:00,COMPLETED,CLICK_COLLECT,6.25
ORD0001737,CUST001110,STOR0051,STORE,2025-12-05 02:40:00,PENDING,CLICK_COLLECT,0.41
ORD0001738,CUST000626,STOR0009,MARKETPLACE,2025-10-12 07:50:00,COMPLETED,EXPRESS,0.06
ORD0001739,CUST001050,STOR0048,STORE,2025-08-22 21:11:00,COMPLETED,EXPRESS,4.78
ORD0001740,CUST001060,STOR0035,STORE,2025-11-28 09:43:00,COMPLETED,EXPRESS,5.22
ORD0001741,CUST001079,STOR0025,B2B,2025-08-08 03:47:00,PENDING,EXPRESS,18.29
ORD0001742,CUST000742,STOR0052,MARKETPLACE,2025-09-12 13:49:00,COMPLETED,EXPRESS,6.23
ORD0001743,CUST000274,STOR0036,MARKETPLACE,2025-09-26 05:24:00,COMPLETED,STANDARD,11.24
ORD0001744,CUST000045,STOR0037,MARKETPLACE,2025-06-27 10:52:00,COMPLETED,CLICK_COLLECT,15.84
ORD0001745,CUST000765,STOR0039,MARKETPLACE,2025-12-31 16:51:00,CANCELLED,CLICK_COLLECT,21.64
ORD0001746,CUST000865,STOR0019,MARKETPLACE,2025-07-08 18:27:00,COMPLETED,EXPRESS,15.02
ORD0001747,CUST000673,STOR0003,MARKETPLACE,2025-12-06 15:25:00,CANCELLED,STANDARD,20.06
ORD0001748,CUST000078,STOR0049,MARKETPLACE,2025-09-16 06:00:00,COMPLETED,STANDARD,13.76
ORD0001749,CUST000563,STOR0019,B2B,2025-08-30 06:59:00,CANCELLED,CLICK_COLLECT,24.07
ORD0001750,CUST001104,STOR0040,MARKETPLACE,2025-08-24 14:37:00,CANCELLED,STANDARD,10.21
ORD0001751,CUST000046,STOR0056,B2B,2025-06-02 14:44:00,PENDING,STANDARD,2.13
ORD0001752,CUST000169,STOR0006,ONLINE,2025-07-11 19:28:00,COMPLETED,CLICK_COLLECT,6.52
ORD0001753,CUST000690,STOR0026,B2B,2025-11-05 14:06:00,COMPLETED,EXPRESS,10.8
ORD0001754,CUST000694,STOR0005,B2B,2025-07-28 00:41:00,COMPLETED,CLICK_COLLECT,2.4
ORD0001755,CUST000535,STOR0037,STORE,2025-09-08 21:18:00,COMPLETED,EXPRESS,17.36
ORD0001756,CUST000891,STOR0037,MARKETPLACE,2025-08-08 19:56:00,COMPLETED,EXPRESS,8.11
ORD0001757,CUST000687,STOR0051,B2B,2025-12-24 00:41:00,CANCELLED,CLICK_COLLECT,14.42
ORD0001758,CUST000637,STOR0003,STORE,2025-07-03 15:21:00,COMPLETED,STANDARD,19.89
ORD0001759,CUST001100,STOR0038,STORE,2025-08-25 02:30:00,COMPLETED,EXPRESS,3.11
ORD0001760,CUST000115,STOR0056,STORE,2025-05-14 04:21:00,PENDING,EXPRESS,21.78
ORD0001761,CUST000354,STOR0049,B2B,2025-09-08 13:47:00,COMPLETED,CLICK_COLLECT,24.82
ORD0001762,CUST000511,STOR0034,MARKETPLACE,2025-05-24 20:26:00,PENDING,STANDARD,18.97
ORD0001763,CUST000107,STOR0043,B2B,2025-08-18 17:55:00,COMPLETED,EXPRESS,12.8
ORD0001764,CUST000174,STOR0002,ONLINE,2025-07-01 00:46:00,COMPLETED,EXPRESS,13.73
ORD0001765,CUST000173,STOR0052,STORE,2025-08-10 19:21:00,COMPLETED,EXPRESS,16.07
ORD0001766,CUST001003,STOR0030,MARKETPLACE,2025-09-11 11:09:00,PENDING,EXPRESS,18.97
ORD0001767,CUST000671,STOR0027,STORE,2025-05-18 06:24:00,COMPLETED,STANDARD,18.68
ORD0001768,CUST000577,STOR0014,MARKETPLACE,2025-06-30 08:19:00,CANCELLED,CLICK_COLLECT,19.52
ORD0001769,CUST000501,STOR0015,ONLINE,2025-08-10 23:47:00,PENDING,STANDARD,16.86
ORD0001770,CUST000760,STOR0029,B2B,2025-06-13 06:14:00,COMPLETED,EXPRESS,17.85
ORD0001771,CUST000451,STOR0054,ONLINE,2025-11-12 01:28:00,CANCELLED,EXPRESS,7.0
ORD0001772,CUST000877,STOR0012,B2B,2025-08-05 14:29:00,COMPLETED,EXPRESS,6.13
ORD0001773,CUST000642,STOR0045,ONLINE,2025-08-14 14:34:00,PENDING,CLICK_COLLECT,22.54
ORD0001774,CUST001016,STOR0017,B2B,2025-09-24 19:31:00,COMPLETED,CLICK_COLLECT,6.82
ORD0001775,CUST000585,STOR0054,MARKETPLACE,2025-07-18 20:15:00,COMPLETED,CLICK_COLLECT,8.85
ORD0001776,CUST000942,STOR0051,MARKETPLACE,2025-06-23 14:47:00,COMPLETED,STANDARD,11.9
ORD0001777,CUST000974,STOR0019,ONLINE,2025-09-02 13:35:00,COMPLETED,STANDARD,0.56
ORD0001778,CUST000957,STOR0023,ONLINE,2025-12-13 15:26:00,COMPLETED,CLICK_COLLECT,11.13
ORD0001779,CUST000156,STOR0021,B2B,2025-06-26 09:05:00,COMPLETED,CLICK_COLLECT,19.42
ORD0001780,CUST000120,STOR0051,ONLINE,2025-05-21 19:37:00,COMPLETED,CLICK_COLLECT,21.28
ORD0001781,CUST000838,STOR0024,B2B,2025-11-11 01:50:00,COMPLETED,CLICK_COLLECT,12.66
ORD0001782,CUST000540,STOR0022,STORE,2025-07-06 23:18:00,PENDING,EXPRESS,16.37
ORD0001783,CUST000701,STOR0012,STORE,2025-08-22 11:15:00,COMPLETED,EXPRESS,10.75
ORD0001784,CUST000028,STOR0056,ONLINE,2025-05-14 20:43:00,COMPLETED,EXPRESS,0.72
ORD0001785,CUST000144,STOR0004,STORE,2025-09-29 23:05:00,COMPLETED,CLICK_COLLECT,24.74
ORD0001786,CUST000864,STOR0005,ONLINE,2025-10-23 11:52:00,PENDING,CLICK_COLLECT,19.13
ORD0001787,CUST000818,STOR0054,MARKETPLACE,2025-09-11 18:37:00,COMPLETED,STANDARD,13.69
ORD0001788,CUST000441,STOR0048,B2B,2025-10-27 10:32:00,COMPLETED,EXPRESS,10.66
ORD0001789,CUST000964,STOR0029,B2B,2025-07-24 23:19:00,COMPLETED,CLICK_COLLECT,16.07
ORD0001790,CUST000998,STOR0043,ONLINE,2025-10-18 13:32:00,COMPLETED,CLICK_COLLECT,11.54
ORD0001791,CUST000786,STOR0036,STORE,2025-10-02 13:25:00,PENDING,STANDARD,18.51
ORD0001792,CUST000828,STOR0022,MARKETPLACE,2025-11-04 04:23:00,COMPLETED,CLICK_COLLECT,16.05
ORD0001793,CUST000337,STOR0045,STORE,2025-05-23 08:45:00,COMPLETED,STANDARD,18.25
ORD0001794,CUST001017,STOR0028,MARKETPLACE,2025-09-30 22:11:00,COMPLETED,EXPRESS,6.96
ORD0001795,CUST001096,STOR0028,STORE,2025-09-06 21:15:00,COMPLETED,STANDARD,6.33
ORD0001796,CUST000181,STOR0035,B2B,2025-08-04 02:13:00,CANCELLED,STANDARD,7.71
ORD0001797,CUST000499,STOR0014,ONLINE,2025-07-23 14:55:00,COMPLETED,EXPRESS,18.33
ORD0001798,CUST000535,STOR0030,MARKETPLACE,2025-09-11 10:10:00,COMPLETED,STANDARD,0.07
ORD0001799,CUST000578,STOR0007,ONLINE,2025-07-28 19:16:00,COMPLETED,CLICK_COLLECT,5.65
ORD0001800,CUST000463,STOR0054,MARKETPLACE,2025-09-12 15:41:00,COMPLETED,CLICK_COLLECT,22.89
ORD0001801,CUST000833,STOR0027,MARKETPLACE,2025-10-27 22:48:00,CANCELLED,EXPRESS,7.56
ORD0001802,CUST000751,STOR0005,STORE,2025-06-27 02:13:00,COMPLETED,STANDARD,8.88
ORD0001803,CUST000857,STOR0050,MARKETPLACE,2025-08-09 06:17:00,PENDING,STANDARD,8.73
ORD0001804,CUST001102,STOR0024,STORE,2025-10-12 16:49:00,COMPLETED,EXPRESS,13.76
ORD0001805,CUST000119,STOR0052,MARKETPLACE,2025-07-28 10:56:00,COMPLETED,STANDARD,24.28
ORD0001806,CUST000740,STOR0052,ONLINE,2025-09-24 12:21:00,CANCELLED,EXPRESS,8.63
ORD0001807,CUST001102,STOR0014,ONLINE,2025-10-11 05:13:00,PENDING,STANDARD,7.78
ORD0001808,CUST001122,STOR0058,ONLINE,2025-11-17 18:05:00,COMPLETED,STANDARD,24.01
ORD0001809,CUST000789,STOR0013,MARKETPLACE,2025-05-22 08:55:00,COMPLETED,CLICK_COLLECT,15.17
ORD0001810,CUST000322,STOR0007,MARKETPLACE,2025-12-01 05:19:00,PENDING,EXPRESS,18.61
ORD0001811,CUST000209,STOR0012,ONLINE,2025-07-06 01:53:00,PENDING,EXPRESS,3.87
ORD0001812,CUST000186,STOR0006,MARKETPLACE,2025-12-23 06:18:00,CANCELLED,STANDARD,4.92
ORD0001813,CUST000730,STOR0024,STORE,2025-05-27 10:56:00,COMPLETED,STANDARD,8.02
ORD0001814,CUST000630,STOR0019,ONLINE,2025-05-15 06:03:00,CANCELLED,EXPRESS,13.32
ORD0001815,CUST000098,STOR0040,B2B,2025-10-24 22:06:00,COMPLETED,CLICK_COLLECT,13.73
ORD0001816,CUST000936,STOR0027,B2B,2025-10-22 10:20:00,COMPLETED,CLICK_COLLECT,20.01
ORD0001817,CUST001144,STOR0048,STORE,2025-07-28 09:07:00,PENDING,CLICK_COLLECT,2.46
ORD0001818,CUST000547,STOR0022,STORE,2025-08-18 19:54:00,COMPLETED,EXPRESS,7.67
ORD0001819,CUST000211,STOR0002,B2B,2025-05-27 19:58:00,COMPLETED,CLICK_COLLECT,18.71
ORD0001820,CUST000192,STOR0002,ONLINE,2025-10-17 12:44:00,PENDING,CLICK_COLLECT,3.31
ORD0001821,CUST000253,STOR0026,STORE,2025-10-23 08:08:00,CANCELLED,CLICK_COLLECT,23.13
ORD0001822,CUST001023,STOR0023,B2B,2025-06-13 21:05:00,COMPLETED,CLICK_COLLECT,19.55
ORD0001823,CUST000782,STOR0010,ONLINE,2025-12-05 19:36:00,PENDING,STANDARD,15.79
ORD0001824,CUST000177,STOR0048,ONLINE,2025-09-10 18:51:00,COMPLETED,EXPRESS,14.22
ORD0001825,CUST000721,STOR0032,STORE,2025-06-10 21:51:00,COMPLETED,CLICK_COLLECT,15.68
ORD0001826,CUST000324,STOR0010,ONLINE,2025-05-18 22:12:00,COMPLETED,CLICK_COLLECT,16.53
ORD0001827,CUST000696,STOR0040,B2B,2025-12-25 08:35:00,COMPLETED,EXPRESS,20.13
ORD0001828,CUST000297,STOR0040,MARKETPLACE,2025-09-25 14:07:00,COMPLETED,EXPRESS,8.37
ORD0001829,CUST000092,STOR0022,ONLINE,2025-12-22 22:51:00,COMPLETED,CLICK_COLLECT,23.69
ORD0001830,CUST000779,STOR0003,MARKETPLACE,2025-08-16 00:51:00,PENDING,STANDARD,4.34
ORD0001831,CUST000027,STOR0027,MARKETPLACE,2025-12-31 05:16:00,COMPLETED,EXPRESS,6.59
ORD0001832,CUST000699,STOR0003,ONLINE,2025-11-27 12:44:00,COMPLETED,STANDARD,15.86
ORD0001833,CUST000677,STOR0028,B2B,2025-11-08 18:32:00,COMPLETED,STANDARD,0.88
ORD0001834,CUST000726,STOR0028,STORE,2025-12-22 12:21:00,COMPLETED,CLICK_COLLECT,13.97
ORD0001835,CUST001046,STOR0029,B2B,2025-09-18 16:59:00,COMPLETED,EXPRESS,17.43
ORD0001836,CUST000487,STOR0005,STORE,2025-12-25 19:39:00,CANCELLED,CLICK_COLLECT,23.97
ORD0001837,CUST000283,STOR0054,ONLINE,2025-08-20 20:08:00,COMPLETED,STANDARD,19.98
ORD0001838,CUST000783,STOR0001,MARKETPLACE,2025-12-14 06:35:00,CANCELLED,CLICK_COLLECT,6.93
ORD0001839,CUST000164,STOR0049,ONLINE,2025-11-14 14:57:00,COMPLETED,CLICK_COLLECT,0.42
ORD0001840,CUST000526,STOR0055,MARKETPLACE,2025-07-29 03:48:00,COMPLETED,CLICK_COLLECT,4.21
ORD0001841,CUST000631,STOR0005,ONLINE,2025-11-05 18:18:00,COMPLETED,EXPRESS,20.22
ORD0001842,CUST000478,STOR0020,B2B,2025-11-09 01:23:00,COMPLETED,CLICK_COLLECT,5.98
ORD0001843,CUST000838,STOR0031,STORE,2025-08-05 02:47:00,COMPLETED,CLICK_COLLECT,8.28
ORD0001844,CUST000807,STOR0032,ONLINE,2025-07-01 04:42:00,PENDING,EXPRESS,21.61
ORD0001845,CUST001083,STOR0048,B2B,2025-11-16 16:25:00,COMPLETED,EXPRESS,17.22
ORD0001846,CUST000342,STOR0024,STORE,2025-06-13 18:57:00,COMPLETED,CLICK_COLLECT,22.66
ORD0001847,CUST000004,STOR0049,ONLINE,2025-11-05 17:57:00,PENDING,STANDARD,3.86
ORD0001848,CUST000895,STOR0058,MARKETPLACE,2025-08-09 06:02:00,CANCELLED,CLICK_COLLECT,18.19
ORD0001849,CUST000839,STOR0041,B2B,2025-10-27 13:31:00,PENDING,STANDARD,15.27
ORD0001850,CUST001130,STOR0015,B2B,2025-08-16 08:20:00,COMPLETED,CLICK_COLLECT,7.02
ORD0001851,CUST000686,STOR0010,ONLINE,2025-07-28 18:30:00,COMPLETED,EXPRESS,15.9
ORD0001852,CUST000706,STOR0044,MARKETPLACE,2025-05-26 15:20:00,PENDING,CLICK_COLLECT,3.97
ORD0001853,CUST001001,STOR0018,B2B,2025-09-11 22:39:00,COMPLETED,STANDARD,24.17
ORD0001854,CUST000597,STOR0034,B2B,2025-05-22 22:40:00,COMPLETED,EXPRESS,11.09
ORD0001855,CUST000242,STOR0051,B2B,2025-11-16 03:53:00,CANCELLED,EXPRESS,8.37
ORD0001856,CUST000729,STOR0051,MARKETPLACE,2025-07-13 19:26:00,COMPLETED,EXPRESS,19.47
ORD0001857,CUST000229,STOR0040,B2B,2025-08-25 09:56:00,CANCELLED,CLICK_COLLECT,14.97
ORD0001858,CUST000103,STOR0037,STORE,2025-07-05 23:00:00,COMPLETED,CLICK_COLLECT,12.61
ORD0001859,CUST000226,STOR0026,STORE,2025-06-22 01:53:00,COMPLETED,STANDARD,18.97
ORD0001860,CUST000318,STOR0012,MARKETPLACE,2025-07-28 18:30:00,COMPLETED,STANDARD,13.11
ORD0001861,CUST000441,STOR0020,STORE,2025-11-16 17:50:00,CANCELLED,EXPRESS,10.26
ORD0001862,CUST001065,STOR0050,MARKETPLACE,2025-05-18 18:40:00,CANCELLED,CLICK_COLLECT,17.35
ORD0001863,CUST001037,STOR0003,MARKETPLACE,2025-05-27 20:55:00,COMPLETED,STANDARD,4.91
ORD0001864,CUST000148,STOR0054,MARKETPLACE,2025-07-21 17:00:00,COMPLETED,EXPRESS,18.69
ORD0001865,CUST000820,STOR0048,B2B,2025-08-09 16:25:00,COMPLETED,EXPRESS,8.16
ORD0001866,CUST000033,STOR0023,STORE,2025-07-14 13:56:00,PENDING,STANDARD,22.31
ORD0001867,CUST000896,STOR0032,MARKETPLACE,2025-05-16 19:56:00,CANCELLED,CLICK_COLLECT,17.51
ORD0001868,CUST000682,STOR0048,STORE,2025-09-09 04:03:00,CANCELLED,CLICK_COLLECT,21.31
ORD0001869,CUST000129,STOR0007,STORE,2025-07-21 19:36:00,PENDING,EXPRESS,10.22
ORD0001870,CUST000315,STOR0052,MARKETPLACE,2025-11-11 20:59:00,COMPLETED,STANDARD,24.53
ORD0001871,CUST000446,STOR0036,STORE,2025-12-17 11:20:00,COMPLETED,CLICK_COLLECT,12.43
ORD0001872,CUST000285,STOR0006,STORE,2025-08-01 10:35:00,CANCELLED,STANDARD,10.42
ORD0001873,CUST000815,STOR0031,MARKETPLACE,2025-06-30 19:23:00,COMPLETED,CLICK_COLLECT,9.89
ORD0001874,CUST000046,STOR0054,B2B,2025-08-28 17:39:00,COMPLETED,STANDARD,16.66
ORD0001875,CUST001167,STOR0007,ONLINE,2025-12-20 18:44:00,CANCELLED,EXPRESS,9.37
ORD0001876,CUST000568,STOR0020,ONLINE,2025-05-23 04:36:00,COMPLETED,CLICK_COLLECT,19.52
ORD0001877,CUST000206,STOR0028,MARKETPLACE,2025-07-31 06:43:00,PENDING,CLICK_COLLECT,4.45
ORD0001878,CUST000501,STOR0034,MARKETPLACE,2025-11-16 21:48:00,PENDING,EXPRESS,6.8
ORD0001879,CUST000777,STOR0050,MARKETPLACE,2025-08-27 13:22:00,PENDING,STANDARD,12.04
ORD0001880,CUST000540,STOR0042,STORE,2025-08-06 10:19:00,COMPLETED,STANDARD,24.6
ORD0001881,CUST001009,STOR0007,MARKETPLACE,2025-08-24 17:30:00,CANCELLED,CLICK_COLLECT,4.37
ORD0001882,CUST001193,STOR0018,ONLINE,2025-06-11 23:00:00,CANCELLED,EXPRESS,23.67
ORD0001883,CUST000231,STOR0023,STORE,2025-10-30 07:19:00,COMPLETED,CLICK_COLLECT,11.6
ORD0001884,CUST000098,STOR0008,ONLINE,2025-06-06 01:42:00,COMPLETED,CLICK_COLLECT,6.31
ORD0001885,CUST000590,STOR0040,MARKETPLACE,2025-08-30 07:49:00,COMPLETED,CLICK_COLLECT,1.79
ORD0001886,CUST001099,STOR0031,STORE,2025-12-20 21:16:00,COMPLETED,EXPRESS,23.56
ORD0001887,CUST000822,STOR0017,ONLINE,2025-09-02 16:21:00,COMPLETED,EXPRESS,6.76
ORD0001888,CUST000633,STOR0007,B2B,2025-11-09 20:31:00,PENDING,EXPRESS,21.89
ORD0001889,CUST000644,STOR0010,STORE,2025-08-09 14:13:00,COMPLETED,CLICK_COLLECT,9.17
ORD0001890,CUST000037,STOR0054,MARKETPLACE,2025-08-09 11:35:00,CANCELLED,CLICK_COLLECT,14.95
ORD0001891,CUST001028,STOR0007,B2B,2025-12-05 15:23:00,CANCELLED,STANDARD,3.88
ORD0001892,CUST000538,STOR0041,ONLINE,2025-12-21 16:49:00,COMPLETED,EXPRESS,4.19
ORD0001893,CUST000619,STOR0029,ONLINE,2025-06-29 23:47:00,COMPLETED,STANDARD,11.63
ORD0001894,CUST000911,STOR0041,ONLINE,2025-07-09 12:51:00,COMPLETED,CLICK_COLLECT,24.48
ORD0001895,CUST000503,STOR0019,ONLINE,2025-10-24 18:31:00,PENDING,EXPRESS,17.84
ORD0001896,CUST001062,STOR0046,STORE,2025-09-29 10:02:00,CANCELLED,EXPRESS,9.32
ORD0001897,CUST000252,STOR0030,ONLINE,2025-11-18 12:02:00,COMPLETED,CLICK_COLLECT,20.62
ORD0001898,CUST000943,STOR0023,ONLINE,2025-05-31 00:04:00,COMPLETED,STANDARD,10.96
ORD0001899,CUST999999,STOR0051,MARKETPLACE,2025-05-15 12:29:00,PENDING,STANDARD,12.22
ORD0001900,CUST000365,STOR0034,MARKETPLACE,2025-08-24 22:38:00,COMPLETED,CLICK_COLLECT,2.45
ORD0001901,CUST000225,STOR0048,MARKETPLACE,2025-12-23 22:09:00,PENDING,STANDARD,16.61
ORD0001902,CUST000912,STOR0026,STORE,2025-11-19 18:27:00,COMPLETED,STANDARD,19.76
ORD0001903,CUST000730,STOR0046,B2B,2025-09-07 07:23:00,COMPLETED,EXPRESS,1.44
ORD0001904,CUST001103,STOR0014,MARKETPLACE,2025-06-07 04:34:00,COMPLETED,STANDARD,5.76
ORD0001905,CUST000398,STOR0040,ONLINE,2025-08-02 03:48:00,COMPLETED,EXPRESS,4.74
ORD0001906,CUST000635,STOR0011,B2B,2025-10-07 14:58:00,COMPLETED,CLICK_COLLECT,5.67
ORD0001907,CUST000461,STOR0021,B2B,2025-08-17 21:59:00,PENDING,EXPRESS,11.04
ORD0001908,CUST000549,STOR0034,ONLINE,2025-12-01 02:44:00,COMPLETED,CLICK_COLLECT,19.19
ORD0001909,CUST000106,STOR0059,B2B,2025-12-20 21:00:00,COMPLETED,EXPRESS,19.35
ORD0001910,CUST000315,STOR0025,ONLINE,2025-08-25 11:35:00,PENDING,STANDARD,24.36
ORD0001911,CUST000851,STOR0016,B2B,2025-08-01 05:42:00,PENDING,EXPRESS,17.69
ORD0001912,CUST001038,STOR0056,B2B,2025-11-26 02:09:00,CANCELLED,CLICK_COLLECT,2.59
ORD0001913,CUST000264,STOR0013,STORE,2025-11-29 04:43:00,COMPLETED,EXPRESS,15.67
ORD0001914,CUST000326,STOR0052,B2B,2025-06-17 10:55:00,COMPLETED,STANDARD,14.64
ORD0001915,CUST001163,STOR0052,STORE,2025-11-24 20:34:00,COMPLETED,CLICK_COLLECT,21.63
ORD0001916,CUST000541,STOR0041,MARKETPLACE,2025-08-14 10:28:00,CANCELLED,EXPRESS,17.5
ORD0001917,CUST000650,STOR0018,MARKETPLACE,2025-06-21 11:43:00,COMPLETED,STANDARD,13.02
ORD0001918,CUST000702,STOR0006,STORE,2025-11-26 22:34:00,CANCELLED,EXPRESS,4.69
ORD0001919,CUST000296,STOR0004,STORE,2025-05-10 21:21:00,PENDING,CLICK_COLLECT,16.09
ORD0001920,CUST000444,STOR0029,B2B,2025-05-31 22:37:00,PENDING,EXPRESS,19.51
ORD0001921,CUST001018,STOR0006,MARKETPLACE,2025-09-20 08:55:00,CANCELLED,CLICK_COLLECT,3.36
ORD0001922,CUST001070,STOR0016,STORE,2025-05-13 02:16:00,COMPLETED,EXPRESS,6.67
ORD0001923,CUST000379,STOR0029,STORE,2025-05-21 03:07:00,PENDING,STANDARD,22.79
ORD0001924,CUST001041,STOR0031,B2B,2025-05-08 06:00:00,COMPLETED,EXPRESS,22.7
ORD0001925,CUST000022,STOR0027,B2B,2025-05-17 23:36:00,CANCELLED,STANDARD,24.28
ORD0001926,CUST000296,STOR0048,MARKETPLACE,2025-07-05 14:24:00,COMPLETED,EXPRESS,10.53
ORD0001927,CUST000135,STOR0041,B2B,2025-09-06 22:53:00,COMPLETED,STANDARD,12.47
ORD0001928,CUST001073,STOR0055,B2B,2025-05-16 09:34:00,PENDING,STANDARD,16.42
ORD0001929,CUST001177,STOR0015,ONLINE,2025-06-01 16:24:00,COMPLETED,CLICK_COLLECT,4.05
ORD0001930,CUST000673,STOR0051,B2B,2025-12-08 09:41:00,COMPLETED,CLICK_COLLECT,10.73
ORD0001931,CUST000171,STOR0026,ONLINE,2025-07-21 03:37:00,COMPLETED,CLICK_COLLECT,22.66
ORD0001932,CUST000042,STOR0025,MARKETPLACE,2025-11-14 07:38:00,PENDING,STANDARD,24.13
ORD0001933,CUST000997,STOR0042,ONLINE,2025-11-06 22:48:00,COMPLETED,EXPRESS,3.27
ORD0001934,CUST000923,STOR0044,ONLINE,2025-11-30 21:07:00,COMPLETED,CLICK_COLLECT,1.73
ORD0001935,CUST001176,STOR0007,STORE,2025-12-13 11:35:00,CANCELLED,CLICK_COLLECT,3.56
ORD0001936,CUST000947,STOR0018,STORE,2025-08-14 14:00:00,COMPLETED,EXPRESS,23.06
ORD0001937,CUST000816,STOR0047,STORE,2025-05-23 19:15:00,COMPLETED,STANDARD,10.04
ORD0001938,CUST000232,STOR0028,ONLINE,2025-05-06 04:11:00,PENDING,CLICK_COLLECT,12.75
ORD0001939,CUST000022,STOR0010,STORE,2025-08-07 08:32:00,COMPLETED,EXPRESS,13.63
ORD0001940,CUST000611,STOR0013,ONLINE,2025-11-15 16:52:00,COMPLETED,EXPRESS,9.05
ORD0001941,CUST000173,STOR0031,MARKETPLACE,2025-07-06 10:54:00,COMPLETED,EXPRESS,9.43
ORD0001942,CUST000707,STOR0008,ONLINE,2025-06-30 22:45:00,COMPLETED,CLICK_COLLECT,2.04
ORD0001943,CUST001113,STOR0016,STORE,2025-05-18 02:09:00,COMPLETED,CLICK_COLLECT,8.26
ORD0001944,CUST000988,STOR0037,ONLINE,2025-09-14 20:37:00,COMPLETED,EXPRESS,20.2
ORD0001945,CUST000205,STOR0032,B2B,2025-12-12 19:29:00,COMPLETED,EXPRESS,17.48
ORD0001946,CUST000842,STOR0033,B2B,2025-06-24 01:22:00,COMPLETED,CLICK_COLLECT,7.59
ORD0001947,CUST000783,STOR0001,MARKETPLACE,2025-06-08 08:58:00,COMPLETED,EXPRESS,6.33
ORD0001948,CUST001138,STOR0038,MARKETPLACE,2025-11-29 07:48:00,COMPLETED,STANDARD,11.21
ORD0001949,CUST001142,STOR0030,B2B,2025-09-26 08:07:00,CANCELLED,EXPRESS,21.64
ORD0001950,CUST000795,STOR0018,STORE,2025-08-25 01:00:00,COMPLETED,EXPRESS,23.54
ORD0001951,CUST000932,STOR0044,STORE,2025-10-20 22:59:00,COMPLETED,CLICK_COLLECT,19.06
ORD0001952,CUST000467,STOR0015,STORE,2025-11-16 07:02:00,COMPLETED,CLICK_COLLECT,19.78
ORD0001953,CUST000925,STOR0022,B2B,2025-11-13 23:46:00,COMPLETED,EXPRESS,2.91
ORD0001954,CUST000576,STOR0058,ONLINE,2025-05-06 09:34:00,PENDING,EXPRESS,17.52
ORD0001955,CUST000445,STOR0054,ONLINE,2025-08-26 23:51:00,PENDING,STANDARD,24.77
ORD0001956,CUST000699,STOR0055,MARKETPLACE,2025-08-13 00:54:00,COMPLETED,EXPRESS,1.29
ORD0001957,CUST000738,STOR0053,MARKETPLACE,2025-10-05 18:57:00,CANCELLED,EXPRESS,20.8
ORD0001958,CUST000992,STOR0037,B2B,2025-06-01 03:03:00,CANCELLED,EXPRESS,22.03
ORD0001959,CUST000720,STOR0027,MARKETPLACE,2025-08-06 09:43:00,CANCELLED,STANDARD,12.79
ORD0001960,CUST000341,STOR0025,STORE,2025-11-24 14:09:00,COMPLETED,CLICK_COLLECT,8.45
ORD0001961,CUST000417,STOR0038,ONLINE,2025-10-27 00:48:00,PENDING,CLICK_COLLECT,6.45
ORD0001962,CUST000715,STOR0048,B2B,2025-10-28 12:33:00,COMPLETED,EXPRESS,9.47
ORD0001963,CUST000373,STOR0060,B2B,2025-10-04 23:38:00,COMPLETED,STANDARD,12.99
ORD0001964,CUST001123,STOR0031,ONLINE,2025-12-30 13:50:00,PENDING,EXPRESS,22.08
ORD0001965,CUST000768,STOR0030,ONLINE,2025-12-19 14:28:00,COMPLETED,CLICK_COLLECT,14.13
ORD0001966,CUST000771,STOR0015,B2B,2025-12-03 13:09:00,CANCELLED,CLICK_COLLECT,4.59
ORD0001967,CUST000175,STOR0004,B2B,2025-11-12 14:04:00,COMPLETED,EXPRESS,3.08
ORD0001968,CUST000354,STOR0012,ONLINE,2025-09-24 19:26:00,CANCELLED,CLICK_COLLECT,24.17
ORD0001969,CUST000414,STOR0011,STORE,2025-10-20 05:18:00,COMPLETED,CLICK_COLLECT,23.54
ORD0001970,CUST000294,STOR0014,STORE,2025-07-06 01:50:00,COMPLETED,EXPRESS,9.48
ORD0001971,CUST000057,STOR0054,B2B,2025-11-23 12:52:00,PENDING,EXPRESS,17.69
ORD0001972,CUST000705,STOR0042,STORE,2025-10-27 00:25:00,COMPLETED,EXPRESS,10.94
ORD0001973,CUST000288,STOR0039,MARKETPLACE,2025-12-17 12:20:00,COMPLETED,STANDARD,12.65
ORD0001974,CUST000100,STOR0003,B2B,2025-07-07 15:45:00,COMPLETED,EXPRESS,13.28
ORD0001975,CUST000589,STOR0035,B2B,2025-12-03 17:21:00,COMPLETED,STANDARD,2.67
ORD0001976,CUST001066,STOR0051,ONLINE,2025-10-01 20:48:00,COMPLETED,STANDARD,9.05
ORD0001977,CUST000014,STOR0021,STORE,2025-07-24 04:33:00,CANCELLED,EXPRESS,19.0
ORD0001978,CUST000683,STOR0052,ONLINE,2025-07-22 04:23:00,CANCELLED,CLICK_COLLECT,21.49
ORD0001979,CUST000915,STOR0035,B2B,2025-08-22 17:33:00,COMPLETED,CLICK_COLLECT,4.51
ORD0001980,CUST000267,STOR0011,ONLINE,2025-07-03 23:37:00,COMPLETED,STANDARD,22.93
ORD0001981,CUST000668,STOR0036,B2B,2025-05-14 02:39:00,CANCELLED,STANDARD,23.79
ORD0001982,CUST000270,STOR0035,B2B,2025-11-20 18:42:00,PENDING,CLICK_COLLECT,19.42
ORD0001983,CUST000416,STOR0053,ONLINE,2025-06-15 16:31:00,COMPLETED,STANDARD,20.14
ORD0001984,CUST000838,STOR0012,ONLINE,2025-09-28 11:51:00,CANCELLED,CLICK_COLLECT,14.44
ORD0001985,CUST000875,STOR0001,STORE,2025-07-24 09:07:00,COMPLETED,STANDARD,13.55
ORD0001986,CUST000010,STOR0002,MARKETPLACE,2025-09-12 00:30:00,COMPLETED,CLICK_COLLECT,1.03
ORD0001987,CUST000694,STOR0044,ONLINE,2025-09-17 15:19:00,COMPLETED,STANDARD,3.68
ORD0001988,CUST000008,STOR0006,B2B,2025-06-15 23:45:00,COMPLETED,EXPRESS,9.16
ORD0001989,CUST000565,STOR0034,B2B,2025-07-14 02:25:00,PENDING,STANDARD,16.46
ORD0001990,CUST000552,STOR0026,B2B,2025-10-31 02:03:00,COMPLETED,EXPRESS,7.99
ORD0001991,CUST000201,STOR0023,STORE,2025-11-11 00:49:00,CANCELLED,CLICK_COLLECT,17.01
ORD0001992,CUST000350,STOR0053,ONLINE,2025-08-28 08:17:00,COMPLETED,CLICK_COLLECT,9.96
ORD0001993,CUST000700,STOR0019,STORE,2025-09-06 17:58:00,COMPLETED,STANDARD,14.32
ORD0001994,CUST000291,STOR0058,STORE,2025-08-09 16:31:00,PENDING,STANDARD,9.95
ORD0001995,CUST000873,STOR0004,ONLINE,2025-11-03 20:00:00,COMPLETED,EXPRESS,11.14
ORD0001996,CUST000276,STOR0026,B2B,2025-10-05 04:14:00,COMPLETED,EXPRESS,18.54
ORD0001997,CUST000205,STOR0040,B2B,2025-09-19 10:32:00,COMPLETED,STANDARD,9.12
ORD0001998,CUST000886,STOR0032,B2B,2025-11-06 03:36:00,COMPLETED,STANDARD,15.44
ORD0001999,CUST000268,STOR0003,ONLINE,2025-08-03 02:36:00,PENDING,STANDARD,13.74
ORD0002000,CUST000488,STOR0015,STORE,2025-11-06 11:08:00,PENDING,EXPRESS,21.04
ORD0002001,CUST000405,STOR0049,B2B,2025-12-04 08:36:00,PENDING,EXPRESS,12.64
ORD0002002,CUST001097,STOR0041,MARKETPLACE,2025-10-04 03:21:00,COMPLETED,STANDARD,1.93
ORD0002003,CUST000909,STOR0006,MARKETPLACE,2025-12-07 06:51:00,PENDING,STANDARD,24.34
ORD0002004,CUST000942,STOR0020,ONLINE,2025-12-23 14:21:00,COMPLETED,STANDARD,7.48
ORD0002005,CUST000488,STOR0038,B2B,2025-11-29 14:52:00,COMPLETED,EXPRESS,3.26
ORD0002006,CUST001118,STOR0016,ONLINE,2025-10-06 02:33:00,COMPLETED,EXPRESS,16.33
ORD0002007,CUST000921,STOR0016,B2B,2025-11-24 15:46:00,CANCELLED,EXPRESS,4.3
ORD0002008,CUST000392,STOR0041,MARKETPLACE,2025-11-14 08:19:00,COMPLETED,CLICK_COLLECT,22.08
ORD0002009,CUST000948,STOR0034,B2B,2025-12-12 09:39:00,COMPLETED,CLICK_COLLECT,24.36
ORD0002010,CUST000226,STOR0022,B2B,2025-08-10 11:30:00,COMPLETED,STANDARD,22.36
ORD0002011,CUST000089,STOR0054,STORE,2025-12-13 21:41:00,PENDING,CLICK_COLLECT,1.17
ORD0002012,CUST001094,STOR0042,ONLINE,2025-11-28 07:17:00,COMPLETED,STANDARD,7.33
ORD0002013,CUST000063,STOR0047,ONLINE,2025-10-01 13:03:00,PENDING,EXPRESS,0.24
ORD0002014,CUST000726,STOR0031,STORE,2025-05-22 13:44:00,CANCELLED,EXPRESS,3.19
ORD0002015,CUST000783,STOR0045,STORE,2025-12-17 05:25:00,COMPLETED,EXPRESS,6.54
ORD0002016,CUST000845,STOR0051,STORE,2025-06-14 01:14:00,COMPLETED,CLICK_COLLECT,19.01
ORD0002017,CUST000121,STOR0059,ONLINE,2025-11-05 08:59:00,COMPLETED,STANDARD,11.67
ORD0002018,CUST000943,STOR0012,STORE,2025-06-02 22:07:00,CANCELLED,EXPRESS,22.79
ORD0002019,CUST000673,STOR0027,ONLINE,2025-07-11 15:55:00,COMPLETED,CLICK_COLLECT,1.64
ORD0002020,CUST000457,STOR0014,MARKETPLACE,2025-07-13 04:58:00,PENDING,CLICK_COLLECT,24.63
ORD0002021,CUST000628,STOR0011,STORE,2025-07-14 14:51:00,PENDING,CLICK_COLLECT,15.93
ORD0002022,CUST000662,STOR0040,B2B,2025-12-05 20:48:00,CANCELLED,CLICK_COLLECT,12.03
ORD0002023,CUST000511,STOR0056,ONLINE,2025-09-05 02:22:00,COMPLETED,STANDARD,10.78
ORD0002024,CUST000617,STOR0030,STORE,2025-12-25 05:47:00,CANCELLED,EXPRESS,0.26
ORD0002025,CUST001153,STOR0002,ONLINE,2025-11-06 06:09:00,COMPLETED,EXPRESS,7.52
ORD0002026,CUST000639,STOR0020,STORE,2025-08-30 13:04:00,CANCELLED,CLICK_COLLECT,12.22
ORD0002027,CUST000666,STOR0021,MARKETPLACE,2025-12-07 23:45:00,COMPLETED,CLICK_COLLECT,23.03
ORD0002028,CUST000256,STOR0026,B2B,2025-06-20 20:15:00,PENDING,STANDARD,18.1
ORD0002029,CUST000887,STOR0029,MARKETPLACE,2025-11-13 01:47:00,COMPLETED,CLICK_COLLECT,5.62
ORD0002030,CUST001177,STOR0026,ONLINE,2025-06-25 09:14:00,COMPLETED,EXPRESS,21.34
ORD0002031,CUST000376,STOR0051,MARKETPLACE,2025-11-11 21:37:00,COMPLETED,CLICK_COLLECT,11.72
ORD0002032,CUST000936,STOR0013,STORE,2025-10-30 07:21:00,PENDING,STANDARD,22.3
ORD0002033,CUST000986,STOR0015,MARKETPLACE,2025-07-08 00:59:00,COMPLETED,STANDARD,15.73
ORD0002034,CUST000104,STOR0012,STORE,2025-12-06 21:13:00,CANCELLED,EXPRESS,2.54
ORD0002035,CUST000975,STOR0060,MARKETPLACE,2025-06-20 04:18:00,COMPLETED,CLICK_COLLECT,14.25
ORD0002036,CUST000940,STOR0011,ONLINE,2025-08-09 06:45:00,COMPLETED,STANDARD,8.67
ORD0002037,CUST000099,STOR0009,STORE,2025-07-27 02:25:00,COMPLETED,EXPRESS,2.4
ORD0002038,CUST000184,STOR0024,MARKETPLACE,2025-05-13 15:45:00,COMPLETED,CLICK_COLLECT,21.48
ORD0002039,CUST000108,STOR0018,STORE,2025-05-19 18:17:00,COMPLETED,CLICK_COLLECT,20.45
ORD0002040,CUST000806,STOR0020,ONLINE,2025-10-25 09:21:00,COMPLETED,CLICK_COLLECT,15.52
ORD0002041,CUST000180,STOR0009,MARKETPLACE,2025-08-09 11:54:00,COMPLETED,CLICK_COLLECT,20.02
ORD0002042,CUST001059,STOR0005,ONLINE,2025-05-15 15:49:00,COMPLETED,CLICK_COLLECT,24.34
ORD0002043,CUST000458,STOR0047,MARKETPLACE,2025-08-02 00:22:00,PENDING,EXPRESS,23.29
ORD0002044,CUST000964,STOR0008,MARKETPLACE,2025-05-23 19:45:00,CANCELLED,EXPRESS,8.95
ORD0002045,CUST000473,STOR0012,STORE,2025-06-06 12:27:00,COMPLETED,EXPRESS,6.15
ORD0002046,CUST000841,STOR0009,ONLINE,2025-12-07 13:07:00,PENDING,CLICK_COLLECT,9.12
ORD0002047,CUST000648,STOR0009,ONLINE,2025-11-05 13:15:00,COMPLETED,EXPRESS,10.9
ORD0002048,CUST000593,STOR0010,ONLINE,2025-05-24 10:02:00,COMPLETED,CLICK_COLLECT,14.06
ORD0002049,CUST000735,STOR0043,B2B,2025-08-12 16:51:00,PENDING,EXPRESS,11.51
ORD0002050,CUST000442,STOR0045,B2B,2025-05-25 09:12:00,COMPLETED,CLICK_COLLECT,1.05
ORD0002051,CUST000224,STOR0003,ONLINE,2025-11-17 18:02:00,COMPLETED,EXPRESS,18.32
ORD0002052,CUST000444,STOR0039,STORE,2025-12-09 01:46:00,CANCELLED,CLICK_COLLECT,13.11
ORD0002053,CUST000425,STOR0003,MARKETPLACE,2025-09-25 03:34:00,CANCELLED,CLICK_COLLECT,2.86
ORD0002054,CUST001072,STOR0008,B2B,2026-01-01 07:35:00,PENDING,EXPRESS,17.69
ORD0002055,CUST001081,STOR0053,MARKETPLACE,2025-11-09 11:05:00,CANCELLED,CLICK_COLLECT,1.14
ORD0002056,CUST000782,STOR0022,B2B,2025-08-03 20:02:00,PENDING,CLICK_COLLECT,18.97
ORD0002057,CUST001074,STOR0003,ONLINE,2025-08-11 15:11:00,CANCELLED,STANDARD,17.86
ORD0002058,CUST001135,STOR0008,MARKETPLACE,2025-06-15 00:46:00,CANCELLED,STANDARD,15.81
ORD0002059,CUST000861,STOR0019,ONLINE,2025-08-31 06:22:00,CANCELLED,CLICK_COLLECT,5.58
ORD0002060,CUST000059,STOR0035,STORE,2025-11-07 22:49:00,COMPLETED,EXPRESS,15.09
ORD0002061,CUST001197,STOR0041,MARKETPLACE,2025-12-18 16:48:00,COMPLETED,CLICK_COLLECT,6.38
ORD0002062,CUST000419,STOR0027,B2B,2025-07-17 19:35:00,COMPLETED,EXPRESS,9.69
ORD0002063,CUST000891,STOR0025,B2B,2025-07-12 18:02:00,CANCELLED,EXPRESS,1.71
ORD0002064,CUST001007,STOR0058,ONLINE,2025-09-26 10:48:00,COMPLETED,EXPRESS,7.61
ORD0002065,CUST000749,STOR0053,B2B,2025-08-24 01:22:00,COMPLETED,EXPRESS,6.22
ORD0002066,CUST000100,STOR0059,B2B,2025-11-14 02:32:00,COMPLETED,CLICK_COLLECT,23.3
ORD0002067,CUST000276,STOR0023,MARKETPLACE,2025-05-10 23:02:00,CANCELLED,EXPRESS,18.96
ORD0002068,CUST000962,STOR0046,B2B,2025-06-29 07:49:00,CANCELLED,STANDARD,0.46
ORD0002069,CUST001015,STOR0045,B2B,2025-06-26 03:24:00,COMPLETED,CLICK_COLLECT,19.57
ORD0002070,CUST000761,STOR0019,B2B,2025-12-06 13:06:00,COMPLETED,STANDARD,21.3
ORD0002071,CUST000118,STOR0009,MARKETPLACE,2025-06-11 08:42:00,COMPLETED,EXPRESS,8.03
ORD0002072,CUST000606,STOR0038,ONLINE,2025-10-21 01:21:00,PENDING,CLICK_COLLECT,18.0
ORD0002073,CUST001128,STOR0054,STORE,2025-10-23 18:37:00,PENDING,EXPRESS,10.04
ORD0002074,CUST001045,STOR0031,STORE,2025-08-31 07:33:00,COMPLETED,EXPRESS,2.43
ORD0002075,CUST000578,STOR0016,STORE,2025-06-29 00:12:00,COMPLETED,STANDARD,0.75
ORD0002076,CUST000641,STOR0011,MARKETPLACE,2025-05-26 09:14:00,PENDING,STANDARD,24.65
ORD0002077,CUST000570,STOR0007,B2B,2025-09-08 22:45:00,PENDING,CLICK_COLLECT,24.04
ORD0002078,CUST000847,STOR0049,B2B,2025-08-19 10:17:00,COMPLETED,CLICK_COLLECT,15.48
ORD0002079,CUST000205,STOR0034,B2B,2025-10-30 06:22:00,COMPLETED,STANDARD,8.42
ORD0002080,CUST000828,STOR0004,ONLINE,2025-08-29 10:40:00,COMPLETED,STANDARD,6.25
ORD0002081,CUST000588,STOR0003,MARKETPLACE,2025-06-08 07:57:00,CANCELLED,CLICK_COLLECT,11.7
ORD0002082,CUST000737,STOR0006,MARKETPLACE,2025-12-10 03:11:00,PENDING,CLICK_COLLECT,18.41
ORD0002083,CUST001058,STOR0055,STORE,2025-12-03 08:06:00,PENDING,STANDARD,8.42
ORD0002084,CUST000089,STOR0046,ONLINE,2025-08-19 12:27:00,COMPLETED,STANDARD,14.48
ORD0002085,CUST000602,STOR0050,MARKETPLACE,2025-09-07 16:35:00,CANCELLED,CLICK_COLLECT,15.36
ORD0002086,CUST000397,STOR0027,ONLINE,2025-10-02 17:24:00,COMPLETED,STANDARD,11.84
ORD0002087,CUST001130,STOR0052,MARKETPLACE,2025-10-09 10:53:00,COMPLETED,EXPRESS,3.88
ORD0002088,CUST000532,STOR0045,STORE,2025-06-12 05:51:00,COMPLETED,CLICK_COLLECT,13.61
ORD0002089,CUST000145,STOR0016,B2B,2025-08-14 06:46:00,COMPLETED,EXPRESS,1.92
ORD0002090,CUST000151,STOR0054,ONLINE,2025-08-07 01:14:00,PENDING,STANDARD,17.39
ORD0002091,CUST000250,STOR0059,MARKETPLACE,2025-08-11 21:24:00,COMPLETED,CLICK_COLLECT,19.06
ORD0002092,CUST000014,STOR0025,ONLINE,2025-10-24 18:26:00,COMPLETED,EXPRESS,11.36
ORD0002093,CUST001027,STOR0037,ONLINE,2025-11-22 02:55:00,COMPLETED,CLICK_COLLECT,20.11
ORD0002094,CUST000646,STOR0055,B2B,2025-10-10 04:46:00,PENDING,STANDARD,22.21
ORD0002095,CUST001148,STOR0036,STORE,2025-11-07 15:26:00,COMPLETED,STANDARD,24.22
ORD0002096,CUST000576,STOR0006,STORE,2025-07-01 08:05:00,COMPLETED,CLICK_COLLECT,2.59
ORD0002097,CUST000213,STOR0020,ONLINE,2025-12-11 17:40:00,COMPLETED,STANDARD,17.44
ORD0002098,CUST000238,STOR0029,ONLINE,2025-07-04 05:20:00,COMPLETED,EXPRESS,11.26
ORD0002099,CUST000003,STOR0037,MARKETPLACE,2025-09-11 11:26:00,COMPLETED,EXPRESS,11.33
ORD0002100,CUST001031,STOR0030,STORE,2025-07-20 21:52:00,COMPLETED,STANDARD,4.95
ORD0002101,CUST000799,STOR0018,MARKETPLACE,2025-07-12 11:48:00,CANCELLED,STANDARD,23.66
ORD0002102,CUST000968,STOR0039,MARKETPLACE,2025-06-14 14:20:00,COMPLETED,EXPRESS,18.14
ORD0002103,CUST000922,STOR0017,MARKETPLACE,2025-05-12 07:13:00,PENDING,CLICK_COLLECT,14.52
ORD0002104,CUST000008,STOR0039,STORE,2025-12-27 16:28:00,COMPLETED,CLICK_COLLECT,2.66
ORD0002105,CUST000592,STOR0006,STORE,2025-07-03 12:47:00,CANCELLED,EXPRESS,1.77
ORD0002106,CUST000460,STOR0011,B2B,2025-12-05 12:01:00,CANCELLED,EXPRESS,5.84
ORD0002107,CUST001140,STOR0003,MARKETPLACE,2025-05-22 22:41:00,CANCELLED,EXPRESS,6.04
ORD0002108,CUST000055,STOR0035,B2B,2025-10-28 01:05:00,COMPLETED,EXPRESS,10.18
ORD0002109,CUST000463,STOR0026,ONLINE,2025-05-30 05:20:00,CANCELLED,EXPRESS,0.53
ORD0002110,CUST999999,STOR0026,B2B,2025-07-16 14:18:00,PENDING,EXPRESS,21.92
ORD0002111,CUST001196,STOR0053,MARKETPLACE,2025-08-10 20:40:00,PENDING,EXPRESS,12.92
ORD0002112,CUST000505,STOR0026,ONLINE,2025-09-02 00:57:00,COMPLETED,STANDARD,23.03
ORD0002113,CUST000148,STOR0029,B2B,2025-08-30 14:00:00,COMPLETED,CLICK_COLLECT,12.01
ORD0002114,CUST000405,STOR0052,STORE,2025-09-29 09:38:00,COMPLETED,EXPRESS,13.2
ORD0002115,CUST000219,STOR0037,B2B,2025-06-03 02:28:00,COMPLETED,STANDARD,6.95
ORD0002116,CUST000191,STOR0018,MARKETPLACE,2025-05-12 05:59:00,COMPLETED,STANDARD,23.62
ORD0002117,CUST000867,STOR0029,MARKETPLACE,2025-11-29 11:21:00,COMPLETED,STANDARD,5.83
ORD0002118,CUST001157,STOR0047,B2B,2025-10-22 16:19:00,COMPLETED,EXPRESS,23.5
ORD0002119,CUST000984,STOR0050,ONLINE,2025-07-03 18:06:00,COMPLETED,CLICK_COLLECT,5.85
ORD0002120,CUST000114,STOR0020,STORE,2025-07-07 00:56:00,CANCELLED,CLICK_COLLECT,10.11
ORD0002121,CUST000791,STOR0046,ONLINE,2025-08-03 06:46:00,PENDING,EXPRESS,16.19
ORD0002122,CUST000931,STOR0014,MARKETPLACE,2025-08-30 07:06:00,CANCELLED,CLICK_COLLECT,22.83
ORD0002123,CUST000312,STOR0060,STORE,2025-07-14 16:31:00,PENDING,EXPRESS,21.14
ORD0002124,CUST000499,STOR0054,STORE,2025-08-10 10:42:00,CANCELLED,CLICK_COLLECT,20.3
ORD0002125,CUST000190,STOR0017,ONLINE,2025-09-24 14:42:00,COMPLETED,EXPRESS,14.41
ORD0002126,CUST000987,STOR0059,B2B,2025-11-24 03:57:00,CANCELLED,STANDARD,10.76
ORD0002127,CUST000208,STOR0031,STORE,2025-08-07 11:35:00,COMPLETED,EXPRESS,15.19
ORD0002128,CUST000796,STOR0009,MARKETPLACE,2025-06-05 22:07:00,COMPLETED,EXPRESS,17.44
ORD0002129,CUST000385,STOR0060,MARKETPLACE,2025-10-03 17:39:00,COMPLETED,EXPRESS,7.56
ORD0002130,CUST000918,STOR0001,ONLINE,2025-06-28 18:34:00,COMPLETED,CLICK_COLLECT,24.43
ORD0002131,CUST000996,STOR0001,STORE,2025-10-18 10:23:00,PENDING,CLICK_COLLECT,5.93
ORD0002132,CUST000203,STOR0047,B2B,2025-10-22 04:30:00,CANCELLED,CLICK_COLLECT,14.58
ORD0002133,CUST000259,STOR0039,ONLINE,2025-06-13 11:20:00,COMPLETED,STANDARD,15.53
ORD0002134,CUST000015,STOR0004,ONLINE,2025-06-19 12:03:00,COMPLETED,CLICK_COLLECT,19.27
ORD0002135,CUST000670,STOR0028,ONLINE,2025-05-20 02:52:00,CANCELLED,STANDARD,21.15
ORD0002136,CUST000529,STOR0051,MARKETPLACE,2025-08-31 06:35:00,PENDING,CLICK_COLLECT,12.86
ORD0002137,CUST000474,STOR0001,ONLINE,2025-06-10 02:54:00,PENDING,CLICK_COLLECT,3.5
ORD0002138,CUST000621,STOR0043,B2B,2025-11-17 06:33:00,PENDING,CLICK_COLLECT,1.28
ORD0002139,CUST001149,STOR0055,B2B,2025-10-27 21:56:00,CANCELLED,STANDARD,4.92
ORD0002140,CUST000126,STOR0017,MARKETPLACE,2025-12-30 06:04:00,PENDING,STANDARD,12.34
ORD0002141,CUST000502,STOR0041,B2B,2025-12-19 14:40:00,COMPLETED,EXPRESS,18.12
ORD0002142,CUST000259,STOR0005,STORE,2025-05-23 19:08:00,COMPLETED,STANDARD,10.27
ORD0002143,CUST000815,STOR0053,MARKETPLACE,2025-11-14 02:33:00,COMPLETED,EXPRESS,9.61
ORD0002144,CUST000458,STOR0054,ONLINE,2025-10-16 20:40:00,COMPLETED,STANDARD,10.34
ORD0002145,CUST000894,STOR0039,STORE,2025-11-17 03:44:00,CANCELLED,CLICK_COLLECT,4.73
ORD0002146,CUST000136,STOR0027,B2B,2025-12-25 20:39:00,CANCELLED,EXPRESS,0.37
ORD0002147,CUST001183,STOR0043,ONLINE,2025-07-07 04:14:00,PENDING,CLICK_COLLECT,5.7
ORD0002148,CUST001093,STOR0010,B2B,2025-06-20 10:08:00,CANCELLED,STANDARD,4.37
ORD0002149,CUST000945,STOR0038,MARKETPLACE,2025-12-19 19:15:00,PENDING,CLICK_COLLECT,14.19
ORD0002150,CUST000382,STOR0021,STORE,2025-12-08 05:59:00,PENDING,EXPRESS,19.04
ORD0002151,CUST001066,STOR0018,STORE,2025-07-11 09:43:00,CANCELLED,CLICK_COLLECT,18.24
ORD0002152,CUST000238,STOR0005,MARKETPLACE,2025-08-25 16:07:00,COMPLETED,STANDARD,1.16
ORD0002153,CUST001065,STOR0002,MARKETPLACE,2025-07-10 00:38:00,PENDING,EXPRESS,11.97
ORD0002154,CUST000713,STOR0039,ONLINE,2025-12-07 10:20:00,CANCELLED,CLICK_COLLECT,22.22
ORD0002155,CUST000981,STOR0060,ONLINE,2025-11-21 15:33:00,COMPLETED,EXPRESS,14.43
ORD0002156,CUST000546,STOR0025,STORE,2025-10-29 04:01:00,CANCELLED,STANDARD,2.91
ORD0002157,CUST000810,STOR0047,ONLINE,2025-06-20 23:25:00,COMPLETED,STANDARD,4.76
ORD0002158,CUST001097,STOR0051,ONLINE,2025-09-13 09:04:00,COMPLETED,CLICK_COLLECT,7.99
ORD0002159,CUST001163,STOR0032,B2B,2025-10-21 19:37:00,COMPLETED,CLICK_COLLECT,11.38
ORD0002160,CUST000736,STOR0032,MARKETPLACE,2025-12-26 18:12:00,COMPLETED,STANDARD,14.11
ORD0002161,CUST000925,STOR0018,ONLINE,2025-10-17 04:16:00,COMPLETED,STANDARD,11.99
ORD0002162,CUST000934,STOR0001,STORE,2025-06-30 12:59:00,PENDING,EXPRESS,3.71
ORD0002163,CUST000949,STOR0056,B2B,2025-08-04 12:41:00,COMPLETED,STANDARD,4.01
ORD0002164,CUST000329,STOR0014,STORE,2025-09-25 09:46:00,COMPLETED,STANDARD,13.58
ORD0002165,CUST000066,STOR0048,STORE,2025-08-06 12:15:00,PENDING,STANDARD,15.71
ORD0002166,CUST001048,STOR0030,STORE,2025-10-16 17:08:00,COMPLETED,STANDARD,0.98
ORD0002167,CUST001069,STOR0034,STORE,2025-09-03 21:45:00,COMPLETED,STANDARD,15.92
ORD0002168,CUST000724,STOR0049,MARKETPLACE,2025-07-03 22:27:00,PENDING,EXPRESS,3.73
ORD0002169,CUST000014,STOR0005,B2B,2025-05-06 15:08:00,COMPLETED,CLICK_COLLECT,7.37
ORD0002170,CUST000143,STOR0028,STORE,2025-09-22 15:16:00,CANCELLED,CLICK_COLLECT,17.45
ORD0002171,CUST000811,STOR0021,ONLINE,2025-11-17 06:40:00,COMPLETED,CLICK_COLLECT,18.28
ORD0002172,CUST000188,STOR0044,ONLINE,2025-07-28 11:21:00,COMPLETED,EXPRESS,22.13
ORD0002173,CUST000622,STOR0045,MARKETPLACE,2025-05-14 16:07:00,COMPLETED,STANDARD,10.73
ORD0002174,CUST000098,STOR0001,STORE,2025-06-19 06:44:00,CANCELLED,STANDARD,24.9
ORD0002175,CUST000660,STOR0003,STORE,2025-06-09 04:15:00,PENDING,STANDARD,0.07
ORD0002176,CUST000557,STOR0044,STORE,2025-12-23 06:42:00,COMPLETED,STANDARD,24.89
ORD0002177,CUST000235,STOR0028,STORE,2025-07-29 06:36:00,PENDING,STANDARD,21.61
ORD0002178,CUST000812,STOR0015,ONLINE,2025-06-03 13:45:00,CANCELLED,EXPRESS,15.31
ORD0002179,CUST000626,STOR0001,STORE,2025-12-06 17:30:00,COMPLETED,STANDARD,6.36
ORD0002180,CUST000039,STOR0025,ONLINE,2025-07-16 08:04:00,CANCELLED,EXPRESS,6.6
ORD0002181,CUST001120,STOR0019,MARKETPLACE,2025-09-01 00:01:00,COMPLETED,CLICK_COLLECT,0.69
ORD0002182,CUST000195,STOR0032,B2B,2025-07-29 23:41:00,COMPLETED,STANDARD,14.5
ORD0002183,CUST001057,STOR0001,STORE,2025-08-19 22:10:00,COMPLETED,STANDARD,2.98
ORD0002184,CUST000038,STOR0042,B2B,2025-05-07 10:52:00,PENDING,CLICK_COLLECT,24.46
ORD0002185,CUST000400,STOR0008,MARKETPLACE,2025-08-20 03:46:00,COMPLETED,CLICK_COLLECT,8.29
ORD0002186,CUST000334,STOR0009,ONLINE,2025-06-15 22:15:00,COMPLETED,CLICK_COLLECT,20.94
ORD0002187,CUST000912,STOR0041,MARKETPLACE,2025-06-24 14:41:00,COMPLETED,EXPRESS,23.03
ORD0002188,CUST000627,STOR0032,B2B,2025-11-11 01:44:00,COMPLETED,EXPRESS,18.65
ORD0002189,CUST000746,STOR0003,ONLINE,2025-10-26 06:38:00,COMPLETED,STANDARD,22.87
ORD0002190,CUST000665,STOR0021,B2B,2025-11-20 05:52:00,COMPLETED,EXPRESS,11.13
ORD0002191,CUST000363,STOR0026,ONLINE,2025-09-22 17:34:00,COMPLETED,STANDARD,24.58
ORD0002192,CUST000039,STOR0016,ONLINE,2025-07-15 17:37:00,COMPLETED,EXPRESS,20.06
ORD0002193,CUST000965,STOR0008,B2B,2025-09-19 16:00:00,COMPLETED,EXPRESS,20.67
ORD0002194,CUST000451,STOR0024,MARKETPLACE,2025-06-08 05:38:00,COMPLETED,CLICK_COLLECT,18.27
ORD0002195,CUST000668,STOR0048,MARKETPLACE,2025-10-05 05:02:00,PENDING,EXPRESS,11.07
ORD0002196,CUST000181,STOR0007,STORE,2025-08-27 15:38:00,CANCELLED,CLICK_COLLECT,19.94
ORD0002197,CUST000626,STOR0049,MARKETPLACE,2025-07-02 00:45:00,CANCELLED,EXPRESS,24.29
ORD0002198,CUST000214,STOR0006,B2B,2025-08-27 08:20:00,COMPLETED,CLICK_COLLECT,14.25
ORD0002199,CUST001169,STOR0030,ONLINE,2025-12-20 11:33:00,COMPLETED,EXPRESS,16.48
ORD0002200,CUST000421,STOR0013,B2B,2025-06-17 05:07:00,PENDING,CLICK_COLLECT,19.42
ORD0002201,CUST001053,STOR0013,MARKETPLACE,2025-05-21 00:58:00,CANCELLED,EXPRESS,17.02
ORD0002202,CUST001040,STOR0041,STORE,2025-05-24 04:42:00,COMPLETED,CLICK_COLLECT,24.71
ORD0002203,CUST000217,STOR0048,ONLINE,2025-09-09 08:24:00,COMPLETED,CLICK_COLLECT,20.93
ORD0002204,CUST001183,STOR0057,STORE,2025-10-07 20:30:00,CANCELLED,STANDARD,15.84
ORD0002205,CUST000807,STOR0060,ONLINE,2025-12-29 10:44:00,COMPLETED,STANDARD,13.02
ORD0002206,CUST001064,STOR0044,MARKETPLACE,2025-09-07 23:34:00,COMPLETED,CLICK_COLLECT,9.14
ORD0002207,CUST001049,STOR0026,ONLINE,2025-10-17 17:55:00,PENDING,EXPRESS,19.4
ORD0002208,CUST000498,STOR0004,ONLINE,2025-09-30 14:25:00,COMPLETED,EXPRESS,5.93
ORD0002209,CUST001193,STOR0040,MARKETPLACE,2025-10-03 09:39:00,COMPLETED,EXPRESS,11.56
ORD0002210,CUST000518,STOR0056,MARKETPLACE,2025-12-22 20:42:00,COMPLETED,STANDARD,21.25
ORD0002211,CUST001191,STOR0058,STORE,2025-05-17 14:25:00,CANCELLED,STANDARD,9.64
ORD0002212,CUST000476,STOR0020,B2B,2025-11-19 10:18:00,COMPLETED,CLICK_COLLECT,2.73
ORD0002213,CUST000531,STOR0016,MARKETPLACE,2025-08-14 00:59:00,PENDING,CLICK_COLLECT,22.99
ORD0002214,CUST000675,STOR0041,ONLINE,2025-06-28 19:33:00,CANCELLED,CLICK_COLLECT,17.6
ORD0002215,CUST001037,STOR0055,MARKETPLACE,2025-09-29 13:23:00,CANCELLED,CLICK_COLLECT,18.91
ORD0002216,CUST000676,STOR0027,ONLINE,2025-12-28 21:31:00,CANCELLED,EXPRESS,13.16
ORD0002217,CUST000080,STOR0032,STORE,2025-12-02 06:19:00,COMPLETED,EXPRESS,16.3
ORD0002218,CUST000955,STOR0030,B2B,2025-05-31 21:53:00,COMPLETED,CLICK_COLLECT,15.92
ORD0002219,CUST000053,STOR0042,ONLINE,2025-06-24 10:42:00,CANCELLED,CLICK_COLLECT,13.37
ORD0002220,CUST000305,STOR0013,STORE,2025-08-13 18:10:00,PENDING,EXPRESS,7.06
ORD0002221,CUST001192,STOR0038,MARKETPLACE,2025-07-05 06:26:00,COMPLETED,CLICK_COLLECT,8.33
ORD0002222,CUST000384,STOR0015,ONLINE,2025-11-18 01:46:00,COMPLETED,CLICK_COLLECT,20.03
ORD0002223,CUST000940,STOR0016,MARKETPLACE,2025-07-25 06:10:00,COMPLETED,STANDARD,7.12
ORD0002224,CUST000110,STOR0013,STORE,2025-08-29 04:16:00,COMPLETED,STANDARD,6.7
ORD0002225,CUST000869,STOR0051,MARKETPLACE,2025-09-07 02:18:00,COMPLETED,CLICK_COLLECT,6.08
ORD0002226,CUST000706,STOR0045,B2B,2025-08-05 10:23:00,COMPLETED,STANDARD,0.92
ORD0002227,CUST000516,STOR0005,STORE,2025-08-19 03:30:00,CANCELLED,EXPRESS,6.64
ORD0002228,CUST000562,STOR0052,B2B,2025-12-30 11:36:00,CANCELLED,STANDARD,19.15
ORD0002229,CUST000511,STOR0060,ONLINE,2025-06-02 17:36:00,COMPLETED,EXPRESS,16.93
ORD0002230,CUST000858,STOR0021,ONLINE,2025-11-15 00:53:00,CANCELLED,CLICK_COLLECT,10.13
ORD0002231,CUST000307,STOR0059,STORE,2025-12-23 04:10:00,COMPLETED,EXPRESS,9.66
ORD0002232,CUST000723,STOR0016,ONLINE,2025-07-17 13:35:00,COMPLETED,EXPRESS,9.24
ORD0002233,CUST000682,STOR0004,STORE,2025-11-29 10:37:00,CANCELLED,STANDARD,17.64
ORD0002234,CUST001021,STOR0032,MARKETPLACE,2025-08-23 00:31:00,COMPLETED,STANDARD,16.15
ORD0002235,CUST000393,STOR0037,ONLINE,2025-09-07 13:54:00,COMPLETED,CLICK_COLLECT,20.59
ORD0002236,CUST000365,STOR0045,STORE,2025-05-15 00:33:00,CANCELLED,CLICK_COLLECT,9.43
ORD0002237,CUST001153,STOR0002,STORE,2025-10-22 04:27:00,COMPLETED,STANDARD,1.55
ORD0002238,CUST000048,STOR0026,ONLINE,2025-08-27 11:21:00,CANCELLED,CLICK_COLLECT,0.93
ORD0002239,CUST000138,STOR0022,ONLINE,2025-10-17 14:01:00,COMPLETED,STANDARD,1.4
ORD0002240,CUST000634,STOR0040,ONLINE,2025-10-02 06:16:00,CANCELLED,EXPRESS,14.98
ORD0002241,CUST000235,STOR0025,STORE,2025-12-20 05:58:00,COMPLETED,CLICK_COLLECT,16.23
ORD0002242,CUST000474,STOR0038,ONLINE,2025-10-28 07:48:00,PENDING,STANDARD,14.45
ORD0002243,CUST000301,STOR0008,ONLINE,2025-08-10 20:39:00,COMPLETED,STANDARD,0.62
ORD0002244,CUST000856,STOR0003,ONLINE,2025-05-27 05:11:00,PENDING,STANDARD,22.11
ORD0002245,CUST000949,STOR0029,MARKETPLACE,2025-09-13 07:41:00,COMPLETED,EXPRESS,19.49
ORD0002246,CUST001147,STOR0021,B2B,2025-07-25 09:39:00,PENDING,CLICK_COLLECT,22.23
ORD0002247,CUST001122,STOR0060,STORE,2025-11-24 05:57:00,COMPLETED,EXPRESS,4.84
ORD0002248,CUST001062,STOR0054,ONLINE,2025-06-15 22:42:00,COMPLETED,STANDARD,10.53
ORD0002249,CUST000597,STOR0017,B2B,2025-09-30 17:03:00,CANCELLED,EXPRESS,12.58
ORD0002250,CUST000555,STOR0032,B2B,2025-07-27 04:47:00,COMPLETED,CLICK_COLLECT,10.42
ORD0002251,CUST000874,STOR0057,MARKETPLACE,2025-10-30 00:41:00,CANCELLED,STANDARD,17.37
ORD0002252,CUST000741,STOR0030,STORE,2025-07-10 10:11:00,CANCELLED,CLICK_COLLECT,11.64
ORD0002253,CUST001122,STOR0058,MARKETPLACE,2025-07-09 15:31:00,COMPLETED,EXPRESS,0.09
ORD0002254,CUST000559,STOR0027,MARKETPLACE,2025-10-31 22:38:00,CANCELLED,EXPRESS,11.45
ORD0002255,CUST000177,STOR0010,B2B,2025-12-14 01:27:00,COMPLETED,CLICK_COLLECT,7.66
ORD0002256,CUST000280,STOR0033,STORE,2025-08-16 16:03:00,CANCELLED,CLICK_COLLECT,17.99
ORD0002257,CUST000774,STOR0017,ONLINE,2025-11-03 20:48:00,CANCELLED,STANDARD,0.03
ORD0002258,CUST001057,STOR0028,ONLINE,2025-06-25 15:04:00,COMPLETED,EXPRESS,18.22
ORD0002259,CUST000022,STOR0051,STORE,2025-08-15 17:32:00,COMPLETED,CLICK_COLLECT,20.98
ORD0002260,CUST000626,STOR0031,MARKETPLACE,2025-10-17 12:24:00,COMPLETED,STANDARD,11.66
ORD0002261,CUST000253,STOR0057,STORE,2025-09-17 06:57:00,COMPLETED,STANDARD,13.92
ORD0002262,CUST000554,STOR0006,B2B,2025-08-06 07:23:00,COMPLETED,STANDARD,14.42
ORD0002263,CUST000536,STOR0036,ONLINE,2025-05-27 19:35:00,PENDING,EXPRESS,0.07
ORD0002264,CUST000003,STOR0045,B2B,2025-11-01 03:30:00,CANCELLED,STANDARD,9.18
ORD0002265,CUST000212,STOR0047,ONLINE,2025-05-16 15:29:00,CANCELLED,EXPRESS,1.46
ORD0002266,CUST001123,STOR0038,MARKETPLACE,2025-07-02 07:27:00,CANCELLED,CLICK_COLLECT,9.48
ORD0002267,CUST000602,STOR0027,ONLINE,2025-11-01 04:41:00,COMPLETED,EXPRESS,24.36
ORD0002268,CUST001169,STOR0060,ONLINE,2025-05-29 01:59:00,COMPLETED,CLICK_COLLECT,11.72
ORD0002269,CUST001138,STOR0048,MARKETPLACE,2025-11-30 03:31:00,COMPLETED,CLICK_COLLECT,4.42
ORD0002270,CUST000713,STOR0043,MARKETPLACE,2025-08-09 01:09:00,PENDING,EXPRESS,4.09
ORD0002271,CUST000360,STOR0003,ONLINE,2025-11-17 20:14:00,COMPLETED,CLICK_COLLECT,4.3
ORD0002272,CUST000970,STOR0018,B2B,2025-12-22 15:23:00,COMPLETED,CLICK_COLLECT,5.75
ORD0002273,CUST000925,STOR0048,MARKETPLACE,2025-10-06 13:20:00,COMPLETED,STANDARD,8.66
ORD0002274,CUST000529,STOR0043,STORE,2025-08-12 21:43:00,COMPLETED,EXPRESS,2.08
ORD0002275,CUST000433,STOR0029,MARKETPLACE,2025-07-17 03:22:00,COMPLETED,CLICK_COLLECT,21.27
ORD0002276,CUST000940,STOR0060,STORE,2025-05-29 06:15:00,CANCELLED,EXPRESS,19.91
ORD0002277,CUST000917,STOR0025,ONLINE,2025-08-15 23:36:00,CANCELLED,STANDARD,20.94
ORD0002278,CUST000182,STOR0052,B2B,2025-07-26 10:31:00,COMPLETED,CLICK_COLLECT,16.43
ORD0002279,CUST000611,STOR0040,B2B,2025-11-26 11:33:00,PENDING,CLICK_COLLECT,1.97
ORD0002280,CUST000072,STOR0033,ONLINE,2025-07-14 18:39:00,COMPLETED,EXPRESS,12.58
ORD0002281,CUST000093,STOR0044,MARKETPLACE,2025-06-18 09:47:00,CANCELLED,EXPRESS,6.64
ORD0002282,CUST001183,STOR0036,B2B,2025-05-12 18:39:00,COMPLETED,STANDARD,6.46
ORD0002283,CUST000298,STOR0029,ONLINE,2025-11-17 07:20:00,COMPLETED,STANDARD,2.26
ORD0002284,CUST000762,STOR0052,ONLINE,2025-05-20 22:33:00,PENDING,EXPRESS,10.26
ORD0002285,CUST001135,STOR0043,MARKETPLACE,2025-08-22 16:39:00,PENDING,STANDARD,20.46
ORD0002286,CUST001182,STOR0027,ONLINE,2025-05-25 07:22:00,PENDING,CLICK_COLLECT,5.24
ORD0002287,CUST000407,STOR0042,MARKETPLACE,2025-12-01 21:29:00,PENDING,STANDARD,21.94
ORD0002288,CUST000858,STOR0017,STORE,2025-05-16 04:09:00,COMPLETED,CLICK_COLLECT,24.2
ORD0002289,CUST000275,STOR0001,MARKETPLACE,2025-09-09 21:59:00,COMPLETED,EXPRESS,13.67
ORD0002290,CUST000992,STOR0059,ONLINE,2025-06-16 18:33:00,PENDING,STANDARD,24.21
ORD0002291,CUST000524,STOR0039,MARKETPLACE,2025-12-10 09:30:00,CANCELLED,EXPRESS,9.66
ORD0002292,CUST000508,STOR0060,B2B,2025-07-20 05:37:00,COMPLETED,EXPRESS,18.03
ORD0002293,CUST000972,STOR0051,STORE,2025-12-27 08:43:00,COMPLETED,EXPRESS,10.74
ORD0002294,CUST000689,STOR0035,ONLINE,2025-08-31 05:31:00,COMPLETED,EXPRESS,20.02
ORD0002295,CUST000914,STOR0056,B2B,2025-10-12 05:27:00,PENDING,CLICK_COLLECT,12.96
ORD0002296,CUST001110,STOR0034,B2B,2025-10-11 14:37:00,CANCELLED,EXPRESS,7.33
ORD0002297,CUST000926,STOR0049,MARKETPLACE,2025-07-29 16:16:00,COMPLETED,STANDARD,6.94
ORD0002298,CUST000279,STOR0047,STORE,2025-06-04 19:59:00,CANCELLED,STANDARD,17.28
ORD0002299,CUST000930,STOR0022,ONLINE,2025-10-07 13:11:00,PENDING,STANDARD,6.28
ORD0002300,CUST000056,STOR0008,STORE,2025-12-21 07:33:00,COMPLETED,CLICK_COLLECT,7.16
ORD0002301,CUST000497,STOR0028,MARKETPLACE,2025-07-20 15:38:00,CANCELLED,STANDARD,23.03
ORD0002302,CUST001136,STOR0052,B2B,2025-05-23 11:26:00,COMPLETED,CLICK_COLLECT,3.31
ORD0002303,CUST000128,STOR0052,B2B,2025-12-27 07:55:00,COMPLETED,CLICK_COLLECT,10.47
ORD0002304,CUST000062,STOR0056,MARKETPLACE,2025-10-10 08:33:00,COMPLETED,STANDARD,9.47
ORD0002305,CUST000921,STOR0041,MARKETPLACE,2025-06-08 22:08:00,COMPLETED,STANDARD,1.32
ORD0002306,CUST000361,STOR0052,B2B,2025-12-06 14:43:00,COMPLETED,CLICK_COLLECT,10.35
ORD0002307,CUST000611,STOR0030,MARKETPLACE,2025-10-19 05:18:00,CANCELLED,STANDARD,21.54
ORD0002308,CUST000157,STOR0014,ONLINE,2025-11-26 03:08:00,CANCELLED,CLICK_COLLECT,21.19
ORD0002309,CUST000098,STOR0058,B2B,2025-09-25 15:34:00,CANCELLED,STANDARD,7.97
ORD0002310,CUST001046,STOR0022,B2B,2025-12-17 09:22:00,CANCELLED,STANDARD,8.84
ORD0002311,CUST000608,STOR0006,ONLINE,2025-07-28 22:53:00,COMPLETED,CLICK_COLLECT,21.36
ORD0002312,CUST000694,STOR0009,ONLINE,2025-10-27 16:11:00,COMPLETED,CLICK_COLLECT,13.08
ORD0002313,CUST001197,STOR0003,MARKETPLACE,2025-09-21 12:27:00,PENDING,EXPRESS,9.75
ORD0002314,CUST001078,STOR0049,MARKETPLACE,2025-12-28 22:38:00,COMPLETED,CLICK_COLLECT,12.54
ORD0002315,CUST001091,STOR0019,B2B,2025-06-15 22:53:00,COMPLETED,EXPRESS,3.85
ORD0002316,CUST000452,STOR0054,STORE,2025-07-07 02:42:00,PENDING,CLICK_COLLECT,13.89
ORD0002317,CUST000344,STOR0014,STORE,2025-12-23 14:05:00,COMPLETED,STANDARD,21.69
ORD0002318,CUST000601,STOR0009,B2B,2025-08-11 16:27:00,CANCELLED,CLICK_COLLECT,9.73
ORD0002319,CUST000693,STOR0012,B2B,2025-08-23 17:44:00,COMPLETED,CLICK_COLLECT,11.57
ORD0002320,CUST000499,STOR0010,ONLINE,2025-08-10 00:46:00,PENDING,EXPRESS,11.22
ORD0002321,CUST999999,STOR0048,ONLINE,2025-07-02 08:28:00,CANCELLED,STANDARD,16.65
ORD0002322,CUST000711,STOR0053,MARKETPLACE,2025-07-03 07:17:00,CANCELLED,STANDARD,8.55
ORD0002323,CUST000265,STOR0055,B2B,2025-08-22 05:12:00,CANCELLED,CLICK_COLLECT,17.85
ORD0002324,CUST000678,STOR0014,MARKETPLACE,2025-05-15 01:16:00,PENDING,EXPRESS,17.64
ORD0002325,CUST000258,STOR0050,B2B,2025-09-03 06:03:00,COMPLETED,CLICK_COLLECT,15.9
ORD0002326,CUST001128,STOR0023,B2B,2025-12-03 04:10:00,COMPLETED,EXPRESS,17.73
ORD0002327,CUST000313,STOR0022,MARKETPLACE,2025-11-23 08:02:00,COMPLETED,EXPRESS,22.71
ORD0002328,CUST000457,STOR0038,B2B,2025-09-16 19:46:00,CANCELLED,CLICK_COLLECT,0.97
ORD0002329,CUST000977,STOR0036,ONLINE,2025-06-01 03:26:00,COMPLETED,CLICK_COLLECT,10.53
ORD0002330,CUST000943,STOR0015,B2B,2025-11-22 09:25:00,COMPLETED,EXPRESS,15.22
ORD0002331,CUST000542,STOR0048,B2B,2025-07-21 08:32:00,CANCELLED,CLICK_COLLECT,5.71
ORD0002332,CUST000145,STOR0045,STORE,2025-06-22 22:11:00,COMPLETED,CLICK_COLLECT,15.06
ORD0002333,CUST000897,STOR0002,ONLINE,2025-08-04 17:29:00,CANCELLED,STANDARD,5.98
ORD0002334,CUST001194,STOR0054,MARKETPLACE,2025-10-10 08:20:00,COMPLETED,EXPRESS,6.86
ORD0002335,CUST001137,STOR0039,MARKETPLACE,2025-09-07 13:01:00,COMPLETED,STANDARD,2.13
ORD0002336,CUST000502,STOR0037,ONLINE,2025-11-05 01:14:00,COMPLETED,STANDARD,18.03
ORD0002337,CUST000770,STOR0010,STORE,2025-09-12 15:05:00,COMPLETED,EXPRESS,10.61
ORD0002338,CUST001123,STOR0050,ONLINE,2025-10-12 01:20:00,COMPLETED,CLICK_COLLECT,16.84
ORD0002339,CUST000448,STOR0014,B2B,2025-06-04 11:52:00,COMPLETED,STANDARD,8.15
ORD0002340,CUST000922,STOR0032,STORE,2025-08-31 00:08:00,PENDING,EXPRESS,1.77
ORD0002341,CUST000884,STOR0043,MARKETPLACE,2025-07-26 12:23:00,CANCELLED,CLICK_COLLECT,22.91
ORD0002342,CUST001014,STOR0022,MARKETPLACE,2025-10-23 09:22:00,PENDING,CLICK_COLLECT,9.27
ORD0002343,CUST000702,STOR0021,STORE,2025-08-08 00:57:00,CANCELLED,STANDARD,14.08
ORD0002344,CUST000235,STOR0020,MARKETPLACE,2025-10-14 02:28:00,COMPLETED,STANDARD,13.98
ORD0002345,CUST000641,STOR0009,MARKETPLACE,2025-10-12 11:10:00,COMPLETED,STANDARD,23.56
ORD0002346,CUST001085,STOR0042,STORE,2025-12-20 21:49:00,COMPLETED,EXPRESS,16.25
ORD0002347,CUST000379,STOR0006,MARKETPLACE,2025-05-30 02:39:00,COMPLETED,EXPRESS,7.38
ORD0002348,CUST000123,STOR0052,STORE,2025-07-20 10:09:00,COMPLETED,CLICK_COLLECT,3.39
ORD0002349,CUST000537,STOR0030,STORE,2025-10-14 12:48:00,COMPLETED,CLICK_COLLECT,18.27
ORD0002350,CUST000117,STOR0013,MARKETPLACE,2025-09-23 04:19:00,COMPLETED,STANDARD,18.09
ORD0002351,CUST000583,STOR0057,MARKETPLACE,2025-05-29 05:47:00,COMPLETED,CLICK_COLLECT,17.56
ORD0002352,CUST000894,STOR0015,MARKETPLACE,2025-10-02 06:49:00,COMPLETED,CLICK_COLLECT,6.26
ORD0002353,CUST001130,STOR0058,ONLINE,2025-06-20 22:05:00,COMPLETED,CLICK_COLLECT,20.76
ORD0002354,CUST001171,STOR0021,ONLINE,2025-06-17 11:30:00,COMPLETED,EXPRESS,23.13
ORD0002355,CUST000518,STOR0006,STORE,2025-09-05 19:58:00,COMPLETED,STANDARD,8.12
ORD0002356,CUST001134,STOR0058,ONLINE,2025-08-18 00:05:00,COMPLETED,STANDARD,20.0
ORD0002357,CUST000537,STOR0052,MARKETPLACE,2025-11-11 23:14:00,CANCELLED,STANDARD,5.05
ORD0002358,CUST000886,STOR0045,STORE,2025-10-06 21:39:00,CANCELLED,EXPRESS,13.67
ORD0002359,CUST000490,STOR0019,STORE,2025-05-28 05:31:00,COMPLETED,STANDARD,3.77
ORD0002360,CUST000177,STOR0057,STORE,2025-11-19 05:39:00,PENDING,STANDARD,24.85
ORD0002361,CUST000626,STOR0036,ONLINE,2025-05-16 02:18:00,COMPLETED,CLICK_COLLECT,13.14
ORD0002362,CUST001117,STOR0042,ONLINE,2025-10-07 01:35:00,PENDING,EXPRESS,16.94
ORD0002363,CUST000386,STOR0008,ONLINE,2025-07-22 11:10:00,PENDING,CLICK_COLLECT,0.9
ORD0002364,CUST000445,STOR0013,MARKETPLACE,2025-06-14 02:42:00,CANCELLED,CLICK_COLLECT,18.18
ORD0002365,CUST000906,STOR0010,STORE,2025-10-31 06:06:00,CANCELLED,CLICK_COLLECT,9.97
ORD0002366,CUST000142,STOR0059,B2B,2025-05-19 09:59:00,COMPLETED,STANDARD,21.46
ORD0002367,CUST001154,STOR0006,ONLINE,2025-06-30 22:35:00,PENDING,EXPRESS,7.26
ORD0002368,CUST000490,STOR0047,STORE,2025-07-27 00:07:00,COMPLETED,STANDARD,19.09
ORD0002369,CUST000540,STOR0038,MARKETPLACE,2025-07-08 08:51:00,CANCELLED,STANDARD,23.95
ORD0002370,CUST001064,STOR0031,B2B,2025-05-25 08:57:00,COMPLETED,STANDARD,20.66
ORD0002371,CUST000315,STOR0023,B2B,2025-09-09 14:22:00,COMPLETED,STANDARD,1.88
ORD0002372,CUST000241,STOR0026,ONLINE,2025-08-10 23:13:00,COMPLETED,CLICK_COLLECT,12.44
ORD0002373,CUST000158,STOR0006,ONLINE,2025-10-17 16:46:00,COMPLETED,CLICK_COLLECT,18.88
ORD0002374,CUST001175,STOR0040,B2B,2025-12-08 00:12:00,COMPLETED,STANDARD,10.61
ORD0002375,CUST000028,STOR0023,MARKETPLACE,2025-12-14 14:01:00,CANCELLED,CLICK_COLLECT,21.57
ORD0002376,CUST000503,STOR0056,STORE,2025-08-15 12:43:00,COMPLETED,STANDARD,17.25
ORD0002377,CUST000222,STOR0048,MARKETPLACE,2025-05-21 00:31:00,PENDING,STANDARD,19.53
ORD0002378,CUST000135,STOR0018,ONLINE,2025-10-01 15:55:00,PENDING,EXPRESS,4.95
ORD0002379,CUST000442,STOR0055,ONLINE,2025-06-21 06:19:00,CANCELLED,EXPRESS,22.24
ORD0002380,CUST000585,STOR0057,STORE,2025-11-21 15:18:00,PENDING,CLICK_COLLECT,4.28
ORD0002381,CUST000011,STOR0054,B2B,2025-09-02 10:38:00,COMPLETED,STANDARD,13.11
ORD0002382,CUST001110,STOR0054,STORE,2025-12-19 10:58:00,COMPLETED,CLICK_COLLECT,23.64
ORD0002383,CUST000648,STOR0056,ONLINE,2025-11-12 08:22:00,COMPLETED,CLICK_COLLECT,19.23
ORD0002384,CUST000050,STOR0014,MARKETPLACE,2025-12-20 18:26:00,PENDING,STANDARD,19.46
ORD0002385,CUST001112,STOR0036,STORE,2025-07-05 13:31:00,PENDING,CLICK_COLLECT,12.23
ORD0002386,CUST000395,STOR0010,STORE,2025-08-15 18:53:00,PENDING,STANDARD,0.81
ORD0002387,CUST000523,STOR0029,MARKETPLACE,2025-10-30 07:26:00,PENDING,EXPRESS,10.33
ORD0002388,CUST000883,STOR0048,B2B,2025-12-22 08:33:00,COMPLETED,STANDARD,9.82
ORD0002389,CUST000080,STOR0026,STORE,2025-09-08 02:08:00,COMPLETED,EXPRESS,8.32
ORD0002390,CUST000906,STOR0031,B2B,2025-12-19 05:36:00,COMPLETED,STANDARD,6.5
ORD0002391,CUST001051,STOR0007,ONLINE,2025-09-14 09:00:00,COMPLETED,EXPRESS,19.98
ORD0002392,CUST001115,STOR0008,MARKETPLACE,2025-08-08 14:11:00,COMPLETED,CLICK_COLLECT,9.48
ORD0002393,CUST001104,STOR0025,ONLINE,2025-05-23 02:26:00,COMPLETED,EXPRESS,9.67
ORD0002394,CUST000769,STOR0005,ONLINE,2025-05-13 06:56:00,PENDING,CLICK_COLLECT,4.16
ORD0002395,CUST000682,STOR0022,MARKETPLACE,2025-11-13 23:01:00,COMPLETED,EXPRESS,24.28
ORD0002396,CUST000816,STOR0033,STORE,2025-12-24 08:11:00,CANCELLED,CLICK_COLLECT,18.83
ORD0002397,CUST000926,STOR0006,MARKETPLACE,2025-12-28 07:31:00,COMPLETED,STANDARD,7.25
ORD0002398,CUST000645,STOR0018,MARKETPLACE,2025-11-26 21:17:00,PENDING,EXPRESS,16.86
ORD0002399,CUST000019,STOR0015,ONLINE,2025-11-23 13:01:00,COMPLETED,STANDARD,15.02
ORD0002400,CUST000312,STOR0032,STORE,2025-08-19 20:08:00,COMPLETED,CLICK_COLLECT,9.41
ORD0002401,CUST000547,STOR0044,STORE,2025-10-03 15:58:00,COMPLETED,CLICK_COLLECT,21.43
ORD0002402,CUST000426,STOR0025,STORE,2025-11-18 14:47:00,PENDING,EXPRESS,16.45
ORD0002403,CUST000666,STOR0054,B2B,2025-12-15 01:37:00,COMPLETED,CLICK_COLLECT,4.84
ORD0002404,CUST001175,STOR0006,B2B,2025-05-13 22:38:00,COMPLETED,STANDARD,13.59
ORD0002405,CUST000532,STOR0055,ONLINE,2025-05-23 06:26:00,COMPLETED,EXPRESS,20.41
ORD0002406,CUST000558,STOR0013,B2B,2025-10-13 08:35:00,CANCELLED,STANDARD,0.39
ORD0002407,CUST000998,STOR0060,MARKETPLACE,2025-08-21 05:51:00,PENDING,EXPRESS,21.91
ORD0002408,CUST000372,STOR0039,MARKETPLACE,2025-06-06 09:51:00,COMPLETED,EXPRESS,15.33
ORD0002409,CUST000675,STOR0019,STORE,2025-08-13 13:36:00,COMPLETED,CLICK_COLLECT,18.79
ORD0002410,CUST000725,STOR0055,B2B,2025-09-04 22:44:00,COMPLETED,EXPRESS,8.57
ORD0002411,CUST000230,STOR0027,ONLINE,2025-09-11 00:00:00,CANCELLED,STANDARD,6.77
ORD0002412,CUST000583,STOR0045,MARKETPLACE,2025-09-01 18:42:00,PENDING,STANDARD,5.86
ORD0002413,CUST000839,STOR0046,STORE,2025-10-25 03:52:00,PENDING,STANDARD,20.58
ORD0002414,CUST001054,STOR0039,B2B,2025-08-22 08:58:00,COMPLETED,CLICK_COLLECT,23.89
ORD0002415,CUST000186,STOR0029,ONLINE,2025-12-10 01:03:00,CANCELLED,CLICK_COLLECT,24.15
ORD0002416,CUST000582,STOR0041,MARKETPLACE,2025-06-01 04:43:00,CANCELLED,EXPRESS,23.8
ORD0002417,CUST000084,STOR0055,MARKETPLACE,2025-11-10 23:15:00,PENDING,EXPRESS,13.99
ORD0002418,CUST000591,STOR0012,STORE,2025-05-29 22:58:00,COMPLETED,CLICK_COLLECT,8.77
ORD0002419,CUST000437,STOR0031,STORE,2025-06-13 17:12:00,PENDING,EXPRESS,17.82
ORD0002420,CUST001008,STOR0037,ONLINE,2025-12-12 12:42:00,COMPLETED,STANDARD,22.96
ORD0002421,CUST000561,STOR0041,B2B,2025-08-20 10:24:00,CANCELLED,STANDARD,20.7
ORD0002422,CUST000267,STOR0057,ONLINE,2025-08-01 16:35:00,PENDING,EXPRESS,23.99
ORD0002423,CUST000569,STOR0005,ONLINE,2025-10-25 16:50:00,CANCELLED,CLICK_COLLECT,14.42
ORD0002424,CUST000156,STOR0020,B2B,2025-06-04 13:07:00,COMPLETED,EXPRESS,9.55
ORD0002425,CUST001194,STOR0055,STORE,2025-10-19 02:06:00,COMPLETED,CLICK_COLLECT,11.44
ORD0002426,CUST000619,STOR0056,B2B,2025-11-26 09:11:00,COMPLETED,CLICK_COLLECT,20.33
ORD0002427,CUST001120,STOR0055,MARKETPLACE,2025-10-24 16:58:00,COMPLETED,STANDARD,12.43
ORD0002428,CUST000599,STOR0036,B2B,2025-11-06 21:30:00,CANCELLED,STANDARD,1.41
ORD0002429,CUST000248,STOR0041,STORE,2025-09-26 17:56:00,COMPLETED,STANDARD,4.31
ORD0002430,CUST000178,STOR0049,ONLINE,2025-12-30 03:10:00,PENDING,STANDARD,18.87
ORD0002431,CUST001200,STOR0004,B2B,2025-08-17 15:36:00,CANCELLED,EXPRESS,18.2
ORD0002432,CUST000739,STOR0059,STORE,2025-06-12 17:27:00,PENDING,STANDARD,20.72
ORD0002433,CUST000130,STOR0027,MARKETPLACE,2025-10-18 11:29:00,CANCELLED,CLICK_COLLECT,13.24
ORD0002434,CUST000029,STOR0013,B2B,2025-06-02 22:00:00,COMPLETED,CLICK_COLLECT,14.84
ORD0002435,CUST000504,STOR0032,ONLINE,2025-05-11 14:02:00,PENDING,CLICK_COLLECT,12.8
ORD0002436,CUST000891,STOR0049,STORE,2025-11-09 13:58:00,COMPLETED,STANDARD,12.47
ORD0002437,CUST001169,STOR0057,STORE,2025-12-07 22:02:00,COMPLETED,CLICK_COLLECT,6.78
ORD0002438,CUST000892,STOR0032,MARKETPLACE,2025-06-14 21:44:00,PENDING,EXPRESS,21.63
ORD0002439,CUST000840,STOR0023,ONLINE,2025-12-31 21:11:00,CANCELLED,EXPRESS,16.83
ORD0002440,CUST000649,STOR0029,STORE,2025-07-13 10:25:00,CANCELLED,EXPRESS,9.88
ORD0002441,CUST001045,STOR0011,ONLINE,2025-10-26 08:05:00,CANCELLED,CLICK_COLLECT,6.79
ORD0002442,CUST000008,STOR0055,ONLINE,2025-09-05 18:22:00,COMPLETED,EXPRESS,8.35
ORD0002443,CUST000381,STOR0028,STORE,2025-06-08 04:03:00,CANCELLED,CLICK_COLLECT,24.79
ORD0002444,CUST000257,STOR0055,B2B,2025-07-02 01:13:00,COMPLETED,EXPRESS,4.3
ORD0002445,CUST000457,STOR0016,ONLINE,2025-12-29 11:28:00,PENDING,CLICK_COLLECT,18.97
ORD0002446,CUST000081,STOR0047,B2B,2025-09-01 08:49:00,COMPLETED,EXPRESS,2.16
ORD0002447,CUST000305,STOR0018,B2B,2025-09-14 10:09:00,CANCELLED,CLICK_COLLECT,11.97
ORD0002448,CUST001143,STOR0013,B2B,2025-06-06 04:21:00,PENDING,CLICK_COLLECT,24.59
ORD0002449,CUST000734,STOR0054,STORE,2025-05-21 23:51:00,CANCELLED,CLICK_COLLECT,23.1
ORD0002450,CUST000428,STOR0013,STORE,2025-08-18 19:59:00,CANCELLED,EXPRESS,5.76
ORD0002451,CUST001092,STOR0023,B2B,2025-07-11 04:09:00,COMPLETED,CLICK_COLLECT,5.77
ORD0002452,CUST000362,STOR0012,MARKETPLACE,2025-06-10 07:31:00,PENDING,STANDARD,2.55
ORD0002453,CUST000966,STOR0053,ONLINE,2025-07-04 07:45:00,COMPLETED,CLICK_COLLECT,17.32
ORD0002454,CUST000426,STOR0017,ONLINE,2025-07-24 04:41:00,COMPLETED,CLICK_COLLECT,11.14
ORD0002455,CUST000478,STOR0057,STORE,2025-07-13 06:12:00,COMPLETED,CLICK_COLLECT,15.67
ORD0002456,CUST001093,STOR0018,MARKETPLACE,2025-12-19 16:13:00,CANCELLED,CLICK_COLLECT,19.15
ORD0002457,CUST000998,STOR0058,ONLINE,2025-05-27 04:23:00,COMPLETED,EXPRESS,5.48
ORD0002458,CUST000762,STOR0049,ONLINE,2025-05-31 18:33:00,CANCELLED,EXPRESS,14.28
ORD0002459,CUST000791,STOR0019,MARKETPLACE,2025-08-12 17:01:00,COMPLETED,EXPRESS,7.56
ORD0002460,CUST000197,STOR0024,B2B,2025-12-04 22:09:00,PENDING,STANDARD,11.59
ORD0002461,CUST000593,STOR0002,MARKETPLACE,2025-10-24 05:27:00,COMPLETED,CLICK_COLLECT,3.64
ORD0002462,CUST000878,STOR0034,MARKETPLACE,2025-12-02 14:12:00,PENDING,STANDARD,6.58
ORD0002463,CUST000438,STOR0041,ONLINE,2025-06-08 16:35:00,COMPLETED,CLICK_COLLECT,11.42
ORD0002464,CUST001061,STOR0056,STORE,2025-12-25 19:29:00,COMPLETED,STANDARD,17.33
ORD0002465,CUST000194,STOR0039,MARKETPLACE,2025-05-11 07:10:00,PENDING,CLICK_COLLECT,10.52
ORD0002466,CUST000166,STOR0044,ONLINE,2025-08-02 11:49:00,COMPLETED,EXPRESS,0.29
ORD0002467,CUST001074,STOR0026,ONLINE,2025-08-25 13:56:00,CANCELLED,CLICK_COLLECT,11.44
ORD0002468,CUST000965,STOR0006,MARKETPLACE,2025-07-21 15:26:00,PENDING,CLICK_COLLECT,16.96
ORD0002469,CUST001146,STOR0038,MARKETPLACE,2025-08-23 07:09:00,PENDING,STANDARD,22.26
ORD0002470,CUST000686,STOR0012,MARKETPLACE,2025-05-06 07:33:00,COMPLETED,EXPRESS,9.53
ORD0002471,CUST000722,STOR0037,B2B,2025-06-14 03:20:00,COMPLETED,CLICK_COLLECT,11.04
ORD0002472,CUST000850,STOR0015,MARKETPLACE,2025-06-27 18:43:00,PENDING,EXPRESS,22.92
ORD0002473,CUST001140,STOR0037,MARKETPLACE,2025-07-18 00:12:00,COMPLETED,CLICK_COLLECT,7.15
ORD0002474,CUST000754,STOR0013,ONLINE,2025-08-06 13:49:00,CANCELLED,STANDARD,12.84
ORD0002475,CUST000307,STOR0048,ONLINE,2025-06-30 01:03:00,COMPLETED,CLICK_COLLECT,3.66
ORD0002476,CUST000779,STOR0043,B2B,2025-11-28 14:13:00,COMPLETED,CLICK_COLLECT,18.57
ORD0002477,CUST000800,STOR0043,B2B,2025-06-17 11:47:00,COMPLETED,CLICK_COLLECT,17.61
ORD0002478,CUST000419,STOR0019,B2B,2025-06-22 05:46:00,COMPLETED,CLICK_COLLECT,5.35
ORD0002479,CUST000802,STOR0001,ONLINE,2025-05-22 13:42:00,PENDING,STANDARD,0.83
ORD0002480,CUST001064,STOR0028,B2B,2025-05-08 09:35:00,COMPLETED,CLICK_COLLECT,11.06
ORD0002481,CUST000847,STOR0020,MARKETPLACE,2025-12-11 23:09:00,CANCELLED,CLICK_COLLECT,22.16
ORD0002482,CUST000961,STOR0033,MARKETPLACE,2025-10-13 22:12:00,PENDING,EXPRESS,15.75
ORD0002483,CUST000883,STOR0051,ONLINE,2025-07-16 02:30:00,PENDING,CLICK_COLLECT,0.58
ORD0002484,CUST000850,STOR0019,MARKETPLACE,2025-06-25 15:06:00,PENDING,STANDARD,0.36
ORD0002485,CUST000506,STOR0046,MARKETPLACE,2025-08-03 15:52:00,CANCELLED,EXPRESS,24.03
ORD0002486,CUST001012,STOR0051,STORE,2025-12-05 09:16:00,COMPLETED,CLICK_COLLECT,11.01
ORD0002487,CUST000667,STOR0009,ONLINE,2025-09-23 01:47:00,COMPLETED,EXPRESS,10.92
ORD0002488,CUST000392,STOR0029,MARKETPLACE,2025-12-27 02:35:00,CANCELLED,EXPRESS,2.26
ORD0002489,CUST000485,STOR0029,MARKETPLACE,2025-09-18 17:32:00,COMPLETED,EXPRESS,8.87
ORD0002490,CUST000654,STOR0040,STORE,2025-10-08 12:32:00,PENDING,STANDARD,9.88
ORD0002491,CUST000307,STOR0016,ONLINE,2025-11-13 10:03:00,PENDING,CLICK_COLLECT,16.12
ORD0002492,CUST000575,STOR0026,STORE,2025-12-04 21:24:00,COMPLETED,STANDARD,7.45
ORD0002493,CUST000515,STOR0034,B2B,2025-12-15 07:22:00,PENDING,EXPRESS,4.42
ORD0002494,CUST000210,STOR0044,MARKETPLACE,2025-06-03 05:52:00,CANCELLED,STANDARD,20.56
ORD0002495,CUST000011,STOR0034,ONLINE,2025-09-12 14:04:00,COMPLETED,EXPRESS,21.69
ORD0002496,CUST000782,STOR0028,ONLINE,2025-08-21 19:18:00,COMPLETED,CLICK_COLLECT,20.06
ORD0002497,CUST000532,STOR0029,MARKETPLACE,2025-06-29 15:25:00,CANCELLED,EXPRESS,18.37
ORD0002498,CUST000168,STOR0028,ONLINE,2025-10-02 03:42:00,COMPLETED,STANDARD,2.89
ORD0002499,CUST000487,STOR0047,B2B,2025-07-31 01:48:00,COMPLETED,EXPRESS,13.78
ORD0002500,CUST000144,STOR0041,ONLINE,2025-08-18 22:32:00,COMPLETED,EXPRESS,3.07
ORD0002501,CUST000441,STOR0014,MARKETPLACE,2025-09-16 19:14:00,COMPLETED,CLICK_COLLECT,10.4
ORD0002502,CUST000003,STOR0007,STORE,2025-11-05 21:25:00,PENDING,EXPRESS,7.89
ORD0002503,CUST000694,STOR0051,B2B,2025-05-06 00:10:00,COMPLETED,CLICK_COLLECT,0.29
ORD0002504,CUST000378,STOR0055,MARKETPLACE,2025-12-16 00:04:00,COMPLETED,EXPRESS,2.37
ORD0002505,CUST000768,STOR0036,ONLINE,2025-09-21 02:58:00,CANCELLED,CLICK_COLLECT,22.86
ORD0002506,CUST000605,STOR0039,ONLINE,2025-11-28 02:38:00,COMPLETED,EXPRESS,15.64
ORD0002507,CUST000730,STOR0022,ONLINE,2025-11-07 11:02:00,PENDING,STANDARD,16.8
ORD0002508,CUST001181,STOR0027,B2B,2025-11-11 18:14:00,COMPLETED,CLICK_COLLECT,10.83
ORD0002509,CUST000990,STOR0001,ONLINE,2025-10-22 15:04:00,COMPLETED,CLICK_COLLECT,23.7
ORD0002510,CUST000334,STOR0049,MARKETPLACE,2025-10-05 06:45:00,COMPLETED,EXPRESS,22.96
ORD0002511,CUST000866,STOR0006,STORE,2025-11-01 03:38:00,PENDING,STANDARD,5.19
ORD0002512,CUST000399,STOR0018,MARKETPLACE,2025-06-10 02:48:00,COMPLETED,STANDARD,1.05
ORD0002513,CUST000107,STOR0053,STORE,2025-12-15 08:02:00,CANCELLED,CLICK_COLLECT,1.83
ORD0002514,CUST000744,STOR0034,MARKETPLACE,2025-12-29 15:31:00,CANCELLED,STANDARD,17.91
ORD0002515,CUST000796,STOR0026,ONLINE,2025-07-10 17:00:00,COMPLETED,CLICK_COLLECT,22.95
ORD0002516,CUST000269,STOR0047,ONLINE,2025-06-21 13:50:00,COMPLETED,STANDARD,24.87
ORD0002517,CUST000880,STOR0021,B2B,2025-10-04 11:04:00,COMPLETED,STANDARD,2.75
ORD0002518,CUST000130,STOR0035,ONLINE,2025-09-24 13:03:00,COMPLETED,CLICK_COLLECT,18.25
ORD0002519,CUST000472,STOR0056,STORE,2025-12-13 21:45:00,COMPLETED,STANDARD,4.55
ORD0002520,CUST001041,STOR0050,B2B,2025-08-05 18:55:00,PENDING,CLICK_COLLECT,22.88
ORD0002521,CUST000309,STOR0015,ONLINE,2025-05-21 13:50:00,COMPLETED,CLICK_COLLECT,8.52
ORD0002522,CUST001035,STOR0045,ONLINE,2025-08-24 17:42:00,COMPLETED,CLICK_COLLECT,17.6
ORD0002523,CUST000829,STOR0056,ONLINE,2025-10-15 03:36:00,COMPLETED,EXPRESS,0.77
ORD0002524,CUST000289,STOR0049,ONLINE,2025-06-16 02:04:00,COMPLETED,EXPRESS,0.15
ORD0002525,CUST000562,STOR0050,ONLINE,2025-06-06 12:50:00,PENDING,STANDARD,6.33
ORD0002526,CUST000088,STOR0057,ONLINE,2025-11-13 13:53:00,PENDING,EXPRESS,22.68
ORD0002527,CUST001131,STOR0054,STORE,2025-07-10 01:51:00,COMPLETED,EXPRESS,14.1
ORD0002528,CUST000722,STOR0002,B2B,2025-07-12 08:36:00,COMPLETED,CLICK_COLLECT,17.0
ORD0002529,CUST001028,STOR0003,B2B,2025-12-09 23:21:00,COMPLETED,CLICK_COLLECT,23.62
ORD0002530,CUST000886,STOR0039,STORE,2025-07-12 10:25:00,PENDING,CLICK_COLLECT,13.66
ORD0002531,CUST000084,STOR0032,MARKETPLACE,2025-12-05 11:36:00,COMPLETED,CLICK_COLLECT,24.57
ORD0002532,CUST999999,STOR0019,MARKETPLACE,2025-05-26 09:09:00,CANCELLED,CLICK_COLLECT,11.08
ORD0002533,CUST000391,STOR0044,MARKETPLACE,2025-08-24 05:20:00,CANCELLED,EXPRESS,18.82
ORD0002534,CUST000708,STOR0013,ONLINE,2025-10-07 02:56:00,COMPLETED,EXPRESS,23.45
ORD0002535,CUST001075,STOR0041,B2B,2025-07-18 15:08:00,COMPLETED,EXPRESS,24.73
ORD0002536,CUST001063,STOR0021,ONLINE,2025-10-25 22:24:00,COMPLETED,CLICK_COLLECT,9.69
ORD0002537,CUST000174,STOR0008,B2B,2025-10-08 14:24:00,CANCELLED,STANDARD,19.22
ORD0002538,CUST000017,STOR0050,STORE,2025-09-21 12:27:00,COMPLETED,CLICK_COLLECT,13.05
ORD0002539,CUST001124,STOR0039,B2B,2025-07-14 12:56:00,CANCELLED,CLICK_COLLECT,1.15
ORD0002540,CUST000323,STOR0054,B2B,2025-08-15 11:24:00,CANCELLED,CLICK_COLLECT,7.38
ORD0002541,CUST000746,STOR0053,B2B,2025-06-15 02:57:00,COMPLETED,STANDARD,2.17
ORD0002542,CUST000304,STOR0018,STORE,2026-01-01 04:20:00,COMPLETED,EXPRESS,3.78
ORD0002543,CUST000070,STOR0001,MARKETPLACE,2025-12-03 23:24:00,PENDING,CLICK_COLLECT,7.72
ORD0002544,CUST000369,STOR0007,MARKETPLACE,2025-08-13 02:28:00,COMPLETED,EXPRESS,19.32
ORD0002545,CUST000467,STOR0022,STORE,2025-05-08 20:23:00,COMPLETED,STANDARD,17.97
ORD0002546,CUST000848,STOR0002,MARKETPLACE,2025-09-14 08:23:00,PENDING,CLICK_COLLECT,5.75
ORD0002547,CUST000307,STOR0009,ONLINE,2025-10-22 04:15:00,COMPLETED,CLICK_COLLECT,2.13
ORD0002548,CUST000529,STOR0057,STORE,2025-06-12 18:17:00,COMPLETED,EXPRESS,22.72
ORD0002549,CUST000064,STOR0052,B2B,2025-10-17 02:17:00,PENDING,STANDARD,6.63
ORD0002550,CUST000954,STOR0057,B2B,2025-12-24 06:43:00,PENDING,CLICK_COLLECT,3.78
ORD0002551,CUST000305,STOR0007,ONLINE,2025-12-15 09:02:00,CANCELLED,CLICK_COLLECT,3.68
ORD0002552,CUST001159,STOR0056,ONLINE,2025-05-29 06:31:00,PENDING,STANDARD,16.33
ORD0002553,CUST000785,STOR0010,MARKETPLACE,2025-05-16 21:36:00,COMPLETED,EXPRESS,8.6
ORD0002554,CUST000892,STOR0052,STORE,2025-09-01 16:49:00,COMPLETED,EXPRESS,12.6
ORD0002555,CUST000711,STOR0056,STORE,2025-08-29 09:49:00,CANCELLED,STANDARD,19.18
ORD0002556,CUST001092,STOR0010,STORE,2025-07-21 16:33:00,CANCELLED,CLICK_COLLECT,3.73
ORD0002557,CUST000381,STOR0009,MARKETPLACE,2025-07-24 09:47:00,COMPLETED,EXPRESS,2.92
ORD0002558,CUST001141,STOR0049,STORE,2025-12-22 14:33:00,PENDING,STANDARD,8.28
ORD0002559,CUST000749,STOR0015,STORE,2025-07-08 08:21:00,PENDING,EXPRESS,3.97
ORD0002560,CUST000969,STOR0028,B2B,2025-07-12 14:25:00,CANCELLED,CLICK_COLLECT,1.11
ORD0002561,CUST001015,STOR0020,MARKETPLACE,2025-06-07 17:34:00,PENDING,EXPRESS,1.98
ORD0002562,CUST000968,STOR0021,STORE,2025-10-23 04:03:00,COMPLETED,CLICK_COLLECT,21.05
ORD0002563,CUST000799,STOR0036,MARKETPLACE,2025-06-30 22:58:00,PENDING,STANDARD,2.57
ORD0002564,CUST000812,STOR0009,ONLINE,2025-11-20 22:08:00,COMPLETED,EXPRESS,21.03
ORD0002565,CUST000540,STOR0015,ONLINE,2025-11-04 02:16:00,COMPLETED,STANDARD,20.13
ORD0002566,CUST000587,STOR0023,STORE,2025-05-26 08:59:00,PENDING,CLICK_COLLECT,9.55
ORD0002567,CUST000945,STOR0020,MARKETPLACE,2025-07-23 11:45:00,COMPLETED,STANDARD,1.73
ORD0002568,CUST000981,STOR0007,ONLINE,2025-11-25 19:54:00,COMPLETED,STANDARD,5.68
ORD0002569,CUST001190,STOR0060,B2B,2025-07-07 08:50:00,COMPLETED,CLICK_COLLECT,10.8
ORD0002570,CUST000189,STOR0002,ONLINE,2025-10-10 14:01:00,COMPLETED,CLICK_COLLECT,7.56
ORD0002571,CUST001017,STOR0024,MARKETPLACE,2025-07-20 09:38:00,PENDING,CLICK_COLLECT,10.33
ORD0002572,CUST001073,STOR0033,ONLINE,2025-05-23 23:33:00,CANCELLED,CLICK_COLLECT,10.09
ORD0002573,CUST000751,STOR0037,STORE,2025-11-03 04:07:00,CANCELLED,CLICK_COLLECT,6.38
ORD0002574,CUST000450,STOR0033,STORE,2025-08-30 13:58:00,CANCELLED,EXPRESS,14.58
ORD0002575,CUST000241,STOR0011,STORE,2025-05-17 06:13:00,COMPLETED,STANDARD,21.77
ORD0002576,CUST000084,STOR0060,B2B,2025-07-27 08:35:00,COMPLETED,EXPRESS,11.26
ORD0002577,CUST001076,STOR0014,B2B,2025-10-28 03:19:00,PENDING,EXPRESS,7.74
ORD0002578,CUST001017,STOR0017,ONLINE,2025-09-03 23:54:00,CANCELLED,STANDARD,5.53
ORD0002579,CUST000724,STOR0026,ONLINE,2025-08-12 13:55:00,COMPLETED,CLICK_COLLECT,24.17
ORD0002580,CUST000332,STOR0055,STORE,2025-08-10 22:08:00,COMPLETED,STANDARD,19.69
ORD0002581,CUST000248,STOR0038,STORE,2025-10-18 17:08:00,PENDING,EXPRESS,21.63
ORD0002582,CUST001138,STOR0051,MARKETPLACE,2025-09-20 05:30:00,CANCELLED,STANDARD,10.67
ORD0002583,CUST000422,STOR0013,ONLINE,2025-11-03 06:38:00,COMPLETED,CLICK_COLLECT,19.48
ORD0002584,CUST000883,STOR0037,STORE,2025-10-17 18:53:00,COMPLETED,EXPRESS,10.02
ORD0002585,CUST000560,STOR0035,MARKETPLACE,2025-08-15 01:56:00,COMPLETED,STANDARD,4.54
ORD0002586,CUST000542,STOR0014,MARKETPLACE,2025-07-09 20:58:00,PENDING,CLICK_COLLECT,6.93
ORD0002587,CUST000231,STOR0034,MARKETPLACE,2025-12-16 17:05:00,CANCELLED,EXPRESS,2.45
ORD0002588,CUST000060,STOR0056,B2B,2025-07-11 05:07:00,COMPLETED,EXPRESS,13.93
ORD0002589,CUST000039,STOR0020,STORE,2025-05-28 15:48:00,CANCELLED,EXPRESS,15.65
ORD0002590,CUST000842,STOR0047,MARKETPLACE,2025-09-18 03:05:00,PENDING,EXPRESS,23.14
ORD0002591,CUST000763,STOR0037,MARKETPLACE,2025-11-10 17:51:00,COMPLETED,STANDARD,15.57
ORD0002592,CUST000405,STOR0059,ONLINE,2025-09-10 18:48:00,COMPLETED,EXPRESS,4.84
ORD0002593,CUST001181,STOR0032,STORE,2025-10-29 12:21:00,CANCELLED,EXPRESS,11.53
ORD0002594,CUST001000,STOR0024,STORE,2025-09-16 15:30:00,COMPLETED,CLICK_COLLECT,10.63
ORD0002595,CUST000995,STOR0017,ONLINE,2025-06-28 09:05:00,PENDING,EXPRESS,5.5
ORD0002596,CUST001122,STOR0042,MARKETPLACE,2025-11-30 17:01:00,COMPLETED,EXPRESS,19.67
ORD0002597,CUST000411,STOR0039,ONLINE,2025-12-10 04:12:00,CANCELLED,EXPRESS,2.87
ORD0002598,CUST000193,STOR0005,ONLINE,2025-12-13 00:02:00,COMPLETED,CLICK_COLLECT,2.66
ORD0002599,CUST000631,STOR0019,STORE,2025-07-23 16:00:00,COMPLETED,EXPRESS,24.3
ORD0002600,CUST000153,STOR0017,ONLINE,2025-09-10 19:10:00,COMPLETED,STANDARD,21.6
ORD0002601,CUST000788,STOR0050,MARKETPLACE,2025-09-17 12:06:00,CANCELLED,CLICK_COLLECT,15.14
ORD0002602,CUST001169,STOR0006,MARKETPLACE,2025-07-24 20:51:00,CANCELLED,STANDARD,13.26
ORD0002603,CUST000931,STOR0040,B2B,2025-12-28 00:24:00,CANCELLED,CLICK_COLLECT,5.78
ORD0002604,CUST001197,STOR0044,B2B,2025-08-29 05:02:00,COMPLETED,STANDARD,20.02
ORD0002605,CUST000372,STOR0028,MARKETPLACE,2025-11-16 06:29:00,COMPLETED,CLICK_COLLECT,4.34
ORD0002606,CUST000793,STOR0037,B2B,2025-08-07 16:51:00,COMPLETED,EXPRESS,22.78
ORD0002607,CUST000746,STOR0024,B2B,2025-10-11 15:06:00,PENDING,STANDARD,3.92
ORD0002608,CUST000015,STOR0008,ONLINE,2025-12-16 15:29:00,COMPLETED,EXPRESS,16.95
ORD0002609,CUST001023,STOR0014,STORE,2025-05-30 14:43:00,CANCELLED,STANDARD,20.43
ORD0002610,CUST000697,STOR0027,B2B,2025-10-03 13:32:00,COMPLETED,STANDARD,23.2
ORD0002611,CUST000972,STOR0013,MARKETPLACE,2025-09-17 10:43:00,PENDING,EXPRESS,24.66
ORD0002612,CUST000436,STOR0045,STORE,2025-09-05 18:18:00,CANCELLED,EXPRESS,6.79
ORD0002613,CUST000784,STOR0013,STORE,2025-09-10 01:10:00,CANCELLED,EXPRESS,20.99
ORD0002614,CUST000719,STOR0039,B2B,2025-10-21 13:56:00,COMPLETED,CLICK_COLLECT,8.37
ORD0002615,CUST000794,STOR0025,MARKETPLACE,2025-08-27 20:47:00,PENDING,CLICK_COLLECT,6.63
ORD0002616,CUST000715,STOR0023,STORE,2025-08-27 23:05:00,COMPLETED,EXPRESS,22.68
ORD0002617,CUST000074,STOR0046,STORE,2025-12-13 10:41:00,COMPLETED,STANDARD,19.37
ORD0002618,CUST000348,STOR0039,ONLINE,2025-07-06 14:31:00,PENDING,CLICK_COLLECT,6.82
ORD0002619,CUST000816,STOR0021,STORE,2025-12-04 23:33:00,PENDING,EXPRESS,8.32
ORD0002620,CUST000716,STOR0018,ONLINE,2025-05-12 07:28:00,CANCELLED,CLICK_COLLECT,0.18
ORD0002621,CUST000407,STOR0047,MARKETPLACE,2025-07-03 17:13:00,CANCELLED,CLICK_COLLECT,4.71
ORD0002622,CUST000508,STOR0027,B2B,2025-11-06 19:07:00,COMPLETED,CLICK_COLLECT,13.12
ORD0002623,CUST000060,STOR0031,STORE,2025-10-31 08:51:00,CANCELLED,STANDARD,1.38
ORD0002624,CUST000721,STOR0001,B2B,2025-11-27 08:05:00,COMPLETED,STANDARD,20.27
ORD0002625,CUST000061,STOR0021,ONLINE,2025-11-02 08:53:00,COMPLETED,CLICK_COLLECT,21.99
ORD0002626,CUST000472,STOR0056,B2B,2025-08-18 11:33:00,PENDING,EXPRESS,5.15
ORD0002627,CUST000809,STOR0030,MARKETPLACE,2025-12-20 09:59:00,CANCELLED,EXPRESS,17.29
ORD0002628,CUST000885,STOR0048,ONLINE,2025-11-23 12:55:00,COMPLETED,STANDARD,21.27
ORD0002629,CUST001169,STOR0040,B2B,2025-06-09 15:12:00,COMPLETED,STANDARD,8.39
ORD0002630,CUST001179,STOR0019,ONLINE,2025-06-12 01:45:00,COMPLETED,STANDARD,0.53
ORD0002631,CUST000092,STOR0031,ONLINE,2025-10-13 15:27:00,PENDING,EXPRESS,2.87
ORD0002632,CUST000946,STOR0031,B2B,2025-07-21 16:16:00,COMPLETED,CLICK_COLLECT,4.91
ORD0002633,CUST000179,STOR0017,MARKETPLACE,2025-07-05 00:27:00,COMPLETED,EXPRESS,11.18
ORD0002634,CUST000969,STOR0034,STORE,2025-10-20 11:17:00,COMPLETED,STANDARD,23.65
ORD0002635,CUST000376,STOR0027,ONLINE,2025-12-25 11:42:00,COMPLETED,EXPRESS,0.72
ORD0002636,CUST000685,STOR0028,B2B,2025-08-17 16:30:00,COMPLETED,EXPRESS,2.13
ORD0002637,CUST000246,STOR0011,STORE,2025-12-08 22:34:00,COMPLETED,CLICK_COLLECT,9.98
ORD0002638,CUST000225,STOR0009,STORE,2025-05-30 06:36:00,CANCELLED,EXPRESS,6.34
ORD0002639,CUST001067,STOR0020,ONLINE,2025-10-06 20:37:00,COMPLETED,STANDARD,12.46
ORD0002640,CUST000019,STOR0022,ONLINE,2025-12-31 16:28:00,CANCELLED,CLICK_COLLECT,1.65
ORD0002641,CUST000829,STOR0055,MARKETPLACE,2025-05-17 20:51:00,COMPLETED,STANDARD,20.47
ORD0002642,CUST000074,STOR0030,STORE,2025-07-13 01:31:00,PENDING,CLICK_COLLECT,16.14
ORD0002643,CUST000551,STOR0033,STORE,2025-08-26 16:46:00,COMPLETED,STANDARD,6.36
ORD0002644,CUST000437,STOR0028,MARKETPLACE,2025-12-07 11:29:00,COMPLETED,CLICK_COLLECT,16.96
ORD0002645,CUST000538,STOR0040,STORE,2025-12-14 09:56:00,CANCELLED,STANDARD,12.85
ORD0002646,CUST000242,STOR0056,B2B,2025-10-10 00:12:00,PENDING,CLICK_COLLECT,6.12
ORD0002647,CUST000525,STOR0016,ONLINE,2025-10-22 12:51:00,CANCELLED,EXPRESS,18.61
ORD0002648,CUST001030,STOR0054,MARKETPLACE,2025-07-28 23:39:00,COMPLETED,EXPRESS,22.22
ORD0002649,CUST001173,STOR0058,MARKETPLACE,2025-09-24 17:42:00,PENDING,STANDARD,0.6
ORD0002650,CUST000945,STOR0041,MARKETPLACE,2025-06-22 20:02:00,CANCELLED,STANDARD,21.12
ORD0002651,CUST000867,STOR0040,ONLINE,2025-12-03 10:09:00,COMPLETED,CLICK_COLLECT,9.04
ORD0002652,CUST000267,STOR0039,B2B,2025-06-27 20:02:00,CANCELLED,STANDARD,5.47
ORD0002653,CUST000504,STOR0023,B2B,2025-10-06 05:58:00,COMPLETED,EXPRESS,24.23
ORD0002654,CUST000241,STOR0052,MARKETPLACE,2025-07-07 00:28:00,COMPLETED,STANDARD,20.11
ORD0002655,CUST000335,STOR0002,ONLINE,2025-10-27 14:13:00,COMPLETED,CLICK_COLLECT,15.23
ORD0002656,CUST000669,STOR0001,ONLINE,2025-06-30 02:35:00,COMPLETED,STANDARD,5.01
ORD0002657,CUST000080,STOR0049,B2B,2025-10-23 17:08:00,PENDING,STANDARD,20.19
ORD0002658,CUST000255,STOR0051,ONLINE,2025-05-20 09:33:00,PENDING,STANDARD,22.75
ORD0002659,CUST001087,STOR0019,B2B,2025-05-20 11:19:00,COMPLETED,CLICK_COLLECT,8.97
ORD0002660,CUST000916,STOR0057,STORE,2025-11-15 15:38:00,PENDING,CLICK_COLLECT,23.53
ORD0002661,CUST000675,STOR0041,MARKETPLACE,2025-06-13 08:53:00,COMPLETED,CLICK_COLLECT,20.75
ORD0002662,CUST000322,STOR0032,STORE,2025-08-09 02:34:00,COMPLETED,CLICK_COLLECT,21.76
ORD0002663,CUST000270,STOR0038,MARKETPLACE,2025-08-25 08:54:00,COMPLETED,CLICK_COLLECT,8.58
ORD0002664,CUST000957,STOR0044,B2B,2025-12-14 11:23:00,PENDING,CLICK_COLLECT,16.53
ORD0002665,CUST000694,STOR0038,ONLINE,2025-05-26 10:57:00,COMPLETED,STANDARD,23.42
ORD0002666,CUST000673,STOR0055,MARKETPLACE,2025-06-06 18:27:00,COMPLETED,CLICK_COLLECT,12.55
ORD0002667,CUST000694,STOR0001,MARKETPLACE,2025-08-13 03:43:00,PENDING,CLICK_COLLECT,7.04
ORD0002668,CUST000667,STOR0048,ONLINE,2025-11-11 03:56:00,PENDING,CLICK_COLLECT,3.41
ORD0002669,CUST000595,STOR0003,STORE,2025-07-10 09:26:00,COMPLETED,STANDARD,11.09
ORD0002670,CUST000740,STOR0023,MARKETPLACE,2025-12-09 13:38:00,PENDING,CLICK_COLLECT,20.0
ORD0002671,CUST000682,STOR0033,ONLINE,2025-12-31 06:23:00,COMPLETED,CLICK_COLLECT,18.92
ORD0002672,CUST000915,STOR0029,MARKETPLACE,2025-06-09 21:09:00,COMPLETED,EXPRESS,19.19
ORD0002673,CUST001010,STOR0018,MARKETPLACE,2025-08-29 20:31:00,PENDING,STANDARD,9.25
ORD0002674,CUST000259,STOR0014,B2B,2025-12-17 22:07:00,COMPLETED,EXPRESS,18.42
ORD0002675,CUST000963,STOR0040,ONLINE,2025-11-29 07:30:00,COMPLETED,EXPRESS,1.55
ORD0002676,CUST000746,STOR0039,MARKETPLACE,2025-07-17 10:57:00,PENDING,EXPRESS,14.23
ORD0002677,CUST000544,STOR0060,ONLINE,2025-11-10 13:29:00,CANCELLED,EXPRESS,3.31
ORD0002678,CUST000864,STOR0043,B2B,2025-10-26 18:21:00,COMPLETED,STANDARD,8.25
ORD0002679,CUST000062,STOR0060,STORE,2025-10-03 07:21:00,CANCELLED,EXPRESS,11.17
ORD0002680,CUST000043,STOR0025,MARKETPLACE,2025-10-12 23:50:00,COMPLETED,STANDARD,22.78
ORD0002681,CUST000989,STOR0026,MARKETPLACE,2025-06-14 15:09:00,COMPLETED,STANDARD,23.55
ORD0002682,CUST000414,STOR0018,ONLINE,2025-12-01 11:07:00,CANCELLED,CLICK_COLLECT,20.48
ORD0002683,CUST000747,STOR0022,STORE,2025-05-20 10:18:00,COMPLETED,EXPRESS,8.89
ORD0002684,CUST000892,STOR0052,STORE,2025-07-31 11:59:00,COMPLETED,EXPRESS,24.8
ORD0002685,CUST000764,STOR0051,B2B,2025-10-22 06:13:00,CANCELLED,EXPRESS,12.72
ORD0002686,CUST000016,STOR0020,ONLINE,2025-09-26 19:22:00,COMPLETED,CLICK_COLLECT,10.43
ORD0002687,CUST000412,STOR0006,B2B,2025-11-05 01:18:00,COMPLETED,EXPRESS,22.77
ORD0002688,CUST000658,STOR0050,STORE,2025-10-27 15:35:00,COMPLETED,CLICK_COLLECT,17.95
ORD0002689,CUST000457,STOR0026,B2B,2025-08-30 18:14:00,COMPLETED,CLICK_COLLECT,17.04
ORD0002690,CUST000861,STOR0003,MARKETPLACE,2025-07-07 02:42:00,COMPLETED,STANDARD,0.84
ORD0002691,CUST000161,STOR0006,ONLINE,2025-08-09 17:12:00,COMPLETED,STANDARD,4.33
ORD0002692,CUST000100,STOR0003,STORE,2025-06-16 12:18:00,COMPLETED,CLICK_COLLECT,5.43
ORD0002693,CUST001024,STOR0038,ONLINE,2025-09-29 13:15:00,COMPLETED,STANDARD,16.64
ORD0002694,CUST001148,STOR0041,B2B,2025-12-19 07:34:00,PENDING,STANDARD,23.59
ORD0002695,CUST000433,STOR0034,MARKETPLACE,2025-05-22 17:34:00,COMPLETED,EXPRESS,12.99
ORD0002696,CUST000928,STOR0028,B2B,2025-11-14 13:49:00,COMPLETED,CLICK_COLLECT,22.05
ORD0002697,CUST000017,STOR0035,STORE,2025-12-17 04:47:00,COMPLETED,CLICK_COLLECT,17.48
ORD0002698,CUST000829,STOR0028,MARKETPLACE,2025-06-22 09:11:00,CANCELLED,EXPRESS,3.72
ORD0002699,CUST000563,STOR0055,ONLINE,2025-11-30 13:19:00,COMPLETED,EXPRESS,16.21
ORD0002700,CUST000341,STOR0049,B2B,2025-06-24 21:48:00,PENDING,EXPRESS,10.16
ORD0002701,CUST000671,STOR0034,ONLINE,2025-08-27 19:50:00,PENDING,EXPRESS,11.09
ORD0002702,CUST001161,STOR0011,MARKETPLACE,2025-12-10 09:17:00,CANCELLED,CLICK_COLLECT,11.15
ORD0002703,CUST000527,STOR0025,STORE,2025-05-28 09:59:00,PENDING,CLICK_COLLECT,17.58
ORD0002704,CUST000670,STOR0022,B2B,2025-07-08 02:51:00,CANCELLED,EXPRESS,16.34
ORD0002705,CUST000021,STOR0010,B2B,2025-06-25 19:17:00,PENDING,STANDARD,21.17
ORD0002706,CUST000769,STOR0018,B2B,2026-01-01 18:51:00,CANCELLED,EXPRESS,16.69
ORD0002707,CUST000250,STOR0043,STORE,2025-11-28 16:04:00,COMPLETED,CLICK_COLLECT,19.54
ORD0002708,CUST000280,STOR0018,B2B,2025-06-12 07:42:00,PENDING,EXPRESS,3.43
ORD0002709,CUST000958,STOR0014,STORE,2025-12-23 01:14:00,CANCELLED,CLICK_COLLECT,13.95
ORD0002710,CUST000132,STOR0014,B2B,2025-07-14 01:24:00,CANCELLED,EXPRESS,17.67
ORD0002711,CUST001027,STOR0016,ONLINE,2025-09-16 10:31:00,COMPLETED,EXPRESS,8.2
ORD0002712,CUST000667,STOR0044,B2B,2025-08-12 21:51:00,CANCELLED,CLICK_COLLECT,20.49
ORD0002713,CUST000943,STOR0033,B2B,2025-12-26 11:52:00,PENDING,CLICK_COLLECT,0.05
ORD0002714,CUST000138,STOR0055,STORE,2025-12-18 11:21:00,CANCELLED,CLICK_COLLECT,18.72
ORD0002715,CUST000524,STOR0039,MARKETPLACE,2025-10-19 13:16:00,COMPLETED,EXPRESS,22.89
ORD0002716,CUST000753,STOR0027,ONLINE,2025-06-17 14:02:00,COMPLETED,EXPRESS,8.88
ORD0002717,CUST000519,STOR0012,ONLINE,2025-12-17 08:51:00,COMPLETED,EXPRESS,3.77
ORD0002718,CUST000908,STOR0017,B2B,2025-10-28 16:27:00,COMPLETED,EXPRESS,3.43
ORD0002719,CUST001177,STOR0006,MARKETPLACE,2025-07-08 10:05:00,COMPLETED,EXPRESS,10.22
ORD0002720,CUST000459,STOR0021,MARKETPLACE,2025-10-13 03:15:00,COMPLETED,CLICK_COLLECT,2.19
ORD0002721,CUST000381,STOR0054,STORE,2025-07-12 06:58:00,PENDING,CLICK_COLLECT,21.7
ORD0002722,CUST000420,STOR0012,B2B,2025-09-04 13:26:00,PENDING,CLICK_COLLECT,17.92
ORD0002723,CUST000425,STOR0014,ONLINE,2025-11-21 08:08:00,COMPLETED,EXPRESS,1.01
ORD0002724,CUST000159,STOR0048,B2B,2025-11-12 16:39:00,COMPLETED,STANDARD,9.09
ORD0002725,CUST001083,STOR0018,MARKETPLACE,2025-06-07 19:05:00,CANCELLED,CLICK_COLLECT,19.46
ORD0002726,CUST000833,STOR0024,ONLINE,2025-12-27 09:37:00,COMPLETED,STANDARD,11.83
ORD0002727,CUST000880,STOR0007,ONLINE,2025-11-02 05:22:00,COMPLETED,STANDARD,7.91
ORD0002728,CUST000640,STOR0056,ONLINE,2025-09-11 06:02:00,CANCELLED,EXPRESS,18.29
ORD0002729,CUST000253,STOR0015,ONLINE,2025-11-11 23:23:00,CANCELLED,STANDARD,0.27
ORD0002730,CUST000287,STOR0007,B2B,2025-11-14 04:57:00,PENDING,CLICK_COLLECT,11.39
ORD0002731,CUST000942,STOR0008,MARKETPLACE,2025-07-31 06:52:00,CANCELLED,STANDARD,24.16
ORD0002732,CUST000504,STOR0006,STORE,2025-06-14 01:18:00,CANCELLED,EXPRESS,6.22
ORD0002733,CUST000871,STOR0027,MARKETPLACE,2025-05-28 05:26:00,CANCELLED,STANDARD,4.39
ORD0002734,CUST000848,STOR0023,MARKETPLACE,2025-06-26 12:05:00,PENDING,STANDARD,10.46
ORD0002735,CUST000668,STOR0022,MARKETPLACE,2025-06-12 08:29:00,COMPLETED,EXPRESS,11.42
ORD0002736,CUST000496,STOR0026,B2B,2025-06-10 01:43:00,COMPLETED,STANDARD,11.37
ORD0002737,CUST000016,STOR0057,MARKETPLACE,2025-07-25 03:00:00,CANCELLED,CLICK_COLLECT,12.19
ORD0002738,CUST000654,STOR0030,ONLINE,2025-08-23 18:00:00,COMPLETED,STANDARD,2.08
ORD0002739,CUST000785,STOR0030,STORE,2025-09-16 02:54:00,COMPLETED,STANDARD,9.12
ORD0002740,CUST000471,STOR0049,STORE,2025-11-25 06:36:00,COMPLETED,CLICK_COLLECT,21.63
ORD0002741,CUST001194,STOR0045,MARKETPLACE,2025-07-14 16:18:00,COMPLETED,EXPRESS,8.27
ORD0002742,CUST000906,STOR0038,MARKETPLACE,2025-12-01 01:57:00,COMPLETED,STANDARD,21.52
ORD0002743,CUST999999,STOR0010,MARKETPLACE,2025-11-02 16:14:00,COMPLETED,EXPRESS,17.09
ORD0002744,CUST000685,STOR0041,MARKETPLACE,2025-08-19 23:33:00,COMPLETED,CLICK_COLLECT,0.61
ORD0002745,CUST000141,STOR0055,ONLINE,2025-11-06 01:19:00,COMPLETED,CLICK_COLLECT,7.62
ORD0002746,CUST000648,STOR0007,ONLINE,2025-09-12 01:49:00,PENDING,STANDARD,4.76
ORD0002747,CUST000508,STOR0015,B2B,2025-08-14 11:46:00,COMPLETED,STANDARD,0.16
ORD0002748,CUST000755,STOR0045,MARKETPLACE,2025-09-06 22:49:00,COMPLETED,EXPRESS,17.51
ORD0002749,CUST001107,STOR0058,MARKETPLACE,2025-05-19 00:36:00,COMPLETED,EXPRESS,19.28
ORD0002750,CUST000920,STOR0003,STORE,2025-07-12 07:28:00,COMPLETED,EXPRESS,0.27
ORD0002751,CUST000126,STOR0008,STORE,2025-11-13 08:28:00,COMPLETED,CLICK_COLLECT,17.5
ORD0002752,CUST000459,STOR0056,STORE,2025-10-12 05:35:00,PENDING,CLICK_COLLECT,11.77
ORD0002753,CUST001105,STOR0024,B2B,2025-08-28 20:53:00,PENDING,STANDARD,11.35
ORD0002754,CUST000076,STOR0023,ONLINE,2025-10-07 14:23:00,CANCELLED,CLICK_COLLECT,5.92
ORD0002755,CUST000063,STOR0049,ONLINE,2025-10-29 18:15:00,COMPLETED,CLICK_COLLECT,8.68
ORD0002756,CUST000776,STOR0039,STORE,2025-08-06 18:05:00,COMPLETED,CLICK_COLLECT,16.26
ORD0002757,CUST000770,STOR0019,B2B,2025-09-07 18:13:00,COMPLETED,CLICK_COLLECT,15.05
ORD0002758,CUST000615,STOR0003,B2B,2025-12-01 08:46:00,COMPLETED,CLICK_COLLECT,17.93
ORD0002759,CUST000727,STOR0053,STORE,2025-10-14 09:59:00,COMPLETED,CLICK_COLLECT,5.07
ORD0002760,CUST000044,STOR0043,B2B,2025-12-07 11:29:00,CANCELLED,EXPRESS,0.17
ORD0002761,CUST000026,STOR0031,MARKETPLACE,2025-07-11 12:11:00,CANCELLED,STANDARD,16.31
ORD0002762,CUST000227,STOR0038,STORE,2025-11-06 05:28:00,CANCELLED,STANDARD,19.0
ORD0002763,CUST000785,STOR0051,ONLINE,2025-12-30 20:42:00,COMPLETED,CLICK_COLLECT,10.9
ORD0002764,CUST000241,STOR0002,STORE,2025-12-12 00:47:00,CANCELLED,STANDARD,14.69
ORD0002765,CUST001171,STOR0001,ONLINE,2025-05-23 18:17:00,CANCELLED,STANDARD,1.22
ORD0002766,CUST000832,STOR0043,STORE,2025-06-25 04:31:00,PENDING,STANDARD,8.62
ORD0002767,CUST001073,STOR0030,B2B,2025-12-08 21:42:00,CANCELLED,EXPRESS,19.62
ORD0002768,CUST000951,STOR0009,B2B,2025-05-27 08:42:00,PENDING,STANDARD,22.02
ORD0002769,CUST000688,STOR0028,B2B,2025-05-31 03:36:00,COMPLETED,EXPRESS,0.7
ORD0002770,CUST000652,STOR0039,MARKETPLACE,2025-09-08 14:12:00,CANCELLED,CLICK_COLLECT,19.95
ORD0002771,CUST000343,STOR0010,ONLINE,2025-10-28 03:37:00,COMPLETED,STANDARD,24.27
ORD0002772,CUST001166,STOR0060,B2B,2025-08-08 12:15:00,COMPLETED,CLICK_COLLECT,13.27
ORD0002773,CUST000721,STOR0003,ONLINE,2025-10-24 19:11:00,CANCELLED,EXPRESS,2.65
ORD0002774,CUST001076,STOR0027,B2B,2025-09-02 23:17:00,COMPLETED,EXPRESS,13.53
ORD0002775,CUST000232,STOR0032,B2B,2025-09-24 04:46:00,COMPLETED,CLICK_COLLECT,11.23
ORD0002776,CUST000489,STOR0024,MARKETPLACE,2025-07-17 15:28:00,PENDING,EXPRESS,5.4
ORD0002777,CUST001186,STOR0038,B2B,2025-07-05 11:24:00,COMPLETED,STANDARD,8.77
ORD0002778,CUST000165,STOR0040,STORE,2025-11-19 01:53:00,COMPLETED,CLICK_COLLECT,9.5
ORD0002779,CUST001184,STOR0008,STORE,2025-07-10 13:40:00,CANCELLED,EXPRESS,2.8
ORD0002780,CUST001199,STOR0037,STORE,2025-05-28 18:26:00,COMPLETED,EXPRESS,5.97
ORD0002781,CUST000157,STOR0016,B2B,2025-05-15 06:40:00,PENDING,STANDARD,0.99
ORD0002782,CUST000272,STOR0033,B2B,2025-10-17 12:33:00,COMPLETED,STANDARD,5.89
ORD0002783,CUST000868,STOR0045,STORE,2025-12-07 10:11:00,COMPLETED,STANDARD,14.96
ORD0002784,CUST000520,STOR0031,ONLINE,2025-07-15 17:31:00,COMPLETED,STANDARD,13.96
ORD0002785,CUST000404,STOR0019,MARKETPLACE,2025-08-17 18:54:00,COMPLETED,EXPRESS,5.77
ORD0002786,CUST001186,STOR0015,ONLINE,2025-06-17 04:08:00,CANCELLED,CLICK_COLLECT,11.5
ORD0002787,CUST000017,STOR0051,STORE,2025-08-24 10:57:00,PENDING,CLICK_COLLECT,6.92
ORD0002788,CUST000114,STOR0021,MARKETPLACE,2025-11-06 14:23:00,CANCELLED,CLICK_COLLECT,16.5
ORD0002789,CUST001153,STOR0006,B2B,2025-11-07 15:49:00,COMPLETED,STANDARD,1.85
ORD0002790,CUST000434,STOR0020,MARKETPLACE,2025-06-07 21:19:00,COMPLETED,EXPRESS,6.19
ORD0002791,CUST000141,STOR0045,MARKETPLACE,2025-12-28 22:04:00,CANCELLED,EXPRESS,0.79
ORD0002792,CUST000941,STOR0011,ONLINE,2025-10-03 04:57:00,PENDING,EXPRESS,12.89
ORD0002793,CUST000765,STOR0029,MARKETPLACE,2025-11-09 06:24:00,CANCELLED,STANDARD,22.05
ORD0002794,CUST001181,STOR0007,B2B,2025-07-10 06:12:00,PENDING,EXPRESS,22.25
ORD0002795,CUST001067,STOR0035,MARKETPLACE,2025-11-24 14:00:00,COMPLETED,STANDARD,9.99
ORD0002796,CUST001187,STOR0042,MARKETPLACE,2025-11-16 08:14:00,COMPLETED,STANDARD,1.51
ORD0002797,CUST000615,STOR0010,B2B,2025-11-05 02:01:00,PENDING,EXPRESS,6.51
ORD0002798,CUST001198,STOR0010,ONLINE,2025-06-24 11:17:00,COMPLETED,STANDARD,21.27
ORD0002799,CUST001118,STOR0057,B2B,2025-11-26 02:32:00,PENDING,CLICK_COLLECT,16.04
ORD0002800,CUST000503,STOR0024,B2B,2025-06-29 04:48:00,COMPLETED,STANDARD,13.22
ORD0002801,CUST000159,STOR0007,ONLINE,2025-11-25 16:56:00,COMPLETED,CLICK_COLLECT,12.49
ORD0002802,CUST000939,STOR0024,B2B,2025-12-10 06:19:00,COMPLETED,CLICK_COLLECT,2.31
ORD0002803,CUST000331,STOR0025,STORE,2025-12-06 13:18:00,COMPLETED,EXPRESS,22.71
ORD0002804,CUST000007,STOR0059,STORE,2025-07-17 13:10:00,COMPLETED,STANDARD,8.54
ORD0002805,CUST000348,STOR0010,STORE,2025-07-09 12:39:00,PENDING,EXPRESS,0.1
ORD0002806,CUST000911,STOR0016,MARKETPLACE,2025-12-06 02:48:00,COMPLETED,EXPRESS,9.62
ORD0002807,CUST000698,STOR0054,MARKETPLACE,2025-12-25 01:58:00,CANCELLED,CLICK_COLLECT,1.24
ORD0002808,CUST000104,STOR0051,STORE,2025-10-22 01:26:00,PENDING,CLICK_COLLECT,21.33
ORD0002809,CUST001184,STOR0050,MARKETPLACE,2025-05-25 01:28:00,COMPLETED,EXPRESS,4.75
ORD0002810,CUST000175,STOR0048,STORE,2025-06-09 02:16:00,COMPLETED,STANDARD,4.14
ORD0002811,CUST000693,STOR0026,ONLINE,2025-10-15 03:31:00,CANCELLED,CLICK_COLLECT,1.04
ORD0002812,CUST000519,STOR0043,ONLINE,2025-10-08 10:27:00,PENDING,CLICK_COLLECT,23.86
ORD0002813,CUST000393,STOR0014,STORE,2025-07-30 08:07:00,CANCELLED,EXPRESS,8.99
ORD0002814,CUST001061,STOR0022,ONLINE,2025-11-27 00:08:00,COMPLETED,EXPRESS,17.42
ORD0002815,CUST000239,STOR0029,ONLINE,2025-12-17 10:35:00,COMPLETED,CLICK_COLLECT,11.84
ORD0002816,CUST000675,STOR0012,MARKETPLACE,2025-06-18 18:03:00,PENDING,STANDARD,4.25
ORD0002817,CUST000238,STOR0042,ONLINE,2025-11-30 18:55:00,COMPLETED,STANDARD,14.26
ORD0002818,CUST001032,STOR0008,MARKETPLACE,2025-12-25 19:17:00,COMPLETED,EXPRESS,0.17
ORD0002819,CUST001052,STOR0024,B2B,2025-05-27 06:52:00,PENDING,CLICK_COLLECT,4.74
ORD0002820,CUST000345,STOR0027,MARKETPLACE,2025-06-05 09:54:00,COMPLETED,STANDARD,22.64
ORD0002821,CUST000063,STOR0007,B2B,2025-12-04 05:52:00,COMPLETED,STANDARD,3.8
ORD0002822,CUST000620,STOR0045,MARKETPLACE,2025-10-11 16:41:00,CANCELLED,CLICK_COLLECT,24.49
ORD0002823,CUST000826,STOR0024,MARKETPLACE,2025-09-14 16:25:00,PENDING,STANDARD,17.28
ORD0002824,CUST000256,STOR0016,B2B,2025-06-12 14:11:00,CANCELLED,CLICK_COLLECT,8.17
ORD0002825,CUST000853,STOR0020,MARKETPLACE,2025-10-08 03:58:00,PENDING,STANDARD,24.9
ORD0002826,CUST000307,STOR0047,ONLINE,2025-07-25 06:50:00,PENDING,CLICK_COLLECT,0.64
ORD0002827,CUST000127,STOR0034,MARKETPLACE,2025-05-30 03:12:00,COMPLETED,STANDARD,2.56
ORD0002828,CUST000350,STOR0057,STORE,2025-08-17 17:49:00,COMPLETED,STANDARD,13.58
ORD0002829,CUST000257,STOR0010,MARKETPLACE,2025-12-31 22:00:00,CANCELLED,STANDARD,23.57
ORD0002830,CUST000498,STOR0050,STORE,2025-09-05 02:40:00,COMPLETED,STANDARD,7.83
ORD0002831,CUST000496,STOR0035,B2B,2025-12-31 08:10:00,CANCELLED,STANDARD,20.34
ORD0002832,CUST000637,STOR0050,STORE,2025-09-04 12:01:00,PENDING,CLICK_COLLECT,4.95
ORD0002833,CUST001097,STOR0032,B2B,2025-10-15 21:42:00,CANCELLED,EXPRESS,7.56
ORD0002834,CUST001023,STOR0032,STORE,2025-09-21 22:56:00,COMPLETED,STANDARD,11.22
ORD0002835,CUST000599,STOR0054,ONLINE,2025-07-31 05:50:00,COMPLETED,STANDARD,20.81
ORD0002836,CUST000759,STOR0055,ONLINE,2025-10-31 01:56:00,COMPLETED,CLICK_COLLECT,16.83
ORD0002837,CUST001010,STOR0059,STORE,2025-11-27 19:45:00,COMPLETED,EXPRESS,20.11
ORD0002838,CUST000375,STOR0028,MARKETPLACE,2025-06-10 11:17:00,COMPLETED,STANDARD,10.92
ORD0002839,CUST000425,STOR0038,STORE,2025-11-29 21:34:00,CANCELLED,EXPRESS,18.81
ORD0002840,CUST000480,STOR0038,MARKETPLACE,2025-11-14 22:45:00,COMPLETED,STANDARD,13.89
ORD0002841,CUST001048,STOR0037,STORE,2025-06-01 17:10:00,CANCELLED,CLICK_COLLECT,4.79
ORD0002842,CUST000941,STOR0036,B2B,2025-10-24 20:10:00,PENDING,STANDARD,11.95
ORD0002843,CUST000370,STOR0042,STORE,2025-11-10 01:17:00,COMPLETED,EXPRESS,19.33
ORD0002844,CUST000753,STOR0038,STORE,2025-07-04 02:33:00,COMPLETED,STANDARD,18.14
ORD0002845,CUST000384,STOR0044,ONLINE,2025-10-27 18:37:00,COMPLETED,EXPRESS,6.24
ORD0002846,CUST000117,STOR0023,ONLINE,2025-11-03 14:46:00,CANCELLED,CLICK_COLLECT,0.08
ORD0002847,CUST001144,STOR0036,MARKETPLACE,2025-09-05 11:00:00,PENDING,EXPRESS,16.47
ORD0002848,CUST000819,STOR0013,MARKETPLACE,2025-10-09 19:50:00,CANCELLED,EXPRESS,12.61
ORD0002849,CUST000145,STOR0016,ONLINE,2025-11-02 13:08:00,COMPLETED,CLICK_COLLECT,8.96
ORD0002850,CUST000573,STOR0048,MARKETPLACE,2025-10-09 08:35:00,COMPLETED,CLICK_COLLECT,4.28
ORD0002851,CUST000682,STOR0022,ONLINE,2025-12-22 11:37:00,COMPLETED,STANDARD,17.7
ORD0002852,CUST000138,STOR0023,MARKETPLACE,2025-11-12 10:39:00,COMPLETED,CLICK_COLLECT,10.34
ORD0002853,CUST000225,STOR0059,ONLINE,2025-10-21 22:22:00,COMPLETED,CLICK_COLLECT,10.27
ORD0002854,CUST000472,STOR0056,B2B,2025-07-24 10:06:00,COMPLETED,EXPRESS,18.91
ORD0002855,CUST000687,STOR0047,ONLINE,2025-11-09 19:00:00,COMPLETED,STANDARD,12.28
ORD0002856,CUST000486,STOR0017,STORE,2025-09-10 04:09:00,CANCELLED,CLICK_COLLECT,12.17
ORD0002857,CUST000081,STOR0046,STORE,2025-09-11 14:55:00,COMPLETED,STANDARD,15.83
ORD0002858,CUST001057,STOR0006,B2B,2025-09-22 03:08:00,COMPLETED,CLICK_COLLECT,20.4
ORD0002859,CUST000472,STOR0023,MARKETPLACE,2025-10-20 23:36:00,CANCELLED,CLICK_COLLECT,17.05
ORD0002860,CUST000285,STOR0053,ONLINE,2025-11-13 10:56:00,COMPLETED,STANDARD,11.03
ORD0002861,CUST000501,STOR0049,B2B,2025-07-26 18:27:00,COMPLETED,STANDARD,2.19
ORD0002862,CUST000216,STOR0058,ONLINE,2025-10-08 06:15:00,PENDING,CLICK_COLLECT,10.07
ORD0002863,CUST000885,STOR0047,MARKETPLACE,2025-07-06 01:52:00,PENDING,EXPRESS,16.83
ORD0002864,CUST001091,STOR0007,ONLINE,2025-05-12 00:15:00,COMPLETED,CLICK_COLLECT,10.44
ORD0002865,CUST000190,STOR0044,ONLINE,2025-09-23 11:45:00,COMPLETED,STANDARD,1.69
ORD0002866,CUST000518,STOR0002,ONLINE,2025-06-14 09:04:00,CANCELLED,STANDARD,3.37
ORD0002867,CUST000870,STOR0041,B2B,2025-07-12 13:04:00,PENDING,EXPRESS,16.04
ORD0002868,CUST000132,STOR0019,B2B,2025-10-14 06:11:00,COMPLETED,STANDARD,16.62
ORD0002869,CUST000638,STOR0043,B2B,2025-05-11 08:12:00,COMPLETED,STANDARD,18.11
ORD0002870,CUST000214,STOR0003,B2B,2025-07-23 09:08:00,COMPLETED,STANDARD,21.77
ORD0002871,CUST000810,STOR0001,ONLINE,2025-11-28 00:18:00,COMPLETED,CLICK_COLLECT,7.31
ORD0002872,CUST000689,STOR0024,MARKETPLACE,2025-06-26 03:15:00,CANCELLED,CLICK_COLLECT,7.59
ORD0002873,CUST000301,STOR0044,STORE,2025-05-18 23:30:00,COMPLETED,CLICK_COLLECT,24.0
ORD0002874,CUST000268,STOR0043,ONLINE,2025-08-22 22:29:00,CANCELLED,EXPRESS,19.87
ORD0002875,CUST001146,STOR0038,B2B,2025-05-25 22:33:00,PENDING,EXPRESS,12.28
ORD0002876,CUST000760,STOR0056,ONLINE,2025-09-04 23:28:00,COMPLETED,CLICK_COLLECT,12.01
ORD0002877,CUST000437,STOR0039,ONLINE,2025-10-21 02:08:00,PENDING,CLICK_COLLECT,5.58
ORD0002878,CUST000330,STOR0003,MARKETPLACE,2025-08-30 20:40:00,PENDING,EXPRESS,5.62
ORD0002879,CUST000518,STOR0021,MARKETPLACE,2025-07-15 11:07:00,PENDING,EXPRESS,23.23
ORD0002880,CUST000935,STOR0054,STORE,2025-11-28 02:41:00,COMPLETED,STANDARD,13.46
ORD0002881,CUST001022,STOR0038,B2B,2025-12-22 21:01:00,COMPLETED,CLICK_COLLECT,16.93
ORD0002882,CUST000220,STOR0023,B2B,2025-07-08 20:40:00,COMPLETED,CLICK_COLLECT,8.29
ORD0002883,CUST001105,STOR0041,MARKETPLACE,2025-06-24 18:06:00,COMPLETED,CLICK_COLLECT,9.78
ORD0002884,CUST000572,STOR0053,MARKETPLACE,2025-06-10 01:23:00,PENDING,STANDARD,19.18
ORD0002885,CUST000167,STOR0044,MARKETPLACE,2025-10-02 05:28:00,COMPLETED,STANDARD,23.58
ORD0002886,CUST000862,STOR0058,B2B,2025-07-03 16:20:00,COMPLETED,STANDARD,24.43
ORD0002887,CUST000153,STOR0050,MARKETPLACE,2025-11-11 14:40:00,COMPLETED,EXPRESS,13.97
ORD0002888,CUST000710,STOR0023,MARKETPLACE,2025-07-16 05:03:00,COMPLETED,STANDARD,16.84
ORD0002889,CUST000074,STOR0029,B2B,2025-07-13 09:59:00,CANCELLED,EXPRESS,17.46
ORD0002890,CUST000338,STOR0042,STORE,2025-09-11 16:34:00,COMPLETED,STANDARD,18.51
ORD0002891,CUST000019,STOR0060,MARKETPLACE,2025-08-30 04:43:00,COMPLETED,CLICK_COLLECT,7.76
ORD0002892,CUST000356,STOR0019,B2B,2025-11-16 02:07:00,COMPLETED,CLICK_COLLECT,11.09
ORD0002893,CUST000032,STOR0058,MARKETPLACE,2025-10-24 15:34:00,COMPLETED,STANDARD,23.81
ORD0002894,CUST000838,STOR0031,ONLINE,2025-07-24 17:27:00,PENDING,EXPRESS,6.43
ORD0002895,CUST000259,STOR0050,MARKETPLACE,2025-07-14 04:27:00,COMPLETED,EXPRESS,1.48
ORD0002896,CUST000849,STOR0031,ONLINE,2025-07-11 18:35:00,COMPLETED,STANDARD,24.49
ORD0002897,CUST000029,STOR0015,STORE,2025-09-11 14:29:00,COMPLETED,EXPRESS,11.58
ORD0002898,CUST000602,STOR0015,ONLINE,2025-05-18 22:18:00,CANCELLED,STANDARD,3.37
ORD0002899,CUST000867,STOR0050,B2B,2025-12-07 12:42:00,COMPLETED,CLICK_COLLECT,20.28
ORD0002900,CUST000438,STOR0041,ONLINE,2025-10-26 01:48:00,COMPLETED,STANDARD,12.84
ORD0002901,CUST001025,STOR0060,STORE,2025-05-31 14:28:00,COMPLETED,EXPRESS,21.04
ORD0002902,CUST000046,STOR0019,ONLINE,2025-06-16 09:29:00,COMPLETED,CLICK_COLLECT,4.79
ORD0002903,CUST000591,STOR0016,STORE,2025-05-29 16:27:00,COMPLETED,STANDARD,20.35
ORD0002904,CUST000777,STOR0053,MARKETPLACE,2025-12-28 11:44:00,COMPLETED,CLICK_COLLECT,19.68
ORD0002905,CUST000166,STOR0058,B2B,2025-06-17 14:23:00,COMPLETED,STANDARD,6.14
ORD0002906,CUST000406,STOR0047,STORE,2025-07-06 14:17:00,COMPLETED,EXPRESS,20.15
ORD0002907,CUST000678,STOR0014,B2B,2025-09-03 09:01:00,COMPLETED,EXPRESS,2.29
ORD0002908,CUST000421,STOR0008,ONLINE,2025-10-19 21:09:00,COMPLETED,EXPRESS,2.73
ORD0002909,CUST000056,STOR0041,STORE,2025-05-23 03:37:00,COMPLETED,EXPRESS,0.29
ORD0002910,CUST000824,STOR0042,STORE,2025-06-01 07:47:00,COMPLETED,STANDARD,9.01
ORD0002911,CUST000634,STOR0017,STORE,2025-06-07 05:04:00,CANCELLED,EXPRESS,16.35
ORD0002912,CUST000749,STOR0053,STORE,2025-07-07 23:48:00,PENDING,EXPRESS,16.74
ORD0002913,CUST000254,STOR0054,B2B,2025-07-25 13:07:00,COMPLETED,CLICK_COLLECT,7.82
ORD0002914,CUST000638,STOR0018,STORE,2025-11-17 19:36:00,CANCELLED,CLICK_COLLECT,2.13
ORD0002915,CUST000430,STOR0029,MARKETPLACE,2025-07-15 10:20:00,PENDING,STANDARD,10.04
ORD0002916,CUST000756,STOR0004,ONLINE,2025-06-07 23:41:00,COMPLETED,CLICK_COLLECT,14.51
ORD0002917,CUST000065,STOR0012,STORE,2025-12-10 21:19:00,COMPLETED,STANDARD,8.68
ORD0002918,CUST000713,STOR0033,ONLINE,2025-08-08 18:14:00,COMPLETED,CLICK_COLLECT,18.42
ORD0002919,CUST000352,STOR0033,ONLINE,2025-10-13 10:56:00,COMPLETED,STANDARD,23.15
ORD0002920,CUST001019,STOR0046,ONLINE,2025-09-09 10:02:00,PENDING,CLICK_COLLECT,22.06
ORD0002921,CUST000434,STOR0024,MARKETPLACE,2025-10-14 14:51:00,COMPLETED,STANDARD,8.95
ORD0002922,CUST000970,STOR0032,B2B,2025-07-16 22:44:00,CANCELLED,EXPRESS,7.13
ORD0002923,CUST000800,STOR0017,STORE,2025-12-24 08:36:00,COMPLETED,EXPRESS,10.68
ORD0002924,CUST000891,STOR0001,B2B,2025-11-28 01:03:00,PENDING,CLICK_COLLECT,21.84
ORD0002925,CUST000610,STOR0035,B2B,2025-12-28 04:24:00,COMPLETED,CLICK_COLLECT,16.79
ORD0002926,CUST000426,STOR0032,B2B,2025-08-07 11:51:00,PENDING,STANDARD,19.63
ORD0002927,CUST000595,STOR0042,B2B,2025-11-30 17:22:00,COMPLETED,CLICK_COLLECT,2.52
ORD0002928,CUST000521,STOR0002,B2B,2025-06-06 00:56:00,COMPLETED,EXPRESS,6.33
ORD0002929,CUST000892,STOR0003,ONLINE,2025-08-04 23:12:00,CANCELLED,STANDARD,14.34
ORD0002930,CUST000518,STOR0030,ONLINE,2025-10-10 07:09:00,CANCELLED,CLICK_COLLECT,3.58
ORD0002931,CUST000214,STOR0046,B2B,2025-06-09 11:42:00,COMPLETED,STANDARD,3.11
ORD0002932,CUST000270,STOR0024,ONLINE,2025-08-14 01:13:00,COMPLETED,CLICK_COLLECT,17.01
ORD0002933,CUST000505,STOR0044,MARKETPLACE,2025-10-30 18:19:00,COMPLETED,STANDARD,11.5
ORD0002934,CUST000498,STOR0028,ONLINE,2025-09-29 11:09:00,CANCELLED,CLICK_COLLECT,22.76
ORD0002935,CUST000538,STOR0022,MARKETPLACE,2025-09-28 13:46:00,PENDING,CLICK_COLLECT,18.71
ORD0002936,CUST000726,STOR0054,B2B,2025-08-04 22:39:00,PENDING,STANDARD,4.33
ORD0002937,CUST000224,STOR0032,MARKETPLACE,2025-11-07 06:46:00,COMPLETED,EXPRESS,18.23
ORD0002938,CUST000298,STOR0060,MARKETPLACE,2025-09-18 07:08:00,COMPLETED,STANDARD,5.33
ORD0002939,CUST000265,STOR0031,B2B,2025-06-28 12:55:00,COMPLETED,EXPRESS,10.22
ORD0002940,CUST000063,STOR0050,MARKETPLACE,2025-11-30 08:45:00,COMPLETED,EXPRESS,18.21
ORD0002941,CUST000751,STOR0007,ONLINE,2025-08-13 10:42:00,COMPLETED,CLICK_COLLECT,9.44
ORD0002942,CUST000033,STOR0023,ONLINE,2025-09-12 02:07:00,COMPLETED,CLICK_COLLECT,21.74
ORD0002943,CUST000332,STOR0003,B2B,2025-06-08 17:45:00,COMPLETED,CLICK_COLLECT,15.91
ORD0002944,CUST001078,STOR0046,STORE,2025-10-03 11:10:00,CANCELLED,EXPRESS,12.26
ORD0002945,CUST000423,STOR0040,STORE,2025-11-25 08:11:00,COMPLETED,CLICK_COLLECT,6.62
ORD0002946,CUST000936,STOR0013,STORE,2025-12-25 07:52:00,CANCELLED,CLICK_COLLECT,24.08
ORD0002947,CUST001185,STOR0012,ONLINE,2025-10-08 13:49:00,COMPLETED,STANDARD,1.03
ORD0002948,CUST001003,STOR0029,STORE,2025-06-10 12:00:00,COMPLETED,EXPRESS,4.84
ORD0002949,CUST001069,STOR0025,B2B,2025-10-13 20:16:00,COMPLETED,STANDARD,21.86
ORD0002950,CUST000731,STOR0031,STORE,2025-05-23 11:57:00,COMPLETED,STANDARD,8.9
ORD0002951,CUST001146,STOR0013,ONLINE,2025-05-07 17:36:00,PENDING,EXPRESS,5.55
ORD0002952,CUST000106,STOR0031,STORE,2025-10-23 18:23:00,COMPLETED,EXPRESS,11.23
ORD0002953,CUST000267,STOR0040,B2B,2025-12-04 07:06:00,COMPLETED,EXPRESS,23.53
ORD0002954,CUST999999,STOR0004,STORE,2025-11-11 09:33:00,CANCELLED,CLICK_COLLECT,22.81
ORD0002955,CUST000055,STOR0034,STORE,2025-08-09 19:40:00,CANCELLED,CLICK_COLLECT,17.9
ORD0002956,CUST000967,STOR0010,STORE,2025-05-06 19:03:00,COMPLETED,CLICK_COLLECT,16.38
ORD0002957,CUST000321,STOR0049,ONLINE,2025-09-05 02:55:00,PENDING,CLICK_COLLECT,21.13
ORD0002958,CUST000503,STOR0039,MARKETPLACE,2025-07-16 11:11:00,PENDING,EXPRESS,19.31
ORD0002959,CUST000155,STOR0053,MARKETPLACE,2025-06-08 07:13:00,PENDING,CLICK_COLLECT,12.9
ORD0002960,CUST000943,STOR0024,B2B,2025-09-01 11:07:00,PENDING,STANDARD,4.94
ORD0002961,CUST001129,STOR0034,ONLINE,2025-06-25 00:52:00,CANCELLED,STANDARD,22.15
ORD0002962,CUST000689,STOR0001,STORE,2025-07-17 02:29:00,COMPLETED,STANDARD,23.67
ORD0002963,CUST000909,STOR0033,B2B,2025-12-30 00:03:00,CANCELLED,CLICK_COLLECT,8.74
ORD0002964,CUST000698,STOR0044,MARKETPLACE,2025-11-01 15:20:00,COMPLETED,CLICK_COLLECT,8.47
ORD0002965,CUST000687,STOR0003,MARKETPLACE,2025-11-14 03:19:00,PENDING,EXPRESS,4.4
ORD0002966,CUST000597,STOR0044,B2B,2025-07-08 12:26:00,COMPLETED,EXPRESS,4.45
ORD0002967,CUST001107,STOR0059,ONLINE,2025-08-23 10:06:00,COMPLETED,CLICK_COLLECT,3.36
ORD0002968,CUST001134,STOR0018,MARKETPLACE,2025-07-23 07:41:00,COMPLETED,CLICK_COLLECT,23.86
ORD0002969,CUST000218,STOR0032,B2B,2025-07-11 12:09:00,COMPLETED,CLICK_COLLECT,4.83
ORD0002970,CUST000413,STOR0055,MARKETPLACE,2025-07-20 19:55:00,COMPLETED,EXPRESS,19.6
ORD0002971,CUST000774,STOR0029,MARKETPLACE,2025-12-27 22:48:00,COMPLETED,EXPRESS,13.9
ORD0002972,CUST000860,STOR0037,MARKETPLACE,2025-10-26 17:43:00,PENDING,EXPRESS,11.16
ORD0002973,CUST000177,STOR0004,B2B,2025-10-11 02:48:00,CANCELLED,EXPRESS,16.03
ORD0002974,CUST001033,STOR0029,STORE,2025-08-23 09:05:00,PENDING,EXPRESS,13.45
ORD0002975,CUST000931,STOR0031,ONLINE,2025-12-20 10:13:00,COMPLETED,STANDARD,6.97
ORD0002976,CUST000545,STOR0023,STORE,2025-06-29 03:27:00,COMPLETED,STANDARD,24.66
ORD0002977,CUST000554,STOR0029,ONLINE,2025-08-26 17:00:00,COMPLETED,STANDARD,12.06
ORD0002978,CUST000706,STOR0005,B2B,2025-10-03 06:24:00,COMPLETED,EXPRESS,19.66
ORD0002979,CUST000286,STOR0049,ONLINE,2025-06-20 13:57:00,COMPLETED,CLICK_COLLECT,24.23
ORD0002980,CUST000427,STOR0022,B2B,2025-11-07 05:30:00,COMPLETED,STANDARD,9.11
ORD0002981,CUST000149,STOR0010,STORE,2025-12-20 15:11:00,COMPLETED,STANDARD,13.81
ORD0002982,CUST001037,STOR0056,MARKETPLACE,2025-08-01 14:42:00,PENDING,STANDARD,9.19
ORD0002983,CUST000372,STOR0022,B2B,2025-06-11 22:19:00,CANCELLED,STANDARD,0.17
ORD0002984,CUST000002,STOR0057,MARKETPLACE,2025-09-21 23:54:00,CANCELLED,CLICK_COLLECT,5.32
ORD0002985,CUST000421,STOR0002,STORE,2025-10-20 19:02:00,COMPLETED,STANDARD,20.53
ORD0002986,CUST000693,STOR0042,STORE,2025-07-07 20:25:00,COMPLETED,CLICK_COLLECT,12.89
ORD0002987,CUST001098,STOR0018,B2B,2025-08-25 23:59:00,CANCELLED,STANDARD,18.41
ORD0002988,CUST000091,STOR0002,B2B,2025-11-27 01:27:00,COMPLETED,EXPRESS,2.48
ORD0002989,CUST000912,STOR0003,ONLINE,2025-07-16 07:15:00,COMPLETED,CLICK_COLLECT,14.78
ORD0002990,CUST000633,STOR0058,MARKETPLACE,2025-11-08 21:31:00,COMPLETED,EXPRESS,14.0
ORD0002991,CUST000782,STOR0016,B2B,2025-05-27 21:46:00,CANCELLED,STANDARD,21.87
ORD0002992,CUST000979,STOR0046,B2B,2025-12-24 11:57:00,COMPLETED,STANDARD,18.48
ORD0002993,CUST001028,STOR0028,B2B,2025-07-10 11:53:00,COMPLETED,CLICK_COLLECT,3.73
ORD0002994,CUST001023,STOR0020,ONLINE,2025-11-16 17:46:00,COMPLETED,STANDARD,12.23
ORD0002995,CUST000131,STOR0017,ONLINE,2025-08-06 07:40:00,PENDING,CLICK_COLLECT,12.51
ORD0002996,CUST000529,STOR0044,STORE,2025-06-19 13:13:00,COMPLETED,CLICK_COLLECT,4.03
ORD0002997,CUST001181,STOR0056,STORE,2025-06-27 22:14:00,COMPLETED,EXPRESS,14.08
ORD0002998,CUST000252,STOR0014,STORE,2025-05-12 00:29:00,COMPLETED,EXPRESS,17.96
ORD0002999,CUST000720,STOR0027,B2B,2025-09-13 08:59:00,CANCELLED,STANDARD,9.08
ORD0003000,CUST000227,STOR0047,B2B,2025-12-03 21:17:00,CANCELLED,EXPRESS,0.18
ORD0003001,CUST000473,STOR0037,ONLINE,2025-07-25 13:35:00,COMPLETED,EXPRESS,17.14
ORD0003002,CUST000902,STOR0042,B2B,2025-11-11 09:23:00,CANCELLED,CLICK_COLLECT,23.65
ORD0003003,CUST000763,STOR0053,B2B,2025-11-14 12:59:00,CANCELLED,EXPRESS,10.02
ORD0003004,CUST000096,STOR0036,MARKETPLACE,2025-07-09 15:25:00,COMPLETED,STANDARD,12.5
ORD0003005,CUST000287,STOR0038,B2B,2025-11-10 10:54:00,COMPLETED,EXPRESS,22.01
ORD0003006,CUST001006,STOR0024,ONLINE,2025-12-29 05:04:00,COMPLETED,CLICK_COLLECT,15.58
ORD0003007,CUST000276,STOR0038,B2B,2025-09-15 15:33:00,COMPLETED,EXPRESS,9.01
ORD0003008,CUST000342,STOR0001,B2B,2025-11-11 08:09:00,COMPLETED,CLICK_COLLECT,17.5
ORD0003009,CUST000849,STOR0057,STORE,2025-08-06 22:02:00,PENDING,CLICK_COLLECT,11.69
ORD0003010,CUST001078,STOR0028,MARKETPLACE,2025-10-26 07:41:00,COMPLETED,STANDARD,9.5
ORD0003011,CUST000850,STOR0056,B2B,2025-09-05 04:19:00,COMPLETED,CLICK_COLLECT,0.94
ORD0003012,CUST000507,STOR0004,STORE,2025-06-16 02:16:00,COMPLETED,CLICK_COLLECT,17.41
ORD0003013,CUST000041,STOR0058,ONLINE,2025-09-28 07:15:00,COMPLETED,STANDARD,20.02
ORD0003014,CUST000044,STOR0026,MARKETPLACE,2025-09-13 08:42:00,COMPLETED,CLICK_COLLECT,13.29
ORD0003015,CUST000655,STOR0024,STORE,2025-08-01 16:31:00,COMPLETED,EXPRESS,3.84
ORD0003016,CUST000154,STOR0018,STORE,2025-08-14 03:21:00,CANCELLED,CLICK_COLLECT,11.44
ORD0003017,CUST001072,STOR0014,MARKETPLACE,2025-07-09 11:29:00,COMPLETED,EXPRESS,23.94
ORD0003018,CUST001028,STOR0030,ONLINE,2025-12-17 17:12:00,COMPLETED,EXPRESS,8.73
ORD0003019,CUST000885,STOR0057,STORE,2025-08-15 13:58:00,COMPLETED,CLICK_COLLECT,17.8
ORD0003020,CUST001101,STOR0028,MARKETPLACE,2025-09-30 11:45:00,COMPLETED,EXPRESS,16.33
ORD0003021,CUST000793,STOR0058,ONLINE,2025-12-28 04:20:00,COMPLETED,CLICK_COLLECT,15.37
ORD0003022,CUST000886,STOR0009,MARKETPLACE,2025-10-02 03:49:00,CANCELLED,CLICK_COLLECT,7.66
ORD0003023,CUST000345,STOR0038,STORE,2025-09-03 13:45:00,CANCELLED,CLICK_COLLECT,23.4
ORD0003024,CUST001076,STOR0056,MARKETPLACE,2025-07-17 04:27:00,COMPLETED,EXPRESS,24.15
ORD0003025,CUST000986,STOR0037,ONLINE,2025-08-31 06:27:00,COMPLETED,STANDARD,3.28
ORD0003026,CUST000158,STOR0039,ONLINE,2025-12-30 15:52:00,PENDING,EXPRESS,21.4
ORD0003027,CUST000261,STOR0054,ONLINE,2025-11-11 21:55:00,COMPLETED,CLICK_COLLECT,23.88
ORD0003028,CUST000264,STOR0008,MARKETPLACE,2025-08-30 05:06:00,COMPLETED,CLICK_COLLECT,1.04
ORD0003029,CUST000784,STOR0011,MARKETPLACE,2025-07-15 11:46:00,COMPLETED,EXPRESS,17.22
ORD0003030,CUST000801,STOR0022,B2B,2025-06-13 01:06:00,CANCELLED,STANDARD,15.8
ORD0003031,CUST000723,STOR0003,STORE,2025-07-05 19:13:00,COMPLETED,STANDARD,18.29
ORD0003032,CUST000493,STOR0044,ONLINE,2025-08-12 04:20:00,COMPLETED,STANDARD,5.88
ORD0003033,CUST000642,STOR0055,MARKETPLACE,2025-10-17 15:20:00,COMPLETED,CLICK_COLLECT,6.84
ORD0003034,CUST000580,STOR0034,MARKETPLACE,2025-06-15 01:09:00,COMPLETED,EXPRESS,1.23
ORD0003035,CUST000435,STOR0048,STORE,2025-07-16 11:00:00,COMPLETED,CLICK_COLLECT,1.35
ORD0003036,CUST001158,STOR0039,B2B,2025-10-02 20:56:00,COMPLETED,STANDARD,6.62
ORD0003037,CUST000415,STOR0006,ONLINE,2025-05-07 09:59:00,PENDING,STANDARD,11.7
ORD0003038,CUST000357,STOR0016,MARKETPLACE,2025-05-30 21:35:00,COMPLETED,STANDARD,18.91
ORD0003039,CUST000452,STOR0032,B2B,2025-09-08 15:40:00,COMPLETED,EXPRESS,6.43
ORD0003040,CUST000261,STOR0029,MARKETPLACE,2025-08-15 02:28:00,CANCELLED,STANDARD,8.44
ORD0003041,CUST000219,STOR0019,B2B,2025-07-24 17:59:00,COMPLETED,STANDARD,22.73
ORD0003042,CUST000696,STOR0058,STORE,2025-08-18 13:06:00,PENDING,STANDARD,19.97
ORD0003043,CUST000262,STOR0039,MARKETPLACE,2025-09-30 23:55:00,COMPLETED,EXPRESS,17.7
ORD0003044,CUST000709,STOR0004,ONLINE,2025-12-05 04:04:00,COMPLETED,EXPRESS,20.76
ORD0003045,CUST001167,STOR0004,B2B,2025-07-01 20:15:00,COMPLETED,EXPRESS,15.47
ORD0003046,CUST000677,STOR0033,STORE,2025-11-11 17:39:00,COMPLETED,EXPRESS,11.83
ORD0003047,CUST001158,STOR0005,STORE,2025-06-30 22:56:00,PENDING,CLICK_COLLECT,21.61
ORD0003048,CUST000230,STOR0045,ONLINE,2025-07-01 14:58:00,COMPLETED,EXPRESS,8.67
ORD0003049,CUST000743,STOR0021,B2B,2025-07-07 18:44:00,COMPLETED,EXPRESS,20.05
ORD0003050,CUST000864,STOR0044,STORE,2025-05-27 23:05:00,COMPLETED,STANDARD,20.83
ORD0003051,CUST000667,STOR0039,ONLINE,2025-11-02 12:54:00,COMPLETED,STANDARD,17.93
ORD0003052,CUST000807,STOR0017,STORE,2025-12-05 08:12:00,CANCELLED,EXPRESS,7.25
ORD0003053,CUST001154,STOR0052,B2B,2025-06-28 05:47:00,PENDING,STANDARD,6.32
ORD0003054,CUST000016,STOR0041,ONLINE,2025-06-15 22:48:00,CANCELLED,CLICK_COLLECT,3.76
ORD0003055,CUST001025,STOR0016,MARKETPLACE,2025-12-27 14:25:00,COMPLETED,EXPRESS,12.72
ORD0003056,CUST000914,STOR0059,MARKETPLACE,2025-12-08 20:32:00,CANCELLED,STANDARD,1.41
ORD0003057,CUST001107,STOR0049,MARKETPLACE,2025-12-26 06:12:00,COMPLETED,STANDARD,0.36
ORD0003058,CUST000123,STOR0043,B2B,2025-10-03 01:57:00,COMPLETED,CLICK_COLLECT,24.39
ORD0003059,CUST000869,STOR0042,B2B,2025-08-01 16:46:00,CANCELLED,EXPRESS,7.09
ORD0003060,CUST000247,STOR0031,STORE,2025-08-08 17:26:00,PENDING,CLICK_COLLECT,7.73
ORD0003061,CUST000495,STOR0019,MARKETPLACE,2025-09-01 20:01:00,CANCELLED,CLICK_COLLECT,5.41
ORD0003062,CUST000776,STOR0023,B2B,2025-06-22 22:18:00,PENDING,EXPRESS,23.46
ORD0003063,CUST000608,STOR0048,B2B,2025-11-19 02:21:00,COMPLETED,EXPRESS,3.03
ORD0003064,CUST000643,STOR0049,ONLINE,2025-07-25 15:13:00,PENDING,EXPRESS,2.71
ORD0003065,CUST001166,STOR0044,B2B,2025-11-08 15:25:00,COMPLETED,CLICK_COLLECT,20.43
ORD0003066,CUST000671,STOR0051,B2B,2025-08-06 18:26:00,COMPLETED,STANDARD,19.64
ORD0003067,CUST000449,STOR0029,MARKETPLACE,2025-10-16 07:45:00,COMPLETED,STANDARD,14.23
ORD0003068,CUST001057,STOR0017,STORE,2025-08-15 23:17:00,COMPLETED,STANDARD,14.1
ORD0003069,CUST000190,STOR0047,MARKETPLACE,2025-06-22 04:20:00,COMPLETED,EXPRESS,12.0
ORD0003070,CUST000406,STOR0030,STORE,2025-10-03 20:23:00,COMPLETED,EXPRESS,9.91
ORD0003071,CUST000584,STOR0010,B2B,2025-05-17 08:04:00,COMPLETED,STANDARD,1.44
ORD0003072,CUST001117,STOR0005,STORE,2025-10-11 15:02:00,CANCELLED,STANDARD,4.47
ORD0003073,CUST000034,STOR0040,STORE,2025-09-26 04:07:00,COMPLETED,CLICK_COLLECT,18.93
ORD0003074,CUST000313,STOR0011,MARKETPLACE,2025-07-24 21:12:00,COMPLETED,STANDARD,17.91
ORD0003075,CUST000626,STOR0037,B2B,2025-10-25 21:59:00,COMPLETED,CLICK_COLLECT,6.51
ORD0003076,CUST000673,STOR0013,ONLINE,2025-08-31 13:43:00,PENDING,EXPRESS,13.46
ORD0003077,CUST000603,STOR0049,B2B,2025-06-29 21:42:00,CANCELLED,EXPRESS,17.18
ORD0003078,CUST001036,STOR0010,MARKETPLACE,2025-05-12 01:28:00,COMPLETED,EXPRESS,10.77
ORD0003079,CUST000633,STOR0045,STORE,2025-08-14 12:38:00,CANCELLED,CLICK_COLLECT,20.49
ORD0003080,CUST000634,STOR0014,B2B,2025-10-27 18:40:00,PENDING,STANDARD,21.97
ORD0003081,CUST000034,STOR0034,MARKETPLACE,2025-11-12 11:57:00,COMPLETED,CLICK_COLLECT,4.52
ORD0003082,CUST000339,STOR0037,B2B,2025-11-23 20:27:00,COMPLETED,EXPRESS,9.51
ORD0003083,CUST000293,STOR0021,B2B,2025-11-14 04:13:00,COMPLETED,EXPRESS,6.13
ORD0003084,CUST000846,STOR0059,STORE,2025-07-22 22:52:00,CANCELLED,STANDARD,18.19
ORD0003085,CUST000395,STOR0050,STORE,2025-07-14 14:11:00,COMPLETED,CLICK_COLLECT,6.29
ORD0003086,CUST000815,STOR0007,ONLINE,2025-12-16 13:26:00,COMPLETED,STANDARD,23.43
ORD0003087,CUST000792,STOR0006,ONLINE,2025-07-21 19:46:00,CANCELLED,CLICK_COLLECT,9.9
ORD0003088,CUST001065,STOR0045,B2B,2025-09-11 17:24:00,PENDING,STANDARD,6.8
ORD0003089,CUST000522,STOR0057,ONLINE,2025-07-09 19:57:00,COMPLETED,CLICK_COLLECT,23.38
ORD0003090,CUST000738,STOR0006,B2B,2025-11-16 20:43:00,PENDING,CLICK_COLLECT,8.1
ORD0003091,CUST000614,STOR0018,ONLINE,2025-11-26 02:14:00,PENDING,CLICK_COLLECT,5.7
ORD0003092,CUST000208,STOR0035,STORE,2025-10-20 07:55:00,PENDING,STANDARD,3.03
ORD0003093,CUST000549,STOR0031,B2B,2025-10-01 23:12:00,PENDING,STANDARD,20.11
ORD0003094,CUST001012,STOR0039,STORE,2025-10-18 06:31:00,PENDING,CLICK_COLLECT,20.18
ORD0003095,CUST000324,STOR0011,ONLINE,2025-05-29 21:56:00,COMPLETED,EXPRESS,5.38
ORD0003096,CUST000064,STOR0001,STORE,2025-09-11 11:11:00,COMPLETED,CLICK_COLLECT,2.49
ORD0003097,CUST000400,STOR0016,B2B,2025-06-13 06:04:00,COMPLETED,CLICK_COLLECT,1.66
ORD0003098,CUST001134,STOR0012,ONLINE,2025-11-18 00:37:00,COMPLETED,EXPRESS,1.14
ORD0003099,CUST000874,STOR0031,STORE,2025-07-07 03:35:00,COMPLETED,STANDARD,4.57
ORD0003100,CUST000502,STOR0007,B2B,2025-08-03 19:01:00,CANCELLED,CLICK_COLLECT,8.01
ORD0003101,CUST000029,STOR0001,ONLINE,2025-12-23 18:44:00,COMPLETED,CLICK_COLLECT,14.55
ORD0003102,CUST000949,STOR0025,MARKETPLACE,2025-11-14 23:05:00,COMPLETED,STANDARD,23.48
ORD0003103,CUST000489,STOR0017,STORE,2025-12-09 09:33:00,PENDING,EXPRESS,2.84
ORD0003104,CUST000584,STOR0047,B2B,2025-12-25 02:20:00,COMPLETED,EXPRESS,15.47
ORD0003105,CUST000120,STOR0058,B2B,2025-06-04 14:40:00,COMPLETED,STANDARD,12.07
ORD0003106,CUST000068,STOR0055,MARKETPLACE,2025-09-19 05:57:00,COMPLETED,STANDARD,15.58
ORD0003107,CUST001065,STOR0001,STORE,2025-10-21 23:46:00,COMPLETED,CLICK_COLLECT,17.83
ORD0003108,CUST000420,STOR0011,ONLINE,2025-10-17 03:11:00,CANCELLED,CLICK_COLLECT,17.03
ORD0003109,CUST000440,STOR0012,MARKETPLACE,2025-05-12 11:55:00,COMPLETED,CLICK_COLLECT,5.84
ORD0003110,CUST000718,STOR0012,B2B,2025-10-27 23:48:00,CANCELLED,STANDARD,9.02
ORD0003111,CUST000336,STOR0006,STORE,2025-10-20 01:56:00,COMPLETED,STANDARD,10.92
ORD0003112,CUST000595,STOR0011,STORE,2025-09-27 11:46:00,COMPLETED,EXPRESS,12.35
ORD0003113,CUST000171,STOR0026,B2B,2025-05-12 03:47:00,PENDING,STANDARD,2.82
ORD0003114,CUST001100,STOR0027,STORE,2025-08-24 14:50:00,PENDING,STANDARD,4.49
ORD0003115,CUST001039,STOR0026,MARKETPLACE,2025-05-30 10:12:00,COMPLETED,EXPRESS,11.06
ORD0003116,CUST000351,STOR0003,MARKETPLACE,2025-11-21 00:10:00,COMPLETED,EXPRESS,17.14
ORD0003117,CUST000048,STOR0019,ONLINE,2025-12-30 10:13:00,COMPLETED,STANDARD,1.94
ORD0003118,CUST000153,STOR0004,MARKETPLACE,2025-09-16 08:49:00,COMPLETED,EXPRESS,8.06
ORD0003119,CUST000532,STOR0033,MARKETPLACE,2025-07-26 00:33:00,COMPLETED,CLICK_COLLECT,7.28
ORD0003120,CUST000128,STOR0015,B2B,2025-12-29 15:28:00,PENDING,EXPRESS,10.9
ORD0003121,CUST000015,STOR0036,STORE,2025-10-09 15:03:00,COMPLETED,CLICK_COLLECT,11.24
ORD0003122,CUST000083,STOR0022,STORE,2025-07-14 21:18:00,COMPLETED,EXPRESS,17.95
ORD0003123,CUST000335,STOR0029,STORE,2025-05-07 02:31:00,CANCELLED,CLICK_COLLECT,14.87
ORD0003124,CUST000282,STOR0036,STORE,2025-08-27 07:59:00,PENDING,STANDARD,2.95
ORD0003125,CUST000484,STOR0009,ONLINE,2025-10-29 17:58:00,COMPLETED,STANDARD,2.25
ORD0003126,CUST000396,STOR0017,ONLINE,2025-06-15 02:52:00,CANCELLED,STANDARD,21.25
ORD0003127,CUST000081,STOR0024,ONLINE,2025-09-19 00:04:00,COMPLETED,EXPRESS,1.04
ORD0003128,CUST000961,STOR0041,MARKETPLACE,2025-07-25 02:04:00,CANCELLED,STANDARD,17.98
ORD0003129,CUST000805,STOR0018,MARKETPLACE,2025-08-31 01:42:00,CANCELLED,CLICK_COLLECT,10.89
ORD0003130,CUST000400,STOR0041,ONLINE,2025-09-13 17:25:00,COMPLETED,EXPRESS,20.74
ORD0003131,CUST000052,STOR0020,MARKETPLACE,2025-08-28 23:42:00,PENDING,CLICK_COLLECT,2.01
ORD0003132,CUST001068,STOR0008,ONLINE,2025-07-08 17:42:00,COMPLETED,STANDARD,24.92
ORD0003133,CUST000687,STOR0045,B2B,2025-12-08 08:52:00,CANCELLED,CLICK_COLLECT,10.05
ORD0003134,CUST000146,STOR0038,MARKETPLACE,2025-08-26 13:57:00,COMPLETED,EXPRESS,14.11
ORD0003135,CUST000992,STOR0003,STORE,2025-11-10 00:06:00,COMPLETED,EXPRESS,10.55
ORD0003136,CUST000990,STOR0056,B2B,2025-07-29 02:59:00,COMPLETED,STANDARD,22.11
ORD0003137,CUST000009,STOR0017,MARKETPLACE,2025-10-23 06:35:00,COMPLETED,EXPRESS,11.3
ORD0003138,CUST000943,STOR0043,STORE,2025-12-15 05:28:00,COMPLETED,STANDARD,18.21
ORD0003139,CUST000724,STOR0041,STORE,2025-05-21 19:58:00,PENDING,EXPRESS,13.1
ORD0003140,CUST000483,STOR0024,B2B,2025-09-25 15:50:00,COMPLETED,EXPRESS,23.93
ORD0003141,CUST000390,STOR0014,MARKETPLACE,2025-10-11 19:56:00,CANCELLED,CLICK_COLLECT,15.68
ORD0003142,CUST000523,STOR0002,STORE,2025-06-16 22:57:00,PENDING,CLICK_COLLECT,10.02
ORD0003143,CUST001083,STOR0020,B2B,2025-08-22 06:45:00,COMPLETED,CLICK_COLLECT,7.15
ORD0003144,CUST000509,STOR0038,STORE,2025-06-09 21:29:00,COMPLETED,CLICK_COLLECT,18.97
ORD0003145,CUST000269,STOR0046,STORE,2025-11-25 21:22:00,PENDING,STANDARD,13.83
ORD0003146,CUST000930,STOR0026,STORE,2025-09-24 13:42:00,COMPLETED,EXPRESS,6.22
ORD0003147,CUST000481,STOR0055,MARKETPLACE,2025-12-13 07:53:00,COMPLETED,EXPRESS,15.77
ORD0003148,CUST000869,STOR0013,STORE,2025-05-20 03:26:00,COMPLETED,STANDARD,2.92
ORD0003149,CUST000767,STOR0026,STORE,2025-10-29 04:05:00,COMPLETED,CLICK_COLLECT,24.62
ORD0003150,CUST000822,STOR0011,B2B,2025-06-20 13:13:00,COMPLETED,STANDARD,4.87
ORD0003151,CUST000566,STOR0018,MARKETPLACE,2025-08-31 01:18:00,COMPLETED,CLICK_COLLECT,2.93
ORD0003152,CUST000417,STOR0018,MARKETPLACE,2025-12-24 20:19:00,COMPLETED,STANDARD,1.94
ORD0003153,CUST001180,STOR0017,MARKETPLACE,2025-09-02 10:16:00,PENDING,EXPRESS,11.95
ORD0003154,CUST000166,STOR0041,MARKETPLACE,2025-07-18 05:48:00,COMPLETED,CLICK_COLLECT,19.21
ORD0003155,CUST000225,STOR0058,MARKETPLACE,2025-08-10 07:32:00,COMPLETED,STANDARD,15.6
ORD0003156,CUST001006,STOR0042,STORE,2025-06-06 13:17:00,COMPLETED,CLICK_COLLECT,9.68
ORD0003157,CUST001027,STOR0029,STORE,2025-06-20 18:38:00,COMPLETED,EXPRESS,18.21
ORD0003158,CUST001082,STOR0057,B2B,2025-07-27 06:41:00,COMPLETED,CLICK_COLLECT,14.25
ORD0003159,CUST000005,STOR0004,B2B,2025-06-05 11:15:00,COMPLETED,STANDARD,6.53
ORD0003160,CUST001084,STOR0015,MARKETPLACE,2025-10-19 02:51:00,CANCELLED,CLICK_COLLECT,4.44
ORD0003161,CUST000696,STOR0030,STORE,2025-10-28 07:03:00,COMPLETED,EXPRESS,18.5
ORD0003162,CUST001031,STOR0006,STORE,2025-05-25 00:46:00,COMPLETED,EXPRESS,24.49
ORD0003163,CUST000980,STOR0035,B2B,2025-12-23 07:47:00,COMPLETED,EXPRESS,5.14
ORD0003164,CUST000551,STOR0041,B2B,2025-05-18 20:04:00,COMPLETED,EXPRESS,10.52
ORD0003165,CUST999999,STOR0047,ONLINE,2025-11-12 18:24:00,CANCELLED,CLICK_COLLECT,15.67
ORD0003166,CUST000634,STOR0039,ONLINE,2025-07-07 23:28:00,COMPLETED,STANDARD,12.97
ORD0003167,CUST000076,STOR0025,MARKETPLACE,2025-09-08 19:44:00,COMPLETED,EXPRESS,1.94
ORD0003168,CUST000172,STOR0023,ONLINE,2025-11-19 08:28:00,COMPLETED,STANDARD,22.51
ORD0003169,CUST000392,STOR0006,B2B,2025-07-26 00:08:00,COMPLETED,STANDARD,22.74
ORD0003170,CUST000985,STOR0011,B2B,2025-11-16 01:11:00,PENDING,STANDARD,15.97
ORD0003171,CUST001135,STOR0026,ONLINE,2025-06-03 05:03:00,COMPLETED,CLICK_COLLECT,17.55
ORD0003172,CUST000762,STOR0003,B2B,2025-09-23 09:09:00,PENDING,EXPRESS,19.07
ORD0003173,CUST000928,STOR0033,MARKETPLACE,2025-10-11 19:52:00,COMPLETED,STANDARD,23.29
ORD0003174,CUST000174,STOR0018,MARKETPLACE,2025-10-18 02:18:00,COMPLETED,EXPRESS,9.81
ORD0003175,CUST001001,STOR0011,STORE,2025-10-17 15:14:00,PENDING,EXPRESS,1.69
ORD0003176,CUST000348,STOR0034,MARKETPLACE,2025-08-04 18:23:00,PENDING,CLICK_COLLECT,21.68
ORD0003177,CUST000964,STOR0045,B2B,2025-07-14 14:20:00,COMPLETED,EXPRESS,17.56
ORD0003178,CUST000471,STOR0002,MARKETPLACE,2025-10-08 16:10:00,COMPLETED,EXPRESS,11.95
ORD0003179,CUST001095,STOR0055,STORE,2025-09-03 21:52:00,CANCELLED,EXPRESS,10.86
ORD0003180,CUST000205,STOR0003,MARKETPLACE,2025-09-03 09:46:00,PENDING,STANDARD,15.13
ORD0003181,CUST000212,STOR0021,ONLINE,2025-11-08 21:34:00,COMPLETED,STANDARD,14.25
ORD0003182,CUST000889,STOR0048,ONLINE,2025-07-05 10:51:00,COMPLETED,CLICK_COLLECT,8.89
ORD0003183,CUST000785,STOR0028,ONLINE,2025-09-24 20:26:00,PENDING,EXPRESS,5.29
ORD0003184,CUST000805,STOR0002,B2B,2025-07-23 21:29:00,COMPLETED,STANDARD,19.93
ORD0003185,CUST001025,STOR0019,STORE,2025-05-28 01:05:00,CANCELLED,STANDARD,16.58
ORD0003186,CUST000586,STOR0059,ONLINE,2025-08-11 09:53:00,PENDING,STANDARD,21.91
ORD0003187,CUST001193,STOR0019,ONLINE,2025-06-08 08:22:00,PENDING,EXPRESS,24.57
ORD0003188,CUST000659,STOR0026,MARKETPLACE,2025-10-08 20:14:00,COMPLETED,EXPRESS,3.94
ORD0003189,CUST000964,STOR0050,B2B,2025-07-15 20:15:00,PENDING,EXPRESS,0.95
ORD0003190,CUST000855,STOR0059,MARKETPLACE,2025-08-28 23:57:00,COMPLETED,EXPRESS,22.4
ORD0003191,CUST000723,STOR0047,STORE,2025-09-07 08:35:00,COMPLETED,STANDARD,4.26
ORD0003192,CUST000595,STOR0027,B2B,2025-07-29 23:35:00,PENDING,CLICK_COLLECT,1.28
ORD0003193,CUST000665,STOR0050,STORE,2025-10-21 15:51:00,COMPLETED,EXPRESS,14.72
ORD0003194,CUST000561,STOR0037,B2B,2025-10-15 05:39:00,COMPLETED,STANDARD,5.23
ORD0003195,CUST000522,STOR0044,ONLINE,2025-10-12 12:31:00,COMPLETED,STANDARD,20.5
ORD0003196,CUST000552,STOR0003,B2B,2025-10-23 16:21:00,COMPLETED,STANDARD,14.01
ORD0003197,CUST001169,STOR0046,ONLINE,2025-11-16 02:21:00,COMPLETED,EXPRESS,3.59
ORD0003198,CUST000963,STOR0057,MARKETPLACE,2025-09-27 23:20:00,COMPLETED,CLICK_COLLECT,13.58
ORD0003199,CUST000988,STOR0025,STORE,2025-05-23 22:12:00,COMPLETED,STANDARD,15.38
ORD0003200,CUST000268,STOR0047,B2B,2025-08-20 02:19:00,COMPLETED,STANDARD,6.78
ORD0003201,CUST000046,STOR0026,STORE,2025-09-13 11:09:00,COMPLETED,EXPRESS,22.13
ORD0003202,CUST001021,STOR0034,B2B,2025-05-25 02:33:00,COMPLETED,EXPRESS,3.6
ORD0003203,CUST000716,STOR0039,STORE,2025-06-20 20:24:00,COMPLETED,CLICK_COLLECT,12.69
ORD0003204,CUST000136,STOR0031,ONLINE,2025-07-18 03:45:00,CANCELLED,STANDARD,24.81
ORD0003205,CUST000474,STOR0004,MARKETPLACE,2025-06-26 23:51:00,COMPLETED,EXPRESS,2.17
ORD0003206,CUST000860,STOR0042,B2B,2025-10-19 09:15:00,COMPLETED,CLICK_COLLECT,4.52
ORD0003207,CUST000408,STOR0006,STORE,2025-05-10 20:38:00,CANCELLED,CLICK_COLLECT,13.51
ORD0003208,CUST000137,STOR0003,STORE,2025-11-09 05:43:00,CANCELLED,EXPRESS,18.12
ORD0003209,CUST000938,STOR0051,B2B,2025-11-07 13:31:00,CANCELLED,STANDARD,21.33
ORD0003210,CUST000638,STOR0023,MARKETPLACE,2025-08-01 14:24:00,COMPLETED,EXPRESS,15.44
ORD0003211,CUST001033,STOR0008,MARKETPLACE,2025-05-20 06:16:00,COMPLETED,STANDARD,8.96
ORD0003212,CUST000221,STOR0058,ONLINE,2025-11-11 23:07:00,COMPLETED,EXPRESS,15.61
ORD0003213,CUST000421,STOR0016,ONLINE,2025-09-29 10:23:00,PENDING,CLICK_COLLECT,18.29
ORD0003214,CUST000511,STOR0013,ONLINE,2025-06-09 06:44:00,COMPLETED,EXPRESS,16.97
ORD0003215,CUST001066,STOR0021,MARKETPLACE,2025-05-23 09:41:00,COMPLETED,EXPRESS,0.57
ORD0003216,CUST000886,STOR0009,B2B,2025-08-10 08:01:00,COMPLETED,EXPRESS,11.0
ORD0003217,CUST000253,STOR0048,MARKETPLACE,2025-11-05 03:20:00,COMPLETED,CLICK_COLLECT,11.94
ORD0003218,CUST000861,STOR0019,STORE,2025-06-15 03:59:00,COMPLETED,CLICK_COLLECT,3.4
ORD0003219,CUST000511,STOR0004,STORE,2025-10-31 18:29:00,PENDING,EXPRESS,1.34
ORD0003220,CUST000979,STOR0059,STORE,2025-09-28 10:52:00,COMPLETED,STANDARD,16.67
ORD0003221,CUST000740,STOR0033,STORE,2025-06-15 07:47:00,CANCELLED,EXPRESS,19.21
ORD0003222,CUST000371,STOR0035,MARKETPLACE,2025-06-16 11:34:00,PENDING,CLICK_COLLECT,15.06
ORD0003223,CUST000615,STOR0054,MARKETPLACE,2025-05-27 18:42:00,COMPLETED,EXPRESS,16.97
ORD0003224,CUST000138,STOR0048,MARKETPLACE,2025-07-30 19:37:00,COMPLETED,EXPRESS,16.42
ORD0003225,CUST000515,STOR0050,MARKETPLACE,2025-07-20 09:27:00,COMPLETED,STANDARD,20.62
ORD0003226,CUST000149,STOR0024,STORE,2025-05-07 00:16:00,COMPLETED,STANDARD,24.46
ORD0003227,CUST000770,STOR0032,MARKETPLACE,2025-12-16 23:33:00,COMPLETED,EXPRESS,12.34
ORD0003228,CUST000963,STOR0049,B2B,2025-05-08 02:32:00,PENDING,CLICK_COLLECT,8.67
ORD0003229,CUST000617,STOR0025,B2B,2025-05-17 03:57:00,COMPLETED,CLICK_COLLECT,23.33
ORD0003230,CUST001004,STOR0010,MARKETPLACE,2025-10-26 07:27:00,COMPLETED,CLICK_COLLECT,3.2
ORD0003231,CUST000118,STOR0052,MARKETPLACE,2025-09-11 22:01:00,COMPLETED,EXPRESS,12.09
ORD0003232,CUST001015,STOR0016,MARKETPLACE,2025-11-04 01:53:00,CANCELLED,STANDARD,16.82
ORD0003233,CUST000454,STOR0043,MARKETPLACE,2025-06-02 13:06:00,COMPLETED,CLICK_COLLECT,12.18
ORD0003234,CUST000180,STOR0025,MARKETPLACE,2025-10-11 04:51:00,COMPLETED,EXPRESS,8.09
ORD0003235,CUST000592,STOR0042,STORE,2025-06-20 15:22:00,PENDING,CLICK_COLLECT,23.04
ORD0003236,CUST000258,STOR0049,B2B,2025-12-15 06:55:00,CANCELLED,CLICK_COLLECT,22.48
ORD0003237,CUST000107,STOR0028,B2B,2025-07-31 02:22:00,PENDING,CLICK_COLLECT,1.76
ORD0003238,CUST000225,STOR0045,MARKETPLACE,2025-08-05 23:29:00,COMPLETED,EXPRESS,16.93
ORD0003239,CUST001147,STOR0038,MARKETPLACE,2025-05-26 13:26:00,COMPLETED,CLICK_COLLECT,5.99
ORD0003240,CUST000795,STOR0017,B2B,2025-12-31 23:15:00,COMPLETED,EXPRESS,14.22
ORD0003241,CUST000847,STOR0008,ONLINE,2025-08-08 10:07:00,COMPLETED,STANDARD,14.68
ORD0003242,CUST000270,STOR0017,MARKETPLACE,2025-08-20 06:11:00,COMPLETED,CLICK_COLLECT,3.71
ORD0003243,CUST000138,STOR0038,STORE,2025-08-15 19:25:00,COMPLETED,STANDARD,16.03
ORD0003244,CUST000639,STOR0036,B2B,2025-08-23 18:28:00,PENDING,EXPRESS,13.84
ORD0003245,CUST001040,STOR0041,B2B,2025-09-17 15:36:00,COMPLETED,STANDARD,14.29
ORD0003246,CUST000712,STOR0011,B2B,2025-12-30 07:03:00,COMPLETED,EXPRESS,17.72
ORD0003247,CUST000376,STOR0012,MARKETPLACE,2025-08-13 18:56:00,PENDING,CLICK_COLLECT,1.96
ORD0003248,CUST000009,STOR0008,STORE,2025-07-09 04:15:00,CANCELLED,EXPRESS,10.13
ORD0003249,CUST000021,STOR0008,B2B,2025-12-26 22:49:00,CANCELLED,STANDARD,24.33
ORD0003250,CUST001169,STOR0053,B2B,2025-11-14 19:05:00,COMPLETED,EXPRESS,24.9
ORD0003251,CUST001074,STOR0024,MARKETPLACE,2025-10-19 00:53:00,COMPLETED,EXPRESS,0.11
ORD0003252,CUST000395,STOR0001,B2B,2025-11-23 04:11:00,COMPLETED,EXPRESS,10.43
ORD0003253,CUST000723,STOR0032,B2B,2025-06-27 20:47:00,COMPLETED,EXPRESS,15.51
ORD0003254,CUST001067,STOR0020,ONLINE,2025-07-19 05:49:00,COMPLETED,EXPRESS,22.0
ORD0003255,CUST000445,STOR0055,STORE,2025-12-06 22:02:00,CANCELLED,STANDARD,0.46
ORD0003256,CUST001073,STOR0012,B2B,2025-11-14 04:19:00,COMPLETED,CLICK_COLLECT,24.67
ORD0003257,CUST000666,STOR0009,STORE,2025-06-27 23:50:00,COMPLETED,EXPRESS,2.02
ORD0003258,CUST000310,STOR0001,STORE,2025-09-25 16:44:00,PENDING,STANDARD,17.17
ORD0003259,CUST001194,STOR0022,B2B,2025-08-23 21:45:00,COMPLETED,CLICK_COLLECT,1.68
ORD0003260,CUST000132,STOR0046,ONLINE,2025-07-30 06:58:00,COMPLETED,CLICK_COLLECT,23.25
ORD0003261,CUST000993,STOR0051,ONLINE,2025-09-11 02:29:00,COMPLETED,CLICK_COLLECT,9.78
ORD0003262,CUST000804,STOR0042,MARKETPLACE,2025-08-12 12:14:00,CANCELLED,STANDARD,12.68
ORD0003263,CUST000849,STOR0055,MARKETPLACE,2025-10-19 07:10:00,PENDING,CLICK_COLLECT,7.0
ORD0003264,CUST001007,STOR0040,ONLINE,2025-05-08 06:12:00,COMPLETED,CLICK_COLLECT,16.6
ORD0003265,CUST000461,STOR0032,MARKETPLACE,2025-07-16 00:53:00,COMPLETED,EXPRESS,15.82
ORD0003266,CUST000221,STOR0043,STORE,2025-06-25 21:47:00,COMPLETED,CLICK_COLLECT,6.27
ORD0003267,CUST000918,STOR0045,MARKETPLACE,2025-08-01 04:54:00,CANCELLED,EXPRESS,20.76
ORD0003268,CUST000098,STOR0053,STORE,2025-10-02 20:21:00,COMPLETED,EXPRESS,10.07
ORD0003269,CUST000935,STOR0051,ONLINE,2025-08-30 17:03:00,COMPLETED,CLICK_COLLECT,21.45
ORD0003270,CUST000582,STOR0055,MARKETPLACE,2025-08-15 10:09:00,PENDING,CLICK_COLLECT,1.81
ORD0003271,CUST001035,STOR0016,STORE,2025-08-05 05:51:00,COMPLETED,CLICK_COLLECT,1.85
ORD0003272,CUST000957,STOR0029,B2B,2025-06-05 08:37:00,CANCELLED,EXPRESS,14.36
ORD0003273,CUST000174,STOR0027,MARKETPLACE,2025-07-07 12:46:00,CANCELLED,EXPRESS,20.98
ORD0003274,CUST000342,STOR0009,B2B,2025-06-10 16:57:00,COMPLETED,CLICK_COLLECT,16.39
ORD0003275,CUST001155,STOR0043,ONLINE,2025-10-21 08:45:00,COMPLETED,CLICK_COLLECT,7.62
ORD0003276,CUST000608,STOR0013,MARKETPLACE,2025-12-11 08:37:00,COMPLETED,EXPRESS,12.01
ORD0003277,CUST000810,STOR0005,STORE,2025-11-29 13:55:00,PENDING,CLICK_COLLECT,21.11
ORD0003278,CUST000034,STOR0050,ONLINE,2025-08-01 20:21:00,PENDING,STANDARD,17.44
ORD0003279,CUST000820,STOR0048,B2B,2025-10-05 11:46:00,PENDING,STANDARD,3.54
ORD0003280,CUST000747,STOR0060,STORE,2025-06-28 18:44:00,CANCELLED,STANDARD,23.09
ORD0003281,CUST000316,STOR0041,B2B,2025-10-01 09:05:00,COMPLETED,EXPRESS,9.57
ORD0003282,CUST000471,STOR0027,ONLINE,2025-09-26 10:42:00,PENDING,EXPRESS,13.37
ORD0003283,CUST000002,STOR0043,STORE,2025-12-31 14:08:00,COMPLETED,STANDARD,23.16
ORD0003284,CUST001125,STOR0007,ONLINE,2025-11-04 06:35:00,COMPLETED,STANDARD,18.96
ORD0003285,CUST000812,STOR0055,B2B,2025-09-30 19:27:00,CANCELLED,STANDARD,11.07
ORD0003286,CUST000909,STOR0015,MARKETPLACE,2025-05-10 06:41:00,COMPLETED,CLICK_COLLECT,5.59
ORD0003287,CUST000862,STOR0031,ONLINE,2025-12-21 12:23:00,CANCELLED,CLICK_COLLECT,2.52
ORD0003288,CUST000712,STOR0026,MARKETPLACE,2025-10-14 22:00:00,CANCELLED,EXPRESS,20.97
ORD0003289,CUST000836,STOR0032,B2B,2025-12-08 06:37:00,COMPLETED,EXPRESS,6.52
ORD0003290,CUST000500,STOR0005,B2B,2025-12-01 14:12:00,COMPLETED,CLICK_COLLECT,14.92
ORD0003291,CUST000555,STOR0028,B2B,2025-10-04 23:21:00,COMPLETED,CLICK_COLLECT,16.53
ORD0003292,CUST001030,STOR0028,ONLINE,2025-11-15 11:33:00,COMPLETED,STANDARD,8.26
ORD0003293,CUST000361,STOR0028,B2B,2025-05-30 04:37:00,COMPLETED,EXPRESS,6.8
ORD0003294,CUST000100,STOR0044,ONLINE,2025-09-09 16:57:00,PENDING,EXPRESS,12.89
ORD0003295,CUST000186,STOR0050,MARKETPLACE,2025-07-23 00:54:00,CANCELLED,STANDARD,20.8
ORD0003296,CUST000027,STOR0003,ONLINE,2025-10-08 14:49:00,COMPLETED,CLICK_COLLECT,16.79
ORD0003297,CUST000430,STOR0034,MARKETPLACE,2025-12-19 01:28:00,COMPLETED,EXPRESS,11.03
ORD0003298,CUST000633,STOR0047,B2B,2025-11-16 22:14:00,COMPLETED,STANDARD,21.11
ORD0003299,CUST001176,STOR0041,ONLINE,2025-11-14 18:14:00,PENDING,CLICK_COLLECT,6.91
ORD0003300,CUST001088,STOR0021,B2B,2025-06-28 03:36:00,CANCELLED,STANDARD,13.09
ORD0003301,CUST000028,STOR0023,MARKETPLACE,2025-06-11 03:12:00,COMPLETED,CLICK_COLLECT,13.54
ORD0003302,CUST000359,STOR0023,ONLINE,2025-07-09 20:50:00,COMPLETED,STANDARD,24.16
ORD0003303,CUST000403,STOR0049,MARKETPLACE,2025-10-02 20:02:00,PENDING,EXPRESS,21.5
ORD0003304,CUST000341,STOR0043,MARKETPLACE,2025-05-09 18:18:00,COMPLETED,STANDARD,7.84
ORD0003305,CUST000075,STOR0047,STORE,2025-08-28 19:39:00,COMPLETED,STANDARD,13.95
ORD0003306,CUST000858,STOR0030,B2B,2025-11-03 14:43:00,CANCELLED,STANDARD,24.84
ORD0003307,CUST001073,STOR0037,MARKETPLACE,2025-08-13 05:53:00,COMPLETED,STANDARD,19.53
ORD0003308,CUST000436,STOR0037,B2B,2025-12-04 09:01:00,PENDING,STANDARD,13.34
ORD0003309,CUST000399,STOR0002,ONLINE,2025-07-18 09:42:00,PENDING,STANDARD,10.19
ORD0003310,CUST001165,STOR0043,STORE,2025-06-16 22:48:00,PENDING,CLICK_COLLECT,20.47
ORD0003311,CUST000789,STOR0049,B2B,2025-11-02 00:11:00,COMPLETED,CLICK_COLLECT,4.17
ORD0003312,CUST000714,STOR0060,MARKETPLACE,2025-05-07 15:07:00,PENDING,STANDARD,13.77
ORD0003313,CUST000216,STOR0005,B2B,2025-06-05 07:14:00,PENDING,EXPRESS,1.41
ORD0003314,CUST000927,STOR0032,ONLINE,2025-08-26 14:25:00,PENDING,STANDARD,24.69
ORD0003315,CUST001132,STOR0039,STORE,2025-11-22 21:35:00,COMPLETED,STANDARD,1.48
ORD0003316,CUST000655,STOR0052,B2B,2025-06-14 16:28:00,COMPLETED,STANDARD,8.94
ORD0003317,CUST000027,STOR0014,B2B,2025-10-12 05:15:00,COMPLETED,EXPRESS,10.95
ORD0003318,CUST000348,STOR0018,B2B,2025-09-18 15:07:00,COMPLETED,EXPRESS,8.09
ORD0003319,CUST000388,STOR0060,B2B,2025-11-14 14:04:00,COMPLETED,CLICK_COLLECT,21.04
ORD0003320,CUST000745,STOR0007,MARKETPLACE,2025-09-05 08:44:00,COMPLETED,STANDARD,11.32
ORD0003321,CUST000909,STOR0047,MARKETPLACE,2025-11-17 05:22:00,COMPLETED,CLICK_COLLECT,20.27
ORD0003322,CUST000300,STOR0055,MARKETPLACE,2025-12-02 16:34:00,COMPLETED,CLICK_COLLECT,10.48
ORD0003323,CUST000100,STOR0046,ONLINE,2025-12-07 19:36:00,PENDING,EXPRESS,23.71
ORD0003324,CUST000230,STOR0021,B2B,2025-11-17 03:52:00,CANCELLED,STANDARD,19.68
ORD0003325,CUST000655,STOR0030,B2B,2025-09-22 11:04:00,COMPLETED,CLICK_COLLECT,10.51
ORD0003326,CUST000124,STOR0043,B2B,2025-05-15 20:23:00,PENDING,STANDARD,24.26
ORD0003327,CUST000430,STOR0005,STORE,2025-09-22 06:32:00,COMPLETED,EXPRESS,8.09
ORD0003328,CUST000994,STOR0021,B2B,2025-05-21 05:48:00,COMPLETED,STANDARD,23.04
ORD0003329,CUST000705,STOR0025,STORE,2025-07-21 23:47:00,COMPLETED,STANDARD,19.44
ORD0003330,CUST000616,STOR0040,MARKETPLACE,2025-09-30 04:15:00,COMPLETED,EXPRESS,19.23
ORD0003331,CUST000158,STOR0021,MARKETPLACE,2025-08-29 01:21:00,CANCELLED,CLICK_COLLECT,23.46
ORD0003332,CUST000394,STOR0035,ONLINE,2025-10-16 04:25:00,COMPLETED,STANDARD,24.04
ORD0003333,CUST000298,STOR0030,ONLINE,2025-10-26 23:55:00,CANCELLED,STANDARD,16.63
ORD0003334,CUST000330,STOR0046,B2B,2025-11-13 21:24:00,PENDING,EXPRESS,23.96
ORD0003335,CUST000369,STOR0058,STORE,2025-07-09 15:26:00,CANCELLED,STANDARD,5.23
ORD0003336,CUST000572,STOR0031,B2B,2025-09-25 11:41:00,COMPLETED,EXPRESS,13.17
ORD0003337,CUST000252,STOR0051,STORE,2025-09-29 06:58:00,COMPLETED,CLICK_COLLECT,14.3
ORD0003338,CUST000360,STOR0060,STORE,2025-07-16 02:49:00,COMPLETED,CLICK_COLLECT,18.84
ORD0003339,CUST000714,STOR0016,MARKETPLACE,2025-05-06 12:11:00,COMPLETED,CLICK_COLLECT,9.01
ORD0003340,CUST000132,STOR0054,STORE,2025-08-01 11:17:00,COMPLETED,CLICK_COLLECT,22.44
ORD0003341,CUST000536,STOR0050,ONLINE,2025-12-19 07:05:00,COMPLETED,STANDARD,8.68
ORD0003342,CUST000325,STOR0033,STORE,2025-07-02 00:12:00,CANCELLED,EXPRESS,4.77
ORD0003343,CUST000019,STOR0020,B2B,2025-10-23 09:55:00,PENDING,CLICK_COLLECT,23.78
ORD0003344,CUST000874,STOR0054,B2B,2025-08-06 14:06:00,COMPLETED,STANDARD,4.87
ORD0003345,CUST000751,STOR0004,B2B,2025-11-21 23:50:00,COMPLETED,CLICK_COLLECT,10.19
ORD0003346,CUST000599,STOR0041,STORE,2025-09-20 10:24:00,COMPLETED,EXPRESS,9.67
ORD0003347,CUST001103,STOR0012,STORE,2025-10-28 21:33:00,COMPLETED,CLICK_COLLECT,4.25
ORD0003348,CUST000363,STOR0034,MARKETPLACE,2025-08-06 17:28:00,CANCELLED,EXPRESS,23.32
ORD0003349,CUST000429,STOR0005,B2B,2025-10-23 06:25:00,COMPLETED,STANDARD,0.41
ORD0003350,CUST000086,STOR0007,B2B,2025-09-24 09:24:00,COMPLETED,CLICK_COLLECT,9.85
ORD0003351,CUST000030,STOR0016,STORE,2025-12-20 04:32:00,CANCELLED,EXPRESS,15.22
ORD0003352,CUST001024,STOR0019,ONLINE,2025-09-14 09:50:00,COMPLETED,EXPRESS,20.18
ORD0003353,CUST000456,STOR0055,ONLINE,2025-07-06 08:54:00,COMPLETED,STANDARD,1.53
ORD0003354,CUST000844,STOR0016,B2B,2025-10-29 03:24:00,CANCELLED,STANDARD,24.62
ORD0003355,CUST000744,STOR0054,MARKETPLACE,2025-06-11 16:17:00,COMPLETED,STANDARD,7.25
ORD0003356,CUST000679,STOR0030,B2B,2025-05-06 17:40:00,COMPLETED,STANDARD,22.38
ORD0003357,CUST000214,STOR0041,ONLINE,2025-08-04 02:48:00,PENDING,EXPRESS,13.18
ORD0003358,CUST000850,STOR0048,ONLINE,2025-05-26 01:24:00,COMPLETED,STANDARD,21.66
ORD0003359,CUST000858,STOR0038,ONLINE,2025-12-20 00:18:00,COMPLETED,EXPRESS,6.55
ORD0003360,CUST001047,STOR0054,ONLINE,2025-10-21 10:12:00,CANCELLED,STANDARD,22.54
ORD0003361,CUST000853,STOR0025,B2B,2025-07-16 02:01:00,PENDING,CLICK_COLLECT,7.2
ORD0003362,CUST000303,STOR0059,ONLINE,2025-09-03 07:54:00,CANCELLED,EXPRESS,1.4
ORD0003363,CUST000314,STOR0058,STORE,2025-06-20 21:17:00,PENDING,CLICK_COLLECT,4.88
ORD0003364,CUST000029,STOR0030,ONLINE,2025-07-13 23:16:00,COMPLETED,CLICK_COLLECT,23.13
ORD0003365,CUST000352,STOR0040,MARKETPLACE,2025-10-28 14:48:00,COMPLETED,STANDARD,6.1
ORD0003366,CUST000063,STOR0054,B2B,2025-10-21 00:22:00,CANCELLED,EXPRESS,2.36
ORD0003367,CUST000456,STOR0043,STORE,2025-09-21 10:14:00,COMPLETED,EXPRESS,19.1
ORD0003368,CUST000649,STOR0023,MARKETPLACE,2025-07-10 14:36:00,COMPLETED,STANDARD,14.07
ORD0003369,CUST000340,STOR0019,STORE,2025-11-26 17:44:00,COMPLETED,STANDARD,20.52
ORD0003370,CUST001125,STOR0005,MARKETPLACE,2025-06-21 16:42:00,COMPLETED,STANDARD,12.73
ORD0003371,CUST000285,STOR0008,B2B,2025-12-12 21:22:00,CANCELLED,CLICK_COLLECT,0.09
ORD0003372,CUST000881,STOR0011,MARKETPLACE,2025-11-30 05:26:00,COMPLETED,EXPRESS,18.98
ORD0003373,CUST000279,STOR0018,ONLINE,2025-09-05 23:14:00,COMPLETED,CLICK_COLLECT,7.38
ORD0003374,CUST000346,STOR0024,ONLINE,2025-05-19 07:52:00,COMPLETED,EXPRESS,6.27
ORD0003375,CUST000491,STOR0036,STORE,2025-08-15 04:50:00,PENDING,EXPRESS,7.39
ORD0003376,CUST999999,STOR0031,B2B,2025-11-16 21:53:00,COMPLETED,EXPRESS,5.26
ORD0003377,CUST000317,STOR0054,MARKETPLACE,2025-10-02 18:17:00,PENDING,STANDARD,4.78
ORD0003378,CUST000522,STOR0053,ONLINE,2025-05-12 16:26:00,COMPLETED,CLICK_COLLECT,10.29
ORD0003379,CUST000096,STOR0033,MARKETPLACE,2025-07-07 04:37:00,COMPLETED,EXPRESS,24.36
ORD0003380,CUST001047,STOR0055,B2B,2025-11-15 08:59:00,COMPLETED,EXPRESS,14.61
ORD0003381,CUST001141,STOR0009,STORE,2025-12-06 10:07:00,CANCELLED,EXPRESS,4.26
ORD0003382,CUST000990,STOR0017,MARKETPLACE,2025-05-21 19:03:00,COMPLETED,EXPRESS,14.31
ORD0003383,CUST000147,STOR0031,ONLINE,2025-07-04 18:06:00,CANCELLED,EXPRESS,21.35
ORD0003384,CUST000525,STOR0023,B2B,2025-05-08 00:12:00,PENDING,CLICK_COLLECT,22.24
ORD0003385,CUST001086,STOR0026,MARKETPLACE,2025-10-29 08:58:00,CANCELLED,STANDARD,11.97
ORD0003386,CUST000775,STOR0026,B2B,2025-11-21 08:38:00,COMPLETED,EXPRESS,3.38
ORD0003387,CUST000119,STOR0050,MARKETPLACE,2025-08-14 12:46:00,CANCELLED,EXPRESS,2.59
ORD0003388,CUST001113,STOR0001,STORE,2025-05-07 17:06:00,CANCELLED,CLICK_COLLECT,14.86
ORD0003389,CUST000729,STOR0054,STORE,2025-09-11 20:09:00,PENDING,CLICK_COLLECT,23.6
ORD0003390,CUST000627,STOR0014,STORE,2025-10-13 09:00:00,COMPLETED,STANDARD,10.05
ORD0003391,CUST000673,STOR0031,B2B,2025-06-10 12:38:00,COMPLETED,STANDARD,17.25
ORD0003392,CUST000594,STOR0036,ONLINE,2025-08-24 13:35:00,COMPLETED,CLICK_COLLECT,18.51
ORD0003393,CUST000963,STOR0034,ONLINE,2025-08-23 06:25:00,CANCELLED,EXPRESS,3.74
ORD0003394,CUST000138,STOR0016,MARKETPLACE,2025-12-05 20:35:00,COMPLETED,EXPRESS,9.64
ORD0003395,CUST001056,STOR0015,STORE,2025-07-13 05:39:00,COMPLETED,STANDARD,23.91
ORD0003396,CUST000751,STOR0009,B2B,2025-11-17 11:15:00,COMPLETED,CLICK_COLLECT,16.34
ORD0003397,CUST001145,STOR0054,B2B,2025-08-02 06:11:00,COMPLETED,EXPRESS,17.62
ORD0003398,CUST000521,STOR0040,B2B,2025-05-13 02:05:00,COMPLETED,EXPRESS,24.46
ORD0003399,CUST000414,STOR0044,B2B,2025-07-14 23:31:00,CANCELLED,STANDARD,6.89
ORD0003400,CUST001180,STOR0027,B2B,2025-10-03 19:02:00,PENDING,STANDARD,15.08
ORD0003401,CUST000689,STOR0037,B2B,2025-08-07 12:55:00,CANCELLED,STANDARD,15.24
ORD0003402,CUST000411,STOR0050,MARKETPLACE,2025-05-30 01:42:00,COMPLETED,EXPRESS,11.75
ORD0003403,CUST001189,STOR0007,ONLINE,2025-12-24 12:34:00,PENDING,CLICK_COLLECT,0.5
ORD0003404,CUST001018,STOR0057,MARKETPLACE,2025-11-29 03:45:00,CANCELLED,CLICK_COLLECT,15.98
ORD0003405,CUST000971,STOR0055,STORE,2025-12-19 06:02:00,COMPLETED,CLICK_COLLECT,12.57
ORD0003406,CUST000930,STOR0052,ONLINE,2025-11-25 16:29:00,CANCELLED,CLICK_COLLECT,14.7
ORD0003407,CUST000948,STOR0012,STORE,2025-08-13 10:32:00,CANCELLED,STANDARD,7.71
ORD0003408,CUST000541,STOR0035,MARKETPLACE,2025-05-23 03:02:00,CANCELLED,CLICK_COLLECT,22.93
ORD0003409,CUST000227,STOR0010,B2B,2025-08-21 14:59:00,COMPLETED,EXPRESS,17.36
ORD0003410,CUST000295,STOR0054,ONLINE,2025-09-23 02:35:00,COMPLETED,EXPRESS,18.95
ORD0003411,CUST001094,STOR0033,MARKETPLACE,2025-10-12 20:54:00,COMPLETED,EXPRESS,14.44
ORD0003412,CUST000829,STOR0002,MARKETPLACE,2025-10-25 18:04:00,COMPLETED,CLICK_COLLECT,17.39
ORD0003413,CUST000686,STOR0057,MARKETPLACE,2025-10-26 17:49:00,COMPLETED,EXPRESS,17.83
ORD0003414,CUST000570,STOR0014,B2B,2025-05-21 22:50:00,CANCELLED,STANDARD,3.1
ORD0003415,CUST000827,STOR0032,ONLINE,2025-07-27 11:36:00,CANCELLED,STANDARD,10.88
ORD0003416,CUST001122,STOR0046,ONLINE,2025-10-12 08:16:00,COMPLETED,CLICK_COLLECT,7.64
ORD0003417,CUST000557,STOR0003,B2B,2025-05-07 01:47:00,COMPLETED,EXPRESS,1.13
ORD0003418,CUST000866,STOR0020,ONLINE,2025-07-06 03:03:00,CANCELLED,CLICK_COLLECT,12.16
ORD0003419,CUST000331,STOR0012,MARKETPLACE,2025-10-02 13:33:00,COMPLETED,STANDARD,11.34
ORD0003420,CUST000530,STOR0038,B2B,2025-06-27 23:17:00,PENDING,CLICK_COLLECT,14.98
ORD0003421,CUST000984,STOR0045,STORE,2025-12-21 11:07:00,CANCELLED,EXPRESS,15.78
ORD0003422,CUST000913,STOR0047,MARKETPLACE,2025-12-16 10:17:00,PENDING,EXPRESS,20.91
ORD0003423,CUST000499,STOR0043,B2B,2025-11-01 21:46:00,COMPLETED,STANDARD,20.99
ORD0003424,CUST000293,STOR0023,ONLINE,2025-07-27 06:37:00,CANCELLED,CLICK_COLLECT,20.16
ORD0003425,CUST000664,STOR0013,B2B,2025-08-31 03:35:00,COMPLETED,CLICK_COLLECT,2.67
ORD0003426,CUST000042,STOR0017,ONLINE,2025-07-19 07:44:00,COMPLETED,EXPRESS,9.43
ORD0003427,CUST000602,STOR0008,STORE,2025-11-25 01:02:00,COMPLETED,EXPRESS,17.05
ORD0003428,CUST000722,STOR0010,B2B,2025-12-08 15:29:00,COMPLETED,EXPRESS,2.76
ORD0003429,CUST000960,STOR0007,B2B,2025-06-14 14:36:00,CANCELLED,STANDARD,18.53
ORD0003430,CUST000606,STOR0012,B2B,2025-07-28 00:26:00,COMPLETED,CLICK_COLLECT,18.02
ORD0003431,CUST000603,STOR0014,ONLINE,2025-12-26 00:44:00,CANCELLED,CLICK_COLLECT,10.18
ORD0003432,CUST000344,STOR0055,B2B,2025-08-15 04:59:00,COMPLETED,STANDARD,18.46
ORD0003433,CUST000812,STOR0041,STORE,2025-07-24 07:04:00,PENDING,STANDARD,7.96
ORD0003434,CUST000989,STOR0009,MARKETPLACE,2025-07-24 13:17:00,CANCELLED,STANDARD,20.65
ORD0003435,CUST001050,STOR0011,ONLINE,2025-08-12 14:57:00,COMPLETED,EXPRESS,15.51
ORD0003436,CUST000221,STOR0021,MARKETPLACE,2025-08-14 22:58:00,COMPLETED,CLICK_COLLECT,20.33
ORD0003437,CUST000528,STOR0002,B2B,2025-08-14 02:15:00,COMPLETED,STANDARD,21.63
ORD0003438,CUST000885,STOR0025,B2B,2025-06-14 21:03:00,CANCELLED,EXPRESS,24.25
ORD0003439,CUST000665,STOR0015,STORE,2025-07-18 20:00:00,COMPLETED,STANDARD,15.68
ORD0003440,CUST000844,STOR0037,MARKETPLACE,2025-10-19 03:44:00,COMPLETED,EXPRESS,5.59
ORD0003441,CUST000890,STOR0059,ONLINE,2025-06-17 16:47:00,CANCELLED,CLICK_COLLECT,16.64
ORD0003442,CUST000139,STOR0016,ONLINE,2025-08-07 17:56:00,COMPLETED,EXPRESS,5.61
ORD0003443,CUST000909,STOR0055,B2B,2025-06-04 07:24:00,COMPLETED,EXPRESS,8.31
ORD0003444,CUST000226,STOR0021,ONLINE,2025-08-09 04:26:00,COMPLETED,EXPRESS,0.28
ORD0003445,CUST000749,STOR0032,ONLINE,2025-11-10 11:42:00,COMPLETED,STANDARD,15.57
ORD0003446,CUST000817,STOR0035,B2B,2025-08-09 01:35:00,COMPLETED,EXPRESS,2.32
ORD0003447,CUST001194,STOR0054,B2B,2025-11-19 06:21:00,COMPLETED,EXPRESS,14.03
ORD0003448,CUST000818,STOR0016,MARKETPLACE,2025-10-05 04:55:00,CANCELLED,STANDARD,0.87
ORD0003449,CUST000709,STOR0005,MARKETPLACE,2025-10-18 05:21:00,COMPLETED,EXPRESS,20.01
ORD0003450,CUST000744,STOR0005,STORE,2025-10-03 14:44:00,CANCELLED,CLICK_COLLECT,6.26
ORD0003451,CUST000354,STOR0030,STORE,2025-07-30 06:04:00,COMPLETED,EXPRESS,20.18
ORD0003452,CUST000041,STOR0043,ONLINE,2025-07-30 16:41:00,PENDING,EXPRESS,10.58
ORD0003453,CUST000551,STOR0027,ONLINE,2025-06-15 03:12:00,CANCELLED,EXPRESS,17.08
ORD0003454,CUST000884,STOR0050,MARKETPLACE,2025-05-25 10:09:00,COMPLETED,STANDARD,20.31
ORD0003455,CUST000536,STOR0058,B2B,2025-06-07 21:50:00,COMPLETED,CLICK_COLLECT,16.91
ORD0003456,CUST000553,STOR0034,ONLINE,2025-05-30 00:06:00,COMPLETED,CLICK_COLLECT,18.01
ORD0003457,CUST001097,STOR0018,ONLINE,2025-05-24 19:35:00,PENDING,CLICK_COLLECT,21.99
ORD0003458,CUST000917,STOR0050,MARKETPLACE,2025-10-21 08:15:00,PENDING,CLICK_COLLECT,19.11
ORD0003459,CUST000245,STOR0052,STORE,2025-12-13 20:46:00,CANCELLED,CLICK_COLLECT,2.75
ORD0003460,CUST000017,STOR0047,ONLINE,2025-11-15 19:15:00,PENDING,STANDARD,8.09
ORD0003461,CUST000025,STOR0022,ONLINE,2025-09-21 18:38:00,PENDING,STANDARD,6.69
ORD0003462,CUST000052,STOR0022,ONLINE,2025-06-24 06:18:00,PENDING,CLICK_COLLECT,2.81
ORD0003463,CUST000772,STOR0046,STORE,2025-11-06 01:21:00,COMPLETED,CLICK_COLLECT,12.96
ORD0003464,CUST000078,STOR0041,STORE,2025-12-02 21:27:00,COMPLETED,STANDARD,24.99
ORD0003465,CUST000850,STOR0037,MARKETPLACE,2025-05-30 13:44:00,CANCELLED,STANDARD,22.24
ORD0003466,CUST000596,STOR0058,B2B,2025-10-15 02:10:00,CANCELLED,EXPRESS,19.39
ORD0003467,CUST000306,STOR0046,MARKETPLACE,2025-06-11 16:07:00,PENDING,CLICK_COLLECT,21.6
ORD0003468,CUST000937,STOR0053,MARKETPLACE,2025-08-15 05:03:00,PENDING,CLICK_COLLECT,20.59
ORD0003469,CUST000658,STOR0039,ONLINE,2025-11-22 08:37:00,COMPLETED,EXPRESS,0.11
ORD0003470,CUST000502,STOR0015,ONLINE,2025-10-01 04:00:00,COMPLETED,CLICK_COLLECT,10.82
ORD0003471,CUST001015,STOR0046,ONLINE,2025-08-20 21:22:00,CANCELLED,EXPRESS,8.86
ORD0003472,CUST000198,STOR0014,ONLINE,2025-12-09 16:40:00,COMPLETED,CLICK_COLLECT,15.59
ORD0003473,CUST000482,STOR0060,B2B,2025-12-09 01:19:00,COMPLETED,CLICK_COLLECT,2.51
ORD0003474,CUST001083,STOR0025,STORE,2025-07-14 11:02:00,PENDING,EXPRESS,4.75
ORD0003475,CUST000261,STOR0055,STORE,2025-12-19 04:49:00,COMPLETED,EXPRESS,24.9
ORD0003476,CUST001002,STOR0025,MARKETPLACE,2025-07-14 23:35:00,COMPLETED,STANDARD,10.33
ORD0003477,CUST001165,STOR0024,MARKETPLACE,2025-12-20 06:42:00,CANCELLED,EXPRESS,8.01
ORD0003478,CUST000028,STOR0045,MARKETPLACE,2025-08-15 03:32:00,PENDING,STANDARD,14.42
ORD0003479,CUST000450,STOR0024,MARKETPLACE,2025-07-24 01:33:00,COMPLETED,STANDARD,16.88
ORD0003480,CUST000723,STOR0037,ONLINE,2025-09-04 16:33:00,PENDING,STANDARD,0.38
ORD0003481,CUST000781,STOR0040,STORE,2025-10-09 12:23:00,COMPLETED,EXPRESS,16.61
ORD0003482,CUST000291,STOR0030,B2B,2025-10-06 13:51:00,COMPLETED,STANDARD,6.0
ORD0003483,CUST000357,STOR0031,MARKETPLACE,2025-09-20 07:05:00,COMPLETED,EXPRESS,3.07
ORD0003484,CUST000706,STOR0022,B2B,2025-06-27 19:47:00,PENDING,CLICK_COLLECT,19.48
ORD0003485,CUST000275,STOR0058,ONLINE,2025-05-14 05:57:00,COMPLETED,EXPRESS,12.43
ORD0003486,CUST000267,STOR0037,MARKETPLACE,2025-10-26 00:26:00,COMPLETED,STANDARD,3.34
ORD0003487,CUST001171,STOR0019,MARKETPLACE,2025-08-12 21:48:00,CANCELLED,STANDARD,19.42
ORD0003488,CUST000196,STOR0057,MARKETPLACE,2025-10-23 06:17:00,COMPLETED,CLICK_COLLECT,1.83
ORD0003489,CUST000489,STOR0048,ONLINE,2025-11-12 06:11:00,PENDING,EXPRESS,20.95
ORD0003490,CUST001174,STOR0041,ONLINE,2025-11-13 13:29:00,CANCELLED,EXPRESS,15.99
ORD0003491,CUST000988,STOR0042,STORE,2025-11-12 08:30:00,COMPLETED,CLICK_COLLECT,23.17
ORD0003492,CUST000126,STOR0019,ONLINE,2025-05-26 21:55:00,PENDING,STANDARD,12.73
ORD0003493,CUST001143,STOR0012,B2B,2025-07-08 23:29:00,COMPLETED,STANDARD,16.06
ORD0003494,CUST000975,STOR0051,MARKETPLACE,2025-08-28 15:45:00,COMPLETED,STANDARD,21.66
ORD0003495,CUST000273,STOR0021,STORE,2025-11-13 09:09:00,PENDING,STANDARD,23.53
ORD0003496,CUST000263,STOR0024,B2B,2025-06-08 04:16:00,CANCELLED,EXPRESS,19.25
ORD0003497,CUST000742,STOR0029,MARKETPLACE,2025-08-30 14:16:00,COMPLETED,STANDARD,24.88
ORD0003498,CUST000706,STOR0012,ONLINE,2025-10-21 16:33:00,COMPLETED,EXPRESS,13.16
ORD0003499,CUST000776,STOR0013,STORE,2025-08-24 01:14:00,PENDING,EXPRESS,17.79
ORD0003500,CUST001036,STOR0056,MARKETPLACE,2025-09-19 15:34:00,COMPLETED,STANDARD,18.95
ORD0003501,CUST000947,STOR0022,STORE,2025-11-25 21:18:00,COMPLETED,CLICK_COLLECT,12.57
ORD0003502,CUST000973,STOR0004,B2B,2025-10-05 09:28:00,PENDING,CLICK_COLLECT,23.8
ORD0003503,CUST000364,STOR0034,MARKETPLACE,2025-12-04 07:43:00,COMPLETED,STANDARD,16.13
ORD0003504,CUST000650,STOR0020,B2B,2025-05-19 04:59:00,COMPLETED,EXPRESS,17.82
ORD0003505,CUST000594,STOR0027,B2B,2025-11-02 20:30:00,CANCELLED,CLICK_COLLECT,16.61
ORD0003506,CUST001167,STOR0034,B2B,2025-05-23 16:48:00,COMPLETED,CLICK_COLLECT,10.36
ORD0003507,CUST000461,STOR0056,MARKETPLACE,2025-12-27 02:55:00,PENDING,CLICK_COLLECT,7.26
ORD0003508,CUST001200,STOR0009,ONLINE,2025-10-16 10:50:00,COMPLETED,CLICK_COLLECT,14.01
ORD0003509,CUST000471,STOR0041,MARKETPLACE,2025-11-13 14:11:00,COMPLETED,STANDARD,15.47
ORD0003510,CUST000999,STOR0037,B2B,2025-08-31 06:31:00,COMPLETED,EXPRESS,16.87
ORD0003511,CUST000724,STOR0019,B2B,2025-09-12 18:24:00,CANCELLED,CLICK_COLLECT,2.15
ORD0003512,CUST000315,STOR0052,STORE,2025-09-05 17:40:00,COMPLETED,STANDARD,13.75
ORD0003513,CUST000062,STOR0007,MARKETPLACE,2025-10-18 03:01:00,COMPLETED,CLICK_COLLECT,20.42
ORD0003514,CUST000119,STOR0026,STORE,2025-10-23 13:38:00,COMPLETED,STANDARD,8.05
ORD0003515,CUST000221,STOR0017,ONLINE,2025-07-27 18:21:00,PENDING,CLICK_COLLECT,9.94
ORD0003516,CUST000029,STOR0043,ONLINE,2025-05-31 20:44:00,COMPLETED,CLICK_COLLECT,6.63
ORD0003517,CUST000991,STOR0058,STORE,2026-01-01 11:32:00,COMPLETED,STANDARD,16.47
ORD0003518,CUST000601,STOR0057,B2B,2025-09-06 21:57:00,CANCELLED,EXPRESS,17.59
ORD0003519,CUST001058,STOR0013,ONLINE,2025-06-07 19:19:00,COMPLETED,STANDARD,11.42
ORD0003520,CUST000680,STOR0005,STORE,2025-10-03 14:09:00,COMPLETED,EXPRESS,5.14
ORD0003521,CUST000885,STOR0030,MARKETPLACE,2025-07-05 10:14:00,CANCELLED,CLICK_COLLECT,12.1
ORD0003522,CUST000267,STOR0025,MARKETPLACE,2025-08-27 06:16:00,PENDING,EXPRESS,8.07
ORD0003523,CUST000019,STOR0020,B2B,2025-06-27 21:04:00,PENDING,STANDARD,6.42
ORD0003524,CUST000374,STOR0056,ONLINE,2025-09-03 15:04:00,CANCELLED,STANDARD,23.51
ORD0003525,CUST000986,STOR0054,MARKETPLACE,2025-09-30 19:02:00,CANCELLED,EXPRESS,22.18
ORD0003526,CUST001019,STOR0054,MARKETPLACE,2025-08-19 19:48:00,CANCELLED,STANDARD,19.84
ORD0003527,CUST000941,STOR0008,STORE,2025-12-21 23:05:00,COMPLETED,STANDARD,9.21
ORD0003528,CUST000502,STOR0051,ONLINE,2025-08-22 16:42:00,COMPLETED,STANDARD,8.71
ORD0003529,CUST001174,STOR0024,STORE,2025-06-25 12:59:00,COMPLETED,EXPRESS,13.3
ORD0003530,CUST000778,STOR0032,STORE,2025-11-08 23:56:00,COMPLETED,CLICK_COLLECT,0.26
ORD0003531,CUST000114,STOR0043,B2B,2025-09-26 02:47:00,COMPLETED,CLICK_COLLECT,17.21
ORD0003532,CUST000945,STOR0054,B2B,2025-10-20 19:19:00,COMPLETED,CLICK_COLLECT,10.38
ORD0003533,CUST000776,STOR0006,MARKETPLACE,2025-10-26 02:11:00,PENDING,CLICK_COLLECT,15.98
ORD0003534,CUST000830,STOR0043,STORE,2025-10-08 06:42:00,COMPLETED,CLICK_COLLECT,9.87
ORD0003535,CUST000808,STOR0045,MARKETPLACE,2025-12-12 14:21:00,COMPLETED,STANDARD,14.5
ORD0003536,CUST000653,STOR0005,MARKETPLACE,2025-11-17 01:37:00,CANCELLED,EXPRESS,5.44
ORD0003537,CUST000807,STOR0013,B2B,2025-05-10 01:41:00,COMPLETED,CLICK_COLLECT,23.14
ORD0003538,CUST000159,STOR0025,MARKETPLACE,2025-11-24 01:22:00,COMPLETED,EXPRESS,12.76
ORD0003539,CUST000114,STOR0056,MARKETPLACE,2025-12-14 23:51:00,PENDING,STANDARD,2.26
ORD0003540,CUST000401,STOR0056,B2B,2025-11-11 20:23:00,COMPLETED,CLICK_COLLECT,10.39
ORD0003541,CUST000335,STOR0049,MARKETPLACE,2025-12-30 05:30:00,PENDING,CLICK_COLLECT,13.6
ORD0003542,CUST000126,STOR0022,MARKETPLACE,2025-08-26 14:30:00,COMPLETED,CLICK_COLLECT,14.82
ORD0003543,CUST000183,STOR0012,B2B,2025-11-04 01:30:00,PENDING,CLICK_COLLECT,23.26
ORD0003544,CUST001125,STOR0012,B2B,2025-07-28 09:45:00,COMPLETED,STANDARD,16.42
ORD0003545,CUST000215,STOR0014,STORE,2025-09-29 07:13:00,CANCELLED,CLICK_COLLECT,14.3
ORD0003546,CUST000041,STOR0011,ONLINE,2025-09-03 08:26:00,COMPLETED,EXPRESS,18.95
ORD0003547,CUST000156,STOR0024,B2B,2025-12-08 17:18:00,CANCELLED,STANDARD,17.33
ORD0003548,CUST001078,STOR0018,STORE,2025-11-11 19:04:00,COMPLETED,STANDARD,18.06
ORD0003549,CUST000175,STOR0031,B2B,2025-08-04 13:48:00,COMPLETED,EXPRESS,13.95
ORD0003550,CUST000755,STOR0024,STORE,2025-06-15 04:14:00,PENDING,EXPRESS,13.91
ORD0003551,CUST000896,STOR0013,ONLINE,2025-10-24 00:55:00,COMPLETED,STANDARD,13.67
ORD0003552,CUST000457,STOR0052,STORE,2025-12-14 22:11:00,COMPLETED,STANDARD,13.58
ORD0003553,CUST001020,STOR0007,MARKETPLACE,2025-08-26 16:39:00,COMPLETED,EXPRESS,20.07
ORD0003554,CUST000616,STOR0032,STORE,2025-10-06 20:26:00,CANCELLED,CLICK_COLLECT,16.6
ORD0003555,CUST000545,STOR0027,MARKETPLACE,2025-12-09 23:31:00,COMPLETED,EXPRESS,0.85
ORD0003556,CUST001065,STOR0016,ONLINE,2025-10-28 04:57:00,COMPLETED,STANDARD,24.97
ORD0003557,CUST000101,STOR0034,ONLINE,2025-08-04 23:43:00,PENDING,EXPRESS,7.9
ORD0003558,CUST000719,STOR0049,ONLINE,2025-11-11 09:52:00,COMPLETED,CLICK_COLLECT,2.78
ORD0003559,CUST000022,STOR0007,ONLINE,2025-05-09 10:33:00,PENDING,CLICK_COLLECT,13.9
ORD0003560,CUST001008,STOR0052,MARKETPLACE,2025-10-27 13:31:00,COMPLETED,EXPRESS,10.88
ORD0003561,CUST001089,STOR0052,B2B,2025-10-03 06:28:00,CANCELLED,STANDARD,20.75
ORD0003562,CUST000796,STOR0049,MARKETPLACE,2025-11-23 20:18:00,COMPLETED,STANDARD,5.85
ORD0003563,CUST000567,STOR0048,B2B,2025-12-01 14:28:00,COMPLETED,STANDARD,23.82
ORD0003564,CUST000882,STOR0059,STORE,2025-09-30 04:09:00,PENDING,STANDARD,15.4
ORD0003565,CUST000372,STOR0014,B2B,2025-05-25 11:00:00,COMPLETED,STANDARD,13.74
ORD0003566,CUST000591,STOR0021,ONLINE,2025-10-16 15:15:00,COMPLETED,STANDARD,2.88
ORD0003567,CUST000008,STOR0017,B2B,2025-07-19 00:20:00,COMPLETED,EXPRESS,0.66
ORD0003568,CUST000875,STOR0011,ONLINE,2025-09-05 20:36:00,COMPLETED,EXPRESS,23.74
ORD0003569,CUST000840,STOR0025,ONLINE,2025-09-07 14:15:00,PENDING,CLICK_COLLECT,18.78
ORD0003570,CUST000236,STOR0039,ONLINE,2025-12-31 10:37:00,CANCELLED,EXPRESS,12.12
ORD0003571,CUST000893,STOR0024,STORE,2025-11-06 07:24:00,PENDING,EXPRESS,16.14
ORD0003572,CUST000923,STOR0052,MARKETPLACE,2025-09-17 11:33:00,PENDING,CLICK_COLLECT,14.89
ORD0003573,CUST000742,STOR0029,ONLINE,2025-10-27 11:57:00,COMPLETED,STANDARD,19.99
ORD0003574,CUST000538,STOR0017,B2B,2025-10-09 17:16:00,COMPLETED,EXPRESS,6.08
ORD0003575,CUST000695,STOR0031,MARKETPLACE,2025-09-27 10:11:00,CANCELLED,EXPRESS,12.08
ORD0003576,CUST000324,STOR0006,STORE,2025-07-05 14:40:00,COMPLETED,CLICK_COLLECT,6.85
ORD0003577,CUST000786,STOR0058,ONLINE,2025-08-30 14:23:00,PENDING,STANDARD,23.19
ORD0003578,CUST001064,STOR0031,MARKETPLACE,2025-11-15 18:53:00,COMPLETED,EXPRESS,14.82
ORD0003579,CUST000453,STOR0009,STORE,2025-10-24 17:54:00,PENDING,STANDARD,15.98
ORD0003580,CUST000026,STOR0021,MARKETPLACE,2025-05-13 01:20:00,COMPLETED,CLICK_COLLECT,2.83
ORD0003581,CUST001128,STOR0024,MARKETPLACE,2025-07-03 12:20:00,COMPLETED,EXPRESS,18.23
ORD0003582,CUST000568,STOR0020,STORE,2025-05-23 18:14:00,COMPLETED,EXPRESS,3.14
ORD0003583,CUST000962,STOR0007,STORE,2025-10-21 23:55:00,COMPLETED,CLICK_COLLECT,5.86
ORD0003584,CUST000833,STOR0022,STORE,2026-01-01 01:49:00,COMPLETED,EXPRESS,21.93
ORD0003585,CUST000968,STOR0021,ONLINE,2025-06-24 22:23:00,PENDING,EXPRESS,24.94
ORD0003586,CUST000246,STOR0039,B2B,2025-06-15 16:11:00,COMPLETED,CLICK_COLLECT,12.25
ORD0003587,CUST999999,STOR0033,STORE,2025-09-08 20:20:00,CANCELLED,STANDARD,11.63
ORD0003588,CUST000098,STOR0038,B2B,2026-01-01 13:15:00,CANCELLED,STANDARD,14.53
ORD0003589,CUST000507,STOR0056,B2B,2025-11-30 16:46:00,CANCELLED,EXPRESS,0.68
ORD0003590,CUST001022,STOR0033,MARKETPLACE,2025-09-10 21:36:00,COMPLETED,STANDARD,19.77
ORD0003591,CUST000599,STOR0018,MARKETPLACE,2025-11-15 01:43:00,COMPLETED,EXPRESS,17.61
ORD0003592,CUST000056,STOR0044,ONLINE,2025-10-06 12:10:00,COMPLETED,EXPRESS,15.3
ORD0003593,CUST000303,STOR0026,MARKETPLACE,2025-11-03 05:44:00,COMPLETED,EXPRESS,12.92
ORD0003594,CUST000487,STOR0002,MARKETPLACE,2025-08-02 09:24:00,PENDING,EXPRESS,16.77
ORD0003595,CUST001024,STOR0008,ONLINE,2025-11-10 11:27:00,CANCELLED,EXPRESS,7.99
ORD0003596,CUST000906,STOR0011,MARKETPLACE,2025-10-02 17:53:00,COMPLETED,CLICK_COLLECT,2.26
ORD0003597,CUST001133,STOR0030,ONLINE,2025-12-17 18:50:00,PENDING,CLICK_COLLECT,12.52
ORD0003598,CUST000646,STOR0049,STORE,2025-05-07 15:21:00,PENDING,STANDARD,9.11
ORD0003599,CUST000978,STOR0010,B2B,2025-11-11 12:21:00,PENDING,STANDARD,21.76
ORD0003600,CUST000929,STOR0048,ONLINE,2025-08-08 01:49:00,COMPLETED,STANDARD,19.94
ORD0003601,CUST000851,STOR0029,STORE,2025-12-10 01:26:00,COMPLETED,STANDARD,13.37
ORD0003602,CUST000497,STOR0036,B2B,2025-07-26 12:35:00,COMPLETED,STANDARD,12.09
ORD0003603,CUST000922,STOR0037,STORE,2025-09-16 10:14:00,COMPLETED,EXPRESS,24.46
ORD0003604,CUST000636,STOR0006,STORE,2025-11-07 18:10:00,CANCELLED,STANDARD,11.99
ORD0003605,CUST000394,STOR0037,ONLINE,2025-05-06 13:44:00,PENDING,EXPRESS,13.27
ORD0003606,CUST000535,STOR0044,STORE,2025-05-14 13:35:00,CANCELLED,CLICK_COLLECT,23.22
ORD0003607,CUST000408,STOR0035,B2B,2025-08-22 14:10:00,CANCELLED,EXPRESS,16.67
ORD0003608,CUST000985,STOR0024,MARKETPLACE,2025-05-17 12:30:00,PENDING,EXPRESS,11.22
ORD0003609,CUST000670,STOR0019,ONLINE,2025-07-07 23:58:00,COMPLETED,EXPRESS,23.59
ORD0003610,CUST000906,STOR0031,STORE,2025-11-15 20:42:00,COMPLETED,STANDARD,7.34
ORD0003611,CUST001092,STOR0042,ONLINE,2025-06-20 10:44:00,COMPLETED,CLICK_COLLECT,13.51
ORD0003612,CUST000917,STOR0010,STORE,2025-07-26 10:33:00,COMPLETED,EXPRESS,12.6
ORD0003613,CUST000968,STOR0041,STORE,2025-11-15 11:50:00,COMPLETED,CLICK_COLLECT,0.53
ORD0003614,CUST000587,STOR0006,MARKETPLACE,2025-07-18 03:01:00,COMPLETED,EXPRESS,18.38
ORD0003615,CUST000502,STOR0008,B2B,2025-12-31 09:37:00,CANCELLED,STANDARD,13.07
ORD0003616,CUST000235,STOR0006,MARKETPLACE,2025-06-05 13:49:00,COMPLETED,CLICK_COLLECT,9.56
ORD0003617,CUST000583,STOR0002,MARKETPLACE,2025-08-25 02:14:00,CANCELLED,CLICK_COLLECT,16.36
ORD0003618,CUST000639,STOR0022,MARKETPLACE,2025-05-17 01:02:00,COMPLETED,CLICK_COLLECT,13.84
ORD0003619,CUST000979,STOR0002,B2B,2025-06-10 04:40:00,PENDING,CLICK_COLLECT,17.04
ORD0003620,CUST000636,STOR0039,MARKETPLACE,2025-12-29 20:24:00,PENDING,STANDARD,8.3
ORD0003621,CUST001037,STOR0003,STORE,2025-10-19 11:47:00,CANCELLED,STANDARD,14.06
ORD0003622,CUST000287,STOR0056,STORE,2025-08-17 09:31:00,COMPLETED,EXPRESS,8.13
ORD0003623,CUST000993,STOR0003,STORE,2025-09-13 23:06:00,COMPLETED,EXPRESS,1.62
ORD0003624,CUST000377,STOR0017,MARKETPLACE,2025-11-17 09:55:00,PENDING,CLICK_COLLECT,20.75
ORD0003625,CUST000508,STOR0043,ONLINE,2025-08-18 12:44:00,COMPLETED,CLICK_COLLECT,0.87
ORD0003626,CUST001124,STOR0002,MARKETPLACE,2025-08-05 06:37:00,PENDING,CLICK_COLLECT,19.98
ORD0003627,CUST000340,STOR0054,MARKETPLACE,2025-08-20 15:40:00,COMPLETED,EXPRESS,0.26
ORD0003628,CUST000897,STOR0004,B2B,2025-09-30 12:07:00,COMPLETED,STANDARD,12.45
ORD0003629,CUST000237,STOR0057,B2B,2025-05-09 18:32:00,CANCELLED,CLICK_COLLECT,22.78
ORD0003630,CUST000037,STOR0015,MARKETPLACE,2025-06-01 07:57:00,CANCELLED,CLICK_COLLECT,2.71
ORD0003631,CUST000748,STOR0004,ONLINE,2025-06-21 17:06:00,CANCELLED,EXPRESS,8.14
ORD0003632,CUST000315,STOR0024,B2B,2025-12-29 13:24:00,COMPLETED,STANDARD,3.87
ORD0003633,CUST000222,STOR0009,B2B,2025-08-03 07:26:00,CANCELLED,CLICK_COLLECT,12.51
ORD0003634,CUST000332,STOR0051,MARKETPLACE,2025-08-15 05:49:00,CANCELLED,CLICK_COLLECT,15.97
ORD0003635,CUST000746,STOR0003,ONLINE,2025-07-24 15:17:00,PENDING,CLICK_COLLECT,12.64
ORD0003636,CUST000955,STOR0058,STORE,2025-11-22 14:07:00,COMPLETED,STANDARD,18.96
ORD0003637,CUST000869,STOR0003,MARKETPLACE,2025-11-20 15:06:00,COMPLETED,EXPRESS,23.45
ORD0003638,CUST000518,STOR0029,ONLINE,2025-12-03 02:16:00,CANCELLED,EXPRESS,0.92
ORD0003639,CUST000215,STOR0024,STORE,2025-07-12 08:49:00,CANCELLED,EXPRESS,7.1
ORD0003640,CUST001025,STOR0048,STORE,2025-08-02 21:42:00,PENDING,EXPRESS,18.46
ORD0003641,CUST000527,STOR0006,ONLINE,2025-07-18 23:23:00,COMPLETED,CLICK_COLLECT,20.45
ORD0003642,CUST001037,STOR0032,B2B,2025-09-25 01:16:00,COMPLETED,STANDARD,15.07
ORD0003643,CUST000394,STOR0029,STORE,2025-11-29 17:51:00,PENDING,EXPRESS,23.27
ORD0003644,CUST000356,STOR0053,B2B,2025-11-10 05:19:00,CANCELLED,STANDARD,17.63
ORD0003645,CUST000248,STOR0020,B2B,2025-09-07 09:42:00,COMPLETED,EXPRESS,0.09
ORD0003646,CUST000254,STOR0013,MARKETPLACE,2025-06-18 13:44:00,COMPLETED,EXPRESS,3.87
ORD0003647,CUST000177,STOR0036,STORE,2025-08-04 10:24:00,COMPLETED,EXPRESS,18.0
ORD0003648,CUST001093,STOR0017,ONLINE,2025-12-04 02:13:00,COMPLETED,EXPRESS,1.81
ORD0003649,CUST000721,STOR0018,STORE,2025-05-08 18:42:00,COMPLETED,STANDARD,21.66
ORD0003650,CUST000824,STOR0058,ONLINE,2025-07-31 00:23:00,PENDING,EXPRESS,16.18
ORD0003651,CUST000028,STOR0029,STORE,2025-09-17 05:44:00,CANCELLED,STANDARD,3.78
ORD0003652,CUST000067,STOR0045,STORE,2025-06-23 06:19:00,PENDING,STANDARD,12.22
ORD0003653,CUST000509,STOR0010,B2B,2025-12-31 03:46:00,CANCELLED,STANDARD,11.28
ORD0003654,CUST000839,STOR0009,B2B,2025-07-07 04:56:00,CANCELLED,CLICK_COLLECT,10.74
ORD0003655,CUST000688,STOR0059,ONLINE,2025-07-19 13:56:00,PENDING,CLICK_COLLECT,21.11
ORD0003656,CUST000915,STOR0041,B2B,2025-11-17 12:34:00,COMPLETED,CLICK_COLLECT,17.15
ORD0003657,CUST000398,STOR0051,ONLINE,2025-09-30 09:17:00,COMPLETED,EXPRESS,12.22
ORD0003658,CUST000826,STOR0027,MARKETPLACE,2025-10-16 15:10:00,PENDING,STANDARD,22.75
ORD0003659,CUST000866,STOR0058,B2B,2025-07-29 07:25:00,PENDING,STANDARD,19.08
ORD0003660,CUST000813,STOR0008,STORE,2025-05-14 06:04:00,COMPLETED,EXPRESS,11.25
ORD0003661,CUST000620,STOR0003,STORE,2025-05-09 10:15:00,PENDING,CLICK_COLLECT,13.35
ORD0003662,CUST000654,STOR0051,ONLINE,2025-06-23 06:06:00,PENDING,STANDARD,2.64
ORD0003663,CUST000024,STOR0011,STORE,2025-08-17 08:34:00,CANCELLED,STANDARD,13.44
ORD0003664,CUST000455,STOR0033,MARKETPLACE,2025-12-14 03:55:00,COMPLETED,STANDARD,2.76
ORD0003665,CUST000494,STOR0037,B2B,2025-07-15 21:57:00,PENDING,STANDARD,8.99
ORD0003666,CUST000178,STOR0056,MARKETPLACE,2025-07-07 08:51:00,PENDING,STANDARD,0.54
ORD0003667,CUST001025,STOR0027,STORE,2025-08-10 13:00:00,COMPLETED,CLICK_COLLECT,9.5
ORD0003668,CUST000078,STOR0010,B2B,2025-05-21 09:25:00,COMPLETED,STANDARD,7.77
ORD0003669,CUST000270,STOR0010,MARKETPLACE,2025-09-09 17:40:00,COMPLETED,CLICK_COLLECT,19.55
ORD0003670,CUST000873,STOR0042,ONLINE,2025-10-31 04:55:00,COMPLETED,EXPRESS,1.08
ORD0003671,CUST000124,STOR0034,MARKETPLACE,2025-08-20 04:04:00,COMPLETED,STANDARD,8.08
ORD0003672,CUST001192,STOR0032,ONLINE,2025-09-05 19:56:00,CANCELLED,STANDARD,17.73
ORD0003673,CUST000077,STOR0037,B2B,2025-12-18 16:04:00,COMPLETED,STANDARD,21.68
ORD0003674,CUST000857,STOR0060,MARKETPLACE,2025-08-22 16:25:00,COMPLETED,CLICK_COLLECT,5.36
ORD0003675,CUST000802,STOR0036,STORE,2025-09-24 02:48:00,COMPLETED,EXPRESS,1.05
ORD0003676,CUST000111,STOR0034,B2B,2025-07-02 15:12:00,COMPLETED,EXPRESS,18.86
ORD0003677,CUST000021,STOR0039,STORE,2025-10-01 00:12:00,COMPLETED,STANDARD,8.53
ORD0003678,CUST000802,STOR0012,B2B,2025-11-24 23:42:00,COMPLETED,EXPRESS,0.18
ORD0003679,CUST000583,STOR0032,MARKETPLACE,2025-06-20 20:59:00,PENDING,EXPRESS,22.32
ORD0003680,CUST001095,STOR0054,STORE,2025-08-28 19:33:00,COMPLETED,STANDARD,4.21
ORD0003681,CUST000677,STOR0012,STORE,2025-07-03 17:07:00,PENDING,STANDARD,4.32
ORD0003682,CUST000358,STOR0050,MARKETPLACE,2025-09-30 14:42:00,COMPLETED,STANDARD,2.8
ORD0003683,CUST000510,STOR0036,MARKETPLACE,2025-10-04 21:54:00,CANCELLED,EXPRESS,7.29
ORD0003684,CUST001100,STOR0026,MARKETPLACE,2025-10-17 02:32:00,COMPLETED,CLICK_COLLECT,6.71
ORD0003685,CUST000974,STOR0053,STORE,2025-09-22 01:03:00,COMPLETED,EXPRESS,5.42
ORD0003686,CUST001072,STOR0016,B2B,2025-08-19 19:53:00,COMPLETED,EXPRESS,24.45
ORD0003687,CUST000035,STOR0018,MARKETPLACE,2025-10-19 11:41:00,PENDING,STANDARD,13.49
ORD0003688,CUST001024,STOR0048,B2B,2025-08-06 01:00:00,COMPLETED,CLICK_COLLECT,14.53
ORD0003689,CUST000909,STOR0051,STORE,2025-11-09 06:07:00,COMPLETED,CLICK_COLLECT,21.97
ORD0003690,CUST000743,STOR0038,ONLINE,2025-11-25 07:49:00,COMPLETED,STANDARD,5.24
ORD0003691,CUST000862,STOR0038,B2B,2025-06-03 11:43:00,COMPLETED,STANDARD,2.89
ORD0003692,CUST000064,STOR0006,STORE,2025-05-27 09:25:00,COMPLETED,EXPRESS,4.64
ORD0003693,CUST000357,STOR0052,B2B,2025-12-09 13:10:00,COMPLETED,CLICK_COLLECT,14.18
ORD0003694,CUST000566,STOR0009,B2B,2025-05-25 12:47:00,CANCELLED,STANDARD,5.78
ORD0003695,CUST000108,STOR0058,STORE,2025-08-11 03:18:00,COMPLETED,STANDARD,0.2
ORD0003696,CUST000920,STOR0008,MARKETPLACE,2025-09-04 02:44:00,COMPLETED,EXPRESS,23.03
ORD0003697,CUST000226,STOR0039,MARKETPLACE,2025-07-09 01:21:00,COMPLETED,CLICK_COLLECT,1.84
ORD0003698,CUST000012,STOR0054,MARKETPLACE,2025-12-21 22:00:00,CANCELLED,EXPRESS,19.95
ORD0003699,CUST000323,STOR0052,B2B,2025-07-04 20:22:00,COMPLETED,EXPRESS,14.95
ORD0003700,CUST000886,STOR0016,MARKETPLACE,2025-05-28 15:51:00,COMPLETED,EXPRESS,2.74
ORD0003701,CUST000381,STOR0052,B2B,2025-10-19 00:09:00,CANCELLED,STANDARD,1.36
ORD0003702,CUST000868,STOR0002,STORE,2025-08-20 10:47:00,COMPLETED,CLICK_COLLECT,4.19
ORD0003703,CUST000913,STOR0029,B2B,2025-06-24 11:56:00,COMPLETED,STANDARD,16.61
ORD0003704,CUST000965,STOR0006,B2B,2025-10-01 01:23:00,COMPLETED,STANDARD,3.78
ORD0003705,CUST001011,STOR0045,MARKETPLACE,2025-11-04 15:55:00,COMPLETED,EXPRESS,24.63
ORD0003706,CUST001071,STOR0040,ONLINE,2025-07-25 16:29:00,CANCELLED,CLICK_COLLECT,13.85
ORD0003707,CUST000217,STOR0021,ONLINE,2025-07-08 03:30:00,COMPLETED,STANDARD,6.45
ORD0003708,CUST000322,STOR0019,MARKETPLACE,2025-11-07 08:07:00,COMPLETED,EXPRESS,24.15
ORD0003709,CUST000418,STOR0029,ONLINE,2025-08-26 06:04:00,CANCELLED,CLICK_COLLECT,6.59
ORD0003710,CUST000840,STOR0026,MARKETPLACE,2025-09-29 00:43:00,COMPLETED,EXPRESS,16.37
ORD0003711,CUST000011,STOR0013,MARKETPLACE,2025-09-21 11:30:00,COMPLETED,STANDARD,16.24
ORD0003712,CUST001010,STOR0026,ONLINE,2025-11-25 02:59:00,CANCELLED,STANDARD,9.67
ORD0003713,CUST000076,STOR0008,ONLINE,2025-06-27 20:56:00,COMPLETED,EXPRESS,5.33
ORD0003714,CUST001070,STOR0041,ONLINE,2025-07-01 02:42:00,CANCELLED,STANDARD,0.74
ORD0003715,CUST000780,STOR0023,B2B,2025-07-07 10:30:00,COMPLETED,STANDARD,0.77
ORD0003716,CUST000650,STOR0019,STORE,2025-09-28 02:42:00,CANCELLED,CLICK_COLLECT,1.43
ORD0003717,CUST000305,STOR0055,MARKETPLACE,2025-12-20 14:35:00,COMPLETED,STANDARD,10.53
ORD0003718,CUST000354,STOR0020,ONLINE,2025-07-16 06:17:00,COMPLETED,EXPRESS,21.96
ORD0003719,CUST000598,STOR0043,B2B,2025-09-04 10:56:00,CANCELLED,STANDARD,6.87
ORD0003720,CUST000260,STOR0015,ONLINE,2025-11-14 16:09:00,CANCELLED,EXPRESS,3.16
ORD0003721,CUST001047,STOR0017,B2B,2025-05-24 02:27:00,COMPLETED,STANDARD,12.96
ORD0003722,CUST000693,STOR0040,STORE,2025-10-05 11:06:00,COMPLETED,EXPRESS,22.98
ORD0003723,CUST000301,STOR0005,B2B,2025-08-22 12:20:00,COMPLETED,EXPRESS,6.43
ORD0003724,CUST000888,STOR0049,MARKETPLACE,2025-06-23 07:06:00,PENDING,EXPRESS,0.24
ORD0003725,CUST000590,STOR0007,ONLINE,2025-05-14 10:41:00,COMPLETED,EXPRESS,24.51
ORD0003726,CUST000459,STOR0042,MARKETPLACE,2025-12-29 20:06:00,CANCELLED,CLICK_COLLECT,22.12
ORD0003727,CUST000025,STOR0032,ONLINE,2025-07-06 20:06:00,CANCELLED,CLICK_COLLECT,10.71
ORD0003728,CUST000658,STOR0029,B2B,2025-12-05 21:47:00,COMPLETED,STANDARD,13.94
ORD0003729,CUST000029,STOR0018,ONLINE,2025-11-18 16:14:00,COMPLETED,CLICK_COLLECT,21.47
ORD0003730,CUST001001,STOR0020,B2B,2025-07-16 20:18:00,COMPLETED,STANDARD,6.69
ORD0003731,CUST000961,STOR0016,B2B,2025-07-02 11:41:00,PENDING,EXPRESS,0.86
ORD0003732,CUST000738,STOR0010,MARKETPLACE,2025-10-23 13:32:00,COMPLETED,STANDARD,16.64
ORD0003733,CUST000655,STOR0004,MARKETPLACE,2025-12-07 22:30:00,COMPLETED,CLICK_COLLECT,5.36
ORD0003734,CUST000237,STOR0034,MARKETPLACE,2025-05-10 02:58:00,PENDING,EXPRESS,13.93
ORD0003735,CUST000037,STOR0048,MARKETPLACE,2025-10-31 14:17:00,COMPLETED,CLICK_COLLECT,0.53
ORD0003736,CUST000067,STOR0039,MARKETPLACE,2025-11-07 21:22:00,CANCELLED,CLICK_COLLECT,3.83
ORD0003737,CUST000916,STOR0047,STORE,2025-05-23 16:17:00,CANCELLED,EXPRESS,12.63
ORD0003738,CUST000353,STOR0019,ONLINE,2025-08-15 06:47:00,CANCELLED,CLICK_COLLECT,2.37
ORD0003739,CUST000552,STOR0003,B2B,2025-10-05 11:55:00,COMPLETED,CLICK_COLLECT,12.2
ORD0003740,CUST001046,STOR0035,ONLINE,2025-10-18 19:01:00,CANCELLED,CLICK_COLLECT,19.98
ORD0003741,CUST000242,STOR0030,MARKETPLACE,2025-05-28 03:09:00,PENDING,STANDARD,21.95
ORD0003742,CUST000495,STOR0006,STORE,2025-06-13 05:13:00,COMPLETED,EXPRESS,12.15
ORD0003743,CUST000439,STOR0034,MARKETPLACE,2025-06-10 11:00:00,CANCELLED,STANDARD,10.62
ORD0003744,CUST000238,STOR0017,ONLINE,2025-10-29 14:44:00,COMPLETED,EXPRESS,19.78
ORD0003745,CUST001013,STOR0013,STORE,2025-09-10 20:45:00,COMPLETED,EXPRESS,16.26
ORD0003746,CUST000521,STOR0012,ONLINE,2025-07-04 22:31:00,COMPLETED,CLICK_COLLECT,3.78
ORD0003747,CUST000072,STOR0029,STORE,2025-10-08 08:11:00,CANCELLED,EXPRESS,2.8
ORD0003748,CUST000135,STOR0040,MARKETPLACE,2025-10-19 16:29:00,COMPLETED,EXPRESS,1.26
ORD0003749,CUST001161,STOR0009,MARKETPLACE,2025-12-12 21:21:00,COMPLETED,CLICK_COLLECT,20.17
ORD0003750,CUST000736,STOR0045,B2B,2025-05-06 18:23:00,CANCELLED,CLICK_COLLECT,20.02
ORD0003751,CUST000810,STOR0019,STORE,2025-11-02 19:14:00,CANCELLED,STANDARD,11.51
ORD0003752,CUST000456,STOR0034,ONLINE,2025-08-03 14:09:00,CANCELLED,CLICK_COLLECT,19.62
ORD0003753,CUST000305,STOR0006,STORE,2025-05-24 04:37:00,COMPLETED,STANDARD,2.55
ORD0003754,CUST000491,STOR0042,STORE,2025-12-19 20:04:00,COMPLETED,STANDARD,0.73
ORD0003755,CUST000091,STOR0012,MARKETPLACE,2025-07-29 06:23:00,CANCELLED,CLICK_COLLECT,6.97
ORD0003756,CUST000213,STOR0011,STORE,2025-09-17 09:45:00,COMPLETED,CLICK_COLLECT,3.15
ORD0003757,CUST000069,STOR0036,B2B,2025-07-03 05:58:00,COMPLETED,CLICK_COLLECT,18.82
ORD0003758,CUST000972,STOR0004,MARKETPLACE,2025-12-18 22:55:00,COMPLETED,CLICK_COLLECT,20.77
ORD0003759,CUST000025,STOR0034,MARKETPLACE,2025-06-01 07:30:00,PENDING,EXPRESS,23.97
ORD0003760,CUST000348,STOR0008,STORE,2025-06-27 15:39:00,COMPLETED,EXPRESS,20.39
ORD0003761,CUST000288,STOR0025,ONLINE,2025-11-11 17:11:00,PENDING,STANDARD,15.43
ORD0003762,CUST000915,STOR0005,MARKETPLACE,2025-11-29 19:13:00,COMPLETED,CLICK_COLLECT,5.8
ORD0003763,CUST001113,STOR0020,MARKETPLACE,2025-12-28 14:53:00,PENDING,CLICK_COLLECT,13.98
ORD0003764,CUST000007,STOR0013,B2B,2025-11-19 07:34:00,COMPLETED,CLICK_COLLECT,10.94
ORD0003765,CUST000253,STOR0007,STORE,2025-11-11 07:34:00,COMPLETED,EXPRESS,1.53
ORD0003766,CUST000811,STOR0011,MARKETPLACE,2025-07-09 18:17:00,COMPLETED,EXPRESS,7.71
ORD0003767,CUST000032,STOR0001,MARKETPLACE,2025-08-26 15:56:00,COMPLETED,EXPRESS,8.05
ORD0003768,CUST000419,STOR0059,MARKETPLACE,2025-09-12 16:08:00,PENDING,CLICK_COLLECT,2.53
ORD0003769,CUST001138,STOR0052,STORE,2025-06-06 16:01:00,PENDING,CLICK_COLLECT,18.65
ORD0003770,CUST000280,STOR0047,MARKETPLACE,2025-09-15 10:03:00,CANCELLED,EXPRESS,14.79
ORD0003771,CUST001056,STOR0032,MARKETPLACE,2025-09-24 05:21:00,COMPLETED,EXPRESS,1.75
ORD0003772,CUST000604,STOR0007,MARKETPLACE,2025-08-09 13:49:00,COMPLETED,STANDARD,18.59
ORD0003773,CUST000842,STOR0027,B2B,2025-08-28 00:24:00,COMPLETED,CLICK_COLLECT,22.25
ORD0003774,CUST000478,STOR0006,ONLINE,2025-10-31 12:13:00,PENDING,STANDARD,17.97
ORD0003775,CUST000681,STOR0022,STORE,2025-10-31 02:06:00,COMPLETED,CLICK_COLLECT,6.12
ORD0003776,CUST000390,STOR0017,ONLINE,2025-06-27 23:07:00,COMPLETED,EXPRESS,12.32
ORD0003777,CUST000441,STOR0032,STORE,2025-05-25 14:00:00,COMPLETED,EXPRESS,2.44
ORD0003778,CUST000105,STOR0058,ONLINE,2025-09-20 18:08:00,COMPLETED,EXPRESS,12.93
ORD0003779,CUST000198,STOR0026,STORE,2025-05-17 15:09:00,COMPLETED,EXPRESS,24.34
ORD0003780,CUST000884,STOR0036,MARKETPLACE,2025-07-21 04:19:00,CANCELLED,STANDARD,3.69
ORD0003781,CUST000870,STOR0022,STORE,2025-12-17 10:03:00,PENDING,CLICK_COLLECT,15.15
ORD0003782,CUST000449,STOR0025,B2B,2025-07-30 22:57:00,PENDING,CLICK_COLLECT,2.99
ORD0003783,CUST000071,STOR0040,MARKETPLACE,2025-05-12 14:10:00,CANCELLED,CLICK_COLLECT,20.32
ORD0003784,CUST000480,STOR0021,MARKETPLACE,2025-10-07 00:54:00,COMPLETED,CLICK_COLLECT,2.47
ORD0003785,CUST000539,STOR0018,MARKETPLACE,2025-10-07 13:34:00,CANCELLED,EXPRESS,23.79
ORD0003786,CUST001104,STOR0050,ONLINE,2025-08-28 23:44:00,CANCELLED,EXPRESS,7.36
ORD0003787,CUST000534,STOR0004,MARKETPLACE,2025-06-22 01:20:00,COMPLETED,EXPRESS,23.08
ORD0003788,CUST000992,STOR0052,MARKETPLACE,2025-10-23 10:26:00,COMPLETED,CLICK_COLLECT,19.68
ORD0003789,CUST000807,STOR0042,B2B,2025-05-18 03:46:00,COMPLETED,CLICK_COLLECT,18.41
ORD0003790,CUST000050,STOR0005,STORE,2025-10-26 07:02:00,COMPLETED,CLICK_COLLECT,1.96
ORD0003791,CUST001104,STOR0004,B2B,2025-12-15 01:22:00,CANCELLED,STANDARD,14.27
ORD0003792,CUST000557,STOR0028,MARKETPLACE,2025-12-07 08:50:00,COMPLETED,CLICK_COLLECT,6.43
ORD0003793,CUST000602,STOR0003,ONLINE,2025-05-18 00:02:00,COMPLETED,CLICK_COLLECT,10.31
ORD0003794,CUST000947,STOR0025,STORE,2025-12-09 11:16:00,COMPLETED,CLICK_COLLECT,24.19
ORD0003795,CUST000349,STOR0024,B2B,2025-11-29 14:22:00,COMPLETED,EXPRESS,24.84
ORD0003796,CUST000291,STOR0056,MARKETPLACE,2025-09-24 18:38:00,CANCELLED,EXPRESS,3.36
ORD0003797,CUST000171,STOR0013,ONLINE,2025-08-27 13:03:00,CANCELLED,CLICK_COLLECT,8.29
ORD0003798,CUST999999,STOR0011,ONLINE,2025-05-26 02:32:00,CANCELLED,EXPRESS,4.42
ORD0003799,CUST001141,STOR0044,ONLINE,2025-10-21 11:03:00,COMPLETED,CLICK_COLLECT,8.25
ORD0003800,CUST000223,STOR0022,ONLINE,2025-05-11 09:15:00,CANCELLED,STANDARD,19.4
ORD0003801,CUST000887,STOR0044,MARKETPLACE,2025-07-10 02:40:00,CANCELLED,EXPRESS,21.42
ORD0003802,CUST000387,STOR0053,ONLINE,2025-11-06 21:24:00,COMPLETED,CLICK_COLLECT,24.06
ORD0003803,CUST000507,STOR0008,B2B,2025-07-03 05:44:00,CANCELLED,EXPRESS,1.45
ORD0003804,CUST000205,STOR0027,MARKETPLACE,2025-08-06 09:24:00,COMPLETED,EXPRESS,9.49
ORD0003805,CUST001035,STOR0039,STORE,2025-08-21 09:23:00,COMPLETED,CLICK_COLLECT,7.71
ORD0003806,CUST000380,STOR0033,ONLINE,2025-10-23 17:14:00,COMPLETED,STANDARD,21.6
ORD0003807,CUST000572,STOR0050,B2B,2025-10-14 04:17:00,PENDING,CLICK_COLLECT,3.93
ORD0003808,CUST000665,STOR0037,ONLINE,2025-10-01 14:47:00,COMPLETED,EXPRESS,24.29
ORD0003809,CUST000041,STOR0057,ONLINE,2025-12-24 18:19:00,PENDING,CLICK_COLLECT,7.74
ORD0003810,CUST000830,STOR0016,STORE,2025-07-31 17:16:00,COMPLETED,CLICK_COLLECT,18.54
ORD0003811,CUST001148,STOR0002,B2B,2025-11-26 16:31:00,COMPLETED,EXPRESS,9.93
ORD0003812,CUST000978,STOR0027,MARKETPLACE,2025-10-16 21:51:00,PENDING,EXPRESS,23.13
ORD0003813,CUST000659,STOR0016,MARKETPLACE,2025-08-29 16:02:00,COMPLETED,EXPRESS,2.79
ORD0003814,CUST000252,STOR0028,STORE,2025-05-31 17:29:00,PENDING,CLICK_COLLECT,11.16
ORD0003815,CUST000938,STOR0028,B2B,2025-08-27 13:51:00,CANCELLED,STANDARD,17.3
ORD0003816,CUST000389,STOR0058,MARKETPLACE,2025-05-26 18:07:00,COMPLETED,EXPRESS,20.97
ORD0003817,CUST000432,STOR0008,B2B,2025-06-07 10:36:00,CANCELLED,CLICK_COLLECT,12.41
ORD0003818,CUST000728,STOR0027,B2B,2025-12-29 00:33:00,COMPLETED,CLICK_COLLECT,2.92
ORD0003819,CUST000894,STOR0047,STORE,2025-10-13 11:54:00,PENDING,CLICK_COLLECT,16.77
ORD0003820,CUST000621,STOR0055,MARKETPLACE,2025-08-20 15:02:00,CANCELLED,EXPRESS,24.15
ORD0003821,CUST000070,STOR0023,B2B,2025-12-26 03:17:00,CANCELLED,STANDARD,3.37
ORD0003822,CUST000176,STOR0024,MARKETPLACE,2025-08-07 23:01:00,COMPLETED,EXPRESS,15.44
ORD0003823,CUST001103,STOR0021,B2B,2025-05-15 20:53:00,COMPLETED,STANDARD,9.26
ORD0003824,CUST000530,STOR0059,MARKETPLACE,2025-10-14 06:31:00,PENDING,EXPRESS,8.92
ORD0003825,CUST000970,STOR0025,B2B,2025-11-09 10:45:00,COMPLETED,STANDARD,20.7
ORD0003826,CUST000007,STOR0046,MARKETPLACE,2025-10-29 08:11:00,COMPLETED,CLICK_COLLECT,22.46
ORD0003827,CUST000921,STOR0011,B2B,2025-06-30 00:43:00,CANCELLED,STANDARD,13.2
ORD0003828,CUST000293,STOR0031,B2B,2025-11-02 22:49:00,PENDING,EXPRESS,16.81
ORD0003829,CUST000124,STOR0046,MARKETPLACE,2025-12-17 17:31:00,COMPLETED,CLICK_COLLECT,22.04
ORD0003830,CUST000481,STOR0027,B2B,2025-08-23 12:01:00,PENDING,CLICK_COLLECT,0.78
ORD0003831,CUST000952,STOR0028,MARKETPLACE,2025-10-15 05:49:00,COMPLETED,CLICK_COLLECT,4.31
ORD0003832,CUST000585,STOR0013,MARKETPLACE,2025-12-23 19:52:00,COMPLETED,STANDARD,24.01
ORD0003833,CUST000211,STOR0028,MARKETPLACE,2025-10-07 12:51:00,COMPLETED,EXPRESS,12.39
ORD0003834,CUST001077,STOR0017,STORE,2025-11-21 14:43:00,COMPLETED,EXPRESS,2.65
ORD0003835,CUST000229,STOR0025,STORE,2025-07-18 18:04:00,CANCELLED,CLICK_COLLECT,8.34
ORD0003836,CUST000356,STOR0022,STORE,2025-12-10 21:30:00,COMPLETED,STANDARD,2.48
ORD0003837,CUST000875,STOR0040,B2B,2025-10-08 02:22:00,PENDING,STANDARD,12.01
ORD0003838,CUST000110,STOR0031,ONLINE,2025-09-13 04:13:00,COMPLETED,CLICK_COLLECT,1.58
ORD0003839,CUST001187,STOR0002,STORE,2025-06-30 23:19:00,COMPLETED,EXPRESS,7.49
ORD0003840,CUST000360,STOR0049,MARKETPLACE,2025-06-20 13:36:00,PENDING,EXPRESS,2.44
ORD0003841,CUST000777,STOR0044,MARKETPLACE,2025-05-06 02:44:00,PENDING,CLICK_COLLECT,2.95
ORD0003842,CUST001173,STOR0055,MARKETPLACE,2025-10-18 22:11:00,CANCELLED,EXPRESS,0.99
ORD0003843,CUST000319,STOR0036,B2B,2025-05-23 03:34:00,PENDING,STANDARD,6.58
ORD0003844,CUST000715,STOR0007,ONLINE,2025-12-26 11:37:00,COMPLETED,STANDARD,20.24
ORD0003845,CUST000122,STOR0024,B2B,2025-12-03 07:36:00,CANCELLED,CLICK_COLLECT,10.82
ORD0003846,CUST000445,STOR0037,MARKETPLACE,2025-10-01 08:09:00,COMPLETED,CLICK_COLLECT,16.89
ORD0003847,CUST000588,STOR0057,STORE,2025-11-06 15:22:00,PENDING,CLICK_COLLECT,7.5
ORD0003848,CUST000982,STOR0016,MARKETPLACE,2025-07-07 15:46:00,PENDING,CLICK_COLLECT,19.45
ORD0003849,CUST000020,STOR0053,STORE,2025-05-19 23:15:00,CANCELLED,EXPRESS,19.76
ORD0003850,CUST001179,STOR0014,ONLINE,2025-10-28 02:29:00,CANCELLED,STANDARD,8.94
ORD0003851,CUST000406,STOR0011,B2B,2025-12-07 10:22:00,CANCELLED,CLICK_COLLECT,15.16
ORD0003852,CUST000626,STOR0044,STORE,2025-07-16 20:40:00,CANCELLED,STANDARD,9.86
ORD0003853,CUST000999,STOR0038,STORE,2025-09-25 22:29:00,PENDING,CLICK_COLLECT,13.16
ORD0003854,CUST000163,STOR0052,STORE,2025-12-05 08:55:00,PENDING,EXPRESS,11.06
ORD0003855,CUST000527,STOR0032,B2B,2025-09-12 15:30:00,PENDING,STANDARD,1.3
ORD0003856,CUST000339,STOR0039,B2B,2025-05-10 14:24:00,PENDING,EXPRESS,7.84
ORD0003857,CUST000206,STOR0048,MARKETPLACE,2025-12-05 23:18:00,CANCELLED,STANDARD,1.86
ORD0003858,CUST000038,STOR0019,ONLINE,2025-09-14 01:09:00,COMPLETED,STANDARD,17.61
ORD0003859,CUST000210,STOR0037,ONLINE,2025-05-08 14:51:00,COMPLETED,CLICK_COLLECT,19.39
ORD0003860,CUST000509,STOR0030,ONLINE,2025-07-16 07:50:00,COMPLETED,EXPRESS,9.11
ORD0003861,CUST000811,STOR0015,MARKETPLACE,2025-09-18 03:18:00,COMPLETED,STANDARD,1.97
ORD0003862,CUST000130,STOR0043,ONLINE,2025-06-28 11:13:00,COMPLETED,STANDARD,17.98
ORD0003863,CUST000811,STOR0029,STORE,2025-09-13 09:23:00,COMPLETED,STANDARD,11.93
ORD0003864,CUST000135,STOR0043,B2B,2025-10-30 01:46:00,COMPLETED,CLICK_COLLECT,4.76
ORD0003865,CUST000850,STOR0002,B2B,2025-12-23 14:23:00,COMPLETED,STANDARD,4.62
ORD0003866,CUST000912,STOR0014,B2B,2025-06-01 22:59:00,COMPLETED,STANDARD,20.85
ORD0003867,CUST000091,STOR0006,ONLINE,2025-09-06 20:42:00,COMPLETED,CLICK_COLLECT,22.03
ORD0003868,CUST000848,STOR0011,ONLINE,2025-07-19 18:10:00,PENDING,CLICK_COLLECT,21.32
ORD0003869,CUST000535,STOR0001,ONLINE,2025-12-27 05:46:00,CANCELLED,STANDARD,5.22
ORD0003870,CUST000874,STOR0060,B2B,2025-08-11 10:17:00,COMPLETED,STANDARD,22.89
ORD0003871,CUST000512,STOR0022,ONLINE,2025-07-25 02:17:00,COMPLETED,EXPRESS,2.09
ORD0003872,CUST000064,STOR0051,ONLINE,2025-12-04 17:45:00,COMPLETED,EXPRESS,1.31
ORD0003873,CUST000497,STOR0060,ONLINE,2025-12-20 10:47:00,COMPLETED,CLICK_COLLECT,23.59
ORD0003874,CUST000120,STOR0054,STORE,2025-10-09 20:26:00,CANCELLED,EXPRESS,15.01
ORD0003875,CUST000562,STOR0051,B2B,2025-06-23 22:55:00,CANCELLED,CLICK_COLLECT,10.93
ORD0003876,CUST001029,STOR0054,MARKETPLACE,2025-05-18 10:16:00,CANCELLED,STANDARD,7.92
ORD0003877,CUST000560,STOR0011,STORE,2025-08-03 00:53:00,COMPLETED,EXPRESS,21.62
ORD0003878,CUST000540,STOR0043,B2B,2025-11-15 01:24:00,COMPLETED,CLICK_COLLECT,19.0
ORD0003879,CUST000217,STOR0048,STORE,2025-07-31 08:56:00,CANCELLED,EXPRESS,2.73
ORD0003880,CUST001143,STOR0053,ONLINE,2025-06-04 09:35:00,CANCELLED,STANDARD,9.23
ORD0003881,CUST001163,STOR0032,MARKETPLACE,2025-09-25 00:04:00,COMPLETED,EXPRESS,1.05
ORD0003882,CUST001124,STOR0025,MARKETPLACE,2025-06-18 12:31:00,COMPLETED,EXPRESS,6.77
ORD0003883,CUST000613,STOR0058,MARKETPLACE,2025-07-19 02:57:00,COMPLETED,CLICK_COLLECT,24.32
ORD0003884,CUST000829,STOR0032,ONLINE,2025-07-11 04:47:00,PENDING,CLICK_COLLECT,1.51
ORD0003885,CUST000673,STOR0053,ONLINE,2025-08-02 01:04:00,COMPLETED,EXPRESS,16.73
ORD0003886,CUST000363,STOR0027,MARKETPLACE,2025-10-21 13:49:00,PENDING,EXPRESS,1.08
ORD0003887,CUST000842,STOR0047,ONLINE,2025-06-11 08:04:00,COMPLETED,STANDARD,21.85
ORD0003888,CUST000783,STOR0043,ONLINE,2025-12-29 00:28:00,CANCELLED,CLICK_COLLECT,0.27
ORD0003889,CUST000543,STOR0015,B2B,2025-08-23 17:04:00,COMPLETED,CLICK_COLLECT,11.81
ORD0003890,CUST000958,STOR0026,B2B,2025-10-24 07:38:00,COMPLETED,CLICK_COLLECT,1.18
ORD0003891,CUST000941,STOR0051,ONLINE,2025-07-09 03:55:00,COMPLETED,STANDARD,0.73
ORD0003892,CUST000165,STOR0045,B2B,2025-09-09 13:00:00,COMPLETED,STANDARD,17.76
ORD0003893,CUST000920,STOR0059,B2B,2025-09-20 00:00:00,PENDING,EXPRESS,4.48
ORD0003894,CUST000936,STOR0028,ONLINE,2025-07-17 11:23:00,PENDING,CLICK_COLLECT,10.7
ORD0003895,CUST000094,STOR0028,B2B,2025-09-06 15:51:00,CANCELLED,STANDARD,17.2
ORD0003896,CUST000363,STOR0036,STORE,2025-10-07 23:10:00,COMPLETED,CLICK_COLLECT,21.6
ORD0003897,CUST000310,STOR0008,MARKETPLACE,2025-07-11 06:00:00,COMPLETED,EXPRESS,23.8
ORD0003898,CUST000994,STOR0035,STORE,2025-11-12 11:39:00,COMPLETED,EXPRESS,23.84
ORD0003899,CUST000112,STOR0058,ONLINE,2025-09-01 08:50:00,COMPLETED,CLICK_COLLECT,19.26
ORD0003900,CUST000549,STOR0052,MARKETPLACE,2025-08-02 18:37:00,CANCELLED,CLICK_COLLECT,21.96
ORD0003901,CUST001093,STOR0056,ONLINE,2025-08-14 18:47:00,COMPLETED,STANDARD,16.78
ORD0003902,CUST000830,STOR0052,STORE,2025-06-17 10:48:00,COMPLETED,CLICK_COLLECT,5.4
ORD0003903,CUST001146,STOR0035,ONLINE,2025-05-30 23:00:00,COMPLETED,EXPRESS,12.27
ORD0003904,CUST000144,STOR0055,B2B,2025-10-21 01:50:00,COMPLETED,CLICK_COLLECT,1.18
ORD0003905,CUST000494,STOR0030,ONLINE,2025-10-20 12:45:00,COMPLETED,EXPRESS,23.18
ORD0003906,CUST000217,STOR0021,ONLINE,2025-10-11 11:56:00,CANCELLED,EXPRESS,22.48
ORD0003907,CUST000847,STOR0010,B2B,2025-11-14 02:27:00,COMPLETED,CLICK_COLLECT,21.49
ORD0003908,CUST000791,STOR0055,ONLINE,2025-12-28 23:12:00,COMPLETED,EXPRESS,6.09
ORD0003909,CUST001000,STOR0013,STORE,2025-12-12 12:32:00,COMPLETED,CLICK_COLLECT,3.7
ORD0003910,CUST000095,STOR0052,ONLINE,2025-07-28 08:23:00,CANCELLED,CLICK_COLLECT,6.71
ORD0003911,CUST000949,STOR0053,STORE,2025-10-09 14:35:00,PENDING,EXPRESS,22.78
ORD0003912,CUST000410,STOR0041,MARKETPLACE,2025-12-01 17:58:00,COMPLETED,STANDARD,24.56
ORD0003913,CUST000798,STOR0021,MARKETPLACE,2025-10-16 00:27:00,PENDING,EXPRESS,24.81
ORD0003914,CUST001155,STOR0015,ONLINE,2025-07-06 22:48:00,COMPLETED,EXPRESS,10.76
ORD0003915,CUST000642,STOR0054,B2B,2025-07-02 22:51:00,COMPLETED,CLICK_COLLECT,13.34
ORD0003916,CUST000079,STOR0025,MARKETPLACE,2025-10-31 20:31:00,PENDING,CLICK_COLLECT,6.12
ORD0003917,CUST000011,STOR0019,MARKETPLACE,2025-08-09 19:50:00,CANCELLED,CLICK_COLLECT,24.44
ORD0003918,CUST001136,STOR0053,STORE,2025-10-15 10:47:00,COMPLETED,EXPRESS,11.75
ORD0003919,CUST001085,STOR0037,ONLINE,2025-06-07 15:41:00,COMPLETED,EXPRESS,10.64
ORD0003920,CUST000009,STOR0044,ONLINE,2025-08-08 03:12:00,COMPLETED,CLICK_COLLECT,19.88
ORD0003921,CUST001118,STOR0060,MARKETPLACE,2025-12-21 03:57:00,CANCELLED,EXPRESS,7.47
ORD0003922,CUST000001,STOR0035,MARKETPLACE,2025-06-28 17:32:00,COMPLETED,EXPRESS,7.69
ORD0003923,CUST000338,STOR0033,MARKETPLACE,2025-08-11 05:32:00,COMPLETED,EXPRESS,4.09
ORD0003924,CUST000027,STOR0024,STORE,2025-07-25 07:11:00,PENDING,EXPRESS,1.82
ORD0003925,CUST000115,STOR0008,STORE,2025-12-07 11:57:00,COMPLETED,STANDARD,6.32
ORD0003926,CUST000897,STOR0036,B2B,2025-05-26 02:51:00,COMPLETED,STANDARD,17.99
ORD0003927,CUST000247,STOR0057,MARKETPLACE,2025-06-06 06:55:00,COMPLETED,CLICK_COLLECT,0.61
ORD0003928,CUST000593,STOR0007,STORE,2025-11-13 02:52:00,COMPLETED,CLICK_COLLECT,23.41
ORD0003929,CUST000086,STOR0018,MARKETPLACE,2025-05-06 15:16:00,COMPLETED,EXPRESS,10.7
ORD0003930,CUST000316,STOR0031,B2B,2025-10-07 06:13:00,PENDING,STANDARD,19.61
ORD0003931,CUST001196,STOR0017,B2B,2025-08-11 17:36:00,COMPLETED,CLICK_COLLECT,11.64
ORD0003932,CUST001162,STOR0060,STORE,2025-10-09 06:02:00,COMPLETED,STANDARD,21.27
ORD0003933,CUST000105,STOR0024,B2B,2025-10-07 01:24:00,COMPLETED,EXPRESS,20.28
ORD0003934,CUST000618,STOR0054,ONLINE,2025-08-26 02:09:00,COMPLETED,EXPRESS,5.13
ORD0003935,CUST000178,STOR0009,MARKETPLACE,2025-12-08 09:39:00,PENDING,STANDARD,14.19
ORD0003936,CUST001185,STOR0019,STORE,2025-12-20 13:24:00,CANCELLED,EXPRESS,5.19
ORD0003937,CUST000400,STOR0006,MARKETPLACE,2025-08-23 11:43:00,COMPLETED,CLICK_COLLECT,24.23
ORD0003938,CUST000862,STOR0036,ONLINE,2025-11-24 08:23:00,COMPLETED,STANDARD,18.85
ORD0003939,CUST000602,STOR0025,STORE,2025-10-02 10:06:00,COMPLETED,CLICK_COLLECT,11.19
ORD0003940,CUST000842,STOR0050,STORE,2025-09-23 18:30:00,COMPLETED,CLICK_COLLECT,18.99
ORD0003941,CUST000576,STOR0010,STORE,2025-06-07 06:00:00,COMPLETED,STANDARD,17.29
ORD0003942,CUST000491,STOR0007,B2B,2025-09-17 20:48:00,COMPLETED,STANDARD,8.11
ORD0003943,CUST000315,STOR0032,ONLINE,2025-10-09 23:45:00,COMPLETED,STANDARD,0.61
ORD0003944,CUST001119,STOR0059,B2B,2025-07-24 07:49:00,CANCELLED,EXPRESS,12.88
ORD0003945,CUST001024,STOR0042,STORE,2025-09-02 01:51:00,CANCELLED,STANDARD,18.46
ORD0003946,CUST001037,STOR0039,B2B,2025-09-01 10:30:00,CANCELLED,STANDARD,10.33
ORD0003947,CUST000995,STOR0013,ONLINE,2025-05-13 11:13:00,PENDING,CLICK_COLLECT,24.4
ORD0003948,CUST000089,STOR0037,B2B,2025-06-12 06:12:00,COMPLETED,STANDARD,15.22
ORD0003949,CUST000604,STOR0030,B2B,2025-10-01 17:10:00,COMPLETED,CLICK_COLLECT,17.19
ORD0003950,CUST000812,STOR0009,ONLINE,2025-08-06 03:33:00,COMPLETED,CLICK_COLLECT,12.68
ORD0003951,CUST000848,STOR0054,STORE,2025-10-13 20:53:00,CANCELLED,EXPRESS,13.19
ORD0003952,CUST000140,STOR0057,B2B,2025-10-28 05:32:00,PENDING,CLICK_COLLECT,9.68
ORD0003953,CUST000818,STOR0055,ONLINE,2025-05-09 12:49:00,COMPLETED,EXPRESS,14.7
ORD0003954,CUST000335,STOR0024,STORE,2025-07-24 23:55:00,PENDING,CLICK_COLLECT,6.66
ORD0003955,CUST000048,STOR0028,ONLINE,2025-07-27 16:59:00,CANCELLED,CLICK_COLLECT,3.35
ORD0003956,CUST000935,STOR0039,B2B,2025-10-14 09:06:00,COMPLETED,STANDARD,3.08
ORD0003957,CUST000435,STOR0017,ONLINE,2025-09-25 01:33:00,PENDING,CLICK_COLLECT,22.85
ORD0003958,CUST000528,STOR0059,B2B,2025-08-02 23:16:00,PENDING,CLICK_COLLECT,1.11
ORD0003959,CUST001094,STOR0016,STORE,2025-12-01 08:57:00,COMPLETED,EXPRESS,22.5
ORD0003960,CUST000938,STOR0059,STORE,2025-07-26 17:24:00,CANCELLED,STANDARD,4.57
ORD0003961,CUST001033,STOR0045,ONLINE,2025-06-30 02:42:00,CANCELLED,CLICK_COLLECT,10.56
ORD0003962,CUST000115,STOR0021,B2B,2025-11-08 13:19:00,COMPLETED,STANDARD,16.01
ORD0003963,CUST001139,STOR0001,STORE,2025-09-18 15:46:00,CANCELLED,CLICK_COLLECT,4.32
ORD0003964,CUST000494,STOR0029,ONLINE,2025-10-17 10:45:00,COMPLETED,EXPRESS,18.37
ORD0003965,CUST001017,STOR0002,MARKETPLACE,2025-12-15 16:33:00,COMPLETED,EXPRESS,19.66
ORD0003966,CUST000202,STOR0016,B2B,2025-07-26 15:34:00,COMPLETED,CLICK_COLLECT,1.95
ORD0003967,CUST000979,STOR0043,MARKETPLACE,2025-12-01 05:07:00,CANCELLED,STANDARD,6.75
ORD0003968,CUST000517,STOR0016,STORE,2025-10-05 19:17:00,COMPLETED,EXPRESS,24.4
ORD0003969,CUST000080,STOR0023,B2B,2025-06-15 14:14:00,CANCELLED,EXPRESS,3.37
ORD0003970,CUST000029,STOR0059,B2B,2025-09-18 09:52:00,PENDING,EXPRESS,17.87
ORD0003971,CUST000028,STOR0049,ONLINE,2025-08-16 08:57:00,COMPLETED,EXPRESS,11.23
ORD0003972,CUST000240,STOR0039,B2B,2025-08-18 12:08:00,PENDING,CLICK_COLLECT,7.92
ORD0003973,CUST000257,STOR0021,MARKETPLACE,2025-08-23 10:40:00,COMPLETED,STANDARD,6.58
ORD0003974,CUST000931,STOR0012,STORE,2025-09-26 13:25:00,PENDING,CLICK_COLLECT,1.37
ORD0003975,CUST000861,STOR0031,MARKETPLACE,2025-09-01 05:08:00,COMPLETED,EXPRESS,16.66
ORD0003976,CUST000533,STOR0007,STORE,2025-05-31 10:49:00,PENDING,STANDARD,10.96
ORD0003977,CUST000834,STOR0043,STORE,2025-12-28 07:35:00,COMPLETED,CLICK_COLLECT,3.37
ORD0003978,CUST001075,STOR0025,STORE,2025-06-26 17:42:00,COMPLETED,EXPRESS,16.17
ORD0003979,CUST001027,STOR0048,B2B,2025-07-09 13:41:00,COMPLETED,CLICK_COLLECT,10.31
ORD0003980,CUST000465,STOR0024,B2B,2025-08-24 02:03:00,COMPLETED,EXPRESS,6.72
ORD0003981,CUST000640,STOR0013,B2B,2025-09-24 01:35:00,COMPLETED,CLICK_COLLECT,7.64
ORD0003982,CUST000841,STOR0010,B2B,2025-11-19 18:10:00,COMPLETED,CLICK_COLLECT,9.14
ORD0003983,CUST000108,STOR0047,ONLINE,2025-10-18 12:02:00,COMPLETED,EXPRESS,10.31
ORD0003984,CUST000075,STOR0038,B2B,2025-07-18 12:40:00,COMPLETED,EXPRESS,15.12
ORD0003985,CUST000172,STOR0001,ONLINE,2025-05-15 18:58:00,PENDING,STANDARD,10.74
ORD0003986,CUST000662,STOR0020,MARKETPLACE,2025-08-05 21:37:00,COMPLETED,CLICK_COLLECT,6.22
ORD0003987,CUST001063,STOR0056,MARKETPLACE,2025-05-19 03:30:00,CANCELLED,STANDARD,16.36
ORD0003988,CUST000611,STOR0056,STORE,2025-12-14 15:46:00,COMPLETED,CLICK_COLLECT,7.87
ORD0003989,CUST000697,STOR0043,B2B,2025-12-02 22:08:00,COMPLETED,STANDARD,12.48
ORD0003990,CUST000844,STOR0026,MARKETPLACE,2025-06-25 05:06:00,CANCELLED,CLICK_COLLECT,22.17
ORD0003991,CUST000122,STOR0041,B2B,2025-05-17 23:28:00,COMPLETED,STANDARD,20.34
ORD0003992,CUST000518,STOR0001,STORE,2025-05-29 06:42:00,COMPLETED,STANDARD,23.76
ORD0003993,CUST000303,STOR0030,B2B,2025-08-18 08:11:00,COMPLETED,STANDARD,7.75
ORD0003994,CUST000848,STOR0022,STORE,2025-09-30 20:19:00,CANCELLED,CLICK_COLLECT,17.15
ORD0003995,CUST000656,STOR0013,MARKETPLACE,2025-08-05 01:54:00,CANCELLED,EXPRESS,16.8
ORD0003996,CUST000843,STOR0001,STORE,2025-07-12 02:05:00,PENDING,EXPRESS,17.53
ORD0003997,CUST001126,STOR0035,B2B,2025-12-16 11:12:00,COMPLETED,EXPRESS,14.99
ORD0003998,CUST000649,STOR0037,STORE,2025-12-22 17:31:00,COMPLETED,EXPRESS,18.09
ORD0003999,CUST000662,STOR0011,STORE,2025-10-25 11:56:00,COMPLETED,STANDARD,20.15
ORD0004000,CUST000561,STOR0047,STORE,2025-05-31 12:59:00,COMPLETED,CLICK_COLLECT,6.15
ORD0004001,CUST000938,STOR0046,MARKETPLACE,2025-06-09 19:31:00,COMPLETED,CLICK_COLLECT,19.36
ORD0004002,CUST000298,STOR0038,MARKETPLACE,2025-07-03 07:49:00,COMPLETED,CLICK_COLLECT,11.41
ORD0004003,CUST000579,STOR0057,ONLINE,2025-08-23 15:44:00,COMPLETED,EXPRESS,23.58
ORD0004004,CUST000806,STOR0047,MARKETPLACE,2025-06-08 08:40:00,PENDING,EXPRESS,3.76
ORD0004005,CUST001045,STOR0014,MARKETPLACE,2025-12-14 23:51:00,COMPLETED,CLICK_COLLECT,19.88
ORD0004006,CUST000153,STOR0002,ONLINE,2025-08-18 14:40:00,PENDING,CLICK_COLLECT,11.06
ORD0004007,CUST001041,STOR0011,STORE,2025-07-19 09:11:00,COMPLETED,EXPRESS,15.9
ORD0004008,CUST001030,STOR0009,B2B,2025-06-08 03:08:00,COMPLETED,CLICK_COLLECT,8.72
ORD0004009,CUST999999,STOR0059,STORE,2025-10-07 15:49:00,COMPLETED,CLICK_COLLECT,14.8
ORD0004010,CUST000745,STOR0031,ONLINE,2025-05-06 10:41:00,COMPLETED,CLICK_COLLECT,18.58
ORD0004011,CUST000719,STOR0058,B2B,2025-07-03 08:43:00,COMPLETED,STANDARD,16.27
ORD0004012,CUST000419,STOR0059,MARKETPLACE,2025-11-19 07:18:00,COMPLETED,STANDARD,17.92
ORD0004013,CUST001053,STOR0050,ONLINE,2025-09-02 22:01:00,CANCELLED,CLICK_COLLECT,5.41
ORD0004014,CUST000674,STOR0040,MARKETPLACE,2026-01-01 23:15:00,COMPLETED,EXPRESS,23.32
ORD0004015,CUST000552,STOR0055,MARKETPLACE,2025-09-21 23:50:00,PENDING,STANDARD,18.56
ORD0004016,CUST000253,STOR0010,STORE,2025-06-28 22:46:00,COMPLETED,CLICK_COLLECT,2.52
ORD0004017,CUST000632,STOR0041,STORE,2025-05-24 05:25:00,COMPLETED,CLICK_COLLECT,12.77
ORD0004018,CUST001016,STOR0036,STORE,2025-07-26 08:16:00,CANCELLED,CLICK_COLLECT,24.29
ORD0004019,CUST000758,STOR0055,ONLINE,2025-05-19 15:03:00,CANCELLED,STANDARD,15.54
ORD0004020,CUST000824,STOR0060,STORE,2025-10-18 23:01:00,CANCELLED,CLICK_COLLECT,5.43
ORD0004021,CUST000523,STOR0046,STORE,2025-08-27 12:11:00,COMPLETED,EXPRESS,8.37
ORD0004022,CUST001016,STOR0039,ONLINE,2025-06-14 00:49:00,COMPLETED,CLICK_COLLECT,12.28
ORD0004023,CUST000495,STOR0029,B2B,2025-09-06 16:39:00,CANCELLED,CLICK_COLLECT,8.22
ORD0004024,CUST000891,STOR0054,STORE,2025-11-01 20:12:00,CANCELLED,CLICK_COLLECT,20.14
ORD0004025,CUST000742,STOR0018,MARKETPLACE,2025-11-29 16:19:00,COMPLETED,CLICK_COLLECT,20.16
ORD0004026,CUST001039,STOR0059,MARKETPLACE,2025-09-22 21:14:00,CANCELLED,CLICK_COLLECT,22.26
ORD0004027,CUST000819,STOR0052,STORE,2025-06-14 16:10:00,PENDING,STANDARD,2.52
ORD0004028,CUST000647,STOR0039,MARKETPLACE,2025-11-27 11:06:00,COMPLETED,EXPRESS,23.21
ORD0004029,CUST001012,STOR0007,MARKETPLACE,2025-08-28 17:53:00,COMPLETED,CLICK_COLLECT,5.6
ORD0004030,CUST000914,STOR0037,STORE,2025-06-27 02:41:00,COMPLETED,CLICK_COLLECT,5.33
ORD0004031,CUST000785,STOR0057,ONLINE,2025-07-21 15:21:00,PENDING,EXPRESS,18.74
ORD0004032,CUST000739,STOR0041,ONLINE,2025-12-11 14:24:00,COMPLETED,STANDARD,20.07
ORD0004033,CUST000089,STOR0011,B2B,2025-11-27 00:50:00,PENDING,EXPRESS,7.69
ORD0004034,CUST001069,STOR0043,B2B,2025-10-09 18:22:00,COMPLETED,STANDARD,8.78
ORD0004035,CUST000466,STOR0033,ONLINE,2025-10-15 04:20:00,CANCELLED,STANDARD,2.39
ORD0004036,CUST000442,STOR0057,B2B,2025-11-01 00:21:00,CANCELLED,CLICK_COLLECT,5.2
ORD0004037,CUST001179,STOR0059,STORE,2025-11-08 17:29:00,CANCELLED,EXPRESS,16.89
ORD0004038,CUST000384,STOR0012,B2B,2025-11-25 12:49:00,PENDING,CLICK_COLLECT,15.28
ORD0004039,CUST000158,STOR0048,MARKETPLACE,2025-07-26 06:05:00,COMPLETED,CLICK_COLLECT,6.5
ORD0004040,CUST001008,STOR0009,ONLINE,2025-11-25 06:34:00,CANCELLED,EXPRESS,11.15
ORD0004041,CUST000636,STOR0056,MARKETPLACE,2025-06-24 23:06:00,COMPLETED,CLICK_COLLECT,15.22
ORD0004042,CUST001157,STOR0025,MARKETPLACE,2025-11-29 03:37:00,COMPLETED,CLICK_COLLECT,14.37
ORD0004043,CUST000361,STOR0041,MARKETPLACE,2025-11-16 20:24:00,COMPLETED,CLICK_COLLECT,6.95
ORD0004044,CUST000289,STOR0050,B2B,2025-09-30 22:53:00,CANCELLED,CLICK_COLLECT,1.86
ORD0004045,CUST000469,STOR0043,B2B,2025-08-04 14:54:00,PENDING,EXPRESS,0.14
ORD0004046,CUST000225,STOR0058,STORE,2025-08-27 01:20:00,COMPLETED,STANDARD,16.16
ORD0004047,CUST000184,STOR0042,B2B,2025-06-05 00:12:00,CANCELLED,STANDARD,24.93
ORD0004048,CUST000216,STOR0018,MARKETPLACE,2025-09-05 11:37:00,COMPLETED,EXPRESS,10.74
ORD0004049,CUST000836,STOR0052,B2B,2025-12-25 02:39:00,CANCELLED,CLICK_COLLECT,9.41
ORD0004050,CUST000682,STOR0004,MARKETPLACE,2025-05-08 02:46:00,COMPLETED,EXPRESS,24.87
ORD0004051,CUST000380,STOR0026,MARKETPLACE,2025-11-18 02:00:00,COMPLETED,EXPRESS,9.46
ORD0004052,CUST000859,STOR0055,B2B,2025-07-22 14:23:00,COMPLETED,CLICK_COLLECT,11.45
ORD0004053,CUST000977,STOR0031,MARKETPLACE,2025-06-24 23:08:00,COMPLETED,STANDARD,8.44
ORD0004054,CUST000044,STOR0051,STORE,2025-08-24 16:20:00,COMPLETED,STANDARD,1.36
ORD0004055,CUST000873,STOR0049,STORE,2025-11-22 09:57:00,COMPLETED,EXPRESS,17.57
ORD0004056,CUST000857,STOR0054,ONLINE,2025-10-15 00:55:00,CANCELLED,EXPRESS,5.51
ORD0004057,CUST000026,STOR0021,STORE,2025-12-06 14:14:00,COMPLETED,STANDARD,13.58
ORD0004058,CUST001082,STOR0005,B2B,2025-05-06 15:45:00,COMPLETED,CLICK_COLLECT,5.06
ORD0004059,CUST000774,STOR0008,MARKETPLACE,2025-12-31 18:51:00,COMPLETED,EXPRESS,2.79
ORD0004060,CUST000816,STOR0008,B2B,2025-12-07 01:27:00,PENDING,STANDARD,5.51
ORD0004061,CUST000680,STOR0037,ONLINE,2025-12-08 14:03:00,COMPLETED,STANDARD,2.99
ORD0004062,CUST000962,STOR0029,B2B,2025-10-21 18:40:00,COMPLETED,STANDARD,14.86
ORD0004063,CUST000067,STOR0037,B2B,2025-07-17 13:28:00,COMPLETED,CLICK_COLLECT,11.53
ORD0004064,CUST000142,STOR0056,STORE,2025-10-10 13:52:00,COMPLETED,CLICK_COLLECT,21.57
ORD0004065,CUST001051,STOR0043,B2B,2025-09-13 07:01:00,PENDING,CLICK_COLLECT,7.77
ORD0004066,CUST001154,STOR0035,STORE,2025-09-03 14:54:00,COMPLETED,STANDARD,11.38
ORD0004067,CUST000803,STOR0035,B2B,2025-10-12 12:33:00,COMPLETED,EXPRESS,24.66
ORD0004068,CUST000480,STOR0001,ONLINE,2025-12-27 16:11:00,PENDING,CLICK_COLLECT,11.01
ORD0004069,CUST001000,STOR0053,MARKETPLACE,2025-12-22 10:16:00,PENDING,EXPRESS,0.4
ORD0004070,CUST000443,STOR0025,B2B,2025-11-29 06:54:00,COMPLETED,CLICK_COLLECT,16.45
ORD0004071,CUST000914,STOR0049,ONLINE,2025-05-22 10:24:00,COMPLETED,STANDARD,13.39
ORD0004072,CUST000602,STOR0049,B2B,2025-12-24 17:11:00,COMPLETED,CLICK_COLLECT,16.06
ORD0004073,CUST000492,STOR0029,ONLINE,2025-12-05 03:41:00,CANCELLED,EXPRESS,1.4
ORD0004074,CUST000344,STOR0043,STORE,2025-07-16 21:40:00,COMPLETED,EXPRESS,22.66
ORD0004075,CUST000961,STOR0035,ONLINE,2025-08-18 20:15:00,COMPLETED,STANDARD,22.05
ORD0004076,CUST000747,STOR0007,ONLINE,2025-12-04 19:04:00,COMPLETED,EXPRESS,20.18
ORD0004077,CUST000565,STOR0058,B2B,2025-11-27 00:01:00,PENDING,STANDARD,7.6
ORD0004078,CUST000537,STOR0004,MARKETPLACE,2025-11-09 09:18:00,PENDING,STANDARD,8.22
ORD0004079,CUST000523,STOR0059,STORE,2025-10-07 07:39:00,CANCELLED,CLICK_COLLECT,14.12
ORD0004080,CUST000149,STOR0040,STORE,2025-05-29 22:40:00,CANCELLED,CLICK_COLLECT,14.91
ORD0004081,CUST000873,STOR0044,ONLINE,2025-05-11 19:32:00,CANCELLED,CLICK_COLLECT,1.82
ORD0004082,CUST000166,STOR0028,B2B,2025-12-05 09:19:00,CANCELLED,STANDARD,2.57
ORD0004083,CUST000312,STOR0054,MARKETPLACE,2025-11-16 14:43:00,COMPLETED,STANDARD,10.23
ORD0004084,CUST001141,STOR0002,MARKETPLACE,2025-12-13 15:03:00,PENDING,CLICK_COLLECT,24.47
ORD0004085,CUST000024,STOR0017,B2B,2025-09-24 04:17:00,CANCELLED,CLICK_COLLECT,17.1
ORD0004086,CUST000992,STOR0012,MARKETPLACE,2025-11-01 10:44:00,COMPLETED,STANDARD,5.76
ORD0004087,CUST000133,STOR0048,B2B,2025-06-25 02:23:00,COMPLETED,EXPRESS,8.69
ORD0004088,CUST000365,STOR0050,STORE,2025-09-25 19:27:00,COMPLETED,CLICK_COLLECT,7.59
ORD0004089,CUST000541,STOR0042,ONLINE,2025-12-30 14:26:00,PENDING,EXPRESS,14.74
ORD0004090,CUST001037,STOR0060,STORE,2025-12-07 11:55:00,COMPLETED,EXPRESS,1.88
ORD0004091,CUST000021,STOR0009,B2B,2025-09-29 01:05:00,COMPLETED,STANDARD,6.56
ORD0004092,CUST000908,STOR0059,B2B,2025-10-12 04:09:00,CANCELLED,STANDARD,13.29
ORD0004093,CUST000339,STOR0028,STORE,2025-09-30 09:54:00,COMPLETED,CLICK_COLLECT,16.47
ORD0004094,CUST000541,STOR0013,MARKETPLACE,2025-08-06 23:23:00,COMPLETED,CLICK_COLLECT,19.7
ORD0004095,CUST000009,STOR0008,ONLINE,2025-05-29 07:33:00,COMPLETED,CLICK_COLLECT,21.44
ORD0004096,CUST000567,STOR0050,ONLINE,2025-09-05 12:38:00,COMPLETED,STANDARD,5.27
ORD0004097,CUST000509,STOR0011,STORE,2025-09-22 11:23:00,CANCELLED,EXPRESS,0.35
ORD0004098,CUST001014,STOR0016,ONLINE,2025-11-16 06:39:00,CANCELLED,EXPRESS,22.43
ORD0004099,CUST000452,STOR0010,MARKETPLACE,2025-11-30 10:09:00,COMPLETED,EXPRESS,17.47
ORD0004100,CUST001166,STOR0023,B2B,2025-05-30 23:13:00,PENDING,EXPRESS,8.15
ORD0004101,CUST000014,STOR0032,STORE,2025-08-25 05:35:00,COMPLETED,EXPRESS,0.48
ORD0004102,CUST000668,STOR0050,MARKETPLACE,2025-08-21 22:16:00,PENDING,STANDARD,24.98
ORD0004103,CUST000600,STOR0003,B2B,2025-07-23 16:10:00,PENDING,STANDARD,12.98
ORD0004104,CUST000712,STOR0034,B2B,2025-06-22 11:47:00,COMPLETED,CLICK_COLLECT,4.73
ORD0004105,CUST000048,STOR0050,B2B,2025-11-09 23:28:00,COMPLETED,CLICK_COLLECT,15.99
ORD0004106,CUST000446,STOR0025,ONLINE,2025-12-14 16:29:00,PENDING,STANDARD,9.18
ORD0004107,CUST000279,STOR0027,STORE,2025-09-20 04:52:00,COMPLETED,CLICK_COLLECT,16.61
ORD0004108,CUST000042,STOR0005,ONLINE,2025-08-18 14:23:00,COMPLETED,STANDARD,21.25
ORD0004109,CUST000051,STOR0050,STORE,2025-10-15 14:47:00,COMPLETED,STANDARD,20.74
ORD0004110,CUST000909,STOR0031,MARKETPLACE,2025-12-15 09:59:00,CANCELLED,CLICK_COLLECT,13.62
ORD0004111,CUST000434,STOR0048,B2B,2025-10-31 21:26:00,COMPLETED,STANDARD,24.68
ORD0004112,CUST000968,STOR0001,ONLINE,2025-10-04 18:34:00,COMPLETED,STANDARD,12.65
ORD0004113,CUST000155,STOR0052,STORE,2025-09-21 18:35:00,COMPLETED,CLICK_COLLECT,19.57
ORD0004114,CUST000800,STOR0052,MARKETPLACE,2025-07-02 21:55:00,CANCELLED,CLICK_COLLECT,18.69
ORD0004115,CUST000997,STOR0051,B2B,2025-12-08 06:48:00,COMPLETED,EXPRESS,8.3
ORD0004116,CUST000786,STOR0010,STORE,2025-06-15 20:20:00,COMPLETED,STANDARD,13.54
ORD0004117,CUST000575,STOR0050,B2B,2025-12-16 21:13:00,COMPLETED,CLICK_COLLECT,6.72
ORD0004118,CUST000792,STOR0008,STORE,2025-06-08 18:36:00,PENDING,STANDARD,11.19
ORD0004119,CUST000771,STOR0003,B2B,2025-09-26 21:56:00,PENDING,CLICK_COLLECT,19.94
ORD0004120,CUST000539,STOR0022,ONLINE,2025-06-26 19:38:00,COMPLETED,EXPRESS,16.45
ORD0004121,CUST000312,STOR0040,STORE,2025-09-18 06:33:00,COMPLETED,EXPRESS,3.64
ORD0004122,CUST000774,STOR0001,MARKETPLACE,2025-10-02 16:46:00,COMPLETED,EXPRESS,12.67
ORD0004123,CUST000217,STOR0049,ONLINE,2025-11-01 15:50:00,COMPLETED,EXPRESS,16.27
ORD0004124,CUST000772,STOR0039,MARKETPLACE,2025-10-15 00:23:00,CANCELLED,STANDARD,7.9
ORD0004125,CUST000786,STOR0040,MARKETPLACE,2025-05-14 21:37:00,COMPLETED,STANDARD,5.36
ORD0004126,CUST001119,STOR0040,ONLINE,2025-06-18 17:33:00,PENDING,CLICK_COLLECT,18.99
ORD0004127,CUST000064,STOR0034,ONLINE,2025-09-15 12:48:00,COMPLETED,STANDARD,11.51
ORD0004128,CUST000358,STOR0059,STORE,2025-07-17 19:47:00,CANCELLED,STANDARD,6.11
ORD0004129,CUST001040,STOR0042,MARKETPLACE,2025-08-19 16:01:00,PENDING,CLICK_COLLECT,12.64
ORD0004130,CUST001000,STOR0009,ONLINE,2025-07-11 08:13:00,COMPLETED,STANDARD,10.79
ORD0004131,CUST001013,STOR0032,B2B,2025-11-24 22:45:00,COMPLETED,CLICK_COLLECT,19.53
ORD0004132,CUST000156,STOR0044,ONLINE,2025-07-02 02:45:00,COMPLETED,STANDARD,12.81
ORD0004133,CUST000096,STOR0050,B2B,2025-07-21 22:15:00,PENDING,EXPRESS,8.24
ORD0004134,CUST000536,STOR0012,ONLINE,2025-11-19 12:32:00,PENDING,STANDARD,13.9
ORD0004135,CUST001077,STOR0055,B2B,2025-05-14 02:51:00,COMPLETED,EXPRESS,4.15
ORD0004136,CUST000468,STOR0007,ONLINE,2025-05-29 22:44:00,COMPLETED,EXPRESS,8.92
ORD0004137,CUST000794,STOR0001,STORE,2025-10-30 14:19:00,COMPLETED,STANDARD,17.15
ORD0004138,CUST001003,STOR0034,ONLINE,2025-06-02 04:04:00,CANCELLED,STANDARD,7.71
ORD0004139,CUST000288,STOR0032,MARKETPLACE,2025-11-02 07:55:00,PENDING,CLICK_COLLECT,13.79
ORD0004140,CUST000651,STOR0040,STORE,2025-12-15 02:34:00,COMPLETED,EXPRESS,5.47
ORD0004141,CUST000781,STOR0023,STORE,2025-12-11 08:07:00,CANCELLED,STANDARD,21.92
ORD0004142,CUST001161,STOR0007,ONLINE,2025-05-28 17:56:00,PENDING,EXPRESS,5.63
ORD0004143,CUST000143,STOR0030,STORE,2025-12-31 01:01:00,COMPLETED,STANDARD,5.64
ORD0004144,CUST000320,STOR0013,ONLINE,2025-12-14 20:10:00,COMPLETED,STANDARD,16.56
ORD0004145,CUST001159,STOR0042,ONLINE,2025-05-14 05:01:00,PENDING,EXPRESS,0.12
ORD0004146,CUST000794,STOR0006,STORE,2025-12-13 08:24:00,CANCELLED,STANDARD,23.39
ORD0004147,CUST001006,STOR0011,ONLINE,2025-09-09 04:57:00,COMPLETED,EXPRESS,1.21
ORD0004148,CUST000015,STOR0028,STORE,2025-11-04 18:35:00,COMPLETED,STANDARD,6.02
ORD0004149,CUST000230,STOR0026,STORE,2025-06-27 11:01:00,CANCELLED,STANDARD,8.14
ORD0004150,CUST001181,STOR0018,B2B,2025-05-23 01:19:00,COMPLETED,EXPRESS,6.11
ORD0004151,CUST000153,STOR0052,MARKETPLACE,2025-12-16 11:42:00,COMPLETED,STANDARD,5.53
ORD0004152,CUST000811,STOR0029,STORE,2025-06-07 00:37:00,COMPLETED,CLICK_COLLECT,20.87
ORD0004153,CUST000001,STOR0031,MARKETPLACE,2025-12-03 04:18:00,COMPLETED,CLICK_COLLECT,21.06
ORD0004154,CUST000860,STOR0027,MARKETPLACE,2025-07-31 18:40:00,COMPLETED,STANDARD,14.09
ORD0004155,CUST001060,STOR0024,B2B,2025-07-01 12:14:00,COMPLETED,STANDARD,5.53
ORD0004156,CUST001033,STOR0002,ONLINE,2025-05-31 18:20:00,COMPLETED,CLICK_COLLECT,7.46
ORD0004157,CUST000773,STOR0032,MARKETPLACE,2025-08-14 04:43:00,COMPLETED,STANDARD,17.83
ORD0004158,CUST000249,STOR0018,B2B,2025-08-24 16:15:00,COMPLETED,STANDARD,24.13
ORD0004159,CUST001183,STOR0017,MARKETPLACE,2025-11-22 00:14:00,COMPLETED,CLICK_COLLECT,17.92
ORD0004160,CUST000796,STOR0056,MARKETPLACE,2025-11-07 22:18:00,COMPLETED,STANDARD,2.44
ORD0004161,CUST000044,STOR0009,STORE,2025-06-02 20:58:00,COMPLETED,STANDARD,2.37
ORD0004162,CUST001070,STOR0036,ONLINE,2025-08-03 03:38:00,CANCELLED,CLICK_COLLECT,0.4
ORD0004163,CUST000997,STOR0050,MARKETPLACE,2025-10-05 03:54:00,COMPLETED,EXPRESS,24.23
ORD0004164,CUST000331,STOR0025,B2B,2025-06-05 23:37:00,CANCELLED,CLICK_COLLECT,8.86
ORD0004165,CUST000193,STOR0057,B2B,2025-05-11 08:25:00,COMPLETED,CLICK_COLLECT,3.63
ORD0004166,CUST000582,STOR0013,B2B,2025-10-16 16:40:00,COMPLETED,EXPRESS,13.45
ORD0004167,CUST001023,STOR0051,STORE,2025-11-12 20:35:00,COMPLETED,STANDARD,22.21
ORD0004168,CUST000165,STOR0057,ONLINE,2025-07-10 17:31:00,COMPLETED,EXPRESS,19.57
ORD0004169,CUST001000,STOR0025,MARKETPLACE,2025-07-31 07:18:00,COMPLETED,EXPRESS,7.29
ORD0004170,CUST000961,STOR0008,B2B,2025-06-11 23:45:00,COMPLETED,EXPRESS,5.45
ORD0004171,CUST001189,STOR0024,MARKETPLACE,2025-12-13 09:23:00,COMPLETED,CLICK_COLLECT,24.02
ORD0004172,CUST000038,STOR0028,MARKETPLACE,2025-05-18 04:40:00,COMPLETED,EXPRESS,4.89
ORD0004173,CUST000521,STOR0009,B2B,2025-07-25 13:58:00,COMPLETED,CLICK_COLLECT,6.36
ORD0004174,CUST000078,STOR0051,ONLINE,2025-08-19 20:05:00,PENDING,CLICK_COLLECT,23.51
ORD0004175,CUST001069,STOR0008,MARKETPLACE,2025-07-11 10:03:00,CANCELLED,CLICK_COLLECT,7.43
ORD0004176,CUST000406,STOR0027,ONLINE,2025-05-16 04:53:00,CANCELLED,EXPRESS,2.81
ORD0004177,CUST000343,STOR0012,MARKETPLACE,2025-05-21 13:00:00,COMPLETED,EXPRESS,8.08
ORD0004178,CUST000165,STOR0013,MARKETPLACE,2025-12-26 06:42:00,COMPLETED,EXPRESS,10.53
ORD0004179,CUST001180,STOR0023,MARKETPLACE,2025-06-22 17:01:00,COMPLETED,EXPRESS,9.25
ORD0004180,CUST000796,STOR0016,B2B,2025-10-26 01:06:00,PENDING,STANDARD,8.77
ORD0004181,CUST000338,STOR0036,ONLINE,2025-09-23 08:35:00,CANCELLED,STANDARD,15.34
ORD0004182,CUST000832,STOR0040,ONLINE,2025-06-29 19:47:00,COMPLETED,CLICK_COLLECT,4.09
ORD0004183,CUST000725,STOR0028,ONLINE,2025-10-02 13:41:00,COMPLETED,STANDARD,19.54
ORD0004184,CUST000569,STOR0047,B2B,2025-08-11 09:24:00,CANCELLED,EXPRESS,6.49
ORD0004185,CUST000348,STOR0022,ONLINE,2025-09-25 11:24:00,PENDING,EXPRESS,23.04
ORD0004186,CUST000160,STOR0042,MARKETPLACE,2025-05-20 23:43:00,COMPLETED,CLICK_COLLECT,14.51
ORD0004187,CUST000032,STOR0057,STORE,2025-06-14 11:29:00,PENDING,EXPRESS,3.0
ORD0004188,CUST000686,STOR0049,ONLINE,2025-06-11 16:22:00,COMPLETED,STANDARD,13.22
ORD0004189,CUST000684,STOR0010,ONLINE,2025-12-11 04:20:00,COMPLETED,STANDARD,23.47
ORD0004190,CUST000839,STOR0022,ONLINE,2025-10-25 23:34:00,PENDING,STANDARD,21.53
ORD0004191,CUST000715,STOR0012,STORE,2025-09-27 16:02:00,PENDING,STANDARD,21.26
ORD0004192,CUST000887,STOR0032,STORE,2025-07-31 06:00:00,COMPLETED,CLICK_COLLECT,16.77
ORD0004193,CUST001152,STOR0058,MARKETPLACE,2025-07-02 01:14:00,COMPLETED,STANDARD,18.44
ORD0004194,CUST000823,STOR0038,STORE,2025-10-16 15:29:00,COMPLETED,CLICK_COLLECT,21.63
ORD0004195,CUST000673,STOR0001,B2B,2025-06-06 23:01:00,COMPLETED,CLICK_COLLECT,11.45
ORD0004196,CUST000601,STOR0059,MARKETPLACE,2025-10-07 11:31:00,COMPLETED,CLICK_COLLECT,6.93
ORD0004197,CUST000239,STOR0057,MARKETPLACE,2025-12-09 13:37:00,COMPLETED,CLICK_COLLECT,11.36
ORD0004198,CUST001132,STOR0042,MARKETPLACE,2025-08-25 15:13:00,COMPLETED,STANDARD,19.29
ORD0004199,CUST000764,STOR0027,B2B,2025-12-28 20:20:00,CANCELLED,CLICK_COLLECT,7.86
ORD0004200,CUST000335,STOR0037,B2B,2025-12-26 14:39:00,COMPLETED,CLICK_COLLECT,10.22
ORD0004201,CUST000448,STOR0011,MARKETPLACE,2025-06-17 22:30:00,COMPLETED,EXPRESS,18.9
ORD0004202,CUST000162,STOR0037,ONLINE,2025-06-23 21:55:00,COMPLETED,EXPRESS,10.14
ORD0004203,CUST000224,STOR0060,MARKETPLACE,2025-07-27 21:51:00,COMPLETED,CLICK_COLLECT,5.84
ORD0004204,CUST000919,STOR0026,STORE,2025-06-23 00:57:00,COMPLETED,CLICK_COLLECT,19.5
ORD0004205,CUST001121,STOR0006,B2B,2025-08-27 12:51:00,COMPLETED,EXPRESS,20.26
ORD0004206,CUST000212,STOR0031,ONLINE,2025-10-13 02:37:00,COMPLETED,CLICK_COLLECT,6.7
ORD0004207,CUST000493,STOR0029,MARKETPLACE,2025-12-13 07:27:00,COMPLETED,EXPRESS,6.23
ORD0004208,CUST000155,STOR0034,MARKETPLACE,2025-05-17 02:13:00,COMPLETED,EXPRESS,1.88
ORD0004209,CUST000245,STOR0052,B2B,2025-08-02 21:30:00,PENDING,STANDARD,10.35
ORD0004210,CUST000588,STOR0030,B2B,2025-05-22 03:47:00,COMPLETED,STANDARD,11.13
ORD0004211,CUST000987,STOR0057,STORE,2025-07-10 14:34:00,COMPLETED,EXPRESS,3.03
ORD0004212,CUST000715,STOR0051,B2B,2025-12-03 10:59:00,COMPLETED,EXPRESS,22.57
ORD0004213,CUST000201,STOR0050,B2B,2025-06-24 02:41:00,PENDING,CLICK_COLLECT,8.17
ORD0004214,CUST000474,STOR0031,ONLINE,2025-06-20 12:25:00,COMPLETED,CLICK_COLLECT,21.7
ORD0004215,CUST000458,STOR0036,STORE,2025-09-16 19:17:00,COMPLETED,STANDARD,7.46
ORD0004216,CUST001039,STOR0048,ONLINE,2025-10-23 11:30:00,CANCELLED,EXPRESS,22.55
ORD0004217,CUST000097,STOR0057,MARKETPLACE,2025-05-08 16:33:00,COMPLETED,CLICK_COLLECT,17.09
ORD0004218,CUST000577,STOR0019,B2B,2025-05-15 21:08:00,COMPLETED,CLICK_COLLECT,13.17
ORD0004219,CUST000958,STOR0014,MARKETPLACE,2025-06-18 13:04:00,CANCELLED,STANDARD,23.19
ORD0004220,CUST999999,STOR0049,B2B,2025-11-29 17:29:00,COMPLETED,STANDARD,6.55
ORD0004221,CUST001058,STOR0006,STORE,2025-06-24 22:05:00,CANCELLED,STANDARD,19.08
ORD0004222,CUST001066,STOR0048,ONLINE,2025-10-03 23:12:00,COMPLETED,EXPRESS,0.17
ORD0004223,CUST001075,STOR0051,STORE,2025-07-03 00:49:00,COMPLETED,CLICK_COLLECT,2.8
ORD0004224,CUST001004,STOR0027,MARKETPLACE,2025-05-26 12:18:00,PENDING,STANDARD,18.13
ORD0004225,CUST000834,STOR0036,ONLINE,2025-06-25 17:44:00,COMPLETED,STANDARD,23.15
ORD0004226,CUST000331,STOR0041,B2B,2025-09-04 20:08:00,PENDING,STANDARD,13.96
ORD0004227,CUST000426,STOR0043,STORE,2025-08-07 11:57:00,COMPLETED,CLICK_COLLECT,12.6
ORD0004228,CUST000359,STOR0006,STORE,2025-07-08 01:59:00,CANCELLED,EXPRESS,1.59
ORD0004229,CUST000501,STOR0033,MARKETPLACE,2025-05-19 20:15:00,COMPLETED,CLICK_COLLECT,11.84
ORD0004230,CUST000028,STOR0010,B2B,2025-09-16 14:25:00,COMPLETED,CLICK_COLLECT,24.85
ORD0004231,CUST000514,STOR0034,ONLINE,2025-09-03 05:26:00,COMPLETED,EXPRESS,17.37
ORD0004232,CUST000855,STOR0031,ONLINE,2025-07-08 18:05:00,COMPLETED,CLICK_COLLECT,12.77
ORD0004233,CUST000454,STOR0039,MARKETPLACE,2025-07-07 14:39:00,PENDING,STANDARD,23.54
ORD0004234,CUST000318,STOR0051,STORE,2025-05-20 17:57:00,CANCELLED,CLICK_COLLECT,23.87
ORD0004235,CUST001172,STOR0023,STORE,2025-05-30 08:27:00,PENDING,EXPRESS,6.13
ORD0004236,CUST001058,STOR0047,STORE,2025-11-20 13:37:00,COMPLETED,STANDARD,1.07
ORD0004237,CUST001048,STOR0027,ONLINE,2025-06-17 20:19:00,COMPLETED,EXPRESS,10.8
ORD0004238,CUST000327,STOR0015,ONLINE,2025-12-19 21:53:00,CANCELLED,EXPRESS,13.81
ORD0004239,CUST000573,STOR0025,B2B,2025-05-22 21:36:00,COMPLETED,STANDARD,6.92
ORD0004240,CUST000002,STOR0017,MARKETPLACE,2025-05-25 04:35:00,CANCELLED,STANDARD,24.8
ORD0004241,CUST001151,STOR0013,B2B,2025-12-19 05:02:00,COMPLETED,EXPRESS,13.71
ORD0004242,CUST000825,STOR0012,STORE,2025-07-23 16:21:00,CANCELLED,CLICK_COLLECT,16.16
ORD0004243,CUST000144,STOR0031,STORE,2025-09-25 13:44:00,COMPLETED,EXPRESS,11.48
ORD0004244,CUST000852,STOR0049,STORE,2025-08-18 00:45:00,PENDING,CLICK_COLLECT,17.16
ORD0004245,CUST000492,STOR0027,ONLINE,2025-10-16 02:45:00,CANCELLED,EXPRESS,19.32
ORD0004246,CUST000846,STOR0038,MARKETPLACE,2025-07-19 02:44:00,COMPLETED,EXPRESS,10.12
ORD0004247,CUST000506,STOR0031,MARKETPLACE,2025-11-03 07:43:00,CANCELLED,STANDARD,22.65
ORD0004248,CUST000454,STOR0022,B2B,2025-09-12 08:22:00,CANCELLED,EXPRESS,17.86
ORD0004249,CUST001153,STOR0009,MARKETPLACE,2025-12-19 16:23:00,COMPLETED,CLICK_COLLECT,5.84
ORD0004250,CUST001051,STOR0059,STORE,2025-05-24 17:43:00,CANCELLED,EXPRESS,7.8
ORD0004251,CUST000341,STOR0013,B2B,2025-12-16 18:57:00,COMPLETED,EXPRESS,3.26
ORD0004252,CUST000374,STOR0023,B2B,2025-07-13 10:00:00,CANCELLED,CLICK_COLLECT,1.56
ORD0004253,CUST001059,STOR0012,MARKETPLACE,2025-06-05 15:51:00,PENDING,CLICK_COLLECT,13.66
ORD0004254,CUST000223,STOR0047,ONLINE,2025-05-24 12:48:00,COMPLETED,EXPRESS,18.02
ORD0004255,CUST000598,STOR0001,STORE,2025-06-28 05:37:00,PENDING,CLICK_COLLECT,23.92
ORD0004256,CUST000524,STOR0006,STORE,2025-07-22 06:31:00,CANCELLED,CLICK_COLLECT,22.3
ORD0004257,CUST000769,STOR0021,MARKETPLACE,2025-09-23 00:32:00,COMPLETED,STANDARD,13.1
ORD0004258,CUST000948,STOR0059,ONLINE,2025-11-20 03:39:00,CANCELLED,CLICK_COLLECT,18.66
ORD0004259,CUST000424,STOR0044,ONLINE,2025-06-27 19:50:00,COMPLETED,STANDARD,15.56
ORD0004260,CUST000965,STOR0051,MARKETPLACE,2025-05-14 05:43:00,PENDING,EXPRESS,4.54
ORD0004261,CUST000827,STOR0024,B2B,2025-12-22 01:04:00,COMPLETED,EXPRESS,7.98
ORD0004262,CUST000435,STOR0041,STORE,2025-07-22 16:24:00,PENDING,STANDARD,24.31
ORD0004263,CUST000007,STOR0051,MARKETPLACE,2025-10-28 21:31:00,CANCELLED,STANDARD,21.79
ORD0004264,CUST000431,STOR0034,MARKETPLACE,2025-07-31 10:30:00,COMPLETED,STANDARD,14.31
ORD0004265,CUST000884,STOR0060,B2B,2025-05-07 00:47:00,COMPLETED,EXPRESS,21.97
ORD0004266,CUST000137,STOR0043,MARKETPLACE,2025-11-27 21:55:00,COMPLETED,STANDARD,11.01
ORD0004267,CUST000337,STOR0019,MARKETPLACE,2025-08-17 00:51:00,COMPLETED,EXPRESS,15.02
ORD0004268,CUST001046,STOR0006,MARKETPLACE,2025-11-01 18:05:00,COMPLETED,STANDARD,18.98
ORD0004269,CUST000925,STOR0022,B2B,2025-12-21 12:55:00,COMPLETED,EXPRESS,6.57
ORD0004270,CUST001140,STOR0013,MARKETPLACE,2025-11-23 00:24:00,COMPLETED,EXPRESS,0.53
ORD0004271,CUST001075,STOR0035,STORE,2025-06-24 07:55:00,COMPLETED,CLICK_COLLECT,17.61
ORD0004272,CUST000773,STOR0047,ONLINE,2025-08-25 18:25:00,PENDING,CLICK_COLLECT,19.53
ORD0004273,CUST000237,STOR0033,B2B,2025-12-31 23:52:00,COMPLETED,CLICK_COLLECT,13.9
ORD0004274,CUST000041,STOR0013,B2B,2025-07-18 03:18:00,COMPLETED,EXPRESS,13.16
ORD0004275,CUST000283,STOR0052,B2B,2025-07-11 10:06:00,COMPLETED,CLICK_COLLECT,22.0
ORD0004276,CUST000116,STOR0056,STORE,2025-12-13 14:39:00,COMPLETED,CLICK_COLLECT,18.56
ORD0004277,CUST000046,STOR0039,MARKETPLACE,2025-10-08 06:56:00,COMPLETED,STANDARD,23.59
ORD0004278,CUST000174,STOR0051,STORE,2025-05-23 21:10:00,COMPLETED,CLICK_COLLECT,8.09
ORD0004279,CUST000063,STOR0059,ONLINE,2025-12-04 14:38:00,CANCELLED,STANDARD,8.57
ORD0004280,CUST000269,STOR0016,ONLINE,2025-08-13 17:31:00,CANCELLED,CLICK_COLLECT,5.24
ORD0004281,CUST001080,STOR0013,B2B,2025-08-21 11:28:00,COMPLETED,CLICK_COLLECT,17.03
ORD0004282,CUST000203,STOR0016,B2B,2025-06-02 01:18:00,CANCELLED,EXPRESS,12.08
ORD0004283,CUST000740,STOR0052,STORE,2025-08-11 15:38:00,COMPLETED,CLICK_COLLECT,23.8
ORD0004284,CUST000982,STOR0014,B2B,2025-07-14 19:24:00,COMPLETED,CLICK_COLLECT,10.54
ORD0004285,CUST000925,STOR0038,ONLINE,2025-07-25 10:49:00,COMPLETED,STANDARD,20.94
ORD0004286,CUST000049,STOR0060,STORE,2025-07-23 10:16:00,PENDING,CLICK_COLLECT,15.61
ORD0004287,CUST000611,STOR0014,STORE,2025-10-29 08:57:00,CANCELLED,CLICK_COLLECT,11.17
ORD0004288,CUST000483,STOR0044,B2B,2025-09-29 08:07:00,CANCELLED,EXPRESS,6.74
ORD0004289,CUST001037,STOR0039,B2B,2025-09-22 16:27:00,PENDING,STANDARD,12.98
ORD0004290,CUST000476,STOR0037,ONLINE,2025-09-05 16:27:00,COMPLETED,STANDARD,13.48
ORD0004291,CUST000079,STOR0048,MARKETPLACE,2025-07-06 10:37:00,PENDING,STANDARD,17.17
ORD0004292,CUST000956,STOR0018,STORE,2025-11-24 09:16:00,CANCELLED,STANDARD,11.32
ORD0004293,CUST000704,STOR0047,STORE,2025-08-06 09:17:00,CANCELLED,CLICK_COLLECT,10.3
ORD0004294,CUST000518,STOR0030,STORE,2025-05-21 19:21:00,PENDING,EXPRESS,6.93
ORD0004295,CUST000186,STOR0056,STORE,2025-05-20 14:20:00,PENDING,STANDARD,23.29
ORD0004296,CUST000920,STOR0035,STORE,2025-08-11 00:15:00,PENDING,STANDARD,5.71
ORD0004297,CUST000236,STOR0044,ONLINE,2025-08-19 16:38:00,PENDING,CLICK_COLLECT,16.17
ORD0004298,CUST000941,STOR0001,B2B,2025-09-19 15:30:00,COMPLETED,STANDARD,2.66
ORD0004299,CUST000442,STOR0054,STORE,2025-09-30 20:43:00,COMPLETED,EXPRESS,24.21
ORD0004300,CUST000980,STOR0045,MARKETPLACE,2025-08-29 19:59:00,CANCELLED,STANDARD,2.3
ORD0004301,CUST001063,STOR0026,STORE,2025-09-05 15:04:00,CANCELLED,EXPRESS,18.28
ORD0004302,CUST000144,STOR0026,STORE,2025-11-10 16:26:00,COMPLETED,CLICK_COLLECT,9.81
ORD0004303,CUST000496,STOR0001,STORE,2025-11-24 17:07:00,COMPLETED,CLICK_COLLECT,19.98
ORD0004304,CUST001057,STOR0027,MARKETPLACE,2025-06-08 09:43:00,COMPLETED,CLICK_COLLECT,6.32
ORD0004305,CUST000567,STOR0037,B2B,2025-08-15 11:51:00,CANCELLED,STANDARD,19.44
ORD0004306,CUST000551,STOR0052,STORE,2025-07-02 12:19:00,COMPLETED,CLICK_COLLECT,16.25
ORD0004307,CUST000224,STOR0042,B2B,2025-07-18 03:08:00,CANCELLED,STANDARD,1.21
ORD0004308,CUST000157,STOR0045,STORE,2025-09-21 20:02:00,PENDING,CLICK_COLLECT,6.24
ORD0004309,CUST001091,STOR0001,ONLINE,2025-07-10 16:10:00,PENDING,STANDARD,20.57
ORD0004310,CUST000790,STOR0021,ONLINE,2025-08-04 07:54:00,COMPLETED,CLICK_COLLECT,8.87
ORD0004311,CUST000858,STOR0039,ONLINE,2025-09-17 13:39:00,COMPLETED,STANDARD,15.03
ORD0004312,CUST000184,STOR0051,MARKETPLACE,2025-12-16 06:12:00,COMPLETED,EXPRESS,0.36
ORD0004313,CUST000642,STOR0041,B2B,2025-07-14 03:59:00,COMPLETED,CLICK_COLLECT,17.24
ORD0004314,CUST000867,STOR0034,B2B,2025-10-30 04:29:00,COMPLETED,CLICK_COLLECT,20.27
ORD0004315,CUST001169,STOR0048,STORE,2025-09-05 14:52:00,COMPLETED,STANDARD,5.98
ORD0004316,CUST000637,STOR0058,STORE,2025-07-29 13:53:00,COMPLETED,STANDARD,13.79
ORD0004317,CUST000807,STOR0025,ONLINE,2025-07-10 10:28:00,CANCELLED,CLICK_COLLECT,16.71
ORD0004318,CUST000746,STOR0004,B2B,2025-06-19 18:53:00,COMPLETED,STANDARD,0.35
ORD0004319,CUST000130,STOR0041,B2B,2025-05-25 17:19:00,COMPLETED,CLICK_COLLECT,4.51
ORD0004320,CUST000288,STOR0014,MARKETPLACE,2025-08-18 11:52:00,CANCELLED,EXPRESS,17.53
ORD0004321,CUST000880,STOR0048,ONLINE,2025-12-21 11:18:00,COMPLETED,CLICK_COLLECT,20.01
ORD0004322,CUST000843,STOR0030,STORE,2025-07-01 17:17:00,CANCELLED,EXPRESS,7.57
ORD0004323,CUST001051,STOR0040,STORE,2025-05-19 02:55:00,PENDING,CLICK_COLLECT,2.86
ORD0004324,CUST000684,STOR0014,MARKETPLACE,2025-07-21 21:13:00,COMPLETED,STANDARD,8.57
ORD0004325,CUST001092,STOR0043,B2B,2025-11-05 13:08:00,COMPLETED,EXPRESS,17.34
ORD0004326,CUST000509,STOR0051,MARKETPLACE,2025-09-13 02:53:00,CANCELLED,EXPRESS,21.17
ORD0004327,CUST000527,STOR0050,ONLINE,2025-07-07 23:48:00,CANCELLED,CLICK_COLLECT,6.83
ORD0004328,CUST000650,STOR0002,MARKETPLACE,2025-05-28 16:55:00,PENDING,STANDARD,16.75
ORD0004329,CUST000646,STOR0050,MARKETPLACE,2025-05-19 11:42:00,CANCELLED,CLICK_COLLECT,8.78
ORD0004330,CUST000048,STOR0043,B2B,2025-06-08 01:25:00,COMPLETED,STANDARD,15.61
ORD0004331,CUST000931,STOR0014,B2B,2025-11-22 23:22:00,COMPLETED,EXPRESS,5.96
ORD0004332,CUST000647,STOR0035,MARKETPLACE,2025-05-06 07:07:00,CANCELLED,EXPRESS,5.7
ORD0004333,CUST000513,STOR0018,STORE,2025-11-17 19:50:00,PENDING,STANDARD,17.2
ORD0004334,CUST000126,STOR0038,STORE,2025-07-10 21:01:00,COMPLETED,STANDARD,14.37
ORD0004335,CUST001148,STOR0032,STORE,2025-12-31 01:30:00,COMPLETED,EXPRESS,17.11
ORD0004336,CUST000078,STOR0016,MARKETPLACE,2025-10-01 00:54:00,COMPLETED,STANDARD,18.65
ORD0004337,CUST000052,STOR0058,MARKETPLACE,2025-06-15 12:09:00,COMPLETED,CLICK_COLLECT,9.19
ORD0004338,CUST000303,STOR0057,MARKETPLACE,2025-08-02 23:24:00,PENDING,EXPRESS,9.29
ORD0004339,CUST000907,STOR0035,STORE,2025-11-25 11:46:00,COMPLETED,CLICK_COLLECT,6.07
ORD0004340,CUST000147,STOR0002,MARKETPLACE,2025-10-01 09:13:00,COMPLETED,CLICK_COLLECT,12.61
ORD0004341,CUST000901,STOR0034,STORE,2025-08-04 14:35:00,PENDING,STANDARD,16.97
ORD0004342,CUST000369,STOR0047,STORE,2025-09-27 10:30:00,PENDING,EXPRESS,12.96
ORD0004343,CUST000146,STOR0036,B2B,2025-05-09 21:54:00,COMPLETED,CLICK_COLLECT,16.09
ORD0004344,CUST000599,STOR0026,ONLINE,2025-12-11 21:33:00,CANCELLED,EXPRESS,8.54
ORD0004345,CUST000655,STOR0044,B2B,2025-08-21 05:42:00,CANCELLED,STANDARD,22.4
ORD0004346,CUST000204,STOR0035,B2B,2025-12-25 05:28:00,COMPLETED,CLICK_COLLECT,11.3
ORD0004347,CUST001188,STOR0036,ONLINE,2025-07-29 01:50:00,COMPLETED,STANDARD,12.14
ORD0004348,CUST000260,STOR0003,MARKETPLACE,2025-12-18 21:58:00,CANCELLED,CLICK_COLLECT,22.78
ORD0004349,CUST000427,STOR0038,ONLINE,2025-12-18 14:18:00,CANCELLED,EXPRESS,22.99
ORD0004350,CUST000390,STOR0040,STORE,2025-07-09 15:31:00,COMPLETED,STANDARD,7.45
ORD0004351,CUST000551,STOR0001,B2B,2025-11-25 08:52:00,COMPLETED,CLICK_COLLECT,2.53
ORD0004352,CUST001109,STOR0042,ONLINE,2025-09-06 02:58:00,COMPLETED,STANDARD,4.52
ORD0004353,CUST000815,STOR0032,STORE,2025-11-15 06:48:00,PENDING,CLICK_COLLECT,24.26
ORD0004354,CUST000518,STOR0060,STORE,2025-05-24 23:25:00,CANCELLED,STANDARD,24.47
ORD0004355,CUST000861,STOR0018,B2B,2025-11-20 12:26:00,COMPLETED,STANDARD,12.22
ORD0004356,CUST000375,STOR0029,MARKETPLACE,2025-09-29 07:22:00,CANCELLED,EXPRESS,3.38
ORD0004357,CUST001114,STOR0016,ONLINE,2025-11-01 22:01:00,COMPLETED,STANDARD,16.29
ORD0004358,CUST000164,STOR0041,STORE,2025-05-25 23:24:00,COMPLETED,STANDARD,8.26
ORD0004359,CUST001009,STOR0019,ONLINE,2025-09-28 01:03:00,CANCELLED,EXPRESS,17.78
ORD0004360,CUST001127,STOR0025,ONLINE,2025-07-13 06:02:00,COMPLETED,STANDARD,13.91
ORD0004361,CUST000815,STOR0032,STORE,2025-10-22 07:06:00,COMPLETED,STANDARD,21.28
ORD0004362,CUST000517,STOR0018,B2B,2025-07-21 12:53:00,COMPLETED,STANDARD,9.52
ORD0004363,CUST000881,STOR0030,STORE,2025-11-24 12:03:00,CANCELLED,EXPRESS,13.21
ORD0004364,CUST000149,STOR0017,ONLINE,2025-12-18 19:10:00,PENDING,STANDARD,0.98
ORD0004365,CUST000053,STOR0033,MARKETPLACE,2025-08-31 05:51:00,CANCELLED,CLICK_COLLECT,20.25
ORD0004366,CUST000096,STOR0047,ONLINE,2025-12-04 17:46:00,COMPLETED,EXPRESS,1.52
ORD0004367,CUST000953,STOR0041,B2B,2025-08-02 12:17:00,COMPLETED,CLICK_COLLECT,15.74
ORD0004368,CUST000044,STOR0057,STORE,2025-08-30 11:28:00,COMPLETED,EXPRESS,15.71
ORD0004369,CUST000573,STOR0050,B2B,2025-12-14 23:20:00,PENDING,STANDARD,20.84
ORD0004370,CUST001196,STOR0054,STORE,2025-05-11 18:48:00,CANCELLED,CLICK_COLLECT,7.06
ORD0004371,CUST000333,STOR0014,ONLINE,2025-11-05 12:20:00,PENDING,STANDARD,7.23
ORD0004372,CUST000542,STOR0057,STORE,2025-12-06 06:12:00,COMPLETED,EXPRESS,15.3
ORD0004373,CUST000949,STOR0055,ONLINE,2025-09-22 05:01:00,COMPLETED,STANDARD,3.85
ORD0004374,CUST000692,STOR0017,B2B,2025-11-18 14:22:00,COMPLETED,STANDARD,20.31
ORD0004375,CUST000596,STOR0051,ONLINE,2025-11-20 19:27:00,CANCELLED,STANDARD,13.23
ORD0004376,CUST000965,STOR0055,STORE,2025-08-01 02:06:00,COMPLETED,STANDARD,4.81
ORD0004377,CUST000336,STOR0006,B2B,2025-11-29 11:32:00,COMPLETED,EXPRESS,23.92
ORD0004378,CUST000060,STOR0035,ONLINE,2025-10-28 07:55:00,COMPLETED,CLICK_COLLECT,23.33
ORD0004379,CUST000027,STOR0035,B2B,2025-12-07 20:40:00,COMPLETED,STANDARD,4.16
ORD0004380,CUST000620,STOR0020,STORE,2025-08-08 16:01:00,COMPLETED,EXPRESS,24.54
ORD0004381,CUST000991,STOR0009,ONLINE,2025-10-27 14:59:00,COMPLETED,STANDARD,11.13
ORD0004382,CUST000217,STOR0001,ONLINE,2025-11-01 12:33:00,CANCELLED,EXPRESS,22.51
ORD0004383,CUST000175,STOR0022,STORE,2025-07-04 11:08:00,CANCELLED,EXPRESS,5.05
ORD0004384,CUST000149,STOR0001,B2B,2025-10-20 14:07:00,COMPLETED,EXPRESS,13.35
ORD0004385,CUST000562,STOR0027,MARKETPLACE,2025-09-17 20:27:00,COMPLETED,EXPRESS,11.82
ORD0004386,CUST000637,STOR0028,MARKETPLACE,2025-07-05 11:55:00,COMPLETED,CLICK_COLLECT,11.67
ORD0004387,CUST000651,STOR0030,B2B,2025-06-22 10:11:00,CANCELLED,CLICK_COLLECT,14.57
ORD0004388,CUST001007,STOR0046,B2B,2025-09-28 20:44:00,COMPLETED,CLICK_COLLECT,20.74
ORD0004389,CUST000791,STOR0003,STORE,2025-08-09 02:24:00,COMPLETED,CLICK_COLLECT,16.27
ORD0004390,CUST000062,STOR0007,MARKETPLACE,2025-10-21 15:47:00,COMPLETED,CLICK_COLLECT,8.82
ORD0004391,CUST000901,STOR0051,ONLINE,2025-10-18 01:43:00,COMPLETED,CLICK_COLLECT,24.89
ORD0004392,CUST000779,STOR0047,STORE,2025-05-30 19:39:00,COMPLETED,STANDARD,1.45
ORD0004393,CUST001007,STOR0010,MARKETPLACE,2025-07-23 15:58:00,PENDING,EXPRESS,1.88
ORD0004394,CUST000706,STOR0044,STORE,2025-05-29 11:40:00,COMPLETED,CLICK_COLLECT,19.34
ORD0004395,CUST001188,STOR0044,ONLINE,2025-05-29 12:08:00,CANCELLED,STANDARD,13.69
ORD0004396,CUST000658,STOR0047,B2B,2025-11-17 16:05:00,CANCELLED,STANDARD,16.54
ORD0004397,CUST001180,STOR0035,ONLINE,2025-11-24 06:01:00,COMPLETED,STANDARD,15.97
ORD0004398,CUST000410,STOR0018,STORE,2025-06-30 08:59:00,CANCELLED,STANDARD,8.04
ORD0004399,CUST001070,STOR0032,B2B,2025-09-18 01:44:00,PENDING,CLICK_COLLECT,22.98
ORD0004400,CUST000998,STOR0010,MARKETPLACE,2025-12-27 07:18:00,COMPLETED,STANDARD,17.6
ORD0004401,CUST000194,STOR0052,B2B,2025-09-01 12:09:00,COMPLETED,STANDARD,0.51
ORD0004402,CUST000618,STOR0009,STORE,2025-08-18 09:31:00,COMPLETED,EXPRESS,13.21
ORD0004403,CUST000990,STOR0002,STORE,2025-11-08 09:33:00,PENDING,EXPRESS,2.61
ORD0004404,CUST000083,STOR0036,MARKETPLACE,2025-10-25 05:35:00,COMPLETED,EXPRESS,13.16
ORD0004405,CUST000898,STOR0031,STORE,2025-06-14 12:08:00,COMPLETED,STANDARD,21.54
ORD0004406,CUST000197,STOR0009,B2B,2025-06-22 10:33:00,CANCELLED,EXPRESS,5.57
ORD0004407,CUST000214,STOR0040,B2B,2025-05-07 08:51:00,COMPLETED,EXPRESS,23.0
ORD0004408,CUST000373,STOR0055,STORE,2025-09-02 13:21:00,COMPLETED,EXPRESS,21.12
ORD0004409,CUST000679,STOR0049,ONLINE,2025-08-16 16:51:00,CANCELLED,CLICK_COLLECT,4.45
ORD0004410,CUST000945,STOR0007,STORE,2025-09-05 11:04:00,COMPLETED,CLICK_COLLECT,16.43
ORD0004411,CUST000672,STOR0017,B2B,2025-10-14 17:19:00,COMPLETED,CLICK_COLLECT,15.65
ORD0004412,CUST000048,STOR0023,B2B,2025-07-28 00:40:00,COMPLETED,CLICK_COLLECT,8.31
ORD0004413,CUST000852,STOR0027,MARKETPLACE,2025-09-17 01:31:00,PENDING,EXPRESS,12.94
ORD0004414,CUST000512,STOR0008,STORE,2025-06-04 07:34:00,CANCELLED,EXPRESS,1.16
ORD0004415,CUST000718,STOR0039,MARKETPLACE,2025-09-20 07:12:00,PENDING,STANDARD,15.93
ORD0004416,CUST000525,STOR0024,STORE,2025-12-15 04:58:00,COMPLETED,CLICK_COLLECT,13.42
ORD0004417,CUST000388,STOR0057,MARKETPLACE,2025-08-13 00:42:00,COMPLETED,EXPRESS,2.7
ORD0004418,CUST000723,STOR0020,B2B,2025-08-22 22:53:00,COMPLETED,EXPRESS,2.47
ORD0004419,CUST000224,STOR0003,ONLINE,2025-10-18 18:41:00,COMPLETED,CLICK_COLLECT,19.4
ORD0004420,CUST000163,STOR0041,STORE,2025-12-13 07:36:00,PENDING,CLICK_COLLECT,20.48
ORD0004421,CUST000513,STOR0019,ONLINE,2025-07-05 10:33:00,COMPLETED,STANDARD,11.47
ORD0004422,CUST000907,STOR0032,ONLINE,2025-05-24 04:56:00,COMPLETED,EXPRESS,16.18
ORD0004423,CUST000010,STOR0054,ONLINE,2025-07-31 06:52:00,CANCELLED,EXPRESS,6.79
ORD0004424,CUST001078,STOR0001,STORE,2025-09-28 08:00:00,COMPLETED,CLICK_COLLECT,14.88
ORD0004425,CUST000092,STOR0056,B2B,2025-06-15 05:36:00,COMPLETED,STANDARD,15.13
ORD0004426,CUST001139,STOR0048,MARKETPLACE,2025-11-17 12:20:00,COMPLETED,STANDARD,17.36
ORD0004427,CUST000516,STOR0021,STORE,2025-07-07 14:26:00,CANCELLED,CLICK_COLLECT,7.97
ORD0004428,CUST000030,STOR0060,STORE,2025-08-29 04:33:00,COMPLETED,CLICK_COLLECT,21.96
ORD0004429,CUST000848,STOR0003,ONLINE,2025-07-26 13:11:00,PENDING,STANDARD,9.13
ORD0004430,CUST000247,STOR0056,ONLINE,2025-09-22 00:42:00,COMPLETED,CLICK_COLLECT,6.19
ORD0004431,CUST999999,STOR0030,STORE,2025-05-06 10:59:00,PENDING,EXPRESS,21.63
ORD0004432,CUST000329,STOR0051,STORE,2025-11-10 15:40:00,COMPLETED,STANDARD,0.25
ORD0004433,CUST001111,STOR0005,B2B,2025-05-24 01:54:00,PENDING,CLICK_COLLECT,4.25
ORD0004434,CUST000958,STOR0025,B2B,2025-06-17 06:55:00,COMPLETED,STANDARD,9.16
ORD0004435,CUST000139,STOR0038,ONLINE,2025-05-23 11:54:00,CANCELLED,STANDARD,20.96
ORD0004436,CUST000275,STOR0040,STORE,2025-10-26 04:29:00,PENDING,EXPRESS,21.22
ORD0004437,CUST001145,STOR0027,STORE,2025-12-30 04:42:00,COMPLETED,CLICK_COLLECT,19.22
ORD0004438,CUST000344,STOR0046,B2B,2025-07-05 09:37:00,COMPLETED,CLICK_COLLECT,14.57
ORD0004439,CUST001108,STOR0032,MARKETPLACE,2025-12-21 20:52:00,PENDING,EXPRESS,8.78
ORD0004440,CUST000289,STOR0050,STORE,2025-05-28 01:39:00,COMPLETED,EXPRESS,9.08
ORD0004441,CUST000933,STOR0055,STORE,2025-09-17 16:22:00,PENDING,CLICK_COLLECT,5.53
ORD0004442,CUST001057,STOR0053,ONLINE,2025-08-16 20:13:00,CANCELLED,STANDARD,16.57
ORD0004443,CUST001137,STOR0032,MARKETPLACE,2025-05-12 11:20:00,COMPLETED,STANDARD,17.46
ORD0004444,CUST000177,STOR0018,ONLINE,2025-06-13 18:26:00,PENDING,EXPRESS,1.61
ORD0004445,CUST000322,STOR0042,ONLINE,2025-09-02 18:20:00,COMPLETED,EXPRESS,14.89
ORD0004446,CUST000197,STOR0018,MARKETPLACE,2025-12-26 16:39:00,COMPLETED,CLICK_COLLECT,2.02
ORD0004447,CUST000248,STOR0031,STORE,2025-05-24 17:39:00,PENDING,EXPRESS,8.43
ORD0004448,CUST000991,STOR0018,MARKETPLACE,2025-09-15 09:34:00,COMPLETED,STANDARD,14.41
ORD0004449,CUST001132,STOR0059,B2B,2025-06-19 13:11:00,COMPLETED,CLICK_COLLECT,13.5
ORD0004450,CUST000380,STOR0002,ONLINE,2025-05-11 15:42:00,PENDING,CLICK_COLLECT,16.55
ORD0004451,CUST000043,STOR0006,B2B,2025-08-05 14:51:00,COMPLETED,STANDARD,24.11
ORD0004452,CUST000915,STOR0021,STORE,2025-10-21 21:20:00,PENDING,STANDARD,8.25
ORD0004453,CUST000766,STOR0056,B2B,2025-12-01 22:48:00,PENDING,STANDARD,17.56
ORD0004454,CUST000028,STOR0001,ONLINE,2025-09-23 08:27:00,COMPLETED,CLICK_COLLECT,16.33
ORD0004455,CUST000433,STOR0025,STORE,2025-06-03 04:49:00,COMPLETED,CLICK_COLLECT,4.68
ORD0004456,CUST000585,STOR0051,B2B,2025-10-11 20:43:00,COMPLETED,STANDARD,3.39
ORD0004457,CUST001172,STOR0045,ONLINE,2025-12-25 11:07:00,CANCELLED,CLICK_COLLECT,11.21
ORD0004458,CUST000552,STOR0050,B2B,2025-06-10 09:44:00,COMPLETED,CLICK_COLLECT,23.47
ORD0004459,CUST000993,STOR0058,STORE,2025-11-29 15:44:00,COMPLETED,CLICK_COLLECT,11.98
ORD0004460,CUST000498,STOR0058,ONLINE,2025-07-18 14:24:00,PENDING,STANDARD,8.33
ORD0004461,CUST000061,STOR0040,ONLINE,2025-06-08 21:34:00,COMPLETED,STANDARD,17.9
ORD0004462,CUST000547,STOR0042,B2B,2025-12-04 13:15:00,COMPLETED,CLICK_COLLECT,19.26
ORD0004463,CUST000541,STOR0057,STORE,2025-05-26 16:00:00,COMPLETED,CLICK_COLLECT,3.85
ORD0004464,CUST001155,STOR0031,MARKETPLACE,2025-06-24 00:20:00,CANCELLED,STANDARD,5.37
ORD0004465,CUST000384,STOR0060,B2B,2025-11-20 13:35:00,CANCELLED,EXPRESS,23.94
ORD0004466,CUST000711,STOR0009,MARKETPLACE,2025-08-06 23:22:00,PENDING,EXPRESS,13.94
ORD0004467,CUST001108,STOR0024,ONLINE,2026-01-01 12:56:00,CANCELLED,EXPRESS,6.68
ORD0004468,CUST000344,STOR0043,B2B,2025-09-11 15:33:00,COMPLETED,CLICK_COLLECT,11.82
ORD0004469,CUST000111,STOR0012,MARKETPLACE,2025-07-02 01:03:00,COMPLETED,EXPRESS,10.13
ORD0004470,CUST000511,STOR0016,MARKETPLACE,2025-07-12 10:54:00,CANCELLED,CLICK_COLLECT,12.74
ORD0004471,CUST001042,STOR0019,MARKETPLACE,2025-06-09 18:16:00,CANCELLED,STANDARD,7.17
ORD0004472,CUST000638,STOR0024,ONLINE,2025-06-05 22:44:00,COMPLETED,CLICK_COLLECT,18.63
ORD0004473,CUST000083,STOR0028,MARKETPLACE,2025-06-29 06:30:00,COMPLETED,STANDARD,13.06
ORD0004474,CUST000248,STOR0013,B2B,2025-10-04 12:41:00,COMPLETED,CLICK_COLLECT,15.42
ORD0004475,CUST000335,STOR0012,ONLINE,2025-07-28 18:17:00,COMPLETED,STANDARD,22.11
ORD0004476,CUST000157,STOR0040,B2B,2025-10-18 04:18:00,CANCELLED,CLICK_COLLECT,2.18
ORD0004477,CUST000222,STOR0046,B2B,2025-09-16 00:55:00,CANCELLED,CLICK_COLLECT,19.59
ORD0004478,CUST000106,STOR0054,MARKETPLACE,2025-07-20 06:24:00,PENDING,CLICK_COLLECT,24.3
ORD0004479,CUST000680,STOR0039,STORE,2025-12-13 18:33:00,CANCELLED,STANDARD,24.87
ORD0004480,CUST001175,STOR0050,MARKETPLACE,2025-07-02 21:26:00,CANCELLED,EXPRESS,24.97
ORD0004481,CUST000983,STOR0025,STORE,2025-06-27 20:19:00,PENDING,EXPRESS,2.04
ORD0004482,CUST001079,STOR0043,B2B,2025-10-14 23:05:00,CANCELLED,EXPRESS,7.68
ORD0004483,CUST000115,STOR0035,MARKETPLACE,2025-11-08 10:33:00,COMPLETED,STANDARD,19.74
ORD0004484,CUST000333,STOR0047,ONLINE,2025-08-20 20:20:00,CANCELLED,CLICK_COLLECT,18.4
ORD0004485,CUST000658,STOR0013,ONLINE,2025-10-16 00:55:00,COMPLETED,EXPRESS,0.5
ORD0004486,CUST001004,STOR0020,ONLINE,2025-07-26 22:54:00,COMPLETED,CLICK_COLLECT,24.87
ORD0004487,CUST000689,STOR0040,MARKETPLACE,2025-09-19 09:59:00,PENDING,EXPRESS,10.59
ORD0004488,CUST000193,STOR0041,STORE,2025-07-27 11:36:00,CANCELLED,CLICK_COLLECT,2.26
ORD0004489,CUST000496,STOR0029,STORE,2025-05-14 15:33:00,COMPLETED,CLICK_COLLECT,17.37
ORD0004490,CUST000629,STOR0007,STORE,2025-07-06 11:37:00,COMPLETED,CLICK_COLLECT,24.73
ORD0004491,CUST000354,STOR0013,STORE,2025-07-28 18:45:00,COMPLETED,CLICK_COLLECT,12.91
ORD0004492,CUST000712,STOR0021,B2B,2025-11-13 05:18:00,COMPLETED,STANDARD,19.15
ORD0004493,CUST000553,STOR0050,STORE,2025-06-20 22:29:00,COMPLETED,STANDARD,22.76
ORD0004494,CUST001054,STOR0053,B2B,2025-07-17 19:08:00,COMPLETED,STANDARD,12.4
ORD0004495,CUST000205,STOR0030,MARKETPLACE,2025-05-20 04:13:00,COMPLETED,STANDARD,13.12
ORD0004496,CUST000006,STOR0050,B2B,2025-05-25 01:24:00,CANCELLED,STANDARD,20.76
ORD0004497,CUST000574,STOR0044,B2B,2025-07-15 06:13:00,COMPLETED,STANDARD,16.24
ORD0004498,CUST000427,STOR0016,MARKETPLACE,2025-12-18 23:24:00,CANCELLED,EXPRESS,1.85
ORD0004499,CUST001121,STOR0043,B2B,2025-08-17 20:11:00,COMPLETED,STANDARD,8.27
ORD0004500,CUST000181,STOR0018,STORE,2025-05-30 11:46:00,COMPLETED,STANDARD,11.87
ORD0004501,CUST000781,STOR0060,MARKETPLACE,2025-10-19 06:42:00,COMPLETED,EXPRESS,18.26
ORD0004502,CUST001098,STOR0024,STORE,2025-11-25 21:19:00,CANCELLED,STANDARD,15.84
ORD0004503,CUST000504,STOR0022,MARKETPLACE,2025-11-14 04:52:00,CANCELLED,STANDARD,21.93
ORD0004504,CUST000655,STOR0060,MARKETPLACE,2025-07-10 01:57:00,COMPLETED,STANDARD,19.1
ORD0004505,CUST000463,STOR0040,ONLINE,2025-12-21 02:07:00,COMPLETED,EXPRESS,9.14
ORD0004506,CUST000970,STOR0024,STORE,2025-09-18 19:08:00,COMPLETED,EXPRESS,1.29
ORD0004507,CUST000767,STOR0027,STORE,2025-09-08 01:48:00,COMPLETED,EXPRESS,9.15
ORD0004508,CUST001043,STOR0024,ONLINE,2025-08-05 12:15:00,PENDING,STANDARD,13.91
ORD0004509,CUST001155,STOR0050,B2B,2025-12-18 06:39:00,COMPLETED,CLICK_COLLECT,19.76
ORD0004510,CUST000090,STOR0056,MARKETPLACE,2025-10-01 17:02:00,COMPLETED,EXPRESS,17.79
ORD0004511,CUST001075,STOR0001,B2B,2025-06-28 06:58:00,PENDING,CLICK_COLLECT,24.24
ORD0004512,CUST000002,STOR0037,MARKETPLACE,2025-08-17 20:24:00,COMPLETED,EXPRESS,6.3
ORD0004513,CUST000211,STOR0030,MARKETPLACE,2025-12-18 11:01:00,COMPLETED,EXPRESS,10.31
ORD0004514,CUST000662,STOR0034,ONLINE,2025-12-06 12:22:00,CANCELLED,EXPRESS,13.37
ORD0004515,CUST000273,STOR0011,STORE,2025-08-15 18:31:00,COMPLETED,EXPRESS,4.54
ORD0004516,CUST000126,STOR0026,STORE,2025-07-09 07:01:00,COMPLETED,CLICK_COLLECT,2.63
ORD0004517,CUST001155,STOR0031,ONLINE,2025-05-15 13:54:00,COMPLETED,EXPRESS,18.97
ORD0004518,CUST000187,STOR0055,MARKETPLACE,2025-08-01 18:05:00,COMPLETED,STANDARD,24.4
ORD0004519,CUST000223,STOR0009,STORE,2025-06-14 17:25:00,COMPLETED,STANDARD,13.84
ORD0004520,CUST000005,STOR0046,STORE,2025-10-26 03:17:00,COMPLETED,EXPRESS,7.45
ORD0004521,CUST000320,STOR0011,MARKETPLACE,2025-06-12 08:47:00,COMPLETED,STANDARD,3.72
ORD0004522,CUST000115,STOR0001,ONLINE,2025-10-29 04:49:00,COMPLETED,STANDARD,3.24
ORD0004523,CUST001116,STOR0043,STORE,2025-09-17 19:10:00,COMPLETED,CLICK_COLLECT,5.89
ORD0004524,CUST001001,STOR0037,ONLINE,2025-05-21 20:37:00,COMPLETED,EXPRESS,5.76
ORD0004525,CUST000780,STOR0008,B2B,2025-06-16 19:20:00,CANCELLED,STANDARD,14.71
ORD0004526,CUST001064,STOR0018,B2B,2025-12-20 23:44:00,CANCELLED,EXPRESS,7.15
ORD0004527,CUST000931,STOR0030,MARKETPLACE,2025-12-22 17:48:00,COMPLETED,EXPRESS,1.73
ORD0004528,CUST000388,STOR0001,B2B,2025-07-15 00:35:00,COMPLETED,CLICK_COLLECT,1.34
ORD0004529,CUST000113,STOR0009,B2B,2025-07-07 07:24:00,COMPLETED,STANDARD,18.03
ORD0004530,CUST000336,STOR0027,ONLINE,2025-07-30 13:30:00,CANCELLED,CLICK_COLLECT,23.31
ORD0004531,CUST000384,STOR0038,STORE,2025-11-21 06:27:00,COMPLETED,EXPRESS,20.29
ORD0004532,CUST000964,STOR0046,B2B,2025-10-24 17:36:00,CANCELLED,STANDARD,13.6
ORD0004533,CUST000616,STOR0013,STORE,2025-11-11 05:44:00,COMPLETED,EXPRESS,10.8
ORD0004534,CUST000382,STOR0011,STORE,2025-10-05 05:10:00,COMPLETED,CLICK_COLLECT,18.02
ORD0004535,CUST000667,STOR0012,STORE,2025-05-27 06:32:00,COMPLETED,EXPRESS,15.03
ORD0004536,CUST000994,STOR0044,ONLINE,2025-05-13 12:09:00,PENDING,CLICK_COLLECT,7.28
ORD0004537,CUST000197,STOR0018,MARKETPLACE,2025-12-01 01:56:00,COMPLETED,STANDARD,7.79
ORD0004538,CUST000318,STOR0017,MARKETPLACE,2025-12-28 05:11:00,CANCELLED,EXPRESS,16.88
ORD0004539,CUST001162,STOR0015,STORE,2025-09-16 21:52:00,COMPLETED,STANDARD,6.99
ORD0004540,CUST000388,STOR0013,B2B,2025-12-24 05:44:00,COMPLETED,STANDARD,8.81
ORD0004541,CUST000480,STOR0014,B2B,2025-06-25 10:35:00,PENDING,CLICK_COLLECT,23.58
ORD0004542,CUST000045,STOR0022,STORE,2025-08-07 19:05:00,COMPLETED,CLICK_COLLECT,15.98
ORD0004543,CUST000988,STOR0024,MARKETPLACE,2025-07-13 10:35:00,COMPLETED,CLICK_COLLECT,17.48
ORD0004544,CUST000977,STOR0009,STORE,2025-06-22 11:51:00,COMPLETED,CLICK_COLLECT,17.45
ORD0004545,CUST000988,STOR0001,B2B,2025-06-23 00:00:00,COMPLETED,CLICK_COLLECT,10.89
ORD0004546,CUST000611,STOR0026,B2B,2025-11-30 09:32:00,COMPLETED,EXPRESS,17.98
ORD0004547,CUST000201,STOR0018,STORE,2025-11-14 11:10:00,COMPLETED,CLICK_COLLECT,9.52
ORD0004548,CUST000781,STOR0037,STORE,2025-08-06 01:35:00,COMPLETED,EXPRESS,21.11
ORD0004549,CUST000354,STOR0022,STORE,2025-12-13 21:00:00,COMPLETED,CLICK_COLLECT,16.7
ORD0004550,CUST000227,STOR0048,ONLINE,2025-07-12 20:06:00,COMPLETED,EXPRESS,18.47
ORD0004551,CUST000147,STOR0010,B2B,2025-06-20 20:19:00,CANCELLED,EXPRESS,10.52
ORD0004552,CUST001167,STOR0053,MARKETPLACE,2025-10-18 16:01:00,COMPLETED,CLICK_COLLECT,7.83
ORD0004553,CUST000073,STOR0016,STORE,2025-08-16 09:30:00,CANCELLED,EXPRESS,4.26
ORD0004554,CUST000407,STOR0046,STORE,2025-07-18 10:48:00,COMPLETED,EXPRESS,8.0
ORD0004555,CUST000461,STOR0009,B2B,2025-12-09 23:46:00,COMPLETED,EXPRESS,24.71
ORD0004556,CUST000426,STOR0031,ONLINE,2025-07-21 01:44:00,COMPLETED,STANDARD,22.24
ORD0004557,CUST000246,STOR0003,ONLINE,2025-11-04 08:12:00,COMPLETED,CLICK_COLLECT,21.08
ORD0004558,CUST000062,STOR0040,MARKETPLACE,2025-08-19 17:15:00,COMPLETED,CLICK_COLLECT,24.2
ORD0004559,CUST000335,STOR0024,STORE,2025-05-25 23:11:00,CANCELLED,EXPRESS,14.66
ORD0004560,CUST000950,STOR0004,B2B,2025-07-17 14:35:00,CANCELLED,CLICK_COLLECT,15.65
ORD0004561,CUST000335,STOR0033,B2B,2025-08-11 09:18:00,COMPLETED,STANDARD,11.67
ORD0004562,CUST000943,STOR0034,ONLINE,2025-10-21 23:01:00,COMPLETED,CLICK_COLLECT,1.73
ORD0004563,CUST000603,STOR0054,MARKETPLACE,2025-05-15 03:08:00,PENDING,STANDARD,9.3
ORD0004564,CUST000264,STOR0007,ONLINE,2025-10-08 20:19:00,PENDING,EXPRESS,7.68
ORD0004565,CUST000053,STOR0018,MARKETPLACE,2025-10-03 20:01:00,PENDING,STANDARD,20.67
ORD0004566,CUST000900,STOR0011,STORE,2025-10-21 23:03:00,COMPLETED,CLICK_COLLECT,21.0
ORD0004567,CUST000064,STOR0019,STORE,2025-07-20 18:11:00,COMPLETED,CLICK_COLLECT,23.94
ORD0004568,CUST000543,STOR0006,STORE,2025-07-19 01:56:00,COMPLETED,STANDARD,11.46
ORD0004569,CUST000424,STOR0005,ONLINE,2025-10-24 08:43:00,COMPLETED,EXPRESS,19.65
ORD0004570,CUST001070,STOR0033,B2B,2025-06-30 02:23:00,PENDING,EXPRESS,0.97
ORD0004571,CUST000882,STOR0029,MARKETPLACE,2025-08-20 00:49:00,COMPLETED,EXPRESS,2.9
ORD0004572,CUST000148,STOR0022,B2B,2025-09-16 07:22:00,COMPLETED,CLICK_COLLECT,8.78
ORD0004573,CUST000938,STOR0031,ONLINE,2025-07-13 23:08:00,COMPLETED,STANDARD,8.57
ORD0004574,CUST000236,STOR0007,MARKETPLACE,2025-07-03 17:24:00,COMPLETED,STANDARD,1.98
ORD0004575,CUST000965,STOR0055,ONLINE,2025-11-03 13:11:00,COMPLETED,STANDARD,18.79
ORD0004576,CUST000230,STOR0003,B2B,2025-10-10 06:16:00,COMPLETED,CLICK_COLLECT,21.43
ORD0004577,CUST000522,STOR0045,B2B,2025-07-28 00:40:00,COMPLETED,EXPRESS,8.69
ORD0004578,CUST001018,STOR0013,B2B,2025-06-06 22:02:00,COMPLETED,STANDARD,3.64
ORD0004579,CUST000066,STOR0035,MARKETPLACE,2025-08-26 04:20:00,COMPLETED,CLICK_COLLECT,18.69
ORD0004580,CUST001060,STOR0028,ONLINE,2025-07-21 00:35:00,PENDING,EXPRESS,16.86
ORD0004581,CUST000472,STOR0053,STORE,2025-06-07 10:49:00,CANCELLED,STANDARD,2.48
ORD0004582,CUST001178,STOR0016,ONLINE,2025-05-09 18:47:00,PENDING,STANDARD,23.6
ORD0004583,CUST000121,STOR0002,ONLINE,2025-11-02 08:49:00,COMPLETED,CLICK_COLLECT,21.54
ORD0004584,CUST000278,STOR0043,STORE,2025-08-29 22:07:00,PENDING,CLICK_COLLECT,11.19
ORD0004585,CUST000158,STOR0022,MARKETPLACE,2025-12-22 09:46:00,PENDING,STANDARD,20.01
ORD0004586,CUST000611,STOR0046,MARKETPLACE,2025-07-12 20:12:00,COMPLETED,STANDARD,10.13
ORD0004587,CUST000982,STOR0016,B2B,2025-07-11 20:11:00,PENDING,EXPRESS,21.0
ORD0004588,CUST000129,STOR0057,ONLINE,2025-12-20 08:35:00,COMPLETED,EXPRESS,1.75
ORD0004589,CUST000278,STOR0045,B2B,2025-11-18 05:36:00,COMPLETED,EXPRESS,4.73
ORD0004590,CUST000965,STOR0032,STORE,2025-11-10 13:31:00,CANCELLED,EXPRESS,11.47
ORD0004591,CUST000007,STOR0033,STORE,2025-05-23 00:31:00,COMPLETED,STANDARD,12.58
ORD0004592,CUST000735,STOR0006,STORE,2025-11-24 07:40:00,COMPLETED,CLICK_COLLECT,19.05
ORD0004593,CUST000366,STOR0004,STORE,2025-08-04 14:36:00,COMPLETED,EXPRESS,9.63
ORD0004594,CUST000336,STOR0002,ONLINE,2025-12-04 22:24:00,CANCELLED,STANDARD,14.74
ORD0004595,CUST000288,STOR0025,B2B,2025-07-28 23:07:00,COMPLETED,CLICK_COLLECT,14.06
ORD0004596,CUST000867,STOR0050,ONLINE,2025-12-13 13:37:00,COMPLETED,STANDARD,13.87
ORD0004597,CUST000056,STOR0048,STORE,2025-05-06 21:15:00,CANCELLED,EXPRESS,22.45
ORD0004598,CUST001083,STOR0027,STORE,2025-06-30 13:01:00,COMPLETED,STANDARD,20.41
ORD0004599,CUST000091,STOR0026,B2B,2025-10-05 20:22:00,CANCELLED,CLICK_COLLECT,24.93
ORD0004600,CUST000698,STOR0023,ONLINE,2025-08-23 00:50:00,PENDING,CLICK_COLLECT,0.66
ORD0004601,CUST000100,STOR0044,ONLINE,2025-05-15 10:53:00,PENDING,STANDARD,1.08
ORD0004602,CUST000739,STOR0004,ONLINE,2025-10-13 19:11:00,COMPLETED,EXPRESS,22.28
ORD0004603,CUST000160,STOR0038,MARKETPLACE,2025-12-29 09:19:00,COMPLETED,STANDARD,6.53
ORD0004604,CUST000099,STOR0024,ONLINE,2025-08-20 02:25:00,COMPLETED,CLICK_COLLECT,15.89
ORD0004605,CUST000902,STOR0026,ONLINE,2025-10-02 19:02:00,PENDING,STANDARD,19.06
ORD0004606,CUST000636,STOR0040,STORE,2025-09-12 03:47:00,CANCELLED,EXPRESS,13.05
ORD0004607,CUST000275,STOR0054,ONLINE,2025-10-09 00:15:00,CANCELLED,EXPRESS,6.98
ORD0004608,CUST000244,STOR0050,B2B,2025-12-05 22:05:00,CANCELLED,EXPRESS,8.32
ORD0004609,CUST000084,STOR0018,STORE,2025-05-11 22:42:00,CANCELLED,EXPRESS,16.04
ORD0004610,CUST000216,STOR0022,B2B,2025-06-25 23:55:00,COMPLETED,CLICK_COLLECT,23.49
ORD0004611,CUST000364,STOR0040,MARKETPLACE,2025-12-12 04:57:00,COMPLETED,CLICK_COLLECT,13.46
ORD0004612,CUST000074,STOR0059,STORE,2025-12-02 17:25:00,PENDING,STANDARD,5.32
ORD0004613,CUST000880,STOR0029,MARKETPLACE,2025-09-09 09:35:00,CANCELLED,EXPRESS,23.79
ORD0004614,CUST000666,STOR0005,MARKETPLACE,2025-12-10 06:49:00,COMPLETED,EXPRESS,16.53
ORD0004615,CUST000280,STOR0032,ONLINE,2025-09-09 09:12:00,PENDING,STANDARD,4.27
ORD0004616,CUST000053,STOR0014,B2B,2025-08-31 17:02:00,PENDING,STANDARD,21.41
ORD0004617,CUST000294,STOR0052,ONLINE,2025-06-04 00:15:00,PENDING,STANDARD,21.18
ORD0004618,CUST000830,STOR0001,ONLINE,2025-07-10 03:52:00,PENDING,EXPRESS,8.69
ORD0004619,CUST000725,STOR0008,B2B,2025-11-02 16:34:00,CANCELLED,STANDARD,14.06
ORD0004620,CUST000640,STOR0018,ONLINE,2025-09-10 12:16:00,COMPLETED,STANDARD,19.6
ORD0004621,CUST000817,STOR0046,ONLINE,2025-07-18 23:42:00,CANCELLED,CLICK_COLLECT,3.53
ORD0004622,CUST000910,STOR0009,B2B,2025-10-29 05:29:00,COMPLETED,STANDARD,8.51
ORD0004623,CUST000078,STOR0011,B2B,2025-11-21 20:50:00,COMPLETED,CLICK_COLLECT,21.23
ORD0004624,CUST000845,STOR0023,MARKETPLACE,2025-09-16 20:19:00,PENDING,STANDARD,22.57
ORD0004625,CUST000650,STOR0025,B2B,2025-11-03 16:37:00,COMPLETED,CLICK_COLLECT,14.4
ORD0004626,CUST001199,STOR0029,MARKETPLACE,2025-06-30 06:42:00,COMPLETED,STANDARD,21.92
ORD0004627,CUST000361,STOR0015,MARKETPLACE,2025-05-22 17:02:00,PENDING,EXPRESS,10.27
ORD0004628,CUST000622,STOR0017,STORE,2025-11-22 20:19:00,COMPLETED,CLICK_COLLECT,16.9
ORD0004629,CUST000076,STOR0040,ONLINE,2025-08-26 07:24:00,PENDING,EXPRESS,10.96
ORD0004630,CUST000627,STOR0029,B2B,2025-07-02 23:29:00,COMPLETED,STANDARD,13.22
ORD0004631,CUST000369,STOR0046,ONLINE,2025-06-30 20:16:00,COMPLETED,STANDARD,7.14
ORD0004632,CUST000998,STOR0035,MARKETPLACE,2025-10-04 05:41:00,COMPLETED,STANDARD,7.39
ORD0004633,CUST000650,STOR0005,STORE,2025-11-07 21:05:00,COMPLETED,EXPRESS,12.3
ORD0004634,CUST001072,STOR0060,B2B,2025-11-10 00:52:00,COMPLETED,STANDARD,0.49
ORD0004635,CUST000650,STOR0033,B2B,2025-12-20 13:55:00,PENDING,CLICK_COLLECT,4.0
ORD0004636,CUST000757,STOR0055,B2B,2025-07-24 04:47:00,COMPLETED,CLICK_COLLECT,3.27
ORD0004637,CUST000676,STOR0017,ONLINE,2025-09-30 06:35:00,COMPLETED,CLICK_COLLECT,7.36
ORD0004638,CUST000477,STOR0057,B2B,2025-07-31 00:44:00,COMPLETED,CLICK_COLLECT,22.09
ORD0004639,CUST000773,STOR0025,ONLINE,2025-06-25 23:16:00,PENDING,STANDARD,24.97
ORD0004640,CUST000802,STOR0003,STORE,2025-07-20 19:33:00,PENDING,CLICK_COLLECT,10.11
ORD0004641,CUST001139,STOR0046,STORE,2025-07-29 07:11:00,COMPLETED,EXPRESS,16.57
ORD0004642,CUST999999,STOR0030,ONLINE,2025-06-26 00:30:00,PENDING,STANDARD,19.9
ORD0004643,CUST001017,STOR0034,B2B,2025-11-02 16:44:00,COMPLETED,STANDARD,8.97
ORD0004644,CUST000463,STOR0059,STORE,2025-09-14 22:48:00,COMPLETED,EXPRESS,1.76
ORD0004645,CUST000516,STOR0023,MARKETPLACE,2025-10-08 16:09:00,COMPLETED,CLICK_COLLECT,5.22
ORD0004646,CUST001067,STOR0007,MARKETPLACE,2025-11-21 15:35:00,CANCELLED,CLICK_COLLECT,7.69
ORD0004647,CUST000938,STOR0052,MARKETPLACE,2025-12-18 11:01:00,COMPLETED,CLICK_COLLECT,21.1
ORD0004648,CUST000729,STOR0053,ONLINE,2025-05-17 06:38:00,COMPLETED,EXPRESS,12.71
ORD0004649,CUST000682,STOR0022,ONLINE,2025-08-28 14:55:00,COMPLETED,EXPRESS,4.75
ORD0004650,CUST000786,STOR0046,ONLINE,2025-11-13 10:30:00,COMPLETED,EXPRESS,21.47
ORD0004651,CUST000140,STOR0018,STORE,2025-06-28 06:24:00,COMPLETED,EXPRESS,7.02
ORD0004652,CUST000890,STOR0048,STORE,2025-08-05 02:53:00,COMPLETED,CLICK_COLLECT,7.9
ORD0004653,CUST000564,STOR0033,STORE,2025-08-20 22:04:00,COMPLETED,CLICK_COLLECT,6.05
ORD0004654,CUST000154,STOR0029,STORE,2025-07-22 17:21:00,CANCELLED,CLICK_COLLECT,9.04
ORD0004655,CUST000124,STOR0049,B2B,2025-09-09 15:12:00,COMPLETED,EXPRESS,21.76
ORD0004656,CUST001009,STOR0043,MARKETPLACE,2025-08-14 00:05:00,COMPLETED,CLICK_COLLECT,9.45
ORD0004657,CUST000126,STOR0053,STORE,2025-05-12 23:03:00,COMPLETED,EXPRESS,16.92
ORD0004658,CUST000676,STOR0060,B2B,2025-11-24 06:57:00,COMPLETED,EXPRESS,13.01
ORD0004659,CUST000979,STOR0031,B2B,2025-10-13 17:30:00,COMPLETED,EXPRESS,0.0
ORD0004660,CUST000249,STOR0019,MARKETPLACE,2025-07-02 09:30:00,COMPLETED,STANDARD,11.29
ORD0004661,CUST000262,STOR0035,STORE,2025-10-21 00:49:00,CANCELLED,EXPRESS,19.94
ORD0004662,CUST000371,STOR0037,STORE,2025-10-18 13:21:00,CANCELLED,EXPRESS,9.05
ORD0004663,CUST000516,STOR0022,MARKETPLACE,2025-06-20 14:23:00,COMPLETED,STANDARD,19.48
ORD0004664,CUST001173,STOR0016,B2B,2025-10-02 20:32:00,COMPLETED,CLICK_COLLECT,8.95
ORD0004665,CUST000612,STOR0041,STORE,2025-07-05 12:42:00,COMPLETED,CLICK_COLLECT,1.23
ORD0004666,CUST000069,STOR0022,MARKETPLACE,2025-10-01 08:28:00,COMPLETED,EXPRESS,21.64
ORD0004667,CUST000412,STOR0040,ONLINE,2025-08-05 16:56:00,COMPLETED,CLICK_COLLECT,18.21
ORD0004668,CUST000337,STOR0054,B2B,2025-09-02 12:49:00,COMPLETED,EXPRESS,21.44
ORD0004669,CUST000301,STOR0056,B2B,2025-09-13 17:21:00,COMPLETED,EXPRESS,19.23
ORD0004670,CUST000546,STOR0015,ONLINE,2025-09-15 07:17:00,COMPLETED,CLICK_COLLECT,15.5
ORD0004671,CUST000492,STOR0036,MARKETPLACE,2025-10-22 14:57:00,COMPLETED,EXPRESS,21.82
ORD0004672,CUST000320,STOR0040,MARKETPLACE,2025-06-20 08:03:00,PENDING,STANDARD,7.54
ORD0004673,CUST000789,STOR0045,ONLINE,2025-08-22 16:33:00,PENDING,CLICK_COLLECT,11.28
ORD0004674,CUST000357,STOR0032,STORE,2025-06-26 08:42:00,COMPLETED,EXPRESS,20.13
ORD0004675,CUST000913,STOR0036,B2B,2025-06-01 03:22:00,COMPLETED,EXPRESS,19.55
ORD0004676,CUST000833,STOR0008,B2B,2025-09-20 02:21:00,COMPLETED,STANDARD,18.51
ORD0004677,CUST000971,STOR0055,ONLINE,2025-06-29 12:59:00,COMPLETED,CLICK_COLLECT,13.19
ORD0004678,CUST000598,STOR0002,STORE,2025-09-09 06:04:00,COMPLETED,CLICK_COLLECT,17.27
ORD0004679,CUST000851,STOR0056,ONLINE,2025-06-05 12:27:00,CANCELLED,STANDARD,7.77
ORD0004680,CUST001118,STOR0034,B2B,2025-10-25 21:25:00,CANCELLED,EXPRESS,4.31
ORD0004681,CUST000284,STOR0012,MARKETPLACE,2025-11-10 02:32:00,CANCELLED,CLICK_COLLECT,24.34
ORD0004682,CUST000528,STOR0032,B2B,2025-10-14 05:08:00,PENDING,EXPRESS,11.0
ORD0004683,CUST000804,STOR0054,B2B,2025-10-28 14:06:00,COMPLETED,CLICK_COLLECT,6.69
ORD0004684,CUST000943,STOR0040,STORE,2025-10-23 18:22:00,COMPLETED,EXPRESS,13.42
ORD0004685,CUST000647,STOR0010,ONLINE,2025-10-30 05:12:00,COMPLETED,CLICK_COLLECT,4.73
ORD0004686,CUST000905,STOR0016,MARKETPLACE,2025-11-16 02:14:00,COMPLETED,EXPRESS,3.21
ORD0004687,CUST000197,STOR0005,MARKETPLACE,2025-07-18 15:53:00,COMPLETED,CLICK_COLLECT,24.8
ORD0004688,CUST001142,STOR0008,MARKETPLACE,2025-12-11 05:04:00,COMPLETED,EXPRESS,2.3
ORD0004689,CUST000054,STOR0028,B2B,2025-10-07 00:28:00,CANCELLED,CLICK_COLLECT,10.69
ORD0004690,CUST000240,STOR0014,ONLINE,2025-10-23 19:12:00,CANCELLED,EXPRESS,7.82
ORD0004691,CUST000820,STOR0057,MARKETPLACE,2025-09-24 06:12:00,COMPLETED,EXPRESS,8.06
ORD0004692,CUST000502,STOR0016,STORE,2025-05-08 07:23:00,COMPLETED,STANDARD,2.51
ORD0004693,CUST000827,STOR0029,MARKETPLACE,2025-07-31 09:44:00,PENDING,STANDARD,7.31
ORD0004694,CUST000734,STOR0055,B2B,2025-10-03 21:38:00,CANCELLED,STANDARD,5.81
ORD0004695,CUST000739,STOR0028,STORE,2025-11-01 15:00:00,COMPLETED,CLICK_COLLECT,4.9
ORD0004696,CUST000545,STOR0052,STORE,2025-05-16 02:57:00,COMPLETED,EXPRESS,9.27
ORD0004697,CUST000812,STOR0056,B2B,2025-11-27 06:50:00,PENDING,CLICK_COLLECT,12.89
ORD0004698,CUST001026,STOR0028,STORE,2025-11-27 07:27:00,CANCELLED,CLICK_COLLECT,21.29
ORD0004699,CUST000634,STOR0058,ONLINE,2025-07-21 21:19:00,COMPLETED,CLICK_COLLECT,10.1
ORD0004700,CUST000845,STOR0056,B2B,2025-06-24 04:50:00,COMPLETED,CLICK_COLLECT,3.49
ORD0004701,CUST000048,STOR0018,STORE,2025-05-12 12:52:00,PENDING,EXPRESS,3.67
ORD0004702,CUST000157,STOR0006,STORE,2025-10-09 04:48:00,COMPLETED,EXPRESS,6.57
ORD0004703,CUST000699,STOR0004,B2B,2025-06-29 20:48:00,PENDING,CLICK_COLLECT,12.08
ORD0004704,CUST001180,STOR0038,STORE,2025-12-22 05:03:00,PENDING,EXPRESS,3.36
ORD0004705,CUST000038,STOR0014,STORE,2025-06-05 03:08:00,PENDING,CLICK_COLLECT,12.63
ORD0004706,CUST000084,STOR0007,MARKETPLACE,2025-10-03 19:56:00,COMPLETED,CLICK_COLLECT,23.77
ORD0004707,CUST000716,STOR0020,B2B,2025-10-26 11:39:00,CANCELLED,STANDARD,10.86
ORD0004708,CUST000796,STOR0033,ONLINE,2025-11-14 01:46:00,COMPLETED,STANDARD,7.76
ORD0004709,CUST000670,STOR0044,MARKETPLACE,2025-12-10 00:00:00,CANCELLED,CLICK_COLLECT,0.42
ORD0004710,CUST000411,STOR0008,MARKETPLACE,2025-11-27 22:49:00,COMPLETED,STANDARD,10.41
ORD0004711,CUST000537,STOR0013,STORE,2025-12-26 11:31:00,COMPLETED,CLICK_COLLECT,22.06
ORD0004712,CUST001177,STOR0022,STORE,2025-06-05 11:17:00,PENDING,STANDARD,18.96
ORD0004713,CUST000221,STOR0039,B2B,2025-09-04 19:47:00,PENDING,CLICK_COLLECT,1.18
ORD0004714,CUST000777,STOR0019,ONLINE,2025-12-13 02:15:00,CANCELLED,CLICK_COLLECT,10.41
ORD0004715,CUST000038,STOR0059,MARKETPLACE,2025-11-01 18:08:00,PENDING,EXPRESS,13.55
ORD0004716,CUST001168,STOR0002,ONLINE,2025-06-27 12:01:00,CANCELLED,CLICK_COLLECT,0.34
ORD0004717,CUST000444,STOR0048,B2B,2025-11-15 02:21:00,COMPLETED,CLICK_COLLECT,9.63
ORD0004718,CUST000746,STOR0041,STORE,2025-06-28 19:19:00,COMPLETED,CLICK_COLLECT,12.32
ORD0004719,CUST001195,STOR0027,ONLINE,2025-06-07 01:00:00,COMPLETED,EXPRESS,4.91
ORD0004720,CUST000060,STOR0023,STORE,2025-06-26 20:50:00,COMPLETED,EXPRESS,24.13
ORD0004721,CUST000632,STOR0044,ONLINE,2025-11-12 05:59:00,COMPLETED,CLICK_COLLECT,12.39
ORD0004722,CUST001130,STOR0057,MARKETPLACE,2025-07-12 13:17:00,COMPLETED,EXPRESS,24.54
ORD0004723,CUST001168,STOR0047,STORE,2025-05-30 21:25:00,COMPLETED,CLICK_COLLECT,7.07
ORD0004724,CUST000923,STOR0049,MARKETPLACE,2025-12-07 10:57:00,COMPLETED,STANDARD,22.79
ORD0004725,CUST000408,STOR0037,ONLINE,2025-09-27 06:23:00,COMPLETED,STANDARD,12.83
ORD0004726,CUST000812,STOR0053,B2B,2025-11-20 18:04:00,CANCELLED,EXPRESS,17.18
ORD0004727,CUST000318,STOR0005,MARKETPLACE,2025-10-12 21:23:00,PENDING,EXPRESS,13.27
ORD0004728,CUST000388,STOR0039,MARKETPLACE,2025-11-05 01:16:00,COMPLETED,CLICK_COLLECT,0.35
ORD0004729,CUST001088,STOR0038,STORE,2025-11-24 16:43:00,COMPLETED,CLICK_COLLECT,20.71
ORD0004730,CUST000410,STOR0039,ONLINE,2025-07-28 15:32:00,COMPLETED,EXPRESS,0.59
ORD0004731,CUST000170,STOR0010,ONLINE,2025-08-29 15:13:00,COMPLETED,CLICK_COLLECT,19.75
ORD0004732,CUST000627,STOR0034,MARKETPLACE,2025-08-18 18:41:00,COMPLETED,CLICK_COLLECT,1.54
ORD0004733,CUST001129,STOR0005,STORE,2025-07-09 16:29:00,COMPLETED,STANDARD,18.07
ORD0004734,CUST000241,STOR0060,MARKETPLACE,2025-08-03 22:41:00,COMPLETED,EXPRESS,1.43
ORD0004735,CUST000498,STOR0046,B2B,2025-05-24 17:06:00,COMPLETED,EXPRESS,21.97
ORD0004736,CUST001055,STOR0053,MARKETPLACE,2025-05-06 01:17:00,COMPLETED,CLICK_COLLECT,16.43
ORD0004737,CUST000394,STOR0043,MARKETPLACE,2025-11-07 23:08:00,PENDING,STANDARD,0.21
ORD0004738,CUST000667,STOR0011,MARKETPLACE,2025-11-07 18:18:00,COMPLETED,STANDARD,17.49
ORD0004739,CUST000740,STOR0028,ONLINE,2025-08-12 04:20:00,COMPLETED,EXPRESS,2.53
ORD0004740,CUST001156,STOR0035,B2B,2025-06-14 21:45:00,COMPLETED,STANDARD,22.79
ORD0004741,CUST000265,STOR0008,MARKETPLACE,2025-05-20 19:12:00,COMPLETED,CLICK_COLLECT,6.39
ORD0004742,CUST000227,STOR0007,MARKETPLACE,2025-09-10 13:07:00,PENDING,STANDARD,3.94
ORD0004743,CUST000832,STOR0048,MARKETPLACE,2025-11-14 22:02:00,COMPLETED,CLICK_COLLECT,10.28
ORD0004744,CUST000795,STOR0053,B2B,2025-05-25 04:07:00,PENDING,EXPRESS,12.91
ORD0004745,CUST000124,STOR0001,ONLINE,2025-12-26 22:54:00,COMPLETED,STANDARD,17.74
ORD0004746,CUST000252,STOR0027,B2B,2025-07-01 22:01:00,PENDING,EXPRESS,8.43
ORD0004747,CUST000952,STOR0058,STORE,2025-08-08 20:24:00,COMPLETED,STANDARD,13.71
ORD0004748,CUST001035,STOR0020,ONLINE,2025-10-18 06:24:00,COMPLETED,STANDARD,7.68
ORD0004749,CUST001035,STOR0002,B2B,2025-08-14 05:11:00,COMPLETED,CLICK_COLLECT,15.07
ORD0004750,CUST001050,STOR0044,ONLINE,2025-05-20 10:12:00,COMPLETED,CLICK_COLLECT,15.34
ORD0004751,CUST000554,STOR0011,ONLINE,2025-05-07 19:48:00,CANCELLED,CLICK_COLLECT,5.79
ORD0004752,CUST001008,STOR0012,ONLINE,2025-06-14 10:28:00,COMPLETED,CLICK_COLLECT,12.55
ORD0004753,CUST000251,STOR0004,MARKETPLACE,2025-06-22 14:18:00,PENDING,STANDARD,22.91
ORD0004754,CUST000944,STOR0058,ONLINE,2025-12-25 11:47:00,COMPLETED,EXPRESS,8.4
ORD0004755,CUST000732,STOR0046,MARKETPLACE,2025-09-24 09:37:00,COMPLETED,CLICK_COLLECT,10.6
ORD0004756,CUST000288,STOR0009,ONLINE,2025-07-08 20:20:00,CANCELLED,STANDARD,3.21
ORD0004757,CUST001075,STOR0031,STORE,2025-07-23 04:16:00,PENDING,CLICK_COLLECT,1.49
ORD0004758,CUST000318,STOR0040,ONLINE,2025-06-16 00:57:00,CANCELLED,STANDARD,9.6
ORD0004759,CUST000500,STOR0047,MARKETPLACE,2025-11-20 03:41:00,COMPLETED,STANDARD,7.81
ORD0004760,CUST000228,STOR0016,ONLINE,2025-07-30 15:33:00,COMPLETED,EXPRESS,23.97
ORD0004761,CUST000764,STOR0015,ONLINE,2025-12-13 12:08:00,COMPLETED,STANDARD,22.09
ORD0004762,CUST000033,STOR0001,ONLINE,2025-07-16 02:14:00,COMPLETED,STANDARD,1.65
ORD0004763,CUST000630,STOR0012,ONLINE,2025-08-22 09:53:00,COMPLETED,STANDARD,11.62
ORD0004764,CUST000057,STOR0055,MARKETPLACE,2025-09-05 16:43:00,COMPLETED,CLICK_COLLECT,22.71
ORD0004765,CUST000980,STOR0031,ONLINE,2025-06-10 23:08:00,COMPLETED,EXPRESS,1.33
ORD0004766,CUST000819,STOR0040,B2B,2025-07-23 18:29:00,PENDING,CLICK_COLLECT,18.4
ORD0004767,CUST000377,STOR0023,B2B,2025-09-15 14:44:00,PENDING,EXPRESS,16.2
ORD0004768,CUST000434,STOR0023,ONLINE,2025-07-23 02:04:00,CANCELLED,CLICK_COLLECT,10.86
ORD0004769,CUST000779,STOR0029,STORE,2025-07-19 19:39:00,CANCELLED,CLICK_COLLECT,10.07
ORD0004770,CUST001037,STOR0002,ONLINE,2025-06-30 18:26:00,CANCELLED,STANDARD,22.77
ORD0004771,CUST000644,STOR0004,MARKETPLACE,2025-10-10 09:31:00,COMPLETED,STANDARD,1.14
ORD0004772,CUST000991,STOR0053,ONLINE,2025-05-22 04:56:00,COMPLETED,STANDARD,3.21
ORD0004773,CUST001168,STOR0047,STORE,2025-11-01 11:59:00,COMPLETED,CLICK_COLLECT,17.94
ORD0004774,CUST001131,STOR0006,MARKETPLACE,2025-06-10 06:48:00,COMPLETED,STANDARD,2.79
ORD0004775,CUST000832,STOR0048,B2B,2025-12-21 02:27:00,COMPLETED,CLICK_COLLECT,7.68
ORD0004776,CUST000997,STOR0003,B2B,2025-12-16 13:37:00,COMPLETED,STANDARD,15.09
ORD0004777,CUST000677,STOR0058,ONLINE,2025-09-17 22:37:00,COMPLETED,STANDARD,9.25
ORD0004778,CUST000492,STOR0038,ONLINE,2025-09-22 14:08:00,COMPLETED,EXPRESS,2.94
ORD0004779,CUST001057,STOR0026,ONLINE,2025-10-18 11:59:00,COMPLETED,EXPRESS,7.54
ORD0004780,CUST000365,STOR0047,MARKETPLACE,2025-06-28 12:55:00,COMPLETED,CLICK_COLLECT,13.44
ORD0004781,CUST001190,STOR0055,STORE,2025-07-18 22:24:00,CANCELLED,STANDARD,20.31
ORD0004782,CUST001018,STOR0023,ONLINE,2025-09-01 20:35:00,PENDING,CLICK_COLLECT,0.58
ORD0004783,CUST000135,STOR0005,B2B,2025-10-18 22:29:00,PENDING,EXPRESS,15.8
ORD0004784,CUST000320,STOR0047,B2B,2025-07-16 01:03:00,COMPLETED,CLICK_COLLECT,15.06
ORD0004785,CUST000474,STOR0029,STORE,2025-06-18 08:19:00,CANCELLED,EXPRESS,10.69
ORD0004786,CUST001104,STOR0049,B2B,2025-05-19 09:19:00,CANCELLED,STANDARD,2.99
ORD0004787,CUST000139,STOR0034,STORE,2025-09-17 02:26:00,CANCELLED,CLICK_COLLECT,11.01
ORD0004788,CUST000913,STOR0030,MARKETPLACE,2025-07-01 09:52:00,PENDING,EXPRESS,10.95
ORD0004789,CUST000768,STOR0045,STORE,2025-09-15 23:18:00,CANCELLED,STANDARD,17.29
ORD0004790,CUST000210,STOR0041,ONLINE,2025-07-07 20:40:00,COMPLETED,EXPRESS,12.39
ORD0004791,CUST000438,STOR0051,MARKETPLACE,2025-12-10 09:07:00,COMPLETED,CLICK_COLLECT,19.19
ORD0004792,CUST000898,STOR0039,B2B,2025-10-15 11:21:00,COMPLETED,CLICK_COLLECT,11.51
ORD0004793,CUST000976,STOR0058,B2B,2025-11-22 23:03:00,COMPLETED,EXPRESS,15.77
ORD0004794,CUST000055,STOR0002,ONLINE,2025-08-09 10:13:00,CANCELLED,STANDARD,2.6
ORD0004795,CUST000310,STOR0031,STORE,2025-12-29 08:06:00,COMPLETED,CLICK_COLLECT,4.39
ORD0004796,CUST001136,STOR0023,B2B,2025-10-16 05:36:00,CANCELLED,CLICK_COLLECT,3.18
ORD0004797,CUST000701,STOR0051,STORE,2025-05-19 11:23:00,COMPLETED,STANDARD,12.45
ORD0004798,CUST000728,STOR0028,MARKETPLACE,2025-07-18 20:34:00,COMPLETED,CLICK_COLLECT,10.09
ORD0004799,CUST000553,STOR0014,B2B,2025-12-25 04:48:00,COMPLETED,STANDARD,12.63
ORD0004800,CUST000379,STOR0009,ONLINE,2025-06-09 04:01:00,COMPLETED,STANDARD,0.09
ORD0004801,CUST000086,STOR0030,STORE,2025-07-19 18:25:00,CANCELLED,EXPRESS,3.91
ORD0004802,CUST000571,STOR0033,B2B,2025-05-21 21:06:00,CANCELLED,STANDARD,15.57
ORD0004803,CUST000349,STOR0024,ONLINE,2025-08-29 07:28:00,COMPLETED,CLICK_COLLECT,5.97
ORD0004804,CUST001174,STOR0022,B2B,2025-06-16 03:47:00,PENDING,STANDARD,19.73
ORD0004805,CUST000003,STOR0028,MARKETPLACE,2025-05-21 11:46:00,COMPLETED,EXPRESS,22.34
ORD0004806,CUST000688,STOR0059,MARKETPLACE,2025-08-13 20:07:00,COMPLETED,CLICK_COLLECT,8.78
ORD0004807,CUST001189,STOR0059,MARKETPLACE,2025-06-30 12:16:00,COMPLETED,STANDARD,22.64
ORD0004808,CUST000350,STOR0003,B2B,2025-05-12 01:50:00,CANCELLED,EXPRESS,18.67
ORD0004809,CUST000844,STOR0010,STORE,2025-07-21 01:50:00,COMPLETED,STANDARD,20.91
ORD0004810,CUST000955,STOR0021,ONLINE,2025-06-05 22:53:00,PENDING,EXPRESS,11.82
ORD0004811,CUST001181,STOR0027,ONLINE,2025-11-24 05:56:00,COMPLETED,CLICK_COLLECT,10.76
ORD0004812,CUST000434,STOR0018,STORE,2025-07-04 02:17:00,COMPLETED,STANDARD,12.38
ORD0004813,CUST000162,STOR0051,ONLINE,2025-05-17 09:13:00,CANCELLED,EXPRESS,4.21
ORD0004814,CUST000520,STOR0040,MARKETPLACE,2025-06-11 17:29:00,PENDING,CLICK_COLLECT,4.81
ORD0004815,CUST000601,STOR0011,B2B,2025-08-16 15:59:00,COMPLETED,STANDARD,12.15
ORD0004816,CUST000965,STOR0043,B2B,2025-08-14 22:41:00,COMPLETED,CLICK_COLLECT,19.07
ORD0004817,CUST000213,STOR0005,STORE,2025-09-15 01:07:00,COMPLETED,CLICK_COLLECT,8.75
ORD0004818,CUST000426,STOR0034,STORE,2025-10-28 18:09:00,COMPLETED,STANDARD,3.7
ORD0004819,CUST000091,STOR0018,MARKETPLACE,2025-09-02 15:21:00,PENDING,STANDARD,9.94
ORD0004820,CUST000541,STOR0018,B2B,2025-07-06 20:11:00,PENDING,EXPRESS,10.24
ORD0004821,CUST000347,STOR0027,ONLINE,2025-07-16 03:59:00,CANCELLED,CLICK_COLLECT,18.59
ORD0004822,CUST000266,STOR0030,STORE,2025-07-28 20:19:00,COMPLETED,CLICK_COLLECT,14.7
ORD0004823,CUST000248,STOR0057,MARKETPLACE,2025-09-03 01:08:00,CANCELLED,STANDARD,18.53
ORD0004824,CUST000072,STOR0020,B2B,2025-10-09 23:48:00,CANCELLED,STANDARD,1.26
ORD0004825,CUST000752,STOR0017,MARKETPLACE,2025-10-09 13:42:00,COMPLETED,CLICK_COLLECT,18.71
ORD0004826,CUST001003,STOR0030,ONLINE,2025-11-15 08:12:00,COMPLETED,CLICK_COLLECT,16.51
ORD0004827,CUST000022,STOR0014,MARKETPLACE,2025-08-31 01:21:00,CANCELLED,STANDARD,5.94
ORD0004828,CUST000562,STOR0026,MARKETPLACE,2025-08-29 05:48:00,COMPLETED,EXPRESS,0.24
ORD0004829,CUST000177,STOR0006,ONLINE,2025-09-20 11:55:00,CANCELLED,EXPRESS,18.82
ORD0004830,CUST000382,STOR0044,B2B,2025-11-09 07:11:00,CANCELLED,CLICK_COLLECT,1.78
ORD0004831,CUST001007,STOR0033,MARKETPLACE,2025-06-04 02:52:00,COMPLETED,STANDARD,8.69
ORD0004832,CUST000931,STOR0012,ONLINE,2025-11-04 05:43:00,CANCELLED,CLICK_COLLECT,7.28
ORD0004833,CUST000291,STOR0060,MARKETPLACE,2025-06-10 04:08:00,COMPLETED,CLICK_COLLECT,6.43
ORD0004834,CUST000980,STOR0060,B2B,2025-09-24 14:21:00,COMPLETED,EXPRESS,10.13
ORD0004835,CUST000328,STOR0043,MARKETPLACE,2025-10-26 15:10:00,COMPLETED,CLICK_COLLECT,22.45
ORD0004836,CUST000887,STOR0001,B2B,2025-09-16 07:27:00,PENDING,CLICK_COLLECT,5.41
ORD0004837,CUST001053,STOR0013,STORE,2025-10-22 09:03:00,CANCELLED,CLICK_COLLECT,5.45
ORD0004838,CUST000721,STOR0054,STORE,2025-12-09 20:07:00,CANCELLED,EXPRESS,13.06
ORD0004839,CUST000049,STOR0035,ONLINE,2025-08-11 20:33:00,CANCELLED,CLICK_COLLECT,9.23
ORD0004840,CUST000052,STOR0004,STORE,2025-07-30 07:03:00,COMPLETED,EXPRESS,24.97
ORD0004841,CUST000838,STOR0043,ONLINE,2025-05-09 19:12:00,COMPLETED,EXPRESS,21.84
ORD0004842,CUST000074,STOR0016,STORE,2025-10-11 04:35:00,CANCELLED,STANDARD,6.62
ORD0004843,CUST000968,STOR0019,B2B,2025-10-27 03:13:00,COMPLETED,EXPRESS,20.7
ORD0004844,CUST000295,STOR0044,B2B,2025-07-03 18:11:00,PENDING,CLICK_COLLECT,6.96
ORD0004845,CUST000324,STOR0032,B2B,2025-09-29 10:16:00,COMPLETED,CLICK_COLLECT,6.16
ORD0004846,CUST001176,STOR0056,STORE,2025-11-08 07:25:00,COMPLETED,EXPRESS,0.74
ORD0004847,CUST001055,STOR0006,MARKETPLACE,2025-09-03 05:51:00,PENDING,CLICK_COLLECT,2.62
ORD0004848,CUST000155,STOR0043,ONLINE,2025-12-24 21:26:00,PENDING,CLICK_COLLECT,20.47
ORD0004849,CUST001150,STOR0047,ONLINE,2025-05-13 19:34:00,COMPLETED,STANDARD,15.62
ORD0004850,CUST000363,STOR0029,STORE,2025-07-04 12:46:00,COMPLETED,EXPRESS,8.23
ORD0004851,CUST000737,STOR0039,MARKETPLACE,2025-06-07 05:30:00,COMPLETED,EXPRESS,12.21
ORD0004852,CUST000992,STOR0012,STORE,2025-11-26 04:44:00,COMPLETED,STANDARD,20.01
ORD0004853,CUST999999,STOR0004,ONLINE,2025-08-03 07:09:00,CANCELLED,CLICK_COLLECT,21.63
ORD0004854,CUST000907,STOR0017,MARKETPLACE,2025-06-23 05:36:00,COMPLETED,STANDARD,17.62
ORD0004855,CUST000141,STOR0028,ONLINE,2025-08-15 10:52:00,PENDING,EXPRESS,4.34
ORD0004856,CUST000666,STOR0057,ONLINE,2025-07-20 18:50:00,COMPLETED,STANDARD,14.53
ORD0004857,CUST000699,STOR0053,B2B,2025-08-23 23:00:00,COMPLETED,STANDARD,16.04
ORD0004858,CUST000625,STOR0059,B2B,2025-08-17 12:47:00,COMPLETED,CLICK_COLLECT,2.34
ORD0004859,CUST000276,STOR0043,ONLINE,2025-05-27 06:58:00,CANCELLED,STANDARD,4.83
ORD0004860,CUST000179,STOR0035,MARKETPLACE,2025-09-29 03:37:00,CANCELLED,EXPRESS,23.16
ORD0004861,CUST000842,STOR0060,STORE,2025-12-12 01:49:00,CANCELLED,CLICK_COLLECT,17.38
ORD0004862,CUST000130,STOR0025,B2B,2025-12-11 16:21:00,CANCELLED,CLICK_COLLECT,21.85
ORD0004863,CUST001189,STOR0005,B2B,2025-08-04 19:39:00,CANCELLED,CLICK_COLLECT,11.07
ORD0004864,CUST000283,STOR0013,B2B,2025-05-21 23:11:00,COMPLETED,EXPRESS,14.3
ORD0004865,CUST000214,STOR0055,MARKETPLACE,2025-09-29 11:43:00,COMPLETED,EXPRESS,16.67
ORD0004866,CUST000516,STOR0010,MARKETPLACE,2025-11-10 08:12:00,PENDING,STANDARD,21.29
ORD0004867,CUST000246,STOR0032,B2B,2025-06-14 13:12:00,CANCELLED,EXPRESS,17.71
ORD0004868,CUST000298,STOR0007,STORE,2025-07-14 04:11:00,COMPLETED,STANDARD,24.18
ORD0004869,CUST000983,STOR0013,ONLINE,2025-06-02 22:50:00,PENDING,STANDARD,22.92
ORD0004870,CUST000213,STOR0030,MARKETPLACE,2025-07-10 14:13:00,COMPLETED,STANDARD,16.54
ORD0004871,CUST000485,STOR0047,MARKETPLACE,2025-10-04 11:34:00,COMPLETED,CLICK_COLLECT,18.39
ORD0004872,CUST000208,STOR0002,MARKETPLACE,2025-07-05 05:30:00,COMPLETED,STANDARD,18.4
ORD0004873,CUST000651,STOR0042,B2B,2025-07-27 02:13:00,COMPLETED,CLICK_COLLECT,17.72
ORD0004874,CUST000901,STOR0005,ONLINE,2025-07-02 02:44:00,CANCELLED,STANDARD,23.24
ORD0004875,CUST000914,STOR0041,ONLINE,2025-06-25 11:16:00,COMPLETED,EXPRESS,21.63
ORD0004876,CUST001037,STOR0058,STORE,2025-06-29 07:59:00,COMPLETED,EXPRESS,2.69
ORD0004877,CUST001171,STOR0010,STORE,2025-11-27 13:34:00,COMPLETED,EXPRESS,23.08
ORD0004878,CUST000522,STOR0022,ONLINE,2025-06-09 18:41:00,COMPLETED,CLICK_COLLECT,23.28
ORD0004879,CUST001141,STOR0027,ONLINE,2025-08-02 14:07:00,PENDING,CLICK_COLLECT,16.11
ORD0004880,CUST000361,STOR0024,MARKETPLACE,2025-05-27 13:47:00,PENDING,CLICK_COLLECT,4.89
ORD0004881,CUST000510,STOR0047,B2B,2025-12-27 09:20:00,COMPLETED,STANDARD,5.01
ORD0004882,CUST000228,STOR0051,STORE,2025-12-27 16:27:00,CANCELLED,EXPRESS,17.31
ORD0004883,CUST000883,STOR0007,B2B,2025-12-09 12:05:00,COMPLETED,EXPRESS,6.82
ORD0004884,CUST000041,STOR0031,STORE,2025-07-02 14:43:00,CANCELLED,EXPRESS,1.96
ORD0004885,CUST000991,STOR0001,B2B,2025-09-10 22:16:00,PENDING,EXPRESS,24.08
ORD0004886,CUST000222,STOR0030,MARKETPLACE,2025-11-27 02:11:00,COMPLETED,CLICK_COLLECT,17.19
ORD0004887,CUST000873,STOR0029,STORE,2025-10-12 14:08:00,COMPLETED,EXPRESS,2.23
ORD0004888,CUST000401,STOR0005,ONLINE,2025-08-24 05:39:00,CANCELLED,EXPRESS,13.8
ORD0004889,CUST000643,STOR0048,B2B,2025-12-18 20:28:00,COMPLETED,EXPRESS,24.11
ORD0004890,CUST000295,STOR0041,MARKETPLACE,2025-05-09 03:38:00,COMPLETED,STANDARD,21.93
ORD0004891,CUST000003,STOR0017,B2B,2025-08-29 10:20:00,COMPLETED,EXPRESS,2.8
ORD0004892,CUST000557,STOR0004,STORE,2025-11-02 07:34:00,PENDING,EXPRESS,3.14
ORD0004893,CUST000577,STOR0023,B2B,2025-08-10 15:21:00,CANCELLED,CLICK_COLLECT,15.81
ORD0004894,CUST000529,STOR0009,MARKETPLACE,2025-10-01 09:05:00,COMPLETED,CLICK_COLLECT,8.82
ORD0004895,CUST000116,STOR0014,MARKETPLACE,2025-06-25 13:43:00,COMPLETED,STANDARD,12.68
ORD0004896,CUST000238,STOR0014,STORE,2025-09-16 05:12:00,PENDING,CLICK_COLLECT,24.79
ORD0004897,CUST000633,STOR0013,MARKETPLACE,2025-09-07 16:13:00,PENDING,CLICK_COLLECT,17.08
ORD0004898,CUST000222,STOR0056,B2B,2025-08-07 19:37:00,CANCELLED,EXPRESS,6.18
ORD0004899,CUST000803,STOR0046,STORE,2025-08-06 16:59:00,COMPLETED,EXPRESS,17.82
ORD0004900,CUST000999,STOR0045,B2B,2025-10-31 08:14:00,COMPLETED,EXPRESS,10.13
ORD0004901,CUST000158,STOR0030,ONLINE,2025-09-11 15:06:00,CANCELLED,EXPRESS,21.53
ORD0004902,CUST000682,STOR0023,STORE,2025-10-16 10:38:00,PENDING,EXPRESS,23.13
ORD0004903,CUST001164,STOR0034,MARKETPLACE,2025-11-28 01:27:00,PENDING,CLICK_COLLECT,3.21
ORD0004904,CUST000483,STOR0051,ONLINE,2025-07-12 17:26:00,PENDING,CLICK_COLLECT,18.28
ORD0004905,CUST000684,STOR0021,MARKETPLACE,2025-11-02 04:33:00,COMPLETED,EXPRESS,14.51
ORD0004906,CUST000450,STOR0006,MARKETPLACE,2025-11-01 19:19:00,PENDING,CLICK_COLLECT,2.97
ORD0004907,CUST000517,STOR0020,ONLINE,2025-06-15 02:22:00,PENDING,EXPRESS,11.57
ORD0004908,CUST000293,STOR0036,MARKETPLACE,2025-08-13 04:19:00,CANCELLED,EXPRESS,0.82
ORD0004909,CUST000994,STOR0041,B2B,2025-05-11 11:10:00,COMPLETED,STANDARD,9.2
ORD0004910,CUST000779,STOR0060,STORE,2025-12-27 14:27:00,COMPLETED,EXPRESS,19.73
ORD0004911,CUST001001,STOR0021,ONLINE,2025-10-21 14:36:00,COMPLETED,CLICK_COLLECT,0.7
ORD0004912,CUST000202,STOR0040,MARKETPLACE,2025-11-02 20:22:00,COMPLETED,EXPRESS,4.24
ORD0004913,CUST000836,STOR0007,MARKETPLACE,2025-11-26 07:17:00,COMPLETED,EXPRESS,2.96
ORD0004914,CUST000103,STOR0033,STORE,2025-11-11 02:31:00,PENDING,STANDARD,3.48
ORD0004915,CUST000651,STOR0006,STORE,2025-10-03 04:52:00,PENDING,STANDARD,0.11
ORD0004916,CUST000092,STOR0005,ONLINE,2025-10-02 22:22:00,COMPLETED,EXPRESS,6.42
ORD0004917,CUST001172,STOR0004,MARKETPLACE,2025-10-25 14:11:00,COMPLETED,EXPRESS,3.16
ORD0004918,CUST000058,STOR0017,B2B,2025-09-06 16:12:00,COMPLETED,EXPRESS,17.56
ORD0004919,CUST001115,STOR0019,MARKETPLACE,2025-07-19 10:24:00,COMPLETED,EXPRESS,5.8
ORD0004920,CUST001143,STOR0035,MARKETPLACE,2025-06-28 07:49:00,CANCELLED,EXPRESS,1.66
ORD0004921,CUST000596,STOR0036,STORE,2025-12-27 01:13:00,COMPLETED,CLICK_COLLECT,3.45
ORD0004922,CUST000241,STOR0028,ONLINE,2025-05-28 06:02:00,CANCELLED,CLICK_COLLECT,19.27
ORD0004923,CUST000539,STOR0052,ONLINE,2025-07-10 21:54:00,COMPLETED,EXPRESS,15.97
ORD0004924,CUST000596,STOR0060,ONLINE,2025-09-27 07:55:00,CANCELLED,CLICK_COLLECT,12.1
ORD0004925,CUST000418,STOR0019,STORE,2025-12-18 20:12:00,COMPLETED,CLICK_COLLECT,20.86
ORD0004926,CUST001121,STOR0047,STORE,2025-12-26 14:07:00,COMPLETED,CLICK_COLLECT,21.27
ORD0004927,CUST000785,STOR0043,ONLINE,2025-06-15 02:51:00,CANCELLED,CLICK_COLLECT,4.71
ORD0004928,CUST001082,STOR0060,B2B,2025-06-17 07:04:00,CANCELLED,CLICK_COLLECT,16.65
ORD0004929,CUST000056,STOR0035,ONLINE,2025-06-04 21:05:00,COMPLETED,STANDARD,22.96
ORD0004930,CUST000818,STOR0037,B2B,2025-09-25 07:56:00,COMPLETED,CLICK_COLLECT,3.51
ORD0004931,CUST000729,STOR0029,MARKETPLACE,2025-12-07 21:50:00,COMPLETED,EXPRESS,10.58
ORD0004932,CUST000143,STOR0039,STORE,2025-07-14 21:04:00,COMPLETED,EXPRESS,22.75
ORD0004933,CUST001072,STOR0026,STORE,2025-08-29 22:11:00,PENDING,CLICK_COLLECT,17.54
ORD0004934,CUST000035,STOR0043,STORE,2025-06-16 09:51:00,COMPLETED,CLICK_COLLECT,17.56
ORD0004935,CUST000462,STOR0005,B2B,2025-10-12 04:03:00,COMPLETED,CLICK_COLLECT,1.88
ORD0004936,CUST000091,STOR0039,ONLINE,2025-07-27 00:38:00,COMPLETED,CLICK_COLLECT,16.87
ORD0004937,CUST001068,STOR0058,B2B,2025-11-18 15:08:00,PENDING,STANDARD,15.37
ORD0004938,CUST000184,STOR0002,B2B,2025-07-05 18:40:00,CANCELLED,STANDARD,5.5
ORD0004939,CUST000911,STOR0025,MARKETPLACE,2025-12-27 16:11:00,COMPLETED,EXPRESS,13.51
ORD0004940,CUST000615,STOR0037,B2B,2025-05-19 05:44:00,CANCELLED,CLICK_COLLECT,15.39
ORD0004941,CUST001142,STOR0024,MARKETPLACE,2025-11-02 05:15:00,COMPLETED,CLICK_COLLECT,4.56
ORD0004942,CUST000230,STOR0041,MARKETPLACE,2025-05-24 00:43:00,COMPLETED,EXPRESS,19.34
ORD0004943,CUST000290,STOR0001,B2B,2025-09-23 09:31:00,COMPLETED,STANDARD,9.16
ORD0004944,CUST001126,STOR0055,B2B,2025-11-26 23:52:00,COMPLETED,STANDARD,16.96
ORD0004945,CUST000926,STOR0030,MARKETPLACE,2025-06-18 03:46:00,PENDING,CLICK_COLLECT,1.37
ORD0004946,CUST001085,STOR0016,ONLINE,2025-08-02 08:47:00,COMPLETED,STANDARD,4.4
ORD0004947,CUST000107,STOR0015,B2B,2025-10-29 08:06:00,COMPLETED,CLICK_COLLECT,19.05
ORD0004948,CUST000930,STOR0012,MARKETPLACE,2025-05-20 04:58:00,CANCELLED,EXPRESS,24.84
ORD0004949,CUST000884,STOR0014,B2B,2025-12-18 03:09:00,COMPLETED,CLICK_COLLECT,1.39
ORD0004950,CUST000434,STOR0014,ONLINE,2025-11-17 19:27:00,COMPLETED,STANDARD,8.72
ORD0004951,CUST000895,STOR0054,STORE,2025-09-02 12:27:00,COMPLETED,STANDARD,12.23
ORD0004952,CUST000426,STOR0014,MARKETPLACE,2025-08-20 05:06:00,COMPLETED,CLICK_COLLECT,22.26
ORD0004953,CUST000753,STOR0026,MARKETPLACE,2025-08-02 17:11:00,CANCELLED,STANDARD,1.6
ORD0004954,CUST000668,STOR0055,ONLINE,2025-06-18 19:59:00,PENDING,CLICK_COLLECT,14.17
ORD0004955,CUST000612,STOR0032,MARKETPLACE,2025-12-15 09:04:00,COMPLETED,EXPRESS,10.69
ORD0004956,CUST001138,STOR0059,STORE,2025-06-25 14:48:00,COMPLETED,EXPRESS,23.38
ORD0004957,CUST001113,STOR0028,MARKETPLACE,2025-11-19 16:22:00,CANCELLED,EXPRESS,10.44
ORD0004958,CUST001018,STOR0032,ONLINE,2025-08-05 21:20:00,COMPLETED,STANDARD,14.02
ORD0004959,CUST000108,STOR0026,B2B,2025-12-12 11:53:00,PENDING,CLICK_COLLECT,19.35
ORD0004960,CUST000691,STOR0005,ONLINE,2025-08-19 08:55:00,COMPLETED,CLICK_COLLECT,16.03
ORD0004961,CUST000679,STOR0027,B2B,2025-07-25 19:08:00,COMPLETED,EXPRESS,21.81
ORD0004962,CUST001024,STOR0040,MARKETPLACE,2025-08-22 08:24:00,COMPLETED,CLICK_COLLECT,13.64
ORD0004963,CUST000814,STOR0027,ONLINE,2025-11-23 09:44:00,CANCELLED,STANDARD,12.68
ORD0004964,CUST000761,STOR0003,MARKETPLACE,2025-11-22 05:32:00,COMPLETED,EXPRESS,3.56
ORD0004965,CUST000334,STOR0002,STORE,2025-09-01 10:00:00,COMPLETED,EXPRESS,4.37
ORD0004966,CUST000026,STOR0012,MARKETPLACE,2025-06-22 07:35:00,COMPLETED,CLICK_COLLECT,20.5
ORD0004967,CUST001009,STOR0025,STORE,2025-12-16 04:57:00,COMPLETED,CLICK_COLLECT,2.4
ORD0004968,CUST000951,STOR0017,B2B,2025-12-15 09:32:00,COMPLETED,EXPRESS,16.76
ORD0004969,CUST000674,STOR0018,MARKETPLACE,2025-06-08 21:38:00,PENDING,CLICK_COLLECT,6.01
ORD0004970,CUST000465,STOR0022,MARKETPLACE,2025-09-22 10:14:00,PENDING,CLICK_COLLECT,15.68
ORD0004971,CUST000137,STOR0028,MARKETPLACE,2025-10-07 21:39:00,COMPLETED,EXPRESS,23.06
ORD0004972,CUST000696,STOR0010,STORE,2025-10-18 20:38:00,PENDING,CLICK_COLLECT,11.84
ORD0004973,CUST000266,STOR0001,ONLINE,2025-10-26 10:05:00,COMPLETED,CLICK_COLLECT,2.25
ORD0004974,CUST001178,STOR0030,STORE,2025-10-23 09:48:00,COMPLETED,STANDARD,1.99
ORD0004975,CUST000490,STOR0014,B2B,2025-12-20 19:27:00,COMPLETED,CLICK_COLLECT,13.57
ORD0004976,CUST000111,STOR0021,ONLINE,2025-11-05 03:59:00,COMPLETED,CLICK_COLLECT,24.88
ORD0004977,CUST000798,STOR0041,ONLINE,2025-07-27 19:48:00,PENDING,CLICK_COLLECT,11.31
ORD0004978,CUST000058,STOR0055,MARKETPLACE,2025-10-19 08:03:00,PENDING,EXPRESS,9.18
ORD0004979,CUST000596,STOR0023,MARKETPLACE,2025-09-16 06:16:00,COMPLETED,STANDARD,0.41
ORD0004980,CUST001043,STOR0058,MARKETPLACE,2025-07-21 05:01:00,COMPLETED,CLICK_COLLECT,4.67
ORD0004981,CUST000556,STOR0037,ONLINE,2025-10-13 13:20:00,CANCELLED,CLICK_COLLECT,11.07
ORD0004982,CUST000765,STOR0020,ONLINE,2025-07-28 10:02:00,COMPLETED,STANDARD,15.16
ORD0004983,CUST000758,STOR0054,B2B,2025-09-29 06:29:00,CANCELLED,STANDARD,24.56
ORD0004984,CUST001187,STOR0025,ONLINE,2025-12-10 14:53:00,CANCELLED,STANDARD,22.7
ORD0004985,CUST000231,STOR0014,MARKETPLACE,2025-08-22 18:17:00,COMPLETED,STANDARD,20.43
ORD0004986,CUST000778,STOR0055,MARKETPLACE,2025-07-12 17:13:00,COMPLETED,CLICK_COLLECT,20.74
ORD0004987,CUST000949,STOR0048,ONLINE,2025-09-20 05:31:00,CANCELLED,CLICK_COLLECT,15.48
ORD0004988,CUST000227,STOR0053,MARKETPLACE,2025-06-08 04:26:00,CANCELLED,CLICK_COLLECT,16.82
ORD0004989,CUST000059,STOR0028,ONLINE,2025-12-20 08:38:00,PENDING,CLICK_COLLECT,4.45
ORD0004990,CUST000023,STOR0011,STORE,2025-08-22 03:01:00,COMPLETED,STANDARD,16.45
ORD0004991,CUST000531,STOR0024,B2B,2025-05-12 19:48:00,PENDING,STANDARD,8.36
ORD0004992,CUST000535,STOR0039,MARKETPLACE,2025-11-21 15:13:00,COMPLETED,CLICK_COLLECT,8.65
ORD0004993,CUST000411,STOR0014,B2B,2025-10-15 21:27:00,COMPLETED,CLICK_COLLECT,21.66
ORD0004994,CUST000175,STOR0016,B2B,2025-10-30 23:17:00,PENDING,EXPRESS,21.77
ORD0004995,CUST000182,STOR0041,ONLINE,2025-06-03 17:33:00,COMPLETED,CLICK_COLLECT,5.76
ORD0004996,CUST000668,STOR0057,STORE,2025-11-25 15:39:00,COMPLETED,STANDARD,2.34
ORD0004997,CUST000167,STOR0041,B2B,2025-07-05 05:17:00,COMPLETED,CLICK_COLLECT,11.63
ORD0004998,CUST001003,STOR0033,B2B,2025-11-16 03:09:00,PENDING,EXPRESS,6.0
ORD0004999,CUST000084,STOR0054,ONLINE,2025-11-12 16:31:00,COMPLETED,CLICK_COLLECT,23.69
ORD0005000,CUST001040,STOR0010,STORE,2025-06-19 23:03:00,COMPLETED,EXPRESS,7.05
