payment_id,order_id,payment_method,amount,payment_status,payment_ts,auth_code
PAY0000001,ORD0000001,BANK_TRANSFER,1923.82,SETTLED,2025-11-07 10:13:00,AUTH95338930
PAY0000002,ORD0000002,GIFT_CARD,585.14,SETTLED,2025-08-19 21:29:00,AUTH54528705
PAY0000003,ORD0000003,BANK_TRANSFER,671.05,SETTLED,2025-06-01 00:49:00,AUTH77658858
PAY0000004,ORD0000004,BANK_TRANSFER,2086.86,SETTLED,2025-11-17 22:51:00,AUTH76100057
PAY0000005,ORD0000005,PAYPAL,2155.12,REFUNDED,2025-08-25 15:23:00,AUTH25996984
PAY0000006,ORD0000006,CREDIT_CARD,131.71,SETTLED,2025-10-24 10:37:00,AUTH53887248
PAY0000007,ORD0000007,DEBIT_CARD,1126.29,SETTLED,2025-08-02 00:41:00,AUTH16838337
PAY0000008,ORD0000008,BANK_TRANSFER,805.44,REFUNDED,2025-12-01 08:55:00,AUTH88006052
PAY0000009,ORD0000009,AFTERPAY,1151.54,SETTLED,2025-06-16 20:24:00,AUTH88224975
PAY0000010,ORD0000010,AFTERPAY,1264.63,SETTLED,2025-10-01 19:58:00,AUTH73956552
PAY0000011,ORD0000011,AFTERPAY,2339.83,DECLINED,2025-07-08 09:49:00,AUTH57125699
PAY0000012,ORD0000012,BANK_TRANSFER,1526.62,SETTLED,2025-09-29 07:21:00,AUTH77613439
PAY0000013,ORD0000013,PAYPAL,2334.07,SETTLED,2025-07-03 11:22:00,AUTH87997706
PAY0000014,ORD0000014,BANK_TRANSFER,1350.04,REFUNDED,2025-05-10 06:18:00,AUTH13931357
PAY0000015,ORD0000015,AFTERPAY,1805.47,SETTLED,2025-07-17 01:01:00,AUTH98828290
PAY0000016,ORD0000016,AFTERPAY,1203.09,DECLINED,2025-08-10 10:17:00,AUTH75907546
PAY0000017,ORD0000017,GIFT_CARD,862.54,SETTLED,2025-09-28 07:44:00,AUTH25651327
PAY0000018,ORD0000018,GIFT_CARD,50.82,SETTLED,2025-09-30 09:40:00,AUTH14969634
PAY0000019,ORD0000019,CREDIT_CARD,93.24,SETTLED,2025-06-23 20:40:00,AUTH47878009
PAY0000020,ORD0000020,GIFT_CARD,1574.0,SETTLED,2025-07-23 03:20:00,AUTH88158097
PAY0000021,ORD0000021,GIFT_CARD,1900.06,SETTLED,2025-10-30 21:18:00,AUTH26640065
PAY0000022,ORD0000022,DEBIT_CARD,721.88,SETTLED,2025-07-11 12:40:00,AUTH80690586
PAY0000023,ORD0000023,DEBIT_CARD,397.99,DECLINED,2025-09-25 14:31:00,AUTH67053034
PAY0000024,ORD0000024,DEBIT_CARD,1181.25,DECLINED,2025-12-24 11:23:00,AUTH26765222
PAY0000025,ORD0000025,DEBIT_CARD,1579.29,SETTLED,2025-06-20 06:34:00,AUTH98046814
PAY0000026,ORD0000026,BANK_TRANSFER,1705.08,SETTLED,2025-05-27 08:40:00,AUTH18485808
PAY0000027,ORD0000027,CREDIT_CARD,953.89,DECLINED,2025-06-15 17:47:00,AUTH21205028
PAY0000028,ORD0000028,GIFT_CARD,1704.84,SETTLED,2025-08-15 06:43:00,AUTH56505485
PAY0000029,ORD0000029,AFTERPAY,2026.8,SETTLED,2025-10-18 20:24:00,AUTH66475826
PAY0000030,ORD0000030,AFTERPAY,1131.36,SETTLED,2025-07-15 09:26:00,AUTH38960262
PAY0000031,ORD0000031,CREDIT_CARD,2181.79,SETTLED,2025-07-16 02:59:00,AUTH11160768
PAY0000032,ORD0000032,GIFT_CARD,1164.24,SETTLED,2025-09-23 18:04:00,AUTH64037525
PAY0000033,ORD0000033,BANK_TRANSFER,2105.32,SETTLED,2025-05-21 21:46:00,AUTH57645665
PAY0000034,ORD0000034,PAYPAL,568.26,SETTLED,2025-11-04 19:01:00,AUTH97683940
PAY0000035,ORD0000035,GIFT_CARD,2049.39,SETTLED,2025-08-23 13:47:00,AUTH85794550
PAY0000036,ORD0000036,DEBIT_CARD,701.04,REFUNDED,2025-09-17 16:16:00,AUTH42549427
PAY0000037,ORD0000037,GIFT_CARD,1771.7,SETTLED,2025-08-04 12:41:00,AUTH42698901
PAY0000038,ORD0000038,GIFT_CARD,1102.4,SETTLED,2025-12-10 08:36:00,AUTH42142343
PAY0000039,ORD0000039,GIFT_CARD,2159.9,SETTLED,2025-09-30 15:35:00,AUTH77151480
PAY0000040,ORD0000040,CREDIT_CARD,2250.61,SETTLED,2025-07-07 19:07:00,AUTH12096215
PAY0000041,ORD0000041,GIFT_CARD,1477.39,SETTLED,2025-12-16 11:17:00,AUTH51628926
PAY0000042,ORD0000042,DEBIT_CARD,149.47,SETTLED,2025-12-24 15:17:00,AUTH87290482
PAY0000043,ORD0000043,PAYPAL,2316.31,SETTLED,2025-06-15 20:10:00,AUTH34979191
PAY0000044,ORD0000044,DEBIT_CARD,1480.65,REFUNDED,2025-05-10 10:54:00,AUTH78684860
PAY0000045,ORD0000045,PAYPAL,423.56,DECLINED,2025-11-15 07:39:00,AUTH15971642
PAY0000046,ORD0000046,PAYPAL,1883.12,SETTLED,2025-06-14 07:33:00,AUTH71877408
PAY0000047,ORD0000047,GIFT_CARD,198.89,SETTLED,2025-05-16 01:46:00,AUTH38265733
PAY0000048,ORD0000048,DEBIT_CARD,1778.69,SETTLED,2025-12-19 22:25:00,AUTH40480094
PAY0000049,ORD0000049,CREDIT_CARD,2296.3,SETTLED,2025-07-04 15:18:00,AUTH93411664
PAY0000050,ORD0000050,GIFT_CARD,1327.66,REFUNDED,2025-11-29 14:11:00,AUTH14100109
PAY0000051,ORD0000051,CREDIT_CARD,1850.7,SETTLED,2025-10-16 14:52:00,AUTH29811668
PAY0000052,ORD0000052,BANK_TRANSFER,1602.64,SETTLED,2025-06-15 19:11:00,AUTH40239073
PAY0000053,ORD0000053,BANK_TRANSFER,696.77,SETTLED,2025-07-03 09:14:00,AUTH79864486
PAY0000054,ORD0000054,AFTERPAY,1767.49,SETTLED,2025-09-05 13:47:00,AUTH17850323
PAY0000055,ORD0000055,GIFT_CARD,513.32,SETTLED,2025-07-05 01:43:00,AUTH86343989
PAY0000056,ORD0000056,GIFT_CARD,1063.06,SETTLED,2025-07-17 06:10:00,AUTH64685431
PAY0000057,ORD0000057,CREDIT_CARD,2259.27,SETTLED,2025-11-23 08:58:00,AUTH59005916
PAY0000058,ORD0000058,CREDIT_CARD,767.34,SETTLED,2025-10-13 07:22:00,AUTH55588533
PAY0000059,ORD0000059,GIFT_CARD,302.88,DECLINED,2025-06-17 20:56:00,AUTH56065321
PAY0000060,ORD0000060,DEBIT_CARD,2040.59,SETTLED,2025-05-16 04:21:00,AUTH43817759
PAY0000061,ORD0000061,BANK_TRANSFER,1324.97,SETTLED,2025-09-13 12:49:00,AUTH82635922
PAY0000062,ORD0000062,BANK_TRANSFER,1638.24,SETTLED,2025-09-22 00:29:00,AUTH52252764
PAY0000063,ORD0000063,GIFT_CARD,1433.97,SETTLED,2025-08-19 06:01:00,AUTH79842709
PAY0000064,ORD0000064,CREDIT_CARD,783.31,SETTLED,2025-06-03 11:01:00,AUTH92443245
PAY0000065,ORD0000065,PAYPAL,370.06,SETTLED,2025-10-18 17:38:00,AUTH51174923
PAY0000066,ORD0000066,DEBIT_CARD,965.77,SETTLED,2025-10-25 12:39:00,AUTH67243976
PAY0000067,ORD0000067,GIFT_CARD,1651.05,DECLINED,2025-10-09 17:23:00,AUTH56475142
PAY0000068,ORD0000068,BANK_TRANSFER,1029.78,DECLINED,2025-10-26 21:29:00,AUTH16144641
PAY0000069,ORD0000069,DEBIT_CARD,31.94,SETTLED,2025-11-16 11:36:00,AUTH58482405
PAY0000070,ORD0000070,BANK_TRANSFER,57.28,SETTLED,2025-06-08 16:11:00,AUTH63381177
PAY0000071,ORD0000071,CREDIT_CARD,569.83,SETTLED,2025-12-31 21:18:00,AUTH27333251
PAY0000072,ORD0000072,CREDIT_CARD,1410.81,SETTLED,2025-05-17 19:06:00,AUTH54509211
PAY0000073,ORD0000073,PAYPAL,506.65,SETTLED,2025-06-15 14:30:00,AUTH58275154
PAY0000074,ORD0000074,GIFT_CARD,1933.26,SETTLED,2025-06-28 02:55:00,AUTH82744704
PAY0000075,ORD0000075,CREDIT_CARD,474.29,SETTLED,2025-10-10 18:11:00,AUTH22885656
PAY0000076,ORD0000076,CREDIT_CARD,1982.42,REFUNDED,2025-08-09 22:59:00,AUTH94396470
PAY0000077,ORD0000077,PAYPAL,2344.29,DECLINED,2025-11-28 00:26:00,AUTH50500244
PAY0000078,ORD0000078,GIFT_CARD,1336.76,SETTLED,2025-07-12 10:54:00,AUTH88123898
PAY0000079,ORD0000079,PAYPAL,2091.47,SETTLED,2025-08-31 06:02:00,AUTH21645651
PAY0000080,ORD0000080,PAYPAL,1004.9,SETTLED,2025-10-31 14:46:00,AUTH77202845
PAY0000081,ORD0000081,GIFT_CARD,923.14,SETTLED,2025-06-28 20:52:00,AUTH65141508
PAY0000082,ORD0000082,GIFT_CARD,255.74,DECLINED,2025-11-29 16:33:00,AUTH66778489
PAY0000083,ORD0000083,CREDIT_CARD,1888.63,REFUNDED,2025-10-19 17:02:00,AUTH63292982
PAY0000084,ORD0000084,AFTERPAY,1143.32,SETTLED,2025-05-25 18:09:00,AUTH77131653
PAY0000085,ORD0000085,BANK_TRANSFER,772.42,SETTLED,2025-12-16 14:16:00,AUTH76700486
PAY0000086,ORD0000086,BANK_TRANSFER,1802.86,REFUNDED,2025-12-22 12:16:00,AUTH41940811
PAY0000087,ORD0000087,CREDIT_CARD,558.33,SETTLED,2025-05-31 03:48:00,AUTH98794526
PAY0000088,ORD0000088,BANK_TRANSFER,1884.84,SETTLED,2025-07-04 07:31:00,AUTH42108326
PAY0000089,ORD0000089,BANK_TRANSFER,1740.32,SETTLED,2025-09-02 09:29:00,AUTH82869325
PAY0000090,ORD0000090,AFTERPAY,2380.34,SETTLED,2025-11-27 03:14:00,AUTH28498273
PAY0000091,ORD0000091,AFTERPAY,315.4,SETTLED,2025-12-05 04:12:00,AUTH74535435
PAY0000092,ORD0000092,BANK_TRANSFER,2126.54,SETTLED,2025-11-21 02:51:00,AUTH18327381
PAY0000093,ORD0000093,GIFT_CARD,1188.93,REFUNDED,2025-10-07 18:05:00,AUTH98587160
PAY0000094,ORD0000094,BANK_TRANSFER,1930.43,SETTLED,2025-08-18 19:21:00,AUTH84497335
PAY0000095,ORD0000095,DEBIT_CARD,1804.77,SETTLED,2025-08-27 11:03:00,AUTH39811104
PAY0000096,ORD0000096,DEBIT_CARD,972.67,SETTLED,2025-09-06 21:40:00,AUTH14697940
PAY0000097,ORD0000097,PAYPAL,1591.2,DECLINED,2025-10-30 07:40:00,AUTH47761030
PAY0000098,ORD0000098,CREDIT_CARD,910.9,SETTLED,2025-12-19 21:25:00,AUTH91111565
PAY0000099,ORD0000099,BANK_TRANSFER,978.23,SETTLED,2025-08-24 15:50:00,AUTH31990117
PAY0000100,ORD0000100,PAYPAL,315.43,SETTLED,2025-06-07 23:09:00,AUTH37103324
PAY0000101,ORD0000101,BANK_TRANSFER,167.54,SETTLED,2025-12-03 15:37:00,AUTH21235377
PAY0000102,ORD0000102,DEBIT_CARD,1927.08,SETTLED,2025-12-26 06:03:00,AUTH11659070
PAY0000103,ORD0000103,GIFT_CARD,319.71,SETTLED,2025-07-11 08:48:00,AUTH70970571
PAY0000104,ORD0000104,GIFT_CARD,547.28,SETTLED,2025-12-31 07:37:00,AUTH11970354
PAY0000105,ORD0000105,CREDIT_CARD,999.63,SETTLED,2025-10-18 00:58:00,AUTH52545909
PAY0000106,ORD0000106,BANK_TRANSFER,1900.86,SETTLED,2025-07-04 00:47:00,AUTH67664803
PAY0000107,ORD0000107,BANK_TRANSFER,1130.7,SETTLED,2025-07-08 00:17:00,AUTH57718740
PAY0000108,ORD0000108,CREDIT_CARD,654.82,SETTLED,2025-10-30 00:47:00,AUTH43482083
PAY0000109,ORD0000109,BANK_TRANSFER,185.62,SETTLED,2025-10-09 23:36:00,AUTH90607830
PAY0000110,ORD0000109,AFTERPAY,2160.77,SETTLED,2025-06-06 10:51:00,AUTH39995566
PAY0000111,ORD0000110,BANK_TRANSFER,711.74,SETTLED,2025-05-19 02:22:00,AUTH77409684
PAY0000112,ORD0000111,BANK_TRANSFER,1259.72,SETTLED,2025-06-19 19:29:00,AUTH19947391
PAY0000113,ORD0000112,AFTERPAY,1128.6,DECLINED,2025-12-27 04:41:00,AUTH28852895
PAY0000114,ORD0000113,GIFT_CARD,664.44,REFUNDED,2025-09-08 20:41:00,AUTH67477313
PAY0000115,ORD0000114,DEBIT_CARD,1569.88,SETTLED,2025-05-25 01:09:00,AUTH19067334
PAY0000116,ORD0000115,BANK_TRANSFER,1466.65,SETTLED,2025-07-26 21:53:00,AUTH40759801
PAY0000117,ORD0000116,AFTERPAY,156.45,SETTLED,2025-05-16 12:59:00,AUTH76914818
PAY0000118,ORD0000117,DEBIT_CARD,1140.96,SETTLED,2025-11-28 15:46:00,AUTH85024550
PAY0000119,ORD0000118,BANK_TRANSFER,2111.26,SETTLED,2025-06-05 22:54:00,AUTH10041524
PAY0000120,ORD0000119,GIFT_CARD,1474.62,DECLINED,2025-07-06 15:06:00,AUTH23311573
PAY0000121,ORD0000120,DEBIT_CARD,1352.04,SETTLED,2025-09-02 10:07:00,AUTH84392957
PAY0000122,ORD0000121,PAYPAL,413.72,SETTLED,2025-11-07 14:58:00,AUTH22029209
PAY0000123,ORD0000122,BANK_TRANSFER,910.99,SETTLED,2025-12-28 05:50:00,AUTH51282349
PAY0000124,ORD0000123,CREDIT_CARD,896.07,SETTLED,2025-09-03 15:50:00,AUTH89098289
PAY0000125,ORD0000124,AFTERPAY,836.77,SETTLED,2025-06-01 03:10:00,AUTH62252668
PAY0000126,ORD0000125,AFTERPAY,1522.36,SETTLED,2025-05-16 07:46:00,AUTH60153818
PAY0000127,ORD0000126,AFTERPAY,1468.21,SETTLED,2025-12-19 19:21:00,AUTH72681378
PAY0000128,ORD0000127,DEBIT_CARD,1799.12,SETTLED,2025-09-18 05:59:00,AUTH19422354
PAY0000129,ORD0000128,CREDIT_CARD,1040.93,DECLINED,2025-07-02 09:06:00,AUTH80236632
PAY0000130,ORD0000128,CREDIT_CARD,1519.93,SETTLED,2025-12-31 19:40:00,AUTH78796849
PAY0000131,ORD0000129,AFTERPAY,621.67,SETTLED,2025-06-06 15:33:00,AUTH55646240
PAY0000132,ORD0000130,GIFT_CARD,1594.51,SETTLED,2025-06-18 18:52:00,AUTH76710307
PAY0000133,ORD0000131,AFTERPAY,945.75,SETTLED,2025-05-21 17:38:00,AUTH33490301
PAY0000134,ORD0000132,PAYPAL,926.34,SETTLED,2025-07-20 22:36:00,AUTH65171493
PAY0000135,ORD0000133,GIFT_CARD,1379.93,SETTLED,2025-10-01 16:11:00,AUTH69153750
PAY0000136,ORD0000134,CREDIT_CARD,2045.4,REFUNDED,2025-12-05 11:20:00,AUTH84935782
PAY0000137,ORD0000135,AFTERPAY,261.45,SETTLED,2025-12-21 19:08:00,AUTH91466770
PAY0000138,ORD0000136,AFTERPAY,846.52,SETTLED,2025-11-07 11:22:00,AUTH43974125
PAY0000139,ORD0000137,AFTERPAY,1947.99,REFUNDED,2025-07-05 14:39:00,AUTH40806171
PAY0000140,ORD0000138,BANK_TRANSFER,40.06,SETTLED,2025-05-14 18:19:00,AUTH65463886
PAY0000141,ORD0000139,PAYPAL,710.8,SETTLED,2025-08-12 10:45:00,AUTH89658927
PAY0000142,ORD0000140,GIFT_CARD,23.34,SETTLED,2025-08-31 14:08:00,AUTH48357670
PAY0000143,ORD0000141,PAYPAL,969.82,SETTLED,2025-11-23 14:21:00,AUTH57035238
PAY0000144,ORD0000142,PAYPAL,227.08,SETTLED,2025-09-20 20:21:00,AUTH36792795
PAY0000145,ORD0000143,GIFT_CARD,439.18,SETTLED,2025-10-23 18:45:00,AUTH55882745
PAY0000146,ORD0000144,BANK_TRANSFER,1537.38,SETTLED,2025-10-24 02:11:00,AUTH54069921
PAY0000147,ORD0000144,CREDIT_CARD,1420.58,SETTLED,2025-09-06 13:35:00,AUTH67817765
PAY0000148,ORD0000145,CREDIT_CARD,2308.92,SETTLED,2025-05-19 01:44:00,AUTH33790202
PAY0000149,ORD0000146,GIFT_CARD,1000.27,SETTLED,2025-11-23 09:02:00,AUTH79885654
PAY0000150,ORD0000147,AFTERPAY,568.36,SETTLED,2025-10-01 15:42:00,AUTH20351495
PAY0000151,ORD0000148,AFTERPAY,459.48,SETTLED,2025-11-20 04:01:00,AUTH43569590
PAY0000152,ORD0000149,PAYPAL,1459.92,DECLINED,2025-10-07 09:37:00,AUTH72136439
PAY0000153,ORD0000150,CREDIT_CARD,1325.12,SETTLED,2025-05-30 17:13:00,AUTH18699600
PAY0000154,ORD0000151,DEBIT_CARD,821.76,SETTLED,2025-11-08 16:13:00,AUTH62076486
PAY0000155,ORD0000152,BANK_TRANSFER,1070.42,SETTLED,2025-12-30 20:25:00,AUTH30245439
PAY0000156,ORD0000153,BANK_TRANSFER,312.35,REFUNDED,2025-06-17 19:28:00,AUTH22698711
PAY0000157,ORD0000154,CREDIT_CARD,401.71,SETTLED,2025-11-06 04:48:00,AUTH60770254
PAY0000158,ORD0000155,AFTERPAY,600.54,SETTLED,2025-12-15 13:38:00,AUTH24979168
PAY0000159,ORD0000156,CREDIT_CARD,1827.53,SETTLED,2025-10-21 21:36:00,AUTH50458071
PAY0000160,ORD0000157,CREDIT_CARD,1200.01,SETTLED,2025-07-30 18:49:00,AUTH99716766
PAY0000161,ORD0000158,DEBIT_CARD,685.23,SETTLED,2025-06-06 04:17:00,AUTH42575457
PAY0000162,ORD0000159,GIFT_CARD,1802.01,SETTLED,2025-11-20 04:07:00,AUTH33326624
PAY0000163,ORD0000160,GIFT_CARD,1313.22,SETTLED,2025-10-12 07:17:00,AUTH73989426
PAY0000164,ORD0000161,GIFT_CARD,2314.18,SETTLED,2025-10-11 09:52:00,AUTH63083117
PAY0000165,ORD0000162,PAYPAL,1896.08,SETTLED,2025-07-24 05:10:00,AUTH33741215
PAY0000166,ORD0000163,PAYPAL,1032.99,SETTLED,2025-05-09 16:49:00,AUTH77755090
PAY0000167,ORD0000164,GIFT_CARD,965.54,SETTLED,2025-05-23 21:34:00,AUTH95900935
PAY0000168,ORD0000165,BANK_TRANSFER,1277.07,SETTLED,2025-08-04 23:58:00,AUTH15100799
PAY0000169,ORD0000166,GIFT_CARD,2386.38,REFUNDED,2025-06-17 04:26:00,AUTH48069071
PAY0000170,ORD0000167,PAYPAL,1793.74,SETTLED,2025-11-02 04:28:00,AUTH70219444
PAY0000171,ORD0000168,DEBIT_CARD,1301.95,SETTLED,2025-12-09 04:33:00,AUTH94317587
PAY0000172,ORD0000169,PAYPAL,855.44,REFUNDED,2025-11-23 13:57:00,AUTH94655595
PAY0000173,ORD0000170,CREDIT_CARD,2058.7,REFUNDED,2025-06-22 20:14:00,AUTH64735439
PAY0000174,ORD0000171,DEBIT_CARD,2249.32,SETTLED,2025-09-11 20:51:00,AUTH98571218
PAY0000175,ORD0000172,BANK_TRANSFER,358.75,SETTLED,2025-09-16 13:16:00,AUTH48200735
PAY0000176,ORD0000173,PAYPAL,2161.04,SETTLED,2025-07-15 23:49:00,AUTH57142456
PAY0000177,ORD0000174,PAYPAL,592.44,SETTLED,2025-10-25 02:48:00,AUTH38829273
PAY0000178,ORD0000175,PAYPAL,1387.56,SETTLED,2025-12-26 03:08:00,AUTH98038136
PAY0000179,ORD0000176,BANK_TRANSFER,1997.46,SETTLED,2025-05-27 18:39:00,AUTH66963741
PAY0000180,ORD0000177,AFTERPAY,829.51,SETTLED,2025-10-29 05:49:00,AUTH82833259
PAY0000181,ORD0000178,GIFT_CARD,503.66,SETTLED,2025-07-09 07:44:00,AUTH45510957
PAY0000182,ORD0000179,BANK_TRANSFER,247.27,REFUNDED,2025-12-21 10:36:00,AUTH61244941
PAY0000183,ORD0000180,AFTERPAY,863.04,REFUNDED,2025-06-01 01:56:00,AUTH15017134
PAY0000184,ORD0000181,CREDIT_CARD,1802.51,SETTLED,2025-09-28 00:51:00,AUTH88303107
PAY0000185,ORD0000182,DEBIT_CARD,797.22,DECLINED,2025-11-04 12:56:00,AUTH29061254
PAY0000186,ORD0000183,CREDIT_CARD,356.56,REFUNDED,2025-05-18 15:01:00,AUTH80657657
PAY0000187,ORD0000183,PAYPAL,909.03,SETTLED,2025-10-24 11:54:00,AUTH39618194
PAY0000188,ORD0000184,CREDIT_CARD,1066.14,SETTLED,2025-10-02 10:54:00,AUTH75987803
PAY0000189,ORD0000185,CREDIT_CARD,1041.51,SETTLED,2025-05-18 14:11:00,AUTH54435050
PAY0000190,ORD0000185,DEBIT_CARD,1256.17,DECLINED,2025-06-08 17:42:00,AUTH66709778
PAY0000191,ORD0000186,PAYPAL,2384.84,SETTLED,2025-12-25 10:30:00,AUTH75598903
PAY0000192,ORD0000186,GIFT_CARD,162.81,SETTLED,2025-12-14 12:00:00,AUTH35564835
PAY0000193,ORD0000187,GIFT_CARD,512.33,REFUNDED,2025-07-15 15:46:00,AUTH78359431
PAY0000194,ORD0000188,DEBIT_CARD,1125.46,SETTLED,2025-09-09 08:05:00,AUTH16818446
PAY0000195,ORD0000189,BANK_TRANSFER,2285.11,SETTLED,2025-05-21 00:34:00,AUTH56541374
PAY0000196,ORD0000190,BANK_TRANSFER,2141.54,SETTLED,2025-06-03 14:26:00,AUTH81388711
PAY0000197,ORD0000191,BANK_TRANSFER,1379.68,REFUNDED,2025-10-24 17:19:00,AUTH58513384
PAY0000198,ORD0000192,PAYPAL,2396.63,SETTLED,2025-11-03 18:31:00,AUTH54137099
PAY0000199,ORD0000193,GIFT_CARD,2182.02,SETTLED,2025-05-22 10:58:00,AUTH17499611
PAY0000200,ORD0000194,DEBIT_CARD,1160.56,SETTLED,2025-07-08 00:02:00,AUTH66294839
PAY0000201,ORD0000195,GIFT_CARD,1462.86,REFUNDED,2025-08-07 23:07:00,AUTH47991601
PAY0000202,ORD0000196,DEBIT_CARD,1386.19,REFUNDED,2025-09-20 22:28:00,AUTH54673921
PAY0000203,ORD0000197,AFTERPAY,333.97,SETTLED,2025-06-04 13:12:00,AUTH66223792
PAY0000204,ORD0000198,PAYPAL,915.96,SETTLED,2025-10-16 08:23:00,AUTH49000210
PAY0000205,ORD0000199,AFTERPAY,1508.83,SETTLED,2025-10-01 01:33:00,AUTH19676331
PAY0000206,ORD0000200,AFTERPAY,372.7,REFUNDED,2025-12-18 09:19:00,AUTH46164572
PAY0000207,ORD0000201,GIFT_CARD,1182.84,SETTLED,2025-06-25 01:21:00,AUTH53971936
PAY0000208,ORD0000202,BANK_TRANSFER,2071.57,SETTLED,2025-12-02 23:25:00,AUTH96406499
PAY0000209,ORD0000203,PAYPAL,796.68,SETTLED,2025-11-05 15:57:00,AUTH42849323
PAY0000210,ORD0000204,BANK_TRANSFER,1130.8,SETTLED,2025-08-12 03:10:00,AUTH17853389
PAY0000211,ORD0000205,AFTERPAY,686.03,SETTLED,2025-08-12 20:08:00,AUTH50267433
PAY0000212,ORD0000206,AFTERPAY,1167.61,SETTLED,2025-06-17 15:02:00,AUTH43672062
PAY0000213,ORD0000207,BANK_TRANSFER,2003.46,DECLINED,2025-12-21 20:07:00,AUTH62472619
PAY0000214,ORD0000208,BANK_TRANSFER,1864.49,SETTLED,2025-12-17 09:10:00,AUTH82356933
PAY0000215,ORD0000209,DEBIT_CARD,669.78,SETTLED,2025-11-01 09:11:00,AUTH64709268
PAY0000216,ORD0000209,CREDIT_CARD,431.39,SETTLED,2025-11-06 01:31:00,AUTH22940560
PAY0000217,ORD0000210,DEBIT_CARD,435.06,SETTLED,2025-07-16 10:43:00,AUTH50543076
PAY0000218,ORD0000211,AFTERPAY,1150.83,SETTLED,2025-07-31 22:09:00,AUTH68757970
PAY0000219,ORD0000212,AFTERPAY,1359.47,SETTLED,2025-08-26 21:04:00,AUTH32143357
PAY0000220,ORD0000213,AFTERPAY,756.1,SETTLED,2025-09-01 03:25:00,AUTH66055684
PAY0000221,ORD0000214,PAYPAL,1740.65,SETTLED,2025-08-15 18:45:00,AUTH54355408
PAY0000222,ORD0000215,CREDIT_CARD,1484.6,SETTLED,2025-07-27 23:06:00,AUTH33709637
PAY0000223,ORD0000216,DEBIT_CARD,12.66,SETTLED,2025-09-24 18:53:00,AUTH69663615
PAY0000224,ORD0000217,PAYPAL,560.33,SETTLED,2025-12-24 20:04:00,AUTH42530280
PAY0000225,ORD0000218,PAYPAL,47.54,REFUNDED,2025-12-25 23:24:00,AUTH92025247
PAY0000226,ORD0000219,PAYPAL,1414.26,SETTLED,2025-06-17 01:54:00,AUTH71237424
PAY0000227,ORD0000220,PAYPAL,1519.96,SETTLED,2025-07-02 20:10:00,AUTH93985353
PAY0000228,ORD0000221,GIFT_CARD,1231.17,SETTLED,2025-08-19 09:10:00,AUTH99150421
PAY0000229,ORD0000222,DEBIT_CARD,1870.35,SETTLED,2025-10-06 09:56:00,AUTH86204752
PAY0000230,ORD0000223,DEBIT_CARD,503.37,SETTLED,2025-08-28 10:03:00,AUTH58104949
PAY0000231,ORD0000224,BANK_TRANSFER,736.24,SETTLED,2025-11-12 14:30:00,AUTH42226560
PAY0000232,ORD0000225,AFTERPAY,1284.48,SETTLED,2025-11-08 03:20:00,AUTH75555176
PAY0000233,ORD0000226,DEBIT_CARD,382.88,SETTLED,2025-08-19 18:23:00,AUTH78282736
PAY0000234,ORD0000227,CREDIT_CARD,325.13,SETTLED,2025-09-18 14:18:00,AUTH24418494
PAY0000235,ORD0000228,GIFT_CARD,882.61,SETTLED,2025-08-06 11:30:00,AUTH23581041
PAY0000236,ORD0000229,DEBIT_CARD,29.07,REFUNDED,2025-07-07 06:15:00,AUTH34022933
PAY0000237,ORD0000230,CREDIT_CARD,976.14,SETTLED,2025-06-02 07:31:00,AUTH65726440
PAY0000238,ORD0000231,DEBIT_CARD,2273.51,DECLINED,2025-09-24 02:00:00,AUTH25894594
PAY0000239,ORD0000232,DEBIT_CARD,857.24,SETTLED,2025-08-28 02:56:00,AUTH37779026
PAY0000240,ORD0000233,GIFT_CARD,1394.29,SETTLED,2025-09-07 02:43:00,AUTH92600878
PAY0000241,ORD0000234,AFTERPAY,397.21,SETTLED,2025-10-27 21:51:00,AUTH37605274
PAY0000242,ORD0000235,AFTERPAY,149.9,SETTLED,2025-06-13 13:25:00,AUTH50308502
PAY0000243,ORD0000236,GIFT_CARD,1612.86,REFUNDED,2025-09-25 13:58:00,AUTH99334468
PAY0000244,ORD0000237,DEBIT_CARD,1099.46,SETTLED,2025-05-14 20:19:00,AUTH12147239
PAY0000245,ORD0000238,PAYPAL,1261.24,SETTLED,2025-09-08 16:25:00,AUTH72901066
PAY0000246,ORD0000239,CREDIT_CARD,2343.0,SETTLED,2025-08-22 22:55:00,AUTH25874154
PAY0000247,ORD0000240,GIFT_CARD,183.77,SETTLED,2025-07-13 02:23:00,AUTH95594604
PAY0000248,ORD0000241,PAYPAL,1409.32,SETTLED,2025-12-31 03:53:00,AUTH37359664
PAY0000249,ORD0000242,AFTERPAY,1831.42,SETTLED,2025-11-21 12:46:00,AUTH33858477
PAY0000250,ORD0000243,CREDIT_CARD,1959.69,SETTLED,2025-05-11 00:04:00,AUTH86360522
PAY0000251,ORD0000244,CREDIT_CARD,870.9,SETTLED,2025-09-13 21:22:00,AUTH76049767
PAY0000252,ORD0000245,BANK_TRANSFER,1361.72,SETTLED,2025-11-09 22:56:00,AUTH41789609
PAY0000253,ORD0000246,DEBIT_CARD,699.02,REFUNDED,2025-05-28 00:09:00,AUTH98032749
PAY0000254,ORD0000247,BANK_TRANSFER,1966.88,SETTLED,2025-09-17 04:14:00,AUTH51348406
PAY0000255,ORD0000248,AFTERPAY,1135.68,REFUNDED,2025-12-27 13:57:00,AUTH88316383
PAY0000256,ORD0000249,PAYPAL,1134.41,DECLINED,2025-09-11 11:55:00,AUTH80280357
PAY0000257,ORD0000250,CREDIT_CARD,794.45,SETTLED,2025-12-27 06:27:00,AUTH95481524
PAY0000258,ORD0000251,BANK_TRANSFER,1838.86,REFUNDED,2025-10-16 19:42:00,AUTH46759380
PAY0000259,ORD0000252,PAYPAL,1383.43,SETTLED,2025-11-05 01:24:00,AUTH61957972
PAY0000260,ORD0000253,GIFT_CARD,2326.32,SETTLED,2025-05-17 22:01:00,AUTH15870192
PAY0000261,ORD0000254,DEBIT_CARD,1017.73,REFUNDED,2025-09-27 22:05:00,AUTH98753801
PAY0000262,ORD0000255,BANK_TRANSFER,2237.43,SETTLED,2025-11-16 12:33:00,AUTH89401585
PAY0000263,ORD0000256,DEBIT_CARD,1339.25,DECLINED,2025-11-07 03:37:00,AUTH24196030
PAY0000264,ORD0000257,PAYPAL,65.71,SETTLED,2025-07-02 07:46:00,AUTH15723768
PAY0000265,ORD0000258,AFTERPAY,1654.93,SETTLED,2025-09-04 23:19:00,AUTH41808500
PAY0000266,ORD0000259,AFTERPAY,2114.58,REFUNDED,2025-08-27 02:07:00,AUTH69378890
PAY0000267,ORD0000260,CREDIT_CARD,789.95,SETTLED,2025-11-23 22:21:00,AUTH80468455
PAY0000268,ORD0000261,CREDIT_CARD,2054.54,SETTLED,2025-12-23 22:17:00,AUTH75384283
PAY0000269,ORD0000262,GIFT_CARD,192.58,DECLINED,2025-06-04 02:15:00,AUTH40885872
PAY0000270,ORD0000263,BANK_TRANSFER,784.54,SETTLED,2025-10-01 19:04:00,AUTH61688052
PAY0000271,ORD0000264,GIFT_CARD,2020.42,DECLINED,2025-11-14 15:29:00,AUTH98618281
PAY0000272,ORD0000265,GIFT_CARD,2000.92,SETTLED,2025-12-21 03:31:00,AUTH19030718
PAY0000273,ORD0000265,PAYPAL,1708.57,SETTLED,2025-12-02 23:49:00,AUTH84783439
PAY0000274,ORD0000266,AFTERPAY,1448.85,SETTLED,2025-08-01 00:32:00,AUTH52928846
PAY0000275,ORD0000267,BANK_TRANSFER,1377.21,SETTLED,2025-05-16 18:42:00,AUTH57322985
PAY0000276,ORD0000268,PAYPAL,1477.57,SETTLED,2025-11-16 08:36:00,AUTH29350860
PAY0000277,ORD0000269,GIFT_CARD,656.53,SETTLED,2025-08-27 16:29:00,AUTH44960383
PAY0000278,ORD0000270,AFTERPAY,1013.32,SETTLED,2025-09-06 01:05:00,AUTH55814411
PAY0000279,ORD0000271,PAYPAL,85.54,SETTLED,2025-12-13 22:38:00,AUTH55526174
PAY0000280,ORD0000272,BANK_TRANSFER,244.82,DECLINED,2025-10-14 04:32:00,AUTH12905700
PAY0000281,ORD0000273,BANK_TRANSFER,1639.99,REFUNDED,2025-09-12 12:20:00,AUTH53650736
PAY0000282,ORD0000274,CREDIT_CARD,1913.61,SETTLED,2025-11-21 23:03:00,AUTH60247045
PAY0000283,ORD0000275,DEBIT_CARD,1587.78,SETTLED,2025-08-01 07:54:00,AUTH28241599
PAY0000284,ORD0000276,DEBIT_CARD,1897.05,REFUNDED,2025-10-24 03:32:00,AUTH57548791
PAY0000285,ORD0000277,PAYPAL,275.87,SETTLED,2025-05-31 03:58:00,AUTH38649556
PAY0000286,ORD0000278,AFTERPAY,1647.82,SETTLED,2025-07-09 02:39:00,AUTH40074319
PAY0000287,ORD0000279,GIFT_CARD,905.77,SETTLED,2025-08-20 02:20:00,AUTH71816420
PAY0000288,ORD0000280,CREDIT_CARD,285.23,SETTLED,2025-08-24 11:02:00,AUTH82995363
PAY0000289,ORD0000281,GIFT_CARD,843.91,SETTLED,2025-10-09 00:53:00,AUTH71529561
PAY0000290,ORD0000282,AFTERPAY,1238.32,SETTLED,2025-10-10 05:20:00,AUTH59500063
PAY0000291,ORD0000283,PAYPAL,861.74,SETTLED,2025-09-22 11:01:00,AUTH90373672
PAY0000292,ORD0000284,AFTERPAY,1359.3,SETTLED,2025-06-04 21:05:00,AUTH78357506
PAY0000293,ORD0000285,BANK_TRANSFER,1911.47,SETTLED,2025-09-27 21:35:00,AUTH15891845
PAY0000294,ORD0000286,AFTERPAY,2273.44,SETTLED,2025-10-12 20:32:00,AUTH47951157
PAY0000295,ORD0000287,GIFT_CARD,1062.57,REFUNDED,2025-07-12 16:34:00,AUTH34081771
PAY0000296,ORD0000288,PAYPAL,130.46,DECLINED,2025-09-22 19:02:00,AUTH38503967
PAY0000297,ORD0000289,PAYPAL,1414.97,SETTLED,2025-11-14 18:57:00,AUTH41405904
PAY0000298,ORD0000290,BANK_TRANSFER,899.93,SETTLED,2025-12-09 12:49:00,AUTH64081726
PAY0000299,ORD0000291,CREDIT_CARD,1188.14,DECLINED,2025-08-05 15:55:00,AUTH46004070
PAY0000300,ORD0000292,PAYPAL,785.27,SETTLED,2025-09-27 16:37:00,AUTH25941805
PAY0000301,ORD0000293,PAYPAL,848.65,SETTLED,2026-01-01 04:33:00,AUTH78170771
PAY0000302,ORD0000294,GIFT_CARD,371.81,SETTLED,2025-08-06 15:47:00,AUTH15467210
PAY0000303,ORD0000295,GIFT_CARD,176.65,SETTLED,2025-05-31 07:29:00,AUTH45616590
PAY0000304,ORD0000296,PAYPAL,265.0,SETTLED,2025-08-27 06:49:00,AUTH20921808
PAY0000305,ORD0000297,PAYPAL,901.44,SETTLED,2025-05-31 02:26:00,AUTH30494742
PAY0000306,ORD0000298,DEBIT_CARD,187.37,SETTLED,2025-08-10 23:02:00,AUTH96085725
PAY0000307,ORD0000299,AFTERPAY,2023.88,SETTLED,2025-09-22 08:17:00,AUTH66855000
PAY0000308,ORD0000300,CREDIT_CARD,291.6,SETTLED,2025-05-23 19:23:00,AUTH58897758
PAY0000309,ORD0000301,PAYPAL,19.46,REFUNDED,2025-12-03 11:37:00,AUTH80825229
PAY0000310,ORD0000302,AFTERPAY,135.5,SETTLED,2025-06-29 17:11:00,AUTH65614138
PAY0000311,ORD0000303,PAYPAL,26.69,SETTLED,2025-12-26 19:33:00,AUTH45607315
PAY0000312,ORD0000304,PAYPAL,1197.51,DECLINED,2025-12-22 07:26:00,AUTH63768735
PAY0000313,ORD0000305,BANK_TRANSFER,1572.02,SETTLED,2025-11-05 13:44:00,AUTH38913488
PAY0000314,ORD0000306,GIFT_CARD,1417.59,SETTLED,2025-06-17 02:22:00,AUTH59707316
PAY0000315,ORD0000307,PAYPAL,680.15,DECLINED,2025-08-16 14:39:00,AUTH84364545
PAY0000316,ORD0000308,CREDIT_CARD,245.63,SETTLED,2025-12-09 21:10:00,AUTH73284610
PAY0000317,ORD0000309,PAYPAL,2386.44,SETTLED,2025-11-14 15:15:00,AUTH71740783
PAY0000318,ORD0000310,BANK_TRANSFER,436.98,SETTLED,2025-11-21 03:00:00,AUTH30649181
PAY0000319,ORD0000311,DEBIT_CARD,416.23,SETTLED,2025-06-30 03:22:00,AUTH37859471
PAY0000320,ORD0000312,GIFT_CARD,696.32,SETTLED,2025-10-06 13:39:00,AUTH34229298
PAY0000321,ORD0000312,CREDIT_CARD,1614.15,SETTLED,2025-12-30 07:38:00,AUTH42417274
PAY0000322,ORD0000313,DEBIT_CARD,878.38,DECLINED,2025-07-09 06:36:00,AUTH25815957
PAY0000323,ORD0000314,DEBIT_CARD,1303.42,SETTLED,2025-09-24 05:12:00,AUTH18538489
PAY0000324,ORD0000315,CREDIT_CARD,395.56,SETTLED,2025-11-19 07:59:00,AUTH18242893
PAY0000325,ORD0000316,BANK_TRANSFER,1305.55,SETTLED,2025-05-29 23:26:00,AUTH85772182
PAY0000326,ORD0000317,GIFT_CARD,2325.54,SETTLED,2025-09-18 21:59:00,AUTH24163365
PAY0000327,ORD0000318,PAYPAL,847.87,SETTLED,2025-08-29 04:34:00,AUTH86505478
PAY0000328,ORD0000319,AFTERPAY,1579.96,SETTLED,2025-09-22 15:50:00,AUTH67924559
PAY0000329,ORD0000320,DEBIT_CARD,428.72,REFUNDED,2025-11-09 22:32:00,AUTH97060910
PAY0000330,ORD0000321,AFTERPAY,2283.52,SETTLED,2025-09-26 13:47:00,AUTH99283149
PAY0000331,ORD0000322,CREDIT_CARD,1890.61,SETTLED,2025-06-19 19:08:00,AUTH24618923
PAY0000332,ORD0000323,DEBIT_CARD,999.98,SETTLED,2025-12-16 23:23:00,AUTH56501619
PAY0000333,ORD0000324,AFTERPAY,2171.02,DECLINED,2025-11-09 21:03:00,AUTH14190421
PAY0000334,ORD0000325,PAYPAL,1056.25,SETTLED,2025-09-19 01:38:00,AUTH68303924
PAY0000335,ORD0000326,DEBIT_CARD,2049.26,SETTLED,2025-09-01 22:21:00,AUTH32026650
PAY0000336,ORD0000327,GIFT_CARD,85.41,SETTLED,2025-11-19 04:43:00,AUTH89778934
PAY0000337,ORD0000328,CREDIT_CARD,2208.9,REFUNDED,2025-10-05 22:05:00,AUTH67999603
PAY0000338,ORD0000329,GIFT_CARD,1724.56,SETTLED,2025-05-12 02:12:00,AUTH98175138
PAY0000339,ORD0000330,AFTERPAY,105.65,SETTLED,2025-09-22 13:38:00,AUTH70903454
PAY0000340,ORD0000331,DEBIT_CARD,1443.94,SETTLED,2025-09-29 11:36:00,AUTH12310114
PAY0000341,ORD0000332,CREDIT_CARD,2360.79,SETTLED,2025-07-04 20:05:00,AUTH66178695
PAY0000342,ORD0000333,AFTERPAY,1561.01,SETTLED,2025-11-18 06:46:00,AUTH35977627
PAY0000343,ORD0000334,PAYPAL,1121.52,SETTLED,2025-07-06 08:29:00,AUTH59299095
PAY0000344,ORD0000335,GIFT_CARD,2356.63,SETTLED,2025-09-17 13:50:00,AUTH29218592
PAY0000345,ORD0000336,BANK_TRANSFER,2310.64,SETTLED,2025-07-14 20:11:00,AUTH23557069
PAY0000346,ORD0000337,DEBIT_CARD,109.71,REFUNDED,2025-08-07 05:56:00,AUTH81511600
PAY0000347,ORD0000338,PAYPAL,272.53,SETTLED,2025-10-04 11:58:00,AUTH80901934
PAY0000348,ORD0000339,BANK_TRANSFER,1254.99,SETTLED,2025-05-06 10:27:00,AUTH52487910
PAY0000349,ORD0000340,GIFT_CARD,1977.02,SETTLED,2025-11-16 17:03:00,AUTH91831296
PAY0000350,ORD0000341,PAYPAL,1080.53,SETTLED,2025-07-10 06:36:00,AUTH65213615
PAY0000351,ORD0000342,DEBIT_CARD,1897.58,REFUNDED,2025-10-04 10:08:00,AUTH61493189
PAY0000352,ORD0000343,DEBIT_CARD,1896.43,SETTLED,2025-10-27 17:46:00,AUTH11256650
PAY0000353,ORD0000344,CREDIT_CARD,2273.07,SETTLED,2025-06-24 06:46:00,AUTH95472819
PAY0000354,ORD0000345,PAYPAL,603.86,SETTLED,2025-08-07 09:16:00,AUTH19821951
PAY0000355,ORD0000346,PAYPAL,1188.3,SETTLED,2025-07-26 09:03:00,AUTH30320220
PAY0000356,ORD0000347,CREDIT_CARD,887.46,SETTLED,2025-12-11 08:49:00,AUTH44593476
PAY0000357,ORD0000348,DEBIT_CARD,1194.32,DECLINED,2025-05-12 10:46:00,AUTH54220145
PAY0000358,ORD0000349,DEBIT_CARD,368.61,SETTLED,2025-08-19 01:45:00,AUTH37980499
PAY0000359,ORD0000350,PAYPAL,2024.85,SETTLED,2025-09-21 04:36:00,AUTH64833534
PAY0000360,ORD0000351,GIFT_CARD,1951.69,SETTLED,2025-12-10 00:51:00,AUTH35642536
PAY0000361,ORD0000352,AFTERPAY,557.55,SETTLED,2025-07-20 17:51:00,AUTH36167855
PAY0000362,ORD0000353,BANK_TRANSFER,1821.9,SETTLED,2025-06-02 08:03:00,AUTH16619964
PAY0000363,ORD0000354,AFTERPAY,685.47,SETTLED,2025-10-13 22:07:00,AUTH64795001
PAY0000364,ORD0000355,CREDIT_CARD,1134.02,SETTLED,2025-06-18 03:52:00,AUTH89734102
PAY0000365,ORD0000356,DEBIT_CARD,317.16,SETTLED,2025-06-03 03:50:00,AUTH44440612
PAY0000366,ORD0000357,AFTERPAY,838.5,SETTLED,2025-06-16 07:18:00,AUTH24189674
PAY0000367,ORD0000358,GIFT_CARD,1181.72,SETTLED,2025-10-21 11:05:00,AUTH68318831
PAY0000368,ORD0000359,AFTERPAY,2097.63,SETTLED,2025-10-22 21:12:00,AUTH53083648
PAY0000369,ORD0000360,PAYPAL,2049.5,SETTLED,2025-05-16 19:30:00,AUTH30533759
PAY0000370,ORD0000361,PAYPAL,1609.24,SETTLED,2025-12-01 03:21:00,AUTH43500612
PAY0000371,ORD0000362,CREDIT_CARD,2319.14,SETTLED,2025-05-16 15:59:00,AUTH60785523
PAY0000372,ORD0000363,PAYPAL,2059.47,DECLINED,2025-11-18 16:12:00,AUTH49101253
PAY0000373,ORD0000364,CREDIT_CARD,1060.4,SETTLED,2025-07-20 09:47:00,AUTH26487505
PAY0000374,ORD0000365,CREDIT_CARD,2187.94,SETTLED,2025-07-21 01:25:00,AUTH44260404
PAY0000375,ORD0000366,GIFT_CARD,2303.44,SETTLED,2025-05-16 00:04:00,AUTH27528131
PAY0000376,ORD0000367,BANK_TRANSFER,1062.94,SETTLED,2025-06-27 06:28:00,AUTH25561786
PAY0000377,ORD0000368,DEBIT_CARD,2246.33,REFUNDED,2025-05-11 12:32:00,AUTH95065781
PAY0000378,ORD0000369,AFTERPAY,1574.27,SETTLED,2025-09-02 06:05:00,AUTH40493365
PAY0000379,ORD0000370,PAYPAL,1024.59,SETTLED,2025-12-22 20:14:00,AUTH65512843
PAY0000380,ORD0000371,CREDIT_CARD,746.84,DECLINED,2025-05-27 09:08:00,AUTH41314052
PAY0000381,ORD0000372,BANK_TRANSFER,1737.88,REFUNDED,2025-05-27 07:56:00,AUTH15078912
PAY0000382,ORD0000373,PAYPAL,907.31,REFUNDED,2025-05-14 18:15:00,AUTH68124882
PAY0000383,ORD0000374,BANK_TRANSFER,1549.11,SETTLED,2025-09-18 05:38:00,AUTH22518310
PAY0000384,ORD0000375,AFTERPAY,1581.66,SETTLED,2025-10-05 15:21:00,AUTH81087390
PAY0000385,ORD0000376,AFTERPAY,2012.47,SETTLED,2025-08-01 20:14:00,AUTH50131669
PAY0000386,ORD0000377,AFTERPAY,1789.16,SETTLED,2025-09-30 23:44:00,AUTH36155177
PAY0000387,ORD0000378,PAYPAL,831.36,SETTLED,2025-06-01 05:43:00,AUTH59423205
PAY0000388,ORD0000379,GIFT_CARD,139.91,DECLINED,2025-07-26 18:51:00,AUTH40731043
PAY0000389,ORD0000380,DEBIT_CARD,1778.57,SETTLED,2025-10-04 13:38:00,AUTH78765427
PAY0000390,ORD0000381,DEBIT_CARD,498.19,REFUNDED,2025-12-06 00:16:00,AUTH83905670
PAY0000391,ORD0000382,CREDIT_CARD,1995.86,SETTLED,2025-10-25 08:05:00,AUTH88705804
PAY0000392,ORD0000383,DEBIT_CARD,1342.19,SETTLED,2025-06-20 13:05:00,AUTH60383720
PAY0000393,ORD0000384,DEBIT_CARD,1571.02,DECLINED,2025-07-19 17:35:00,AUTH46817438
PAY0000394,ORD0000385,PAYPAL,661.01,REFUNDED,2025-10-11 22:44:00,AUTH53730617
PAY0000395,ORD0000386,PAYPAL,1788.17,SETTLED,2025-11-15 09:03:00,AUTH92656873
PAY0000396,ORD0000387,AFTERPAY,1665.12,SETTLED,2025-12-09 06:03:00,AUTH91778614
PAY0000397,ORD0000388,DEBIT_CARD,826.74,SETTLED,2025-05-25 21:02:00,AUTH98782234
PAY0000398,ORD0000389,PAYPAL,2355.43,SETTLED,2025-06-10 09:26:00,AUTH97671830
PAY0000399,ORD0000390,CREDIT_CARD,1560.81,SETTLED,2025-09-29 19:29:00,AUTH67742085
PAY0000400,ORD0000391,GIFT_CARD,641.16,REFUNDED,2025-08-04 08:37:00,AUTH55531662
PAY0000401,ORD0000392,BANK_TRANSFER,2260.18,SETTLED,2025-12-16 23:55:00,AUTH15530270
PAY0000402,ORD0000393,DEBIT_CARD,1152.69,SETTLED,2025-07-14 17:53:00,AUTH54418118
PAY0000403,ORD0000394,PAYPAL,2194.16,SETTLED,2025-12-05 01:34:00,AUTH99038963
PAY0000404,ORD0000395,DEBIT_CARD,2391.34,SETTLED,2025-12-27 18:46:00,AUTH78446654
PAY0000405,ORD0000396,GIFT_CARD,1908.88,SETTLED,2025-08-21 23:06:00,AUTH50868654
PAY0000406,ORD0000397,BANK_TRANSFER,649.94,SETTLED,2025-11-24 15:40:00,AUTH13868131
PAY0000407,ORD0000398,PAYPAL,529.22,SETTLED,2025-09-15 13:22:00,AUTH31619477
PAY0000408,ORD0000399,BANK_TRANSFER,1467.79,SETTLED,2025-08-06 11:11:00,AUTH54151448
PAY0000409,ORD0000400,PAYPAL,1917.82,SETTLED,2025-12-11 19:19:00,AUTH88689588
PAY0000410,ORD0000401,BANK_TRANSFER,619.55,SETTLED,2025-06-04 05:23:00,AUTH63864497
PAY0000411,ORD0000402,CREDIT_CARD,128.06,SETTLED,2025-10-05 17:58:00,AUTH75670926
PAY0000412,ORD0000403,GIFT_CARD,1066.27,SETTLED,2025-06-27 23:00:00,AUTH91057757
PAY0000413,ORD0000404,CREDIT_CARD,258.81,SETTLED,2025-10-08 22:13:00,AUTH15644826
PAY0000414,ORD0000405,BANK_TRANSFER,1299.26,SETTLED,2025-09-02 14:13:00,AUTH44422977
PAY0000415,ORD0000406,GIFT_CARD,1208.82,SETTLED,2025-07-02 20:12:00,AUTH18891131
PAY0000416,ORD0000406,BANK_TRANSFER,1858.3,SETTLED,2025-07-27 23:16:00,AUTH62359893
PAY0000417,ORD0000407,CREDIT_CARD,584.27,SETTLED,2025-05-19 18:01:00,AUTH37313807
PAY0000418,ORD0000408,AFTERPAY,1341.96,SETTLED,2025-08-26 06:44:00,AUTH11233324
PAY0000419,ORD0000409,DEBIT_CARD,1054.21,SETTLED,2025-12-23 06:52:00,AUTH65801637
PAY0000420,ORD0000410,DEBIT_CARD,882.01,SETTLED,2025-10-20 05:14:00,AUTH51165579
PAY0000421,ORD0000411,DEBIT_CARD,1805.06,SETTLED,2025-06-04 18:38:00,AUTH56927867
PAY0000422,ORD0000412,CREDIT_CARD,469.16,REFUNDED,2025-12-23 07:34:00,AUTH96693468
PAY0000423,ORD0000413,CREDIT_CARD,1121.79,SETTLED,2025-09-26 05:38:00,AUTH43943303
PAY0000424,ORD0000414,GIFT_CARD,258.88,SETTLED,2025-06-28 15:04:00,AUTH49474900
PAY0000425,ORD0000415,GIFT_CARD,1107.47,SETTLED,2025-07-22 05:09:00,AUTH46561155
PAY0000426,ORD0000416,CREDIT_CARD,1723.23,SETTLED,2025-10-09 04:37:00,AUTH59435858
PAY0000427,ORD0000417,BANK_TRANSFER,188.95,SETTLED,2025-10-09 06:44:00,AUTH69777058
PAY0000428,ORD0000418,BANK_TRANSFER,348.37,SETTLED,2025-06-27 05:18:00,AUTH78736539
PAY0000429,ORD0000419,BANK_TRANSFER,1328.44,SETTLED,2025-11-26 07:11:00,AUTH42168225
PAY0000430,ORD0000420,GIFT_CARD,1392.83,SETTLED,2025-07-17 01:55:00,AUTH27435807
PAY0000431,ORD0000421,BANK_TRANSFER,185.96,SETTLED,2025-07-17 21:17:00,AUTH90418528
PAY0000432,ORD0000422,AFTERPAY,1221.32,SETTLED,2025-06-17 02:47:00,AUTH25473122
PAY0000433,ORD0000423,DEBIT_CARD,219.69,SETTLED,2025-11-27 23:03:00,AUTH24377055
PAY0000434,ORD0000424,PAYPAL,1114.79,REFUNDED,2025-08-18 02:25:00,AUTH95486518
PAY0000435,ORD0000425,PAYPAL,266.44,REFUNDED,2025-05-27 19:52:00,AUTH35519502
PAY0000436,ORD0000426,PAYPAL,1709.0,SETTLED,2025-11-12 20:04:00,AUTH81368377
PAY0000437,ORD0000427,AFTERPAY,1739.27,SETTLED,2025-05-22 04:59:00,AUTH13851865
PAY0000438,ORD0000428,GIFT_CARD,1394.32,SETTLED,2025-09-27 19:49:00,AUTH94692240
PAY0000439,ORD0000429,CREDIT_CARD,1992.71,SETTLED,2025-12-16 00:27:00,AUTH39863957
PAY0000440,ORD0000430,DEBIT_CARD,468.73,SETTLED,2025-08-18 14:19:00,AUTH89972065
PAY0000441,ORD0000431,CREDIT_CARD,1188.82,SETTLED,2025-09-15 21:56:00,AUTH46745537
PAY0000442,ORD0000432,CREDIT_CARD,1869.19,SETTLED,2025-06-24 19:05:00,AUTH69559864
PAY0000443,ORD0000433,BANK_TRANSFER,2299.01,DECLINED,2025-08-14 11:12:00,AUTH34767825
PAY0000444,ORD0000434,PAYPAL,2046.56,DECLINED,2025-08-22 08:16:00,AUTH29969000
PAY0000445,ORD0000435,GIFT_CARD,882.18,SETTLED,2025-09-18 15:56:00,AUTH71510691
PAY0000446,ORD0000436,GIFT_CARD,251.45,SETTLED,2025-09-01 12:02:00,AUTH50651691
PAY0000447,ORD0000437,DEBIT_CARD,2188.41,REFUNDED,2025-08-25 11:53:00,AUTH35000875
PAY0000448,ORD0000438,PAYPAL,1105.92,SETTLED,2025-07-07 06:42:00,AUTH97911889
PAY0000449,ORD0000439,AFTERPAY,513.21,SETTLED,2025-08-09 01:51:00,AUTH47976042
PAY0000450,ORD0000440,GIFT_CARD,1684.26,SETTLED,2025-05-09 22:52:00,AUTH64378372
PAY0000451,ORD0000441,DEBIT_CARD,1521.38,SETTLED,2025-10-05 15:57:00,AUTH48864214
PAY0000452,ORD0000442,DEBIT_CARD,1759.2,SETTLED,2025-07-01 02:45:00,AUTH51577489
PAY0000453,ORD0000443,BANK_TRANSFER,2219.46,REFUNDED,2025-10-21 21:40:00,AUTH72818789
PAY0000454,ORD0000444,GIFT_CARD,2169.15,SETTLED,2025-11-24 17:42:00,AUTH35430773
PAY0000455,ORD0000445,CREDIT_CARD,1674.35,SETTLED,2025-10-05 18:53:00,AUTH42031458
PAY0000456,ORD0000446,BANK_TRANSFER,2289.37,REFUNDED,2025-09-14 03:38:00,AUTH49266753
PAY0000457,ORD0000447,CREDIT_CARD,122.51,SETTLED,2025-10-02 18:47:00,AUTH56681080
PAY0000458,ORD0000448,DEBIT_CARD,1695.39,SETTLED,2025-12-28 05:01:00,AUTH83980454
PAY0000459,ORD0000449,BANK_TRANSFER,2058.07,SETTLED,2025-11-08 00:46:00,AUTH64565492
PAY0000460,ORD0000450,BANK_TRANSFER,1890.85,REFUNDED,2025-11-07 04:08:00,AUTH62272875
PAY0000461,ORD0000451,BANK_TRANSFER,326.59,SETTLED,2025-05-12 21:50:00,AUTH73464026
PAY0000462,ORD0000452,DEBIT_CARD,542.0,SETTLED,2025-05-12 11:20:00,AUTH47008312
PAY0000463,ORD0000453,BANK_TRANSFER,684.92,SETTLED,2025-12-21 11:52:00,AUTH89565803
PAY0000464,ORD0000454,GIFT_CARD,125.32,SETTLED,2025-07-06 05:17:00,AUTH45222194
PAY0000465,ORD0000455,AFTERPAY,114.83,SETTLED,2025-10-12 08:32:00,AUTH96518882
PAY0000466,ORD0000456,BANK_TRANSFER,2114.93,SETTLED,2025-12-23 10:25:00,AUTH75406028
PAY0000467,ORD0000457,AFTERPAY,395.36,REFUNDED,2025-05-10 17:13:00,AUTH35779547
PAY0000468,ORD0000458,BANK_TRANSFER,2003.03,SETTLED,2025-07-11 17:02:00,AUTH67064744
PAY0000469,ORD0000459,BANK_TRANSFER,2308.21,SETTLED,2025-08-11 17:32:00,AUTH38116472
PAY0000470,ORD0000460,AFTERPAY,1878.36,SETTLED,2025-12-13 05:39:00,AUTH19145274
PAY0000471,ORD0000461,GIFT_CARD,1303.77,SETTLED,2026-01-01 05:11:00,AUTH29797417
PAY0000472,ORD0000462,DEBIT_CARD,925.45,SETTLED,2025-12-14 05:00:00,AUTH37489643
PAY0000473,ORD0000463,CREDIT_CARD,1330.64,SETTLED,2025-06-12 22:10:00,AUTH61293306
PAY0000474,ORD0000464,PAYPAL,2219.63,SETTLED,2025-11-08 11:40:00,AUTH61579950
PAY0000475,ORD0000465,BANK_TRANSFER,1063.67,SETTLED,2025-11-23 05:55:00,AUTH11142084
PAY0000476,ORD0000466,PAYPAL,1013.61,SETTLED,2025-07-07 15:40:00,AUTH93847210
PAY0000477,ORD0000467,DEBIT_CARD,1055.68,REFUNDED,2025-11-12 19:15:00,AUTH18525263
PAY0000478,ORD0000468,DEBIT_CARD,997.51,SETTLED,2025-09-15 04:08:00,AUTH88128111
PAY0000479,ORD0000469,BANK_TRANSFER,655.11,SETTLED,2025-08-10 16:27:00,AUTH37216678
PAY0000480,ORD0000470,CREDIT_CARD,2090.24,SETTLED,2025-10-31 04:59:00,AUTH39591521
PAY0000481,ORD0000471,BANK_TRANSFER,2100.56,SETTLED,2025-08-26 10:16:00,AUTH53518090
PAY0000482,ORD0000472,BANK_TRANSFER,1904.37,DECLINED,2025-09-01 22:03:00,AUTH75449922
PAY0000483,ORD0000473,CREDIT_CARD,817.02,SETTLED,2025-12-19 06:14:00,AUTH15469979
PAY0000484,ORD0000474,PAYPAL,1692.53,REFUNDED,2025-08-17 15:18:00,AUTH46018981
PAY0000485,ORD0000475,GIFT_CARD,481.23,SETTLED,2025-05-07 20:10:00,AUTH46858758
PAY0000486,ORD0000476,BANK_TRANSFER,433.67,SETTLED,2025-08-05 23:13:00,AUTH78743212
PAY0000487,ORD0000477,CREDIT_CARD,126.52,SETTLED,2025-05-09 14:18:00,AUTH46414285
PAY0000488,ORD0000478,PAYPAL,249.16,REFUNDED,2025-07-27 08:41:00,AUTH75105804
PAY0000489,ORD0000479,CREDIT_CARD,1344.85,DECLINED,2025-12-22 22:30:00,AUTH35480963
PAY0000490,ORD0000480,GIFT_CARD,2185.55,SETTLED,2025-11-02 06:17:00,AUTH85969842
PAY0000491,ORD0000481,BANK_TRANSFER,1475.49,SETTLED,2025-07-27 20:27:00,AUTH79178568
PAY0000492,ORD0000482,GIFT_CARD,1392.8,SETTLED,2025-10-11 04:10:00,AUTH30563548
PAY0000493,ORD0000483,BANK_TRANSFER,1310.29,SETTLED,2025-05-31 04:26:00,AUTH47798397
PAY0000494,ORD0000484,BANK_TRANSFER,471.35,SETTLED,2025-09-09 05:33:00,AUTH49037724
PAY0000495,ORD0000485,PAYPAL,309.15,SETTLED,2025-12-22 18:39:00,AUTH68621197
PAY0000496,ORD0000486,BANK_TRANSFER,1482.58,SETTLED,2025-09-03 12:28:00,AUTH66100199
PAY0000497,ORD0000487,DEBIT_CARD,1532.26,SETTLED,2025-05-30 18:02:00,AUTH80060303
PAY0000498,ORD0000488,PAYPAL,437.92,SETTLED,2025-12-11 13:54:00,AUTH21248155
PAY0000499,ORD0000489,GIFT_CARD,1761.55,SETTLED,2025-09-17 01:29:00,AUTH12394369
PAY0000500,ORD0000490,CREDIT_CARD,2094.25,SETTLED,2025-11-17 02:06:00,AUTH81376055
PAY0000501,ORD0000491,GIFT_CARD,2067.07,REFUNDED,2025-06-16 12:50:00,AUTH50289004
PAY0000502,ORD0000492,BANK_TRANSFER,675.49,SETTLED,2025-07-30 05:11:00,AUTH71275074
PAY0000503,ORD0000493,DEBIT_CARD,1138.6,SETTLED,2025-12-03 01:02:00,AUTH38389840
PAY0000504,ORD0000494,BANK_TRANSFER,2264.61,DECLINED,2025-07-15 20:56:00,AUTH10967101
PAY0000505,ORD0000495,AFTERPAY,1902.86,SETTLED,2025-11-03 18:55:00,AUTH91953549
PAY0000506,ORD0000496,PAYPAL,72.7,REFUNDED,2025-10-24 07:14:00,AUTH93566522
PAY0000507,ORD0000497,AFTERPAY,102.02,SETTLED,2025-05-08 23:51:00,AUTH93153239
PAY0000508,ORD0000498,AFTERPAY,627.15,SETTLED,2025-09-22 05:49:00,AUTH31189577
PAY0000509,ORD0000499,BANK_TRANSFER,1612.18,SETTLED,2025-05-30 23:15:00,AUTH54408468
PAY0000510,ORD0000500,AFTERPAY,1290.76,SETTLED,2025-06-30 10:57:00,AUTH49217285
PAY0000511,ORD0000501,DEBIT_CARD,1990.89,SETTLED,2025-10-28 14:48:00,AUTH76905806
PAY0000512,ORD0000502,GIFT_CARD,1341.17,SETTLED,2025-07-01 13:14:00,AUTH66613595
PAY0000513,ORD0000503,BANK_TRANSFER,2116.71,SETTLED,2025-07-27 22:30:00,AUTH43797765
PAY0000514,ORD0000504,AFTERPAY,241.75,SETTLED,2025-11-14 14:16:00,AUTH62090290
PAY0000515,ORD0000505,DEBIT_CARD,1374.26,SETTLED,2025-08-25 02:01:00,AUTH81910902
PAY0000516,ORD0000506,PAYPAL,1259.28,SETTLED,2025-08-08 20:57:00,AUTH68707477
PAY0000517,ORD0000507,BANK_TRANSFER,317.8,SETTLED,2025-10-06 17:45:00,AUTH38236498
PAY0000518,ORD0000508,BANK_TRANSFER,886.64,SETTLED,2025-05-27 18:18:00,AUTH16587572
PAY0000519,ORD0000509,GIFT_CARD,397.8,SETTLED,2025-06-29 12:11:00,AUTH21785585
PAY0000520,ORD0000510,PAYPAL,1480.19,REFUNDED,2025-08-31 13:28:00,AUTH31842324
PAY0000521,ORD0000511,BANK_TRANSFER,1125.52,SETTLED,2025-09-25 10:02:00,AUTH13124898
PAY0000522,ORD0000512,AFTERPAY,343.78,SETTLED,2025-06-17 14:01:00,AUTH26472032
PAY0000523,ORD0000513,PAYPAL,1862.13,DECLINED,2025-11-21 11:31:00,AUTH33567210
PAY0000524,ORD0000514,BANK_TRANSFER,2348.38,SETTLED,2025-09-12 17:15:00,AUTH81523508
PAY0000525,ORD0000515,CREDIT_CARD,583.65,REFUNDED,2025-12-28 22:06:00,AUTH62095806
PAY0000526,ORD0000516,DEBIT_CARD,1828.11,SETTLED,2025-11-08 05:00:00,AUTH32704705
PAY0000527,ORD0000517,CREDIT_CARD,624.82,DECLINED,2025-11-04 15:59:00,AUTH33264336
PAY0000528,ORD0000518,PAYPAL,986.66,SETTLED,2025-09-10 02:45:00,AUTH54097623
PAY0000529,ORD0000519,GIFT_CARD,956.77,DECLINED,2026-01-01 19:40:00,AUTH78564788
PAY0000530,ORD0000520,PAYPAL,1155.18,SETTLED,2025-11-13 13:06:00,AUTH27652445
PAY0000531,ORD0000521,CREDIT_CARD,2325.29,SETTLED,2025-10-17 19:48:00,AUTH75324851
PAY0000532,ORD0000522,AFTERPAY,365.8,REFUNDED,2025-11-30 08:02:00,AUTH39938725
PAY0000533,ORD0000523,BANK_TRANSFER,1826.64,DECLINED,2025-10-20 12:58:00,AUTH50281337
PAY0000534,ORD0000524,CREDIT_CARD,256.99,REFUNDED,2025-06-26 19:08:00,AUTH59453852
PAY0000535,ORD0000525,AFTERPAY,792.68,SETTLED,2025-06-06 01:09:00,AUTH15356049
PAY0000536,ORD0000526,AFTERPAY,17.55,SETTLED,2026-01-01 05:26:00,AUTH70760669
PAY0000537,ORD0000527,AFTERPAY,1982.27,SETTLED,2025-11-07 16:31:00,AUTH88748903
PAY0000538,ORD0000528,GIFT_CARD,638.22,REFUNDED,2025-09-12 22:30:00,AUTH60630290
PAY0000539,ORD0000529,BANK_TRANSFER,1676.9,DECLINED,2025-09-17 16:39:00,AUTH45079745
PAY0000540,ORD0000530,AFTERPAY,1304.52,SETTLED,2025-08-30 10:16:00,AUTH39979830
PAY0000541,ORD0000531,CREDIT_CARD,2109.34,REFUNDED,2025-07-28 14:09:00,AUTH19756407
PAY0000542,ORD0000532,AFTERPAY,493.31,SETTLED,2025-08-26 06:47:00,AUTH33461613
PAY0000543,ORD0000533,CREDIT_CARD,36.47,SETTLED,2025-10-25 07:57:00,AUTH98608647
PAY0000544,ORD0000534,PAYPAL,1736.82,SETTLED,2025-11-09 14:05:00,AUTH38997012
PAY0000545,ORD0000535,PAYPAL,1026.89,SETTLED,2025-06-17 21:51:00,AUTH29570214
PAY0000546,ORD0000536,BANK_TRANSFER,2225.27,SETTLED,2025-09-04 18:33:00,AUTH83375580
PAY0000547,ORD0000537,DEBIT_CARD,1144.99,SETTLED,2025-07-05 02:49:00,AUTH56645133
PAY0000548,ORD0000538,DEBIT_CARD,1209.15,SETTLED,2025-05-18 20:18:00,AUTH57098086
PAY0000549,ORD0000539,GIFT_CARD,2232.82,SETTLED,2025-07-14 15:59:00,AUTH60864179
PAY0000550,ORD0000540,CREDIT_CARD,1379.15,SETTLED,2025-06-22 14:22:00,AUTH57111232
PAY0000551,ORD0000541,CREDIT_CARD,476.9,DECLINED,2025-05-21 07:16:00,AUTH71303993
PAY0000552,ORD0000542,PAYPAL,1502.36,SETTLED,2025-08-31 04:32:00,AUTH29711099
PAY0000553,ORD0000543,GIFT_CARD,2183.51,SETTLED,2025-12-30 19:54:00,AUTH58548550
PAY0000554,ORD0000544,PAYPAL,1630.27,SETTLED,2025-11-23 02:10:00,AUTH41861249
PAY0000555,ORD0000545,GIFT_CARD,1479.44,SETTLED,2025-12-25 13:34:00,AUTH30428193
PAY0000556,ORD0000546,PAYPAL,1271.75,SETTLED,2025-06-17 09:31:00,AUTH15173792
PAY0000557,ORD0000547,DEBIT_CARD,2181.53,SETTLED,2025-08-21 13:01:00,AUTH51857727
PAY0000558,ORD0000548,BANK_TRANSFER,688.96,SETTLED,2025-07-30 05:11:00,AUTH76281528
PAY0000559,ORD0000549,CREDIT_CARD,1689.57,SETTLED,2025-10-12 05:32:00,AUTH50297666
PAY0000560,ORD0000550,GIFT_CARD,2343.31,REFUNDED,2025-09-06 16:31:00,AUTH50035223
PAY0000561,ORD0000551,BANK_TRANSFER,185.16,SETTLED,2025-08-14 17:39:00,AUTH22043093
PAY0000562,ORD0000552,PAYPAL,1338.99,DECLINED,2025-07-01 07:03:00,AUTH57439396
PAY0000563,ORD0000553,CREDIT_CARD,595.63,REFUNDED,2025-10-16 21:10:00,AUTH14435295
PAY0000564,ORD0000554,GIFT_CARD,1473.81,SETTLED,2025-10-24 06:41:00,AUTH63353823
PAY0000565,ORD0000555,DEBIT_CARD,2338.68,DECLINED,2025-05-30 23:24:00,AUTH26530272
PAY0000566,ORD0000556,AFTERPAY,2282.67,REFUNDED,2025-07-24 04:50:00,AUTH32822735
PAY0000567,ORD0000557,BANK_TRANSFER,65.05,SETTLED,2025-12-30 11:31:00,AUTH47246456
PAY0000568,ORD0000558,CREDIT_CARD,682.74,SETTLED,2025-06-18 01:08:00,AUTH48987307
PAY0000569,ORD0000559,BANK_TRANSFER,1182.23,SETTLED,2025-12-02 12:06:00,AUTH38645922
PAY0000570,ORD0000560,AFTERPAY,769.17,SETTLED,2025-10-18 23:11:00,AUTH91308805
PAY0000571,ORD0000561,CREDIT_CARD,1864.56,SETTLED,2025-10-29 09:13:00,AUTH70553477
PAY0000572,ORD0000562,PAYPAL,2129.32,SETTLED,2025-11-28 13:38:00,AUTH47967875
PAY0000573,ORD0000563,AFTERPAY,588.83,DECLINED,2025-11-17 18:13:00,AUTH12249453
PAY0000574,ORD0000564,BANK_TRANSFER,1287.13,DECLINED,2025-11-13 01:39:00,AUTH47703788
PAY0000575,ORD0000565,GIFT_CARD,1651.46,SETTLED,2025-11-06 02:56:00,AUTH14278643
PAY0000576,ORD0000566,GIFT_CARD,358.1,REFUNDED,2025-11-25 13:11:00,AUTH99470358
PAY0000577,ORD0000567,AFTERPAY,1330.62,REFUNDED,2025-06-03 20:47:00,AUTH19828528
PAY0000578,ORD0000568,BANK_TRANSFER,187.21,SETTLED,2025-08-15 15:29:00,AUTH53431356
PAY0000579,ORD0000569,BANK_TRANSFER,207.99,SETTLED,2025-10-22 00:25:00,AUTH28348512
PAY0000580,ORD0000570,PAYPAL,1712.68,SETTLED,2025-08-30 19:48:00,AUTH85492635
PAY0000581,ORD0000571,CREDIT_CARD,1281.28,SETTLED,2025-10-11 11:10:00,AUTH57344975
PAY0000582,ORD0000572,CREDIT_CARD,2026.39,SETTLED,2025-11-28 23:08:00,AUTH73390552
PAY0000583,ORD0000573,PAYPAL,1097.86,SETTLED,2025-09-23 10:56:00,AUTH90806561
PAY0000584,ORD0000574,AFTERPAY,443.8,DECLINED,2025-10-11 08:18:00,AUTH26208651
PAY0000585,ORD0000575,DEBIT_CARD,1852.13,SETTLED,2025-09-30 01:40:00,AUTH62061957
PAY0000586,ORD0000576,BANK_TRANSFER,1295.28,SETTLED,2025-08-01 13:15:00,AUTH77250695
PAY0000587,ORD0000577,DEBIT_CARD,551.4,SETTLED,2025-06-01 08:59:00,AUTH66190492
PAY0000588,ORD0000578,GIFT_CARD,1691.86,SETTLED,2025-12-09 21:52:00,AUTH97066163
PAY0000589,ORD0000579,GIFT_CARD,1146.09,SETTLED,2025-05-12 01:26:00,AUTH53497598
PAY0000590,ORD0000580,AFTERPAY,2134.4,DECLINED,2025-10-17 04:39:00,AUTH22605692
PAY0000591,ORD0000581,DEBIT_CARD,2369.16,REFUNDED,2025-07-02 01:00:00,AUTH88604239
PAY0000592,ORD0000582,DEBIT_CARD,1437.78,SETTLED,2025-06-06 15:14:00,AUTH62435217
PAY0000593,ORD0000583,AFTERPAY,797.6,SETTLED,2025-05-11 19:33:00,AUTH72170514
PAY0000594,ORD0000584,DEBIT_CARD,243.4,DECLINED,2025-06-21 07:22:00,AUTH75098826
PAY0000595,ORD0000585,PAYPAL,254.85,SETTLED,2025-12-12 19:28:00,AUTH50063225
PAY0000596,ORD0000586,PAYPAL,1390.02,DECLINED,2025-09-29 05:14:00,AUTH52283695
PAY0000597,ORD0000587,AFTERPAY,2193.89,SETTLED,2025-12-22 13:09:00,AUTH56566868
PAY0000598,ORD0000588,CREDIT_CARD,1819.0,SETTLED,2025-08-10 15:43:00,AUTH79629545
PAY0000599,ORD0000589,AFTERPAY,553.98,SETTLED,2025-12-26 08:20:00,AUTH85477738
PAY0000600,ORD0000590,PAYPAL,2320.52,SETTLED,2025-09-19 20:56:00,AUTH50703057
PAY0000601,ORD0000591,BANK_TRANSFER,694.97,SETTLED,2025-10-22 19:54:00,AUTH21963836
PAY0000602,ORD0000592,BANK_TRANSFER,1137.89,REFUNDED,2025-05-21 07:43:00,AUTH96374649
PAY0000603,ORD0000593,CREDIT_CARD,884.21,DECLINED,2025-06-16 20:29:00,AUTH21176950
PAY0000604,ORD0000594,PAYPAL,528.68,SETTLED,2025-12-22 03:13:00,AUTH25875113
PAY0000605,ORD0000595,PAYPAL,105.49,SETTLED,2025-11-09 08:28:00,AUTH62035531
PAY0000606,ORD0000595,DEBIT_CARD,1432.26,SETTLED,2025-07-22 23:00:00,AUTH85923779
PAY0000607,ORD0000596,PAYPAL,174.08,SETTLED,2025-05-15 06:47:00,AUTH76728740
PAY0000608,ORD0000597,DEBIT_CARD,389.88,SETTLED,2025-09-13 19:56:00,AUTH88273299
PAY0000609,ORD0000598,AFTERPAY,1224.05,SETTLED,2025-06-30 18:46:00,AUTH83631036
PAY0000610,ORD0000599,BANK_TRANSFER,370.53,REFUNDED,2025-06-26 05:13:00,AUTH87688619
PAY0000611,ORD0000600,GIFT_CARD,1234.27,DECLINED,2025-09-04 02:10:00,AUTH52581659
PAY0000612,ORD0000601,BANK_TRANSFER,632.52,DECLINED,2025-11-10 19:46:00,AUTH18172949
PAY0000613,ORD0000602,CREDIT_CARD,458.08,SETTLED,2025-11-09 20:34:00,AUTH99068807
PAY0000614,ORD0000603,AFTERPAY,1816.6,SETTLED,2025-10-04 15:23:00,AUTH77076953
PAY0000615,ORD0000604,GIFT_CARD,2374.4,SETTLED,2025-11-06 15:38:00,AUTH19838787
PAY0000616,ORD0000605,GIFT_CARD,834.36,REFUNDED,2025-07-16 23:55:00,AUTH96391457
PAY0000617,ORD0000606,DEBIT_CARD,525.21,SETTLED,2025-05-28 19:10:00,AUTH58522302
PAY0000618,ORD0000607,PAYPAL,2186.98,SETTLED,2025-12-05 09:50:00,AUTH15111242
PAY0000619,ORD0000608,DEBIT_CARD,260.37,SETTLED,2025-06-01 12:30:00,AUTH55239776
PAY0000620,ORD0000609,PAYPAL,1059.33,SETTLED,2025-12-03 18:51:00,AUTH79462035
PAY0000621,ORD0000610,DEBIT_CARD,2287.57,SETTLED,2025-08-13 12:55:00,AUTH45442051
PAY0000622,ORD0000611,BANK_TRANSFER,1260.58,SETTLED,2025-06-28 14:25:00,AUTH57958573
PAY0000623,ORD0000612,GIFT_CARD,300.9,SETTLED,2025-09-20 14:33:00,AUTH40712738
PAY0000624,ORD0000613,DEBIT_CARD,1465.48,SETTLED,2025-12-30 07:48:00,AUTH74890065
PAY0000625,ORD0000614,AFTERPAY,1920.48,SETTLED,2025-07-22 09:04:00,AUTH93280364
PAY0000626,ORD0000615,PAYPAL,1214.3,SETTLED,2025-09-23 02:54:00,AUTH25040072
PAY0000627,ORD0000616,PAYPAL,703.2,SETTLED,2025-09-25 18:01:00,AUTH34807523
PAY0000628,ORD0000617,CREDIT_CARD,306.21,SETTLED,2025-10-12 17:12:00,AUTH10897415
PAY0000629,ORD0000618,CREDIT_CARD,1596.02,SETTLED,2025-05-19 09:05:00,AUTH23093637
PAY0000630,ORD0000619,BANK_TRANSFER,1611.64,SETTLED,2025-09-13 20:36:00,AUTH84771179
PAY0000631,ORD0000620,CREDIT_CARD,552.76,REFUNDED,2025-05-09 15:23:00,AUTH73226649
PAY0000632,ORD0000621,GIFT_CARD,288.09,SETTLED,2025-10-08 20:58:00,AUTH45911589
PAY0000633,ORD0000622,AFTERPAY,1282.35,REFUNDED,2025-08-27 06:49:00,AUTH76295704
PAY0000634,ORD0000623,AFTERPAY,645.57,SETTLED,2025-06-23 15:01:00,AUTH22967227
PAY0000635,ORD0000624,CREDIT_CARD,1267.1,DECLINED,2025-05-07 20:28:00,AUTH69767174
PAY0000636,ORD0000625,DEBIT_CARD,1269.15,REFUNDED,2025-05-25 02:39:00,AUTH57614001
PAY0000637,ORD0000626,BANK_TRANSFER,1229.46,SETTLED,2025-09-29 11:46:00,AUTH88601049
PAY0000638,ORD0000627,GIFT_CARD,1969.2,SETTLED,2025-05-29 22:06:00,AUTH49288271
PAY0000639,ORD0000628,AFTERPAY,2378.71,SETTLED,2025-07-02 00:28:00,AUTH23402850
PAY0000640,ORD0000629,AFTERPAY,298.0,SETTLED,2025-05-26 07:22:00,AUTH94465769
PAY0000641,ORD0000630,PAYPAL,1596.48,SETTLED,2025-08-22 05:58:00,AUTH90418613
PAY0000642,ORD0000631,CREDIT_CARD,2160.51,SETTLED,2025-12-13 05:58:00,AUTH90363247
PAY0000643,ORD0000632,GIFT_CARD,725.31,REFUNDED,2025-05-24 02:03:00,AUTH79875842
PAY0000644,ORD0000633,GIFT_CARD,817.59,SETTLED,2025-10-10 03:20:00,AUTH84366281
PAY0000645,ORD0000634,AFTERPAY,2185.58,SETTLED,2025-06-05 06:56:00,AUTH94258938
PAY0000646,ORD0000635,PAYPAL,1192.11,SETTLED,2025-05-29 12:02:00,AUTH63911929
PAY0000647,ORD0000636,PAYPAL,1103.24,SETTLED,2025-11-21 04:53:00,AUTH98486119
PAY0000648,ORD0000637,PAYPAL,1923.55,REFUNDED,2025-08-20 20:35:00,AUTH55268705
PAY0000649,ORD0000638,AFTERPAY,1214.24,REFUNDED,2025-12-06 07:54:00,AUTH29019946
PAY0000650,ORD0000639,BANK_TRANSFER,295.75,SETTLED,2025-10-09 10:38:00,AUTH62820763
PAY0000651,ORD0000640,BANK_TRANSFER,1819.19,SETTLED,2025-08-26 02:24:00,AUTH67259669
PAY0000652,ORD0000641,BANK_TRANSFER,273.36,SETTLED,2025-06-13 04:58:00,AUTH91206628
PAY0000653,ORD0000642,DEBIT_CARD,896.35,SETTLED,2025-10-10 21:04:00,AUTH70453191
PAY0000654,ORD0000643,AFTERPAY,1862.18,SETTLED,2025-11-30 10:20:00,AUTH63564438
PAY0000655,ORD0000644,DEBIT_CARD,1760.58,REFUNDED,2025-11-09 04:14:00,AUTH31505417
PAY0000656,ORD0000645,DEBIT_CARD,1022.47,SETTLED,2025-12-08 12:49:00,AUTH21045567
PAY0000657,ORD0000645,AFTERPAY,1256.33,SETTLED,2025-11-11 06:22:00,AUTH87278985
PAY0000658,ORD0000646,PAYPAL,920.08,SETTLED,2025-07-06 12:48:00,AUTH71518083
PAY0000659,ORD0000647,PAYPAL,1390.92,REFUNDED,2025-09-10 17:46:00,AUTH30424450
PAY0000660,ORD0000648,DEBIT_CARD,1531.23,SETTLED,2025-11-22 14:17:00,AUTH89840328
PAY0000661,ORD0000649,DEBIT_CARD,1426.49,SETTLED,2025-11-02 09:30:00,AUTH76491693
PAY0000662,ORD0000650,GIFT_CARD,1341.95,DECLINED,2025-06-12 19:39:00,AUTH39731035
PAY0000663,ORD0000651,GIFT_CARD,933.96,SETTLED,2025-07-19 09:22:00,AUTH55829173
PAY0000664,ORD0000652,PAYPAL,745.42,SETTLED,2025-06-28 08:49:00,AUTH29942025
PAY0000665,ORD0000653,BANK_TRANSFER,1048.25,REFUNDED,2025-07-30 21:21:00,AUTH96340875
PAY0000666,ORD0000653,DEBIT_CARD,1675.02,SETTLED,2025-05-07 02:57:00,AUTH20514125
PAY0000667,ORD0000654,PAYPAL,612.1,SETTLED,2025-06-17 16:50:00,AUTH34500446
PAY0000668,ORD0000655,DEBIT_CARD,2327.6,SETTLED,2025-06-15 09:58:00,AUTH63011333
PAY0000669,ORD0000656,GIFT_CARD,1197.43,SETTLED,2025-12-17 14:10:00,AUTH20276040
PAY0000670,ORD0000657,DEBIT_CARD,694.54,SETTLED,2025-06-14 13:35:00,AUTH93958421
PAY0000671,ORD0000658,AFTERPAY,1794.84,REFUNDED,2025-12-26 22:37:00,AUTH50718910
PAY0000672,ORD0000659,DEBIT_CARD,546.6,SETTLED,2025-05-24 07:47:00,AUTH28318249
PAY0000673,ORD0000660,PAYPAL,39.37,REFUNDED,2025-12-27 22:18:00,AUTH34115680
PAY0000674,ORD0000661,PAYPAL,110.41,SETTLED,2025-09-12 00:28:00,AUTH47864634
PAY0000675,ORD0000662,CREDIT_CARD,1357.2,SETTLED,2025-08-10 12:50:00,AUTH25659722
PAY0000676,ORD0000663,AFTERPAY,1125.31,DECLINED,2025-11-23 19:09:00,AUTH23540548
PAY0000677,ORD0000664,BANK_TRANSFER,2017.59,SETTLED,2025-11-20 13:26:00,AUTH69064251
PAY0000678,ORD0000665,GIFT_CARD,1256.87,SETTLED,2025-07-13 20:38:00,AUTH39320220
PAY0000679,ORD0000666,GIFT_CARD,1512.49,SETTLED,2025-06-09 16:49:00,AUTH82210299
PAY0000680,ORD0000667,BANK_TRANSFER,1457.23,SETTLED,2025-05-11 10:33:00,AUTH73102238
PAY0000681,ORD0000668,PAYPAL,1019.52,DECLINED,2025-09-19 12:25:00,AUTH19921846
PAY0000682,ORD0000669,CREDIT_CARD,1544.82,SETTLED,2025-07-13 20:16:00,AUTH14041146
PAY0000683,ORD0000670,GIFT_CARD,1485.94,SETTLED,2025-07-27 15:58:00,AUTH26888905
PAY0000684,ORD0000671,DEBIT_CARD,176.56,REFUNDED,2025-09-03 22:41:00,AUTH86868722
PAY0000685,ORD0000672,DEBIT_CARD,699.14,SETTLED,2025-08-02 17:46:00,AUTH20477235
PAY0000686,ORD0000673,AFTERPAY,124.71,DECLINED,2025-11-08 00:08:00,AUTH64043888
PAY0000687,ORD0000674,AFTERPAY,757.65,SETTLED,2025-11-08 18:43:00,AUTH44233556
PAY0000688,ORD0000675,AFTERPAY,929.44,SETTLED,2025-05-27 14:03:00,AUTH87663433
PAY0000689,ORD0000676,GIFT_CARD,1756.31,SETTLED,2025-10-20 10:12:00,AUTH29618872
PAY0000690,ORD0000677,PAYPAL,1233.18,SETTLED,2025-12-14 07:20:00,AUTH12178180
PAY0000691,ORD0000678,AFTERPAY,937.06,SETTLED,2025-10-29 01:46:00,AUTH50297581
PAY0000692,ORD0000679,GIFT_CARD,915.71,REFUNDED,2025-05-19 07:33:00,AUTH57674407
PAY0000693,ORD0000680,AFTERPAY,1739.46,SETTLED,2025-10-21 15:02:00,AUTH95662304
PAY0000694,ORD0000681,BANK_TRANSFER,1625.35,SETTLED,2025-10-16 20:29:00,AUTH72166123
PAY0000695,ORD0000682,CREDIT_CARD,2163.2,SETTLED,2025-05-14 04:20:00,AUTH47597896
PAY0000696,ORD0000683,CREDIT_CARD,1309.37,SETTLED,2025-09-08 14:19:00,AUTH41731393
PAY0000697,ORD0000684,AFTERPAY,1450.35,SETTLED,2025-06-03 17:12:00,AUTH81472480
PAY0000698,ORD0000685,GIFT_CARD,565.53,SETTLED,2025-05-20 21:56:00,AUTH75742554
PAY0000699,ORD0000686,PAYPAL,1621.93,DECLINED,2025-06-01 16:15:00,AUTH57619084
PAY0000700,ORD0000687,GIFT_CARD,2148.68,SETTLED,2025-06-14 11:49:00,AUTH17349164
PAY0000701,ORD0000688,PAYPAL,1583.12,SETTLED,2025-12-15 09:24:00,AUTH11341816
PAY0000702,ORD0000688,GIFT_CARD,577.38,SETTLED,2025-12-10 22:31:00,AUTH57582087
PAY0000703,ORD0000689,PAYPAL,654.97,SETTLED,2025-09-26 12:32:00,AUTH11402614
PAY0000704,ORD0000690,CREDIT_CARD,603.03,SETTLED,2025-11-12 06:28:00,AUTH66113999
PAY0000705,ORD0000691,DEBIT_CARD,468.17,SETTLED,2025-07-31 12:52:00,AUTH67642896
PAY0000706,ORD0000692,GIFT_CARD,1141.52,SETTLED,2025-05-11 05:15:00,AUTH97015450
PAY0000707,ORD0000693,PAYPAL,535.36,SETTLED,2025-06-15 21:05:00,AUTH61010733
PAY0000708,ORD0000694,PAYPAL,1521.04,SETTLED,2025-06-17 19:29:00,AUTH38778673
PAY0000709,ORD0000695,PAYPAL,734.99,SETTLED,2025-10-20 04:42:00,AUTH42163156
PAY0000710,ORD0000696,PAYPAL,2323.86,SETTLED,2025-12-10 20:51:00,AUTH63574914
PAY0000711,ORD0000697,PAYPAL,574.97,SETTLED,2025-06-18 14:19:00,AUTH67984886
PAY0000712,ORD0000698,DEBIT_CARD,1993.73,SETTLED,2025-07-18 09:57:00,AUTH37700104
PAY0000713,ORD0000699,AFTERPAY,912.77,REFUNDED,2025-09-09 10:20:00,AUTH50382971
PAY0000714,ORD0000700,DEBIT_CARD,945.06,SETTLED,2025-09-20 11:28:00,AUTH37657096
PAY0000715,ORD0000701,DEBIT_CARD,1607.41,REFUNDED,2025-05-08 09:47:00,AUTH57633850
PAY0000716,ORD0000702,BANK_TRANSFER,1083.72,SETTLED,2025-05-29 17:24:00,AUTH27572985
PAY0000717,ORD0000703,PAYPAL,67.25,SETTLED,2025-10-02 08:55:00,AUTH71334945
PAY0000718,ORD0000704,DEBIT_CARD,375.89,SETTLED,2025-10-24 00:09:00,AUTH58171400
PAY0000719,ORD0000705,GIFT_CARD,105.19,SETTLED,2025-05-20 13:58:00,AUTH94972591
PAY0000720,ORD0000706,DEBIT_CARD,2214.94,SETTLED,2025-11-04 13:58:00,AUTH96819807
PAY0000721,ORD0000707,GIFT_CARD,347.83,SETTLED,2025-06-03 13:51:00,AUTH21962232
PAY0000722,ORD0000708,CREDIT_CARD,2381.58,SETTLED,2025-07-28 07:04:00,AUTH36114209
PAY0000723,ORD0000709,CREDIT_CARD,428.96,SETTLED,2025-05-11 12:00:00,AUTH22821527
PAY0000724,ORD0000710,PAYPAL,823.79,SETTLED,2025-08-12 04:43:00,AUTH74291695
PAY0000725,ORD0000711,GIFT_CARD,1011.18,REFUNDED,2025-12-20 14:57:00,AUTH71547501
PAY0000726,ORD0000712,GIFT_CARD,702.32,SETTLED,2025-10-20 15:49:00,AUTH78912149
PAY0000727,ORD0000713,CREDIT_CARD,1315.73,SETTLED,2025-12-20 21:05:00,AUTH43398860
PAY0000728,ORD0000714,AFTERPAY,1077.22,SETTLED,2025-07-03 18:37:00,AUTH22122816
PAY0000729,ORD0000715,DEBIT_CARD,2177.42,REFUNDED,2025-12-31 14:08:00,AUTH39861613
PAY0000730,ORD0000716,PAYPAL,104.31,SETTLED,2025-07-17 00:57:00,AUTH37706031
PAY0000731,ORD0000717,DEBIT_CARD,2153.45,SETTLED,2025-07-10 03:26:00,AUTH54126778
PAY0000732,ORD0000717,CREDIT_CARD,736.42,REFUNDED,2025-07-01 05:18:00,AUTH38293345
PAY0000733,ORD0000718,AFTERPAY,2034.12,SETTLED,2025-06-21 10:33:00,AUTH68143996
PAY0000734,ORD0000719,PAYPAL,439.56,SETTLED,2025-07-17 02:25:00,AUTH63429533
PAY0000735,ORD0000720,BANK_TRANSFER,91.92,SETTLED,2025-08-18 03:05:00,AUTH39173811
PAY0000736,ORD0000721,PAYPAL,984.81,DECLINED,2025-12-27 11:51:00,AUTH98188915
PAY0000737,ORD0000722,GIFT_CARD,615.51,SETTLED,2025-10-01 17:03:00,AUTH66436895
PAY0000738,ORD0000723,AFTERPAY,572.57,SETTLED,2025-12-27 13:18:00,AUTH83526386
PAY0000739,ORD0000724,GIFT_CARD,2053.51,SETTLED,2025-10-17 20:01:00,AUTH47834205
PAY0000740,ORD0000725,PAYPAL,283.95,SETTLED,2025-07-13 15:00:00,AUTH84628267
PAY0000741,ORD0000726,BANK_TRANSFER,1301.82,SETTLED,2025-05-28 21:08:00,AUTH92832990
PAY0000742,ORD0000727,BANK_TRANSFER,1595.19,SETTLED,2025-12-12 08:06:00,AUTH15100014
PAY0000743,ORD0000728,PAYPAL,2172.71,SETTLED,2025-10-04 13:56:00,AUTH80823419
PAY0000744,ORD0000729,DEBIT_CARD,2051.24,SETTLED,2025-09-01 07:07:00,AUTH47122829
PAY0000745,ORD0000730,BANK_TRANSFER,729.79,SETTLED,2025-10-02 16:13:00,AUTH11708158
PAY0000746,ORD0000731,GIFT_CARD,1857.46,SETTLED,2025-08-29 12:28:00,AUTH82636424
PAY0000747,ORD0000732,CREDIT_CARD,664.67,SETTLED,2025-08-18 23:52:00,AUTH28648838
PAY0000748,ORD0000733,BANK_TRANSFER,1983.03,SETTLED,2025-10-09 03:09:00,AUTH47202807
PAY0000749,ORD0000734,DEBIT_CARD,525.32,SETTLED,2025-05-23 11:19:00,AUTH44549752
PAY0000750,ORD0000735,PAYPAL,699.22,SETTLED,2025-08-11 21:50:00,AUTH84999581
PAY0000751,ORD0000736,CREDIT_CARD,754.28,SETTLED,2025-09-11 02:57:00,AUTH28804533
PAY0000752,ORD0000737,AFTERPAY,1648.37,SETTLED,2025-10-15 05:28:00,AUTH20657454
PAY0000753,ORD0000738,CREDIT_CARD,979.4,REFUNDED,2025-08-07 02:36:00,AUTH79848113
PAY0000754,ORD0000739,BANK_TRANSFER,2168.09,SETTLED,2025-05-11 15:33:00,AUTH26732746
PAY0000755,ORD0000740,CREDIT_CARD,719.78,SETTLED,2025-11-12 05:00:00,AUTH79769501
PAY0000756,ORD0000741,GIFT_CARD,1580.8,SETTLED,2025-05-18 04:10:00,AUTH78491753
PAY0000757,ORD0000742,DEBIT_CARD,1977.83,SETTLED,2025-08-22 12:48:00,AUTH69230930
PAY0000758,ORD0000743,GIFT_CARD,567.76,SETTLED,2025-05-31 12:19:00,AUTH49467910
PAY0000759,ORD0000744,GIFT_CARD,64.68,DECLINED,2025-12-08 23:13:00,AUTH87751325
PAY0000760,ORD0000745,GIFT_CARD,1153.1,SETTLED,2025-08-08 10:03:00,AUTH36225234
PAY0000761,ORD0000746,CREDIT_CARD,742.7,SETTLED,2025-08-09 16:56:00,AUTH10894340
PAY0000762,ORD0000747,BANK_TRANSFER,656.08,SETTLED,2025-05-29 14:37:00,AUTH97229497
PAY0000763,ORD0000748,PAYPAL,1583.63,SETTLED,2025-09-11 05:46:00,AUTH89512034
PAY0000764,ORD0000749,PAYPAL,740.69,SETTLED,2025-09-05 15:26:00,AUTH80394224
PAY0000765,ORD0000750,AFTERPAY,1854.93,SETTLED,2025-06-10 01:20:00,AUTH57466657
PAY0000766,ORD0000751,GIFT_CARD,2205.23,DECLINED,2025-06-14 05:02:00,AUTH97476148
PAY0000767,ORD0000752,AFTERPAY,2032.81,DECLINED,2025-08-20 16:28:00,AUTH40697352
PAY0000768,ORD0000753,PAYPAL,719.54,REFUNDED,2025-07-28 21:58:00,AUTH90026315
PAY0000769,ORD0000754,DEBIT_CARD,2161.37,SETTLED,2025-05-09 17:50:00,AUTH88352608
PAY0000770,ORD0000755,DEBIT_CARD,1365.23,SETTLED,2025-09-30 02:50:00,AUTH93952120
PAY0000771,ORD0000756,AFTERPAY,982.31,SETTLED,2025-06-09 21:57:00,AUTH49017399
PAY0000772,ORD0000757,BANK_TRANSFER,1040.81,SETTLED,2025-12-09 18:25:00,AUTH91977700
PAY0000773,ORD0000758,CREDIT_CARD,167.25,SETTLED,2025-11-18 22:51:00,AUTH22463527
PAY0000774,ORD0000759,BANK_TRANSFER,528.21,REFUNDED,2025-07-04 23:03:00,AUTH73573573
PAY0000775,ORD0000760,BANK_TRANSFER,818.93,SETTLED,2025-07-07 12:26:00,AUTH29041889
PAY0000776,ORD0000761,GIFT_CARD,85.5,SETTLED,2025-05-06 07:58:00,AUTH57102124
PAY0000777,ORD0000762,PAYPAL,927.6,SETTLED,2025-12-02 12:14:00,AUTH58051663
PAY0000778,ORD0000763,DEBIT_CARD,91.79,SETTLED,2025-10-27 00:16:00,AUTH20430159
PAY0000779,ORD0000764,BANK_TRANSFER,943.89,SETTLED,2025-10-09 10:00:00,AUTH96653953
PAY0000780,ORD0000765,PAYPAL,1406.68,SETTLED,2025-06-08 02:30:00,AUTH63575245
PAY0000781,ORD0000766,CREDIT_CARD,1295.95,SETTLED,2025-12-09 12:21:00,AUTH86554681
PAY0000782,ORD0000767,PAYPAL,1457.44,SETTLED,2025-05-07 04:40:00,AUTH86896304
PAY0000783,ORD0000768,PAYPAL,1083.22,SETTLED,2025-07-11 14:53:00,AUTH11626783
PAY0000784,ORD0000769,BANK_TRANSFER,16.92,SETTLED,2025-12-23 18:29:00,AUTH49278222
PAY0000785,ORD0000770,PAYPAL,1190.3,SETTLED,2025-08-26 12:57:00,AUTH53833783
PAY0000786,ORD0000771,CREDIT_CARD,881.47,REFUNDED,2025-09-13 03:32:00,AUTH54765452
PAY0000787,ORD0000772,AFTERPAY,704.18,SETTLED,2025-09-13 17:09:00,AUTH98207120
PAY0000788,ORD0000773,BANK_TRANSFER,1529.59,SETTLED,2025-07-11 05:18:00,AUTH36598793
PAY0000789,ORD0000774,BANK_TRANSFER,2082.5,DECLINED,2025-08-31 02:38:00,AUTH84688060
PAY0000790,ORD0000775,GIFT_CARD,1798.59,DECLINED,2025-05-12 15:19:00,AUTH20341689
PAY0000791,ORD0000776,AFTERPAY,864.66,SETTLED,2025-12-09 12:25:00,AUTH27931496
PAY0000792,ORD0000777,AFTERPAY,858.67,SETTLED,2025-07-17 06:48:00,AUTH50278794
PAY0000793,ORD0000778,DEBIT_CARD,604.15,SETTLED,2025-05-08 21:10:00,AUTH14570790
PAY0000794,ORD0000779,PAYPAL,1799.95,SETTLED,2025-07-19 13:52:00,AUTH74881201
PAY0000795,ORD0000780,BANK_TRANSFER,1805.97,SETTLED,2025-07-02 16:22:00,AUTH40547334
PAY0000796,ORD0000781,PAYPAL,515.58,REFUNDED,2025-08-25 01:17:00,AUTH85863632
PAY0000797,ORD0000782,AFTERPAY,1827.03,SETTLED,2025-09-09 13:57:00,AUTH69764239
PAY0000798,ORD0000783,BANK_TRANSFER,756.2,SETTLED,2025-07-30 04:38:00,AUTH10160817
PAY0000799,ORD0000784,CREDIT_CARD,1719.09,SETTLED,2025-09-18 00:30:00,AUTH82953197
PAY0000800,ORD0000785,AFTERPAY,1499.22,SETTLED,2025-12-02 22:26:00,AUTH43384347
PAY0000801,ORD0000786,DEBIT_CARD,786.2,REFUNDED,2025-07-06 15:16:00,AUTH55650808
PAY0000802,ORD0000787,AFTERPAY,958.87,SETTLED,2025-06-20 20:23:00,AUTH54125363
PAY0000803,ORD0000788,GIFT_CARD,2124.05,SETTLED,2025-08-14 03:22:00,AUTH58781042
PAY0000804,ORD0000789,GIFT_CARD,431.42,SETTLED,2025-05-26 16:06:00,AUTH99988712
PAY0000805,ORD0000790,CREDIT_CARD,1188.43,SETTLED,2025-10-17 01:38:00,AUTH91479458
PAY0000806,ORD0000791,DEBIT_CARD,1934.78,SETTLED,2025-05-07 02:52:00,AUTH98948568
PAY0000807,ORD0000792,CREDIT_CARD,760.0,SETTLED,2025-11-17 01:31:00,AUTH28187589
PAY0000808,ORD0000793,DEBIT_CARD,79.41,SETTLED,2025-10-20 08:23:00,AUTH13324769
PAY0000809,ORD0000794,AFTERPAY,1902.73,SETTLED,2025-07-20 04:56:00,AUTH56849122
PAY0000810,ORD0000795,AFTERPAY,1729.8,SETTLED,2025-10-26 18:33:00,AUTH99652265
PAY0000811,ORD0000796,AFTERPAY,494.05,SETTLED,2025-07-21 12:38:00,AUTH18988395
PAY0000812,ORD0000797,BANK_TRANSFER,2253.07,SETTLED,2025-11-10 05:31:00,AUTH10934375
PAY0000813,ORD0000798,DEBIT_CARD,1794.99,SETTLED,2025-09-16 04:25:00,AUTH69743855
PAY0000814,ORD0000799,AFTERPAY,50.35,SETTLED,2025-11-23 04:40:00,AUTH89525354
PAY0000815,ORD0000800,BANK_TRANSFER,56.29,SETTLED,2025-06-20 04:11:00,AUTH50935705
PAY0000816,ORD0000801,BANK_TRANSFER,1607.86,DECLINED,2025-10-30 13:26:00,AUTH47231023
PAY0000817,ORD0000802,AFTERPAY,2317.68,SETTLED,2025-06-29 17:32:00,AUTH60370777
PAY0000818,ORD0000803,DEBIT_CARD,1459.15,SETTLED,2025-05-21 15:32:00,AUTH99615786
PAY0000819,ORD0000804,GIFT_CARD,992.11,SETTLED,2025-07-08 01:28:00,AUTH30180931
PAY0000820,ORD0000805,GIFT_CARD,2185.94,SETTLED,2025-08-13 21:50:00,AUTH37626449
PAY0000821,ORD0000806,GIFT_CARD,2116.21,SETTLED,2025-06-14 15:48:00,AUTH36093302
PAY0000822,ORD0000807,CREDIT_CARD,17.47,SETTLED,2025-11-29 09:08:00,AUTH58616144
PAY0000823,ORD0000808,GIFT_CARD,236.05,SETTLED,2025-12-05 14:22:00,AUTH18941362
PAY0000824,ORD0000809,CREDIT_CARD,2278.76,SETTLED,2025-07-03 06:50:00,AUTH90827966
PAY0000825,ORD0000810,CREDIT_CARD,290.99,SETTLED,2025-12-10 16:18:00,AUTH58258525
PAY0000826,ORD0000811,PAYPAL,532.95,SETTLED,2025-09-30 05:53:00,AUTH63565471
PAY0000827,ORD0000812,BANK_TRANSFER,1282.81,SETTLED,2025-11-22 05:00:00,AUTH64335029
PAY0000828,ORD0000813,BANK_TRANSFER,251.12,SETTLED,2025-10-18 08:02:00,AUTH13982173
PAY0000829,ORD0000814,GIFT_CARD,1783.82,SETTLED,2025-12-22 06:00:00,AUTH66229476
PAY0000830,ORD0000815,BANK_TRANSFER,1576.17,SETTLED,2025-11-27 04:14:00,AUTH76495994
PAY0000831,ORD0000816,GIFT_CARD,26.99,DECLINED,2025-10-02 02:51:00,AUTH76317993
PAY0000832,ORD0000817,GIFT_CARD,1036.17,SETTLED,2025-10-02 06:11:00,AUTH38088825
PAY0000833,ORD0000818,GIFT_CARD,2334.83,SETTLED,2025-06-07 04:07:00,AUTH16818912
PAY0000834,ORD0000819,GIFT_CARD,895.33,SETTLED,2025-09-04 14:41:00,AUTH91110341
PAY0000835,ORD0000820,AFTERPAY,1849.78,SETTLED,2025-12-06 02:58:00,AUTH65496864
PAY0000836,ORD0000821,DEBIT_CARD,266.96,REFUNDED,2025-05-25 12:55:00,AUTH90958741
PAY0000837,ORD0000822,DEBIT_CARD,351.2,SETTLED,2025-05-15 05:25:00,AUTH79196513
PAY0000838,ORD0000823,CREDIT_CARD,981.31,SETTLED,2025-07-24 20:05:00,AUTH16757062
PAY0000839,ORD0000824,BANK_TRANSFER,175.43,SETTLED,2025-08-01 14:34:00,AUTH73919500
PAY0000840,ORD0000825,AFTERPAY,353.47,SETTLED,2025-05-08 05:41:00,AUTH68175848
PAY0000841,ORD0000826,BANK_TRANSFER,1234.56,REFUNDED,2025-10-23 06:44:00,AUTH47624460
PAY0000842,ORD0000827,AFTERPAY,2005.38,SETTLED,2025-05-31 06:59:00,AUTH80780214
PAY0000843,ORD0000828,PAYPAL,1269.82,SETTLED,2025-11-03 11:00:00,AUTH70709227
PAY0000844,ORD0000829,DEBIT_CARD,1888.9,SETTLED,2025-10-11 16:10:00,AUTH46022665
PAY0000845,ORD0000830,CREDIT_CARD,1295.38,SETTLED,2025-08-18 16:38:00,AUTH12224981
PAY0000846,ORD0000831,DEBIT_CARD,1724.34,SETTLED,2025-09-04 04:56:00,AUTH15366272
PAY0000847,ORD0000832,AFTERPAY,291.22,SETTLED,2025-11-23 15:33:00,AUTH69972774
PAY0000848,ORD0000833,CREDIT_CARD,1027.79,SETTLED,2025-11-07 08:29:00,AUTH49577916
PAY0000849,ORD0000834,PAYPAL,1284.83,DECLINED,2025-08-09 10:06:00,AUTH75384225
PAY0000850,ORD0000835,GIFT_CARD,1056.07,SETTLED,2025-09-14 02:50:00,AUTH62697501
PAY0000851,ORD0000836,PAYPAL,1091.69,SETTLED,2025-07-06 01:20:00,AUTH74194116
PAY0000852,ORD0000837,AFTERPAY,1772.5,SETTLED,2025-12-05 15:34:00,AUTH57087326
PAY0000853,ORD0000838,BANK_TRANSFER,813.31,SETTLED,2025-08-12 05:11:00,AUTH80637645
PAY0000854,ORD0000839,PAYPAL,650.31,SETTLED,2025-07-20 17:17:00,AUTH98353418
PAY0000855,ORD0000840,CREDIT_CARD,427.1,REFUNDED,2025-07-15 14:26:00,AUTH91333859
PAY0000856,ORD0000841,AFTERPAY,1816.16,SETTLED,2025-07-26 19:16:00,AUTH37045802
PAY0000857,ORD0000842,DEBIT_CARD,1047.09,SETTLED,2025-12-26 05:19:00,AUTH99378412
PAY0000858,ORD0000843,DEBIT_CARD,2267.58,SETTLED,2025-09-16 20:41:00,AUTH11311791
PAY0000859,ORD0000844,GIFT_CARD,1353.74,SETTLED,2025-05-09 12:26:00,AUTH55988929
PAY0000860,ORD0000845,GIFT_CARD,1880.44,SETTLED,2025-08-04 11:26:00,AUTH56622685
PAY0000861,ORD0000846,DEBIT_CARD,173.48,SETTLED,2025-11-13 21:56:00,AUTH11261608
PAY0000862,ORD0000847,DEBIT_CARD,393.6,SETTLED,2025-07-05 03:15:00,AUTH85285185
PAY0000863,ORD0000848,GIFT_CARD,94.32,SETTLED,2025-10-10 19:59:00,AUTH16876370
PAY0000864,ORD0000848,DEBIT_CARD,2297.68,REFUNDED,2025-08-05 06:12:00,AUTH51091599
PAY0000865,ORD0000849,AFTERPAY,1926.55,SETTLED,2025-11-13 02:07:00,AUTH91094865
PAY0000866,ORD0000850,PAYPAL,779.8,SETTLED,2025-06-15 08:19:00,AUTH70442636
PAY0000867,ORD0000851,AFTERPAY,312.32,SETTLED,2025-12-02 18:41:00,AUTH91538460
PAY0000868,ORD0000852,PAYPAL,2312.95,SETTLED,2025-06-10 05:31:00,AUTH16666298
PAY0000869,ORD0000853,DEBIT_CARD,1508.97,DECLINED,2025-12-25 22:35:00,AUTH69835154
PAY0000870,ORD0000854,GIFT_CARD,1159.57,SETTLED,2025-07-14 11:48:00,AUTH91754389
PAY0000871,ORD0000855,AFTERPAY,1463.68,DECLINED,2025-08-22 03:02:00,AUTH57138445
PAY0000872,ORD0000856,BANK_TRANSFER,589.38,REFUNDED,2025-06-09 11:48:00,AUTH39724082
PAY0000873,ORD0000857,BANK_TRANSFER,1823.0,SETTLED,2025-05-16 02:55:00,AUTH33173299
PAY0000874,ORD0000858,CREDIT_CARD,2211.6,SETTLED,2025-10-10 22:53:00,AUTH84367110
PAY0000875,ORD0000859,CREDIT_CARD,1316.29,SETTLED,2025-06-21 04:51:00,AUTH49562450
PAY0000876,ORD0000860,GIFT_CARD,1059.26,SETTLED,2025-10-09 00:09:00,AUTH76905165
PAY0000877,ORD0000861,DEBIT_CARD,876.75,SETTLED,2025-08-24 07:37:00,AUTH89588350
PAY0000878,ORD0000862,AFTERPAY,1816.34,SETTLED,2025-11-21 20:44:00,AUTH61909340
PAY0000879,ORD0000863,GIFT_CARD,1797.38,SETTLED,2025-08-05 15:53:00,AUTH66779128
PAY0000880,ORD0000864,CREDIT_CARD,2150.86,SETTLED,2025-07-03 11:58:00,AUTH42680062
PAY0000881,ORD0000865,GIFT_CARD,339.72,SETTLED,2025-06-07 01:00:00,AUTH59907169
PAY0000882,ORD0000866,AFTERPAY,914.34,SETTLED,2025-10-08 20:05:00,AUTH54928195
PAY0000883,ORD0000867,PAYPAL,784.49,SETTLED,2025-10-12 03:13:00,AUTH10728633
PAY0000884,ORD0000868,DEBIT_CARD,80.21,SETTLED,2025-11-05 08:52:00,AUTH35732538
PAY0000885,ORD0000869,PAYPAL,1324.56,REFUNDED,2025-05-07 13:21:00,AUTH60505909
PAY0000886,ORD0000870,GIFT_CARD,1985.68,SETTLED,2025-08-15 02:49:00,AUTH51570632
PAY0000887,ORD0000871,BANK_TRANSFER,37.53,SETTLED,2025-09-22 22:38:00,AUTH97985371
PAY0000888,ORD0000872,BANK_TRANSFER,301.87,DECLINED,2026-01-01 13:02:00,AUTH74947080
PAY0000889,ORD0000873,AFTERPAY,833.37,SETTLED,2025-09-09 17:00:00,AUTH74947735
PAY0000890,ORD0000874,CREDIT_CARD,1504.96,SETTLED,2025-12-16 06:27:00,AUTH21979800
PAY0000891,ORD0000875,GIFT_CARD,280.95,SETTLED,2025-09-25 09:55:00,AUTH15966389
PAY0000892,ORD0000876,DEBIT_CARD,316.33,SETTLED,2025-08-13 06:37:00,AUTH75339203
PAY0000893,ORD0000877,DEBIT_CARD,231.82,SETTLED,2025-10-20 08:08:00,AUTH19585702
PAY0000894,ORD0000878,DEBIT_CARD,2375.2,SETTLED,2025-11-26 18:10:00,AUTH81079356
PAY0000895,ORD0000879,CREDIT_CARD,2068.7,SETTLED,2025-05-31 12:33:00,AUTH94447684
PAY0000896,ORD0000880,DEBIT_CARD,1676.72,SETTLED,2025-09-18 09:12:00,AUTH37526060
PAY0000897,ORD0000881,PAYPAL,1260.82,DECLINED,2025-11-13 00:02:00,AUTH77784912
PAY0000898,ORD0000882,AFTERPAY,993.21,SETTLED,2025-06-08 11:58:00,AUTH96171698
PAY0000899,ORD0000883,PAYPAL,2318.9,SETTLED,2025-06-21 21:57:00,AUTH61435113
PAY0000900,ORD0000884,DEBIT_CARD,671.62,SETTLED,2025-07-12 01:15:00,AUTH75283786
PAY0000901,ORD0000885,BANK_TRANSFER,1147.73,SETTLED,2025-10-23 20:59:00,AUTH41053438
PAY0000902,ORD0000886,PAYPAL,884.65,SETTLED,2025-06-27 19:14:00,AUTH29105949
PAY0000903,ORD0000887,GIFT_CARD,978.36,SETTLED,2025-06-14 12:22:00,AUTH29893419
PAY0000904,ORD0000888,PAYPAL,1683.55,SETTLED,2025-10-26 07:35:00,AUTH59842763
PAY0000905,ORD0000889,GIFT_CARD,2088.69,SETTLED,2025-05-21 00:25:00,AUTH13736361
PAY0000906,ORD0000890,AFTERPAY,364.9,SETTLED,2025-07-02 06:02:00,AUTH89196661
PAY0000907,ORD0000891,AFTERPAY,2393.39,DECLINED,2025-11-14 16:26:00,AUTH35050285
PAY0000908,ORD0000892,BANK_TRANSFER,180.66,SETTLED,2025-07-03 07:05:00,AUTH62440365
PAY0000909,ORD0000893,CREDIT_CARD,598.17,DECLINED,2025-07-06 02:03:00,AUTH71983954
PAY0000910,ORD0000894,BANK_TRANSFER,856.83,SETTLED,2025-09-28 10:23:00,AUTH59769239
PAY0000911,ORD0000895,DEBIT_CARD,1611.2,REFUNDED,2025-11-01 19:48:00,AUTH30162531
PAY0000912,ORD0000896,PAYPAL,69.48,SETTLED,2025-05-19 00:30:00,AUTH90016668
PAY0000913,ORD0000897,DEBIT_CARD,1315.23,SETTLED,2025-11-16 02:18:00,AUTH24404518
PAY0000914,ORD0000898,DEBIT_CARD,1009.46,SETTLED,2025-11-01 09:56:00,AUTH40089768
PAY0000915,ORD0000899,PAYPAL,162.94,SETTLED,2025-07-22 11:55:00,AUTH13778029
PAY0000916,ORD0000900,GIFT_CARD,681.71,SETTLED,2025-09-07 09:35:00,AUTH17653345
PAY0000917,ORD0000901,BANK_TRANSFER,738.28,SETTLED,2025-08-07 19:55:00,AUTH37419845
PAY0000918,ORD0000902,AFTERPAY,157.22,SETTLED,2025-07-14 22:27:00,AUTH63696058
PAY0000919,ORD0000903,CREDIT_CARD,2068.83,SETTLED,2025-09-07 09:08:00,AUTH54763977
PAY0000920,ORD0000904,CREDIT_CARD,742.65,SETTLED,2025-11-19 06:12:00,AUTH91683184
PAY0000921,ORD0000905,DEBIT_CARD,869.9,SETTLED,2025-08-06 01:45:00,AUTH57547628
PAY0000922,ORD0000906,AFTERPAY,648.92,SETTLED,2025-12-07 10:06:00,AUTH46554724
PAY0000923,ORD0000907,CREDIT_CARD,247.74,SETTLED,2025-08-06 02:55:00,AUTH36062772
PAY0000924,ORD0000908,BANK_TRANSFER,865.4,SETTLED,2025-05-31 17:46:00,AUTH14410474
PAY0000925,ORD0000909,BANK_TRANSFER,206.07,SETTLED,2025-07-30 09:55:00,AUTH94494179
PAY0000926,ORD0000910,BANK_TRANSFER,1424.85,SETTLED,2025-08-11 03:06:00,AUTH77620125
PAY0000927,ORD0000911,BANK_TRANSFER,1241.73,SETTLED,2025-11-27 17:52:00,AUTH79762268
PAY0000928,ORD0000912,CREDIT_CARD,2391.26,SETTLED,2025-08-27 10:16:00,AUTH22221091
PAY0000929,ORD0000913,CREDIT_CARD,93.97,SETTLED,2025-11-09 17:03:00,AUTH62984969
PAY0000930,ORD0000914,AFTERPAY,973.86,DECLINED,2025-09-29 00:07:00,AUTH67467197
PAY0000931,ORD0000915,BANK_TRANSFER,1867.27,SETTLED,2025-08-03 10:25:00,AUTH20939186
PAY0000932,ORD0000916,BANK_TRANSFER,1842.1,SETTLED,2025-08-01 15:16:00,AUTH31414141
PAY0000933,ORD0000917,AFTERPAY,231.97,SETTLED,2025-06-15 21:24:00,AUTH21836654
PAY0000934,ORD0000918,PAYPAL,1207.11,REFUNDED,2025-08-20 08:16:00,AUTH67059264
PAY0000935,ORD0000919,BANK_TRANSFER,1354.46,SETTLED,2025-11-05 13:44:00,AUTH47889579
PAY0000936,ORD0000920,DEBIT_CARD,1815.34,SETTLED,2025-06-05 06:56:00,AUTH79225970
PAY0000937,ORD0000921,PAYPAL,927.84,SETTLED,2025-06-27 10:57:00,AUTH97542318
PAY0000938,ORD0000922,BANK_TRANSFER,1427.69,SETTLED,2025-07-31 20:07:00,AUTH28033543
PAY0000939,ORD0000923,BANK_TRANSFER,1939.39,SETTLED,2025-05-17 21:48:00,AUTH65068316
PAY0000940,ORD0000924,BANK_TRANSFER,302.62,SETTLED,2025-11-20 01:29:00,AUTH62133528
PAY0000941,ORD0000925,DEBIT_CARD,1185.3,SETTLED,2025-11-16 14:25:00,AUTH64357846
PAY0000942,ORD0000926,PAYPAL,889.77,SETTLED,2025-09-11 17:13:00,AUTH34232799
PAY0000943,ORD0000927,DEBIT_CARD,922.76,SETTLED,2025-08-23 20:47:00,AUTH47273736
PAY0000944,ORD0000928,GIFT_CARD,1735.42,SETTLED,2025-08-02 18:38:00,AUTH33049820
PAY0000945,ORD0000929,AFTERPAY,769.55,SETTLED,2025-10-24 11:14:00,AUTH63221649
PAY0000946,ORD0000930,DEBIT_CARD,202.94,REFUNDED,2025-05-20 07:18:00,AUTH13484568
PAY0000947,ORD0000931,BANK_TRANSFER,1507.84,SETTLED,2025-07-19 15:20:00,AUTH47521949
PAY0000948,ORD0000932,PAYPAL,47.33,SETTLED,2025-05-16 05:55:00,AUTH63209978
PAY0000949,ORD0000933,PAYPAL,2339.59,SETTLED,2025-12-05 12:00:00,AUTH43271930
PAY0000950,ORD0000934,PAYPAL,66.38,SETTLED,2025-09-24 16:00:00,AUTH15614895
PAY0000951,ORD0000934,PAYPAL,513.42,SETTLED,2025-08-09 04:25:00,AUTH85177972
PAY0000952,ORD0000935,BANK_TRANSFER,72.68,REFUNDED,2025-05-23 20:44:00,AUTH48193822
PAY0000953,ORD0000936,GIFT_CARD,2332.78,SETTLED,2025-11-17 05:05:00,AUTH91932922
PAY0000954,ORD0000937,GIFT_CARD,177.82,SETTLED,2025-06-25 09:26:00,AUTH92173677
PAY0000955,ORD0000938,PAYPAL,2259.55,SETTLED,2025-09-01 22:04:00,AUTH36939707
PAY0000956,ORD0000939,GIFT_CARD,275.91,SETTLED,2025-09-19 13:50:00,AUTH79784138
PAY0000957,ORD0000940,DEBIT_CARD,1219.24,SETTLED,2025-12-07 02:06:00,AUTH59508247
PAY0000958,ORD0000941,DEBIT_CARD,1382.7,SETTLED,2025-09-04 16:07:00,AUTH32971443
PAY0000959,ORD0000942,CREDIT_CARD,319.42,DECLINED,2025-10-27 04:21:00,AUTH53434492
PAY0000960,ORD0000943,AFTERPAY,1216.41,SETTLED,2025-11-22 07:19:00,AUTH82115426
PAY0000961,ORD0000944,PAYPAL,2355.62,SETTLED,2025-08-26 04:10:00,AUTH14498138
PAY0000962,ORD0000945,BANK_TRANSFER,1903.07,SETTLED,2025-07-15 05:47:00,AUTH46556111
PAY0000963,ORD0000946,GIFT_CARD,1194.03,DECLINED,2025-08-12 21:15:00,AUTH24377813
PAY0000964,ORD0000947,CREDIT_CARD,1699.01,SETTLED,2025-07-12 20:59:00,AUTH89533849
PAY0000965,ORD0000948,CREDIT_CARD,56.02,DECLINED,2025-11-15 19:50:00,AUTH32723861
PAY0000966,ORD0000949,GIFT_CARD,797.73,SETTLED,2025-06-26 03:21:00,AUTH41993655
PAY0000967,ORD0000950,CREDIT_CARD,2169.78,SETTLED,2025-09-11 14:14:00,AUTH35438897
PAY0000968,ORD0000951,DEBIT_CARD,1847.13,SETTLED,2025-12-06 00:56:00,AUTH82070804
PAY0000969,ORD0000952,AFTERPAY,1484.62,SETTLED,2025-07-27 08:01:00,AUTH77563908
PAY0000970,ORD0000953,AFTERPAY,1038.08,SETTLED,2025-07-05 04:06:00,AUTH73518305
PAY0000971,ORD0000954,DEBIT_CARD,1739.76,REFUNDED,2025-10-28 04:28:00,AUTH82561750
PAY0000972,ORD0000955,BANK_TRANSFER,2039.15,SETTLED,2025-09-21 17:20:00,AUTH81731164
PAY0000973,ORD0000956,AFTERPAY,1023.2,SETTLED,2025-09-09 03:42:00,AUTH16370835
PAY0000974,ORD0000957,CREDIT_CARD,1817.14,SETTLED,2025-10-12 20:14:00,AUTH50031759
PAY0000975,ORD0000958,CREDIT_CARD,1577.86,SETTLED,2025-07-22 23:28:00,AUTH90025070
PAY0000976,ORD0000959,BANK_TRANSFER,1431.58,DECLINED,2025-09-27 03:33:00,AUTH71667336
PAY0000977,ORD0000960,CREDIT_CARD,1938.9,SETTLED,2025-11-13 13:11:00,AUTH69219148
PAY0000978,ORD0000961,BANK_TRANSFER,1006.77,SETTLED,2025-11-18 08:32:00,AUTH86251003
PAY0000979,ORD0000962,DEBIT_CARD,2297.08,SETTLED,2025-11-01 02:17:00,AUTH59865950
PAY0000980,ORD0000963,DEBIT_CARD,1293.63,SETTLED,2025-07-01 17:52:00,AUTH56520943
PAY0000981,ORD0000964,AFTERPAY,1795.25,REFUNDED,2025-08-23 21:11:00,AUTH43926507
PAY0000982,ORD0000965,GIFT_CARD,852.66,SETTLED,2025-12-12 00:25:00,AUTH77919411
PAY0000983,ORD0000966,AFTERPAY,1929.91,DECLINED,2025-07-18 16:44:00,AUTH62250336
PAY0000984,ORD0000967,PAYPAL,1398.06,DECLINED,2025-09-27 10:33:00,AUTH52679383
PAY0000985,ORD0000968,PAYPAL,1192.76,SETTLED,2025-10-09 02:44:00,AUTH78170461
PAY0000986,ORD0000969,DEBIT_CARD,1468.54,SETTLED,2025-12-12 15:45:00,AUTH90983047
PAY0000987,ORD0000970,BANK_TRANSFER,1146.8,SETTLED,2025-07-16 12:56:00,AUTH37362955
PAY0000988,ORD0000971,AFTERPAY,1790.64,SETTLED,2025-10-17 22:37:00,AUTH71537869
PAY0000989,ORD0000972,CREDIT_CARD,1210.19,SETTLED,2025-08-23 17:48:00,AUTH32096161
PAY0000990,ORD0000973,CREDIT_CARD,169.87,REFUNDED,2025-09-14 20:58:00,AUTH22662667
PAY0000991,ORD0000974,DEBIT_CARD,2010.63,SETTLED,2025-07-17 16:17:00,AUTH51113711
PAY0000992,ORD0000975,CREDIT_CARD,1026.71,SETTLED,2025-07-25 13:22:00,AUTH70469505
PAY0000993,ORD0000976,CREDIT_CARD,828.5,SETTLED,2025-09-24 11:29:00,AUTH51733098
PAY0000994,ORD0000977,AFTERPAY,2094.21,SETTLED,2025-05-20 15:09:00,AUTH73538301
PAY0000995,ORD0000978,PAYPAL,2139.18,SETTLED,2025-09-16 08:13:00,AUTH70306932
PAY0000996,ORD0000979,GIFT_CARD,1755.07,SETTLED,2025-06-24 14:08:00,AUTH50693760
PAY0000997,ORD0000980,AFTERPAY,1501.61,SETTLED,2025-12-26 03:20:00,AUTH54185714
PAY0000998,ORD0000981,BANK_TRANSFER,577.73,SETTLED,2025-07-16 01:26:00,AUTH74913861
PAY0000999,ORD0000982,PAYPAL,707.14,DECLINED,2025-09-08 21:26:00,AUTH73756464
PAY0001000,ORD0000983,AFTERPAY,1106.39,SETTLED,2025-09-20 04:56:00,AUTH87703122
PAY0001001,ORD0000984,GIFT_CARD,1392.49,DECLINED,2025-08-09 04:36:00,AUTH20009876
PAY0001002,ORD0000985,PAYPAL,1197.7,SETTLED,2025-11-21 18:23:00,AUTH98372968
PAY0001003,ORD0000985,GIFT_CARD,1094.14,SETTLED,2025-10-27 19:12:00,AUTH80001877
PAY0001004,ORD0000986,GIFT_CARD,1619.5,SETTLED,2025-07-13 05:59:00,AUTH84054691
PAY0001005,ORD0000987,DEBIT_CARD,1983.98,SETTLED,2025-12-30 10:23:00,AUTH62945373
PAY0001006,ORD0000988,DEBIT_CARD,1648.11,SETTLED,2025-07-09 21:00:00,AUTH38255041
PAY0001007,ORD0000989,CREDIT_CARD,2372.9,SETTLED,2025-06-17 09:27:00,AUTH36596815
PAY0001008,ORD0000990,PAYPAL,1286.06,SETTLED,2025-11-04 07:17:00,AUTH17673425
PAY0001009,ORD0000991,AFTERPAY,332.12,SETTLED,2025-06-11 17:35:00,AUTH91038669
PAY0001010,ORD0000992,AFTERPAY,1167.16,SETTLED,2025-08-02 00:19:00,AUTH15434581
PAY0001011,ORD0000993,DEBIT_CARD,1156.5,REFUNDED,2025-07-11 10:15:00,AUTH22526503
PAY0001012,ORD0000994,AFTERPAY,2367.12,SETTLED,2025-06-08 22:27:00,AUTH28153997
PAY0001013,ORD0000995,BANK_TRANSFER,568.98,SETTLED,2025-10-23 03:56:00,AUTH36552411
PAY0001014,ORD0000996,GIFT_CARD,1248.05,SETTLED,2025-07-04 17:54:00,AUTH75246355
PAY0001015,ORD0000997,CREDIT_CARD,1275.59,SETTLED,2025-05-30 17:11:00,AUTH58142173
PAY0001016,ORD0000998,BANK_TRANSFER,1501.47,REFUNDED,2025-07-08 19:43:00,AUTH15787966
PAY0001017,ORD0000999,PAYPAL,1801.21,SETTLED,2025-08-14 12:45:00,AUTH87569969
PAY0001018,ORD0001000,DEBIT_CARD,65.11,SETTLED,2025-11-01 01:51:00,AUTH20778066
PAY0001019,ORD0001001,AFTERPAY,663.87,SETTLED,2025-08-23 23:02:00,AUTH71500473
PAY0001020,ORD0001002,GIFT_CARD,1453.34,REFUNDED,2025-10-05 02:26:00,AUTH19174572
PAY0001021,ORD0001003,BANK_TRANSFER,1707.58,SETTLED,2025-09-27 12:50:00,AUTH94860178
PAY0001022,ORD0001004,BANK_TRANSFER,894.39,SETTLED,2025-10-02 03:26:00,AUTH32356327
PAY0001023,ORD0001005,BANK_TRANSFER,1554.81,SETTLED,2025-12-23 02:27:00,AUTH79771722
PAY0001024,ORD0001006,PAYPAL,1086.85,SETTLED,2025-06-26 22:53:00,AUTH99470604
PAY0001025,ORD0001007,DEBIT_CARD,1815.98,SETTLED,2025-12-29 17:20:00,AUTH57835902
PAY0001026,ORD0001008,PAYPAL,530.87,SETTLED,2025-06-03 09:53:00,AUTH46667333
PAY0001027,ORD0001009,DEBIT_CARD,883.3,SETTLED,2026-01-01 08:59:00,AUTH99051568
PAY0001028,ORD0001010,BANK_TRANSFER,2396.82,SETTLED,2025-10-28 07:40:00,AUTH81317406
PAY0001029,ORD0001011,BANK_TRANSFER,707.01,SETTLED,2025-11-19 08:39:00,AUTH29206770
PAY0001030,ORD0001012,BANK_TRANSFER,718.75,SETTLED,2025-10-11 18:11:00,AUTH55377178
PAY0001031,ORD0001013,BANK_TRANSFER,1313.08,SETTLED,2025-05-10 23:00:00,AUTH89751260
PAY0001032,ORD0001014,DEBIT_CARD,386.02,SETTLED,2025-07-01 23:45:00,AUTH96171087
PAY0001033,ORD0001015,BANK_TRANSFER,1853.88,DECLINED,2025-06-17 19:04:00,AUTH96407034
PAY0001034,ORD0001016,DEBIT_CARD,970.03,DECLINED,2025-11-17 21:02:00,AUTH88526730
PAY0001035,ORD0001017,BANK_TRANSFER,1870.64,REFUNDED,2025-07-18 22:50:00,AUTH87024921
PAY0001036,ORD0001018,AFTERPAY,1602.98,SETTLED,2025-12-27 15:17:00,AUTH37336555
PAY0001037,ORD0001019,AFTERPAY,942.26,SETTLED,2025-12-22 10:21:00,AUTH10690290
PAY0001038,ORD0001020,PAYPAL,2241.68,SETTLED,2025-10-03 17:22:00,AUTH19820235
PAY0001039,ORD0001021,GIFT_CARD,2119.63,SETTLED,2025-09-10 11:51:00,AUTH95420373
PAY0001040,ORD0001022,DEBIT_CARD,820.49,DECLINED,2025-05-06 06:35:00,AUTH20129682
PAY0001041,ORD0001023,GIFT_CARD,1595.71,SETTLED,2025-10-04 05:54:00,AUTH83647028
PAY0001042,ORD0001024,CREDIT_CARD,161.15,REFUNDED,2025-08-01 11:04:00,AUTH98995037
PAY0001043,ORD0001025,CREDIT_CARD,2359.99,SETTLED,2025-11-23 08:47:00,AUTH53734275
PAY0001044,ORD0001026,DEBIT_CARD,768.81,DECLINED,2025-09-14 00:39:00,AUTH92127718
PAY0001045,ORD0001027,BANK_TRANSFER,934.05,SETTLED,2025-08-08 05:16:00,AUTH35757415
PAY0001046,ORD0001028,DEBIT_CARD,846.89,SETTLED,2025-06-06 07:33:00,AUTH25929007
PAY0001047,ORD0001029,GIFT_CARD,286.64,DECLINED,2025-07-18 00:51:00,AUTH22384977
PAY0001048,ORD0001030,GIFT_CARD,39.93,DECLINED,2025-08-28 12:46:00,AUTH20047281
PAY0001049,ORD0001031,AFTERPAY,981.15,SETTLED,2025-08-23 09:44:00,AUTH80864789
PAY0001050,ORD0001032,BANK_TRANSFER,1761.47,REFUNDED,2025-05-27 04:24:00,AUTH63570328
PAY0001051,ORD0001033,CREDIT_CARD,755.62,DECLINED,2025-11-10 03:16:00,AUTH93017330
PAY0001052,ORD0001034,DEBIT_CARD,785.08,DECLINED,2025-07-29 07:15:00,AUTH39944796
PAY0001053,ORD0001035,GIFT_CARD,1882.72,SETTLED,2025-09-18 03:27:00,AUTH59684973
PAY0001054,ORD0001036,AFTERPAY,134.05,SETTLED,2025-10-04 07:07:00,AUTH49076976
PAY0001055,ORD0001037,DEBIT_CARD,1808.51,REFUNDED,2025-10-30 10:28:00,AUTH68819163
PAY0001056,ORD0001038,PAYPAL,1488.1,SETTLED,2025-06-08 23:52:00,AUTH10565930
PAY0001057,ORD0001039,PAYPAL,288.88,SETTLED,2025-08-28 05:55:00,AUTH99278143
PAY0001058,ORD0001040,BANK_TRANSFER,2169.44,SETTLED,2025-09-14 07:06:00,AUTH72389341
PAY0001059,ORD0001040,CREDIT_CARD,467.9,SETTLED,2025-05-11 20:50:00,AUTH97241481
PAY0001060,ORD0001041,DEBIT_CARD,387.12,REFUNDED,2025-10-26 01:08:00,AUTH62664648
PAY0001061,ORD0001042,DEBIT_CARD,1499.6,DECLINED,2025-05-30 06:50:00,AUTH14604557
PAY0001062,ORD0001043,DEBIT_CARD,160.89,SETTLED,2025-12-05 08:41:00,AUTH65412958
PAY0001063,ORD0001044,PAYPAL,2320.28,SETTLED,2025-10-31 10:08:00,AUTH38783607
PAY0001064,ORD0001045,GIFT_CARD,1865.63,SETTLED,2025-09-30 22:16:00,AUTH80590579
PAY0001065,ORD0001046,CREDIT_CARD,2225.82,SETTLED,2025-11-03 20:24:00,AUTH60738253
PAY0001066,ORD0001047,GIFT_CARD,2070.07,DECLINED,2025-11-09 08:23:00,AUTH34201039
PAY0001067,ORD0001048,PAYPAL,1876.59,REFUNDED,2025-08-17 12:11:00,AUTH88787130
PAY0001068,ORD0001049,CREDIT_CARD,46.62,SETTLED,2025-08-26 10:18:00,AUTH80000244
PAY0001069,ORD0001050,CREDIT_CARD,2230.58,SETTLED,2025-11-03 20:43:00,AUTH80558610
PAY0001070,ORD0001051,GIFT_CARD,1956.55,SETTLED,2025-06-22 02:54:00,AUTH88624402
PAY0001071,ORD0001052,DEBIT_CARD,1762.22,SETTLED,2025-07-25 13:52:00,AUTH73040442
PAY0001072,ORD0001053,DEBIT_CARD,734.74,SETTLED,2025-12-06 11:38:00,AUTH42698742
PAY0001073,ORD0001054,BANK_TRANSFER,934.12,SETTLED,2025-10-05 17:54:00,AUTH20861933
PAY0001074,ORD0001055,DEBIT_CARD,208.82,DECLINED,2025-05-06 21:33:00,AUTH98644497
PAY0001075,ORD0001056,BANK_TRANSFER,1935.26,SETTLED,2025-08-25 07:53:00,AUTH13960408
PAY0001076,ORD0001057,AFTERPAY,710.63,SETTLED,2025-07-24 01:34:00,AUTH21666605
PAY0001077,ORD0001058,CREDIT_CARD,1512.72,SETTLED,2025-10-28 01:29:00,AUTH52518444
PAY0001078,ORD0001059,BANK_TRANSFER,1589.82,SETTLED,2025-12-10 14:21:00,AUTH63386956
PAY0001079,ORD0001060,DEBIT_CARD,1832.21,REFUNDED,2025-07-13 11:38:00,AUTH72703770
PAY0001080,ORD0001061,PAYPAL,176.51,REFUNDED,2025-12-31 00:00:00,AUTH55001747
PAY0001081,ORD0001062,PAYPAL,1050.33,REFUNDED,2025-08-20 20:22:00,AUTH26994190
PAY0001082,ORD0001063,DEBIT_CARD,127.9,SETTLED,2025-06-04 00:57:00,AUTH28374528
PAY0001083,ORD0001064,BANK_TRANSFER,2142.59,SETTLED,2025-10-15 11:30:00,AUTH91100732
PAY0001084,ORD0001065,GIFT_CARD,1201.22,SETTLED,2025-07-11 00:36:00,AUTH66723365
PAY0001085,ORD0001066,GIFT_CARD,112.1,DECLINED,2025-11-08 10:57:00,AUTH64954655
PAY0001086,ORD0001067,PAYPAL,531.89,SETTLED,2026-01-01 23:24:00,AUTH75572102
PAY0001087,ORD0001067,DEBIT_CARD,2380.78,SETTLED,2025-09-22 02:49:00,AUTH64004615
PAY0001088,ORD0001068,CREDIT_CARD,1098.27,SETTLED,2025-06-27 22:07:00,AUTH71160746
PAY0001089,ORD0001069,PAYPAL,216.64,SETTLED,2025-05-12 09:15:00,AUTH12006541
PAY0001090,ORD0001070,GIFT_CARD,1463.4,SETTLED,2025-07-11 07:35:00,AUTH58302139
PAY0001091,ORD0001071,DEBIT_CARD,1061.6,SETTLED,2025-09-06 12:08:00,AUTH16745505
PAY0001092,ORD0001072,DEBIT_CARD,947.65,SETTLED,2025-11-25 08:00:00,AUTH25826705
PAY0001093,ORD0001073,PAYPAL,2342.86,SETTLED,2025-12-28 16:11:00,AUTH44769025
PAY0001094,ORD0001074,GIFT_CARD,1689.62,SETTLED,2025-11-05 15:03:00,AUTH37187766
PAY0001095,ORD0001075,AFTERPAY,1745.67,SETTLED,2025-08-27 00:59:00,AUTH29567507
PAY0001096,ORD0001076,AFTERPAY,1297.24,SETTLED,2025-07-25 10:21:00,AUTH15942449
PAY0001097,ORD0001077,GIFT_CARD,1776.71,SETTLED,2025-07-27 02:41:00,AUTH11292624
PAY0001098,ORD0001078,PAYPAL,983.0,SETTLED,2025-05-14 16:03:00,AUTH64577811
PAY0001099,ORD0001078,AFTERPAY,2066.6,SETTLED,2025-09-18 15:28:00,AUTH59184787
PAY0001100,ORD0001079,CREDIT_CARD,608.89,SETTLED,2025-12-18 17:32:00,AUTH93173883
PAY0001101,ORD0001080,GIFT_CARD,1165.46,SETTLED,2025-11-02 06:24:00,AUTH60013693
PAY0001102,ORD0001081,GIFT_CARD,1781.62,SETTLED,2025-12-01 11:34:00,AUTH71119973
PAY0001103,ORD0001082,PAYPAL,1206.27,SETTLED,2025-05-10 00:44:00,AUTH78432616
PAY0001104,ORD0001083,CREDIT_CARD,559.39,SETTLED,2025-10-12 03:47:00,AUTH76254734
PAY0001105,ORD0001084,DEBIT_CARD,1502.9,SETTLED,2025-05-24 14:09:00,AUTH17223353
PAY0001106,ORD0001085,PAYPAL,656.04,SETTLED,2025-07-06 19:51:00,AUTH37614260
PAY0001107,ORD0001086,AFTERPAY,1292.46,SETTLED,2025-10-19 16:58:00,AUTH42634592
PAY0001108,ORD0001087,GIFT_CARD,606.88,SETTLED,2025-10-21 08:31:00,AUTH37549358
PAY0001109,ORD0001088,AFTERPAY,1276.52,SETTLED,2025-12-13 09:42:00,AUTH13684941
PAY0001110,ORD0001089,PAYPAL,1341.2,REFUNDED,2025-11-28 12:27:00,AUTH25176522
PAY0001111,ORD0001090,AFTERPAY,2070.21,SETTLED,2025-12-11 07:12:00,AUTH58705074
PAY0001112,ORD0001091,AFTERPAY,150.91,SETTLED,2025-12-30 23:26:00,AUTH27742496
PAY0001113,ORD0001092,PAYPAL,487.28,SETTLED,2025-11-10 05:41:00,AUTH83532475
PAY0001114,ORD0001093,DEBIT_CARD,817.33,SETTLED,2025-06-29 06:08:00,AUTH28467381
PAY0001115,ORD0001094,CREDIT_CARD,18.85,SETTLED,2025-09-05 18:25:00,AUTH66471659
PAY0001116,ORD0001095,AFTERPAY,2353.45,SETTLED,2025-11-24 19:55:00,AUTH54662278
PAY0001117,ORD0001096,BANK_TRANSFER,782.85,SETTLED,2025-06-19 10:16:00,AUTH93528190
PAY0001118,ORD0001097,AFTERPAY,1154.42,SETTLED,2025-08-13 00:38:00,AUTH91417482
PAY0001119,ORD0001098,CREDIT_CARD,1032.24,SETTLED,2025-05-19 03:10:00,AUTH93697011
PAY0001120,ORD0001099,CREDIT_CARD,1651.03,SETTLED,2025-12-25 08:53:00,AUTH32802121
PAY0001121,ORD0001100,PAYPAL,2097.48,SETTLED,2025-09-05 05:41:00,AUTH36000541
PAY0001122,ORD0001101,DEBIT_CARD,1102.36,SETTLED,2025-06-13 09:31:00,AUTH98697625
PAY0001123,ORD0001102,PAYPAL,1192.52,SETTLED,2025-09-18 07:55:00,AUTH53021635
PAY0001124,ORD0001103,GIFT_CARD,836.77,SETTLED,2025-07-22 05:19:00,AUTH53141631
PAY0001125,ORD0001104,CREDIT_CARD,1905.86,DECLINED,2025-06-26 20:53:00,AUTH20344790
PAY0001126,ORD0001105,AFTERPAY,1778.13,SETTLED,2025-10-12 07:33:00,AUTH47358356
PAY0001127,ORD0001106,BANK_TRANSFER,1576.3,SETTLED,2025-08-06 06:46:00,AUTH83549331
PAY0001128,ORD0001107,GIFT_CARD,2123.19,SETTLED,2025-07-16 17:29:00,AUTH24216380
PAY0001129,ORD0001108,CREDIT_CARD,2320.73,SETTLED,2025-11-27 21:35:00,AUTH43498308
PAY0001130,ORD0001109,BANK_TRANSFER,2357.91,DECLINED,2025-11-16 14:25:00,AUTH41215769
PAY0001131,ORD0001110,CREDIT_CARD,2374.59,SETTLED,2025-09-25 08:56:00,AUTH26683935
PAY0001132,ORD0001111,AFTERPAY,899.17,SETTLED,2025-11-09 20:59:00,AUTH29138307
PAY0001133,ORD0001112,BANK_TRANSFER,566.64,DECLINED,2025-05-17 22:03:00,AUTH66632600
PAY0001134,ORD0001113,PAYPAL,2137.35,SETTLED,2025-05-17 16:30:00,AUTH34366041
PAY0001135,ORD0001114,BANK_TRANSFER,1294.19,SETTLED,2025-06-13 15:41:00,AUTH97180966
PAY0001136,ORD0001115,DEBIT_CARD,1485.73,SETTLED,2025-07-04 18:33:00,AUTH11918413
PAY0001137,ORD0001116,BANK_TRANSFER,2326.18,SETTLED,2025-10-16 18:19:00,AUTH51012435
PAY0001138,ORD0001117,CREDIT_CARD,1968.06,REFUNDED,2025-05-16 09:49:00,AUTH28407026
PAY0001139,ORD0001118,AFTERPAY,62.93,SETTLED,2025-11-14 03:32:00,AUTH29237863
PAY0001140,ORD0001119,BANK_TRANSFER,161.69,SETTLED,2025-08-18 21:44:00,AUTH49144470
PAY0001141,ORD0001120,GIFT_CARD,598.54,SETTLED,2025-10-24 11:12:00,AUTH49869025
PAY0001142,ORD0001121,DEBIT_CARD,834.33,SETTLED,2025-09-08 03:08:00,AUTH16247601
PAY0001143,ORD0001122,BANK_TRANSFER,1540.97,SETTLED,2025-08-08 17:44:00,AUTH79598965
PAY0001144,ORD0001123,DEBIT_CARD,1284.51,SETTLED,2025-05-19 23:31:00,AUTH80381086
PAY0001145,ORD0001124,GIFT_CARD,1689.22,SETTLED,2025-08-06 13:22:00,AUTH53560208
PAY0001146,ORD0001125,CREDIT_CARD,680.99,SETTLED,2025-12-03 10:22:00,AUTH22935407
PAY0001147,ORD0001126,CREDIT_CARD,1792.72,SETTLED,2025-07-04 12:14:00,AUTH25380085
PAY0001148,ORD0001127,AFTERPAY,1832.11,SETTLED,2025-10-12 09:37:00,AUTH37907392
PAY0001149,ORD0001128,PAYPAL,1409.53,SETTLED,2025-12-23 01:13:00,AUTH63647899
PAY0001150,ORD0001129,PAYPAL,746.39,REFUNDED,2025-12-25 14:33:00,AUTH67299025
PAY0001151,ORD0001130,BANK_TRANSFER,2059.9,SETTLED,2025-08-05 01:23:00,AUTH62681128
PAY0001152,ORD0001131,GIFT_CARD,611.25,REFUNDED,2025-06-03 07:25:00,AUTH29250068
PAY0001153,ORD0001132,AFTERPAY,1817.9,SETTLED,2025-12-18 06:31:00,AUTH52168673
PAY0001154,ORD0001133,CREDIT_CARD,1217.65,SETTLED,2025-12-16 19:45:00,AUTH29155263
PAY0001155,ORD0001134,GIFT_CARD,2297.97,DECLINED,2026-01-01 07:58:00,AUTH42793038
PAY0001156,ORD0001135,PAYPAL,1005.31,SETTLED,2025-07-23 22:48:00,AUTH20529336
PAY0001157,ORD0001136,DEBIT_CARD,1795.37,SETTLED,2025-05-30 14:47:00,AUTH52237093
PAY0001158,ORD0001137,CREDIT_CARD,2289.17,SETTLED,2025-10-04 11:04:00,AUTH36292975
PAY0001159,ORD0001138,CREDIT_CARD,871.93,SETTLED,2025-05-12 16:02:00,AUTH14775557
PAY0001160,ORD0001139,BANK_TRANSFER,137.67,SETTLED,2025-06-24 08:28:00,AUTH29150687
PAY0001161,ORD0001140,GIFT_CARD,151.61,SETTLED,2025-05-29 11:53:00,AUTH54157570
PAY0001162,ORD0001141,GIFT_CARD,382.43,SETTLED,2025-06-17 18:54:00,AUTH66556604
PAY0001163,ORD0001142,PAYPAL,458.19,SETTLED,2025-06-11 15:50:00,AUTH35804654
PAY0001164,ORD0001143,PAYPAL,957.44,SETTLED,2025-08-18 23:55:00,AUTH56784572
PAY0001165,ORD0001144,AFTERPAY,547.72,REFUNDED,2025-12-27 04:56:00,AUTH61051503
PAY0001166,ORD0001145,CREDIT_CARD,963.39,SETTLED,2025-10-22 05:21:00,AUTH23758841
PAY0001167,ORD0001146,DEBIT_CARD,988.04,SETTLED,2025-05-27 17:34:00,AUTH53030316
PAY0001168,ORD0001147,DEBIT_CARD,767.53,SETTLED,2025-08-26 03:08:00,AUTH52424677
PAY0001169,ORD0001148,CREDIT_CARD,840.65,SETTLED,2025-10-27 01:57:00,AUTH91572507
PAY0001170,ORD0001149,AFTERPAY,2072.6,SETTLED,2025-12-11 02:42:00,AUTH97986005
PAY0001171,ORD0001150,DEBIT_CARD,827.0,SETTLED,2025-08-03 09:13:00,AUTH25148406
PAY0001172,ORD0001151,BANK_TRANSFER,292.56,REFUNDED,2025-07-25 07:48:00,AUTH46182647
PAY0001173,ORD0001152,DEBIT_CARD,707.91,SETTLED,2025-05-24 17:53:00,AUTH48046905
PAY0001174,ORD0001153,CREDIT_CARD,802.14,DECLINED,2025-09-07 03:13:00,AUTH37988177
PAY0001175,ORD0001154,AFTERPAY,888.95,SETTLED,2025-10-25 02:13:00,AUTH15101187
PAY0001176,ORD0001155,CREDIT_CARD,2124.1,SETTLED,2025-06-24 19:48:00,AUTH76254146
PAY0001177,ORD0001156,CREDIT_CARD,1725.32,SETTLED,2025-06-17 09:21:00,AUTH91656278
PAY0001178,ORD0001157,PAYPAL,2382.8,SETTLED,2025-07-02 23:40:00,AUTH74016717
PAY0001179,ORD0001158,AFTERPAY,1229.83,SETTLED,2025-06-12 03:03:00,AUTH33840578
PAY0001180,ORD0001159,BANK_TRANSFER,2005.73,SETTLED,2025-11-29 05:54:00,AUTH84288401
PAY0001181,ORD0001160,PAYPAL,890.88,SETTLED,2025-10-06 00:23:00,AUTH38979046
PAY0001182,ORD0001161,CREDIT_CARD,2084.7,SETTLED,2025-09-26 12:44:00,AUTH62649597
PAY0001183,ORD0001162,BANK_TRANSFER,1769.82,SETTLED,2025-11-13 13:35:00,AUTH87577488
PAY0001184,ORD0001163,AFTERPAY,361.83,SETTLED,2025-07-12 16:50:00,AUTH80865013
PAY0001185,ORD0001164,AFTERPAY,1455.98,SETTLED,2025-08-13 00:42:00,AUTH83308091
PAY0001186,ORD0001165,GIFT_CARD,1523.49,DECLINED,2025-05-19 08:27:00,AUTH37182747
PAY0001187,ORD0001166,BANK_TRANSFER,1504.35,REFUNDED,2025-12-07 21:20:00,AUTH40946926
PAY0001188,ORD0001167,GIFT_CARD,2089.49,SETTLED,2025-12-01 22:42:00,AUTH37566769
PAY0001189,ORD0001168,PAYPAL,1045.58,DECLINED,2025-08-03 22:02:00,AUTH47853856
PAY0001190,ORD0001169,BANK_TRANSFER,671.47,SETTLED,2025-10-23 07:24:00,AUTH68270567
PAY0001191,ORD0001170,AFTERPAY,303.46,SETTLED,2025-12-13 21:28:00,AUTH83833868
PAY0001192,ORD0001171,BANK_TRANSFER,1630.85,SETTLED,2025-06-30 15:41:00,AUTH13304586
PAY0001193,ORD0001172,AFTERPAY,116.32,SETTLED,2025-12-15 08:26:00,AUTH38165962
PAY0001194,ORD0001173,AFTERPAY,1834.62,SETTLED,2025-07-07 21:55:00,AUTH83376582
PAY0001195,ORD0001174,CREDIT_CARD,995.12,SETTLED,2025-06-23 23:26:00,AUTH86705707
PAY0001196,ORD0001175,DEBIT_CARD,2149.54,REFUNDED,2025-05-22 23:14:00,AUTH21723938
PAY0001197,ORD0001176,GIFT_CARD,2360.15,SETTLED,2025-11-06 04:02:00,AUTH60329048
PAY0001198,ORD0001177,BANK_TRANSFER,1557.89,SETTLED,2025-08-05 21:51:00,AUTH66691039
PAY0001199,ORD0001178,AFTERPAY,1698.62,SETTLED,2025-08-12 15:02:00,AUTH69723863
PAY0001200,ORD0001179,BANK_TRANSFER,2240.5,SETTLED,2025-11-20 14:32:00,AUTH65487445
PAY0001201,ORD0001180,DEBIT_CARD,1339.96,SETTLED,2025-05-28 03:53:00,AUTH54855912
PAY0001202,ORD0001181,BANK_TRANSFER,403.62,SETTLED,2025-12-12 23:01:00,AUTH89802647
PAY0001203,ORD0001182,AFTERPAY,1146.78,REFUNDED,2025-10-13 18:09:00,AUTH63116647
PAY0001204,ORD0001183,DEBIT_CARD,1647.7,SETTLED,2025-08-06 20:19:00,AUTH91477214
PAY0001205,ORD0001184,CREDIT_CARD,1006.95,SETTLED,2025-06-17 01:17:00,AUTH53226106
PAY0001206,ORD0001185,AFTERPAY,1209.97,SETTLED,2025-12-12 16:12:00,AUTH46934765
PAY0001207,ORD0001186,AFTERPAY,2134.03,REFUNDED,2025-12-30 15:46:00,AUTH84941532
PAY0001208,ORD0001187,CREDIT_CARD,2140.34,SETTLED,2025-07-11 08:29:00,AUTH32924420
PAY0001209,ORD0001188,AFTERPAY,991.76,SETTLED,2025-08-24 18:39:00,AUTH55895113
PAY0001210,ORD0001189,AFTERPAY,2375.98,SETTLED,2025-10-21 23:58:00,AUTH89313954
PAY0001211,ORD0001190,PAYPAL,2142.0,SETTLED,2025-08-23 02:49:00,AUTH63032142
PAY0001212,ORD0001191,DEBIT_CARD,2289.4,SETTLED,2025-12-31 13:08:00,AUTH95353523
PAY0001213,ORD0001192,AFTERPAY,209.75,SETTLED,2025-11-05 17:33:00,AUTH61666797
PAY0001214,ORD0001193,GIFT_CARD,1112.61,REFUNDED,2025-12-11 09:10:00,AUTH33269567
PAY0001215,ORD0001194,BANK_TRANSFER,250.2,SETTLED,2025-12-30 12:27:00,AUTH55981399
PAY0001216,ORD0001195,AFTERPAY,240.64,SETTLED,2025-10-22 18:59:00,AUTH40762831
PAY0001217,ORD0001196,PAYPAL,1735.27,SETTLED,2025-11-22 11:17:00,AUTH76959998
PAY0001218,ORD0001197,PAYPAL,1860.62,SETTLED,2025-06-29 03:25:00,AUTH98889632
PAY0001219,ORD0001198,AFTERPAY,591.58,SETTLED,2025-09-06 03:05:00,AUTH13514222
PAY0001220,ORD0001199,PAYPAL,2054.85,SETTLED,2025-11-14 03:04:00,AUTH21066142
PAY0001221,ORD0001200,GIFT_CARD,116.89,SETTLED,2025-05-31 02:33:00,AUTH55200205
PAY0001222,ORD0001201,AFTERPAY,1976.32,SETTLED,2025-09-17 12:19:00,AUTH67656966
PAY0001223,ORD0001202,GIFT_CARD,1464.26,DECLINED,2025-05-25 04:56:00,AUTH36883648
PAY0001224,ORD0001203,BANK_TRANSFER,2330.01,SETTLED,2025-10-25 01:08:00,AUTH61604111
PAY0001225,ORD0001204,PAYPAL,486.66,DECLINED,2025-05-16 09:54:00,AUTH70755380
PAY0001226,ORD0001205,DEBIT_CARD,1532.27,SETTLED,2025-10-06 01:45:00,AUTH53770673
PAY0001227,ORD0001206,AFTERPAY,216.27,SETTLED,2025-08-29 11:18:00,AUTH18159183
PAY0001228,ORD0001207,GIFT_CARD,1359.92,SETTLED,2025-06-03 09:30:00,AUTH49302931
PAY0001229,ORD0001208,BANK_TRANSFER,2293.04,SETTLED,2025-10-07 21:49:00,AUTH19803399
PAY0001230,ORD0001209,DEBIT_CARD,1573.38,DECLINED,2025-12-25 03:53:00,AUTH79295477
PAY0001231,ORD0001210,DEBIT_CARD,78.92,SETTLED,2025-06-05 13:39:00,AUTH16164651
PAY0001232,ORD0001211,CREDIT_CARD,1517.92,SETTLED,2025-12-16 09:23:00,AUTH70841467
PAY0001233,ORD0001212,CREDIT_CARD,112.58,SETTLED,2025-12-24 16:03:00,AUTH41473457
PAY0001234,ORD0001213,BANK_TRANSFER,717.19,SETTLED,2025-09-06 00:50:00,AUTH83307113
PAY0001235,ORD0001214,PAYPAL,225.31,SETTLED,2025-05-24 16:27:00,AUTH55100395
PAY0001236,ORD0001215,PAYPAL,555.59,SETTLED,2025-12-16 21:51:00,AUTH51229324
PAY0001237,ORD0001216,AFTERPAY,167.81,SETTLED,2025-10-28 19:16:00,AUTH45230717
PAY0001238,ORD0001217,CREDIT_CARD,1573.68,SETTLED,2025-06-03 00:06:00,AUTH66721637
PAY0001239,ORD0001218,GIFT_CARD,544.88,SETTLED,2025-12-18 11:32:00,AUTH55669519
PAY0001240,ORD0001219,GIFT_CARD,1381.31,SETTLED,2025-06-04 09:05:00,AUTH99405589
PAY0001241,ORD0001220,GIFT_CARD,2222.17,SETTLED,2025-06-08 17:15:00,AUTH89072810
PAY0001242,ORD0001221,CREDIT_CARD,2370.23,SETTLED,2025-11-25 06:28:00,AUTH34980092
PAY0001243,ORD0001222,DEBIT_CARD,53.05,SETTLED,2025-07-29 20:59:00,AUTH31521525
PAY0001244,ORD0001223,PAYPAL,623.51,SETTLED,2025-07-14 06:39:00,AUTH98339396
PAY0001245,ORD0001224,PAYPAL,325.75,DECLINED,2025-06-05 23:58:00,AUTH25122859
PAY0001246,ORD0001225,PAYPAL,1957.52,SETTLED,2025-05-11 21:35:00,AUTH11561574
PAY0001247,ORD0001226,DEBIT_CARD,2079.25,REFUNDED,2025-12-25 17:35:00,AUTH55437502
PAY0001248,ORD0001227,GIFT_CARD,924.84,SETTLED,2025-11-30 16:07:00,AUTH67169824
PAY0001249,ORD0001228,CREDIT_CARD,1559.85,SETTLED,2025-07-22 10:00:00,AUTH25701683
PAY0001250,ORD0001229,AFTERPAY,327.68,SETTLED,2025-12-07 03:27:00,AUTH92572248
PAY0001251,ORD0001230,PAYPAL,1360.7,SETTLED,2025-10-19 13:45:00,AUTH70012408
PAY0001252,ORD0001231,GIFT_CARD,1029.09,SETTLED,2025-10-24 02:09:00,AUTH59613590
PAY0001253,ORD0001232,BANK_TRANSFER,1226.66,SETTLED,2025-07-19 07:34:00,AUTH34183355
PAY0001254,ORD0001233,BANK_TRANSFER,891.9,SETTLED,2025-11-19 08:41:00,AUTH43511186
PAY0001255,ORD0001233,BANK_TRANSFER,873.7,SETTLED,2025-05-13 03:29:00,AUTH91390955
PAY0001256,ORD0001234,DEBIT_CARD,727.06,SETTLED,2025-07-19 15:27:00,AUTH70921689
PAY0001257,ORD0001235,BANK_TRANSFER,708.13,SETTLED,2025-12-08 21:12:00,AUTH21935360
PAY0001258,ORD0001236,GIFT_CARD,1188.83,SETTLED,2025-09-11 18:32:00,AUTH19875232
PAY0001259,ORD0001237,GIFT_CARD,1697.53,SETTLED,2025-07-03 00:56:00,AUTH17463746
PAY0001260,ORD0001238,DEBIT_CARD,1727.93,SETTLED,2025-12-16 08:09:00,AUTH56904150
PAY0001261,ORD0001239,CREDIT_CARD,2086.61,SETTLED,2025-09-06 11:11:00,AUTH22322289
PAY0001262,ORD0001240,PAYPAL,216.96,SETTLED,2025-05-10 00:11:00,AUTH12966465
PAY0001263,ORD0001241,AFTERPAY,854.44,SETTLED,2025-11-18 15:53:00,AUTH84824713
PAY0001264,ORD0001242,AFTERPAY,519.94,SETTLED,2025-06-02 01:08:00,AUTH73420591
PAY0001265,ORD0001243,BANK_TRANSFER,1103.26,SETTLED,2025-11-03 10:49:00,AUTH36586945
PAY0001266,ORD0001243,AFTERPAY,1545.67,SETTLED,2025-12-18 04:33:00,AUTH11960149
PAY0001267,ORD0001244,CREDIT_CARD,1422.76,SETTLED,2025-08-27 15:37:00,AUTH29384363
PAY0001268,ORD0001245,DEBIT_CARD,2308.24,SETTLED,2025-08-23 10:01:00,AUTH85898377
PAY0001269,ORD0001246,CREDIT_CARD,487.42,DECLINED,2025-11-23 17:00:00,AUTH84917793
PAY0001270,ORD0001247,PAYPAL,1475.35,SETTLED,2025-08-10 03:32:00,AUTH38740751
PAY0001271,ORD0001248,CREDIT_CARD,141.64,SETTLED,2025-05-17 00:42:00,AUTH35463395
PAY0001272,ORD0001249,DEBIT_CARD,18.47,SETTLED,2025-06-08 06:46:00,AUTH75973752
PAY0001273,ORD0001250,PAYPAL,2216.81,DECLINED,2025-08-16 17:44:00,AUTH85566424
PAY0001274,ORD0001251,CREDIT_CARD,1179.97,SETTLED,2025-07-19 14:21:00,AUTH98068551
PAY0001275,ORD0001252,GIFT_CARD,604.44,REFUNDED,2025-10-23 17:09:00,AUTH35181939
PAY0001276,ORD0001253,CREDIT_CARD,345.8,SETTLED,2025-10-17 05:21:00,AUTH83087344
PAY0001277,ORD0001254,BANK_TRANSFER,540.04,SETTLED,2025-09-02 22:32:00,AUTH52934350
PAY0001278,ORD0001255,GIFT_CARD,1396.78,SETTLED,2025-05-09 19:58:00,AUTH70239027
PAY0001279,ORD0001256,BANK_TRANSFER,1336.53,SETTLED,2025-08-12 21:07:00,AUTH17693438
PAY0001280,ORD0001257,GIFT_CARD,683.92,SETTLED,2025-07-04 09:56:00,AUTH30219101
PAY0001281,ORD0001258,DEBIT_CARD,885.09,SETTLED,2025-12-11 16:13:00,AUTH27009608
PAY0001282,ORD0001259,CREDIT_CARD,2155.89,SETTLED,2025-06-12 18:28:00,AUTH47595823
PAY0001283,ORD0001260,BANK_TRANSFER,1756.93,SETTLED,2025-08-09 04:27:00,AUTH24111737
PAY0001284,ORD0001261,AFTERPAY,2254.25,SETTLED,2025-09-17 05:08:00,AUTH40193953
PAY0001285,ORD0001262,GIFT_CARD,2151.69,SETTLED,2025-05-27 13:44:00,AUTH19550916
PAY0001286,ORD0001263,PAYPAL,1230.94,DECLINED,2025-08-15 11:46:00,AUTH14665973
PAY0001287,ORD0001264,BANK_TRANSFER,2267.49,DECLINED,2025-12-25 03:26:00,AUTH99657565
PAY0001288,ORD0001265,CREDIT_CARD,1702.51,DECLINED,2025-10-23 01:54:00,AUTH57518581
PAY0001289,ORD0001266,PAYPAL,1867.54,SETTLED,2025-09-02 03:32:00,AUTH55907929
PAY0001290,ORD0001267,PAYPAL,2210.13,SETTLED,2025-12-03 09:57:00,AUTH12500642
PAY0001291,ORD0001268,CREDIT_CARD,2361.02,SETTLED,2025-12-19 18:59:00,AUTH70865926
PAY0001292,ORD0001269,GIFT_CARD,2104.39,SETTLED,2025-06-21 10:33:00,AUTH11419466
PAY0001293,ORD0001270,AFTERPAY,1339.2,SETTLED,2025-11-24 20:36:00,AUTH71394810
PAY0001294,ORD0001271,BANK_TRANSFER,1263.09,SETTLED,2025-10-03 18:47:00,AUTH54890245
PAY0001295,ORD0001272,CREDIT_CARD,1739.78,SETTLED,2025-12-15 09:42:00,AUTH53930661
PAY0001296,ORD0001273,GIFT_CARD,477.75,SETTLED,2025-10-22 23:11:00,AUTH65944032
PAY0001297,ORD0001274,DEBIT_CARD,2239.5,SETTLED,2025-06-17 01:07:00,AUTH19102741
PAY0001298,ORD0001275,GIFT_CARD,835.47,SETTLED,2025-05-06 21:20:00,AUTH64845992
PAY0001299,ORD0001276,BANK_TRANSFER,741.91,REFUNDED,2025-10-16 18:19:00,AUTH36083970
PAY0001300,ORD0001277,BANK_TRANSFER,1115.5,REFUNDED,2025-07-12 16:04:00,AUTH61269798
PAY0001301,ORD0001278,GIFT_CARD,1743.7,SETTLED,2025-10-08 01:33:00,AUTH41972348
PAY0001302,ORD0001279,DEBIT_CARD,1991.65,DECLINED,2025-10-04 03:04:00,AUTH26772325
PAY0001303,ORD0001280,BANK_TRANSFER,2137.79,REFUNDED,2025-11-07 23:25:00,AUTH87279438
PAY0001304,ORD0001281,DEBIT_CARD,2334.33,SETTLED,2025-07-04 00:12:00,AUTH86362815
PAY0001305,ORD0001282,GIFT_CARD,1541.57,SETTLED,2025-11-29 15:52:00,AUTH33768554
PAY0001306,ORD0001283,AFTERPAY,1011.56,REFUNDED,2025-07-03 21:33:00,AUTH55973760
PAY0001307,ORD0001284,CREDIT_CARD,313.72,SETTLED,2025-05-07 06:22:00,AUTH54600546
PAY0001308,ORD0001285,GIFT_CARD,360.68,SETTLED,2025-09-08 22:19:00,AUTH16704710
PAY0001309,ORD0001286,PAYPAL,1371.88,SETTLED,2025-11-23 07:00:00,AUTH65829110
PAY0001310,ORD0001287,PAYPAL,1357.88,SETTLED,2025-08-07 00:30:00,AUTH87201152
PAY0001311,ORD0001288,AFTERPAY,566.06,SETTLED,2025-10-04 06:13:00,AUTH62485286
PAY0001312,ORD0001289,CREDIT_CARD,1559.79,SETTLED,2025-12-07 17:34:00,AUTH59833334
PAY0001313,ORD0001290,GIFT_CARD,77.55,SETTLED,2025-09-23 04:24:00,AUTH75676131
PAY0001314,ORD0001291,CREDIT_CARD,1726.13,SETTLED,2025-05-31 21:37:00,AUTH81301519
PAY0001315,ORD0001292,AFTERPAY,442.82,SETTLED,2025-08-18 02:27:00,AUTH24256518
PAY0001316,ORD0001293,AFTERPAY,321.9,SETTLED,2025-06-02 14:39:00,AUTH32842118
PAY0001317,ORD0001294,CREDIT_CARD,1117.94,DECLINED,2025-08-31 18:46:00,AUTH36003792
PAY0001318,ORD0001295,BANK_TRANSFER,1214.99,SETTLED,2025-08-15 09:47:00,AUTH21512873
PAY0001319,ORD0001296,CREDIT_CARD,1273.21,SETTLED,2025-12-24 03:50:00,AUTH37884131
PAY0001320,ORD0001297,CREDIT_CARD,1123.51,SETTLED,2025-06-25 09:08:00,AUTH13246500
PAY0001321,ORD0001298,GIFT_CARD,765.84,DECLINED,2025-06-04 04:10:00,AUTH71006654
PAY0001322,ORD0001299,GIFT_CARD,1957.44,REFUNDED,2025-07-16 01:35:00,AUTH18003970
PAY0001323,ORD0001300,AFTERPAY,414.95,REFUNDED,2025-08-13 22:54:00,AUTH93813690
PAY0001324,ORD0001301,GIFT_CARD,397.99,SETTLED,2025-10-17 21:50:00,AUTH78238107
PAY0001325,ORD0001302,GIFT_CARD,345.02,DECLINED,2025-11-16 22:32:00,AUTH80695644
PAY0001326,ORD0001303,GIFT_CARD,112.72,SETTLED,2025-11-28 02:13:00,AUTH43245974
PAY0001327,ORD0001304,PAYPAL,1945.1,SETTLED,2025-10-19 11:02:00,AUTH19841752
PAY0001328,ORD0001305,AFTERPAY,614.11,DECLINED,2025-05-17 06:19:00,AUTH93825485
PAY0001329,ORD0001306,BANK_TRANSFER,490.66,SETTLED,2025-11-19 15:52:00,AUTH70292037
PAY0001330,ORD0001306,CREDIT_CARD,833.39,SETTLED,2025-11-24 23:45:00,AUTH12775405
PAY0001331,ORD0001307,AFTERPAY,1349.82,SETTLED,2025-08-09 16:53:00,AUTH53000236
PAY0001332,ORD0001308,DEBIT_CARD,1334.89,SETTLED,2025-06-19 11:03:00,AUTH32812825
PAY0001333,ORD0001309,AFTERPAY,988.28,SETTLED,2025-07-14 18:44:00,AUTH79870425
PAY0001334,ORD0001310,BANK_TRANSFER,2372.94,SETTLED,2025-12-14 23:19:00,AUTH24181710
PAY0001335,ORD0001311,PAYPAL,1572.13,DECLINED,2025-11-20 17:03:00,AUTH86866341
PAY0001336,ORD0001312,CREDIT_CARD,1874.43,DECLINED,2025-10-09 08:42:00,AUTH29870867
PAY0001337,ORD0001313,DEBIT_CARD,552.64,SETTLED,2025-06-16 13:17:00,AUTH72953982
PAY0001338,ORD0001314,GIFT_CARD,1875.13,SETTLED,2025-12-09 15:46:00,AUTH76617366
PAY0001339,ORD0001315,AFTERPAY,1143.45,SETTLED,2025-08-09 07:05:00,AUTH19553727
PAY0001340,ORD0001316,DEBIT_CARD,979.77,SETTLED,2025-06-10 07:04:00,AUTH14184195
PAY0001341,ORD0001316,GIFT_CARD,402.17,SETTLED,2026-01-01 23:46:00,AUTH30675622
PAY0001342,ORD0001317,AFTERPAY,1607.67,DECLINED,2025-05-16 12:26:00,AUTH17664997
PAY0001343,ORD0001318,DEBIT_CARD,311.81,SETTLED,2025-09-01 06:18:00,AUTH61335964
PAY0001344,ORD0001319,PAYPAL,625.24,SETTLED,2025-05-14 17:21:00,AUTH96805646
PAY0001345,ORD0001320,DEBIT_CARD,1180.73,SETTLED,2025-10-27 14:23:00,AUTH22225899
PAY0001346,ORD0001321,AFTERPAY,1662.8,SETTLED,2025-10-15 19:16:00,AUTH88218284
PAY0001347,ORD0001322,AFTERPAY,1381.31,SETTLED,2025-07-11 07:53:00,AUTH92645435
PAY0001348,ORD0001323,DEBIT_CARD,1606.35,SETTLED,2025-12-22 20:28:00,AUTH41974667
PAY0001349,ORD0001324,BANK_TRANSFER,2161.7,REFUNDED,2026-01-01 14:45:00,AUTH63642874
PAY0001350,ORD0001325,DEBIT_CARD,2020.6,SETTLED,2025-11-27 12:07:00,AUTH15933870
PAY0001351,ORD0001326,PAYPAL,960.55,SETTLED,2025-07-16 13:27:00,AUTH22517769
PAY0001352,ORD0001327,GIFT_CARD,2399.39,SETTLED,2025-10-25 15:39:00,AUTH76759423
PAY0001353,ORD0001328,DEBIT_CARD,580.02,SETTLED,2025-09-02 20:01:00,AUTH38523053
PAY0001354,ORD0001329,GIFT_CARD,2290.62,SETTLED,2025-05-25 12:47:00,AUTH75839928
PAY0001355,ORD0001330,AFTERPAY,988.0,SETTLED,2025-07-10 23:57:00,AUTH72887927
PAY0001356,ORD0001331,AFTERPAY,176.78,REFUNDED,2025-10-05 07:07:00,AUTH35133889
PAY0001357,ORD0001332,PAYPAL,2169.08,DECLINED,2025-12-26 03:10:00,AUTH93739063
PAY0001358,ORD0001333,BANK_TRANSFER,1430.63,SETTLED,2025-05-25 02:02:00,AUTH88359298
PAY0001359,ORD0001334,BANK_TRANSFER,350.3,SETTLED,2025-07-15 15:38:00,AUTH15688494
PAY0001360,ORD0001335,BANK_TRANSFER,1201.06,SETTLED,2025-10-14 14:51:00,AUTH78169925
PAY0001361,ORD0001336,PAYPAL,1112.2,SETTLED,2025-05-09 08:05:00,AUTH27593679
PAY0001362,ORD0001337,BANK_TRANSFER,829.59,SETTLED,2025-12-09 17:42:00,AUTH34882863
PAY0001363,ORD0001338,BANK_TRANSFER,335.92,SETTLED,2025-08-01 14:18:00,AUTH84994910
PAY0001364,ORD0001339,AFTERPAY,1754.71,SETTLED,2025-08-07 17:11:00,AUTH78301164
PAY0001365,ORD0001340,GIFT_CARD,1023.5,SETTLED,2025-07-19 12:11:00,AUTH33010196
PAY0001366,ORD0001341,AFTERPAY,1294.42,SETTLED,2025-05-28 07:09:00,AUTH64030617
PAY0001367,ORD0001342,DEBIT_CARD,857.88,SETTLED,2025-11-19 13:42:00,AUTH64831345
PAY0001368,ORD0001343,CREDIT_CARD,1788.71,SETTLED,2025-10-29 23:33:00,AUTH57123632
PAY0001369,ORD0001344,DEBIT_CARD,66.33,SETTLED,2025-08-29 01:14:00,AUTH32243589
PAY0001370,ORD0001345,AFTERPAY,1582.87,SETTLED,2025-11-28 12:40:00,AUTH14416352
PAY0001371,ORD0001346,PAYPAL,915.48,SETTLED,2025-07-06 11:20:00,AUTH20195698
PAY0001372,ORD0001347,BANK_TRANSFER,921.49,REFUNDED,2025-09-27 03:27:00,AUTH32756889
PAY0001373,ORD0001348,DEBIT_CARD,1399.71,SETTLED,2025-06-27 01:23:00,AUTH73495026
PAY0001374,ORD0001349,BANK_TRANSFER,2054.65,SETTLED,2025-10-08 00:47:00,AUTH19727622
PAY0001375,ORD0001350,CREDIT_CARD,2139.21,SETTLED,2025-10-18 16:24:00,AUTH92582523
PAY0001376,ORD0001351,PAYPAL,703.41,SETTLED,2025-12-29 22:52:00,AUTH62965116
PAY0001377,ORD0001352,CREDIT_CARD,506.27,REFUNDED,2025-08-09 21:07:00,AUTH58670621
PAY0001378,ORD0001353,PAYPAL,1372.47,SETTLED,2025-07-06 21:19:00,AUTH61431977
PAY0001379,ORD0001354,PAYPAL,1810.76,SETTLED,2025-10-22 23:38:00,AUTH74280849
PAY0001380,ORD0001355,GIFT_CARD,1615.84,REFUNDED,2025-06-20 08:15:00,AUTH66964210
PAY0001381,ORD0001356,DEBIT_CARD,2183.79,SETTLED,2025-09-25 04:12:00,AUTH69617491
PAY0001382,ORD0001357,AFTERPAY,2359.68,SETTLED,2025-06-11 15:42:00,AUTH49384554
PAY0001383,ORD0001358,DEBIT_CARD,1531.84,SETTLED,2025-05-10 06:29:00,AUTH26419320
PAY0001384,ORD0001359,DEBIT_CARD,1523.08,DECLINED,2025-10-06 09:09:00,AUTH31233215
PAY0001385,ORD0001360,PAYPAL,1334.99,SETTLED,2025-08-26 01:27:00,AUTH11138156
PAY0001386,ORD0001361,GIFT_CARD,1158.25,SETTLED,2025-12-01 17:51:00,AUTH75957181
PAY0001387,ORD0001362,CREDIT_CARD,537.24,SETTLED,2025-11-25 00:35:00,AUTH59412890
PAY0001388,ORD0001363,AFTERPAY,158.39,SETTLED,2025-09-27 04:34:00,AUTH16449328
PAY0001389,ORD0001363,GIFT_CARD,1620.34,SETTLED,2025-09-20 16:36:00,AUTH87623710
PAY0001390,ORD0001364,CREDIT_CARD,668.55,SETTLED,2025-10-13 04:47:00,AUTH74905006
PAY0001391,ORD0001365,CREDIT_CARD,1001.21,SETTLED,2025-09-10 11:05:00,AUTH65265658
PAY0001392,ORD0001366,PAYPAL,2103.94,SETTLED,2025-10-30 18:10:00,AUTH99681098
PAY0001393,ORD0001366,GIFT_CARD,2362.11,SETTLED,2025-08-14 17:27:00,AUTH30432829
PAY0001394,ORD0001367,GIFT_CARD,1211.94,SETTLED,2025-07-25 07:55:00,AUTH96596637
PAY0001395,ORD0001368,CREDIT_CARD,1543.31,SETTLED,2025-09-23 13:16:00,AUTH23679329
PAY0001396,ORD0001369,CREDIT_CARD,164.66,SETTLED,2025-10-18 17:46:00,AUTH95592032
PAY0001397,ORD0001370,PAYPAL,1548.96,SETTLED,2025-09-26 05:31:00,AUTH61847953
PAY0001398,ORD0001371,AFTERPAY,1056.47,SETTLED,2025-07-27 18:07:00,AUTH20597660
PAY0001399,ORD0001372,AFTERPAY,271.68,SETTLED,2025-06-29 06:44:00,AUTH23365374
PAY0001400,ORD0001372,BANK_TRANSFER,706.43,SETTLED,2025-12-25 20:03:00,AUTH69508373
PAY0001401,ORD0001373,AFTERPAY,1097.38,SETTLED,2025-07-11 17:04:00,AUTH11036572
PAY0001402,ORD0001374,PAYPAL,483.57,SETTLED,2025-12-16 05:07:00,AUTH66486274
PAY0001403,ORD0001375,PAYPAL,1852.19,SETTLED,2025-10-04 14:38:00,AUTH91341040
PAY0001404,ORD0001376,PAYPAL,444.96,SETTLED,2025-08-06 20:11:00,AUTH96770026
PAY0001405,ORD0001377,GIFT_CARD,2175.51,SETTLED,2025-05-15 00:21:00,AUTH44402677
PAY0001406,ORD0001378,AFTERPAY,1065.55,DECLINED,2025-11-30 00:18:00,AUTH37560136
PAY0001407,ORD0001379,DEBIT_CARD,765.08,SETTLED,2025-12-21 07:43:00,AUTH57837341
PAY0001408,ORD0001379,GIFT_CARD,2128.14,REFUNDED,2025-05-07 04:49:00,AUTH43858851
PAY0001409,ORD0001380,CREDIT_CARD,2166.76,DECLINED,2025-09-25 03:43:00,AUTH55111881
PAY0001410,ORD0001381,GIFT_CARD,546.12,REFUNDED,2025-05-19 19:02:00,AUTH27013283
PAY0001411,ORD0001382,BANK_TRANSFER,2353.78,SETTLED,2025-09-17 00:49:00,AUTH75764399
PAY0001412,ORD0001383,AFTERPAY,551.66,SETTLED,2025-10-01 19:10:00,AUTH56137951
PAY0001413,ORD0001384,GIFT_CARD,527.53,SETTLED,2025-12-09 04:06:00,AUTH18804082
PAY0001414,ORD0001385,CREDIT_CARD,1994.34,SETTLED,2025-06-02 11:24:00,AUTH34389069
PAY0001415,ORD0001386,DEBIT_CARD,450.79,SETTLED,2025-12-15 19:43:00,AUTH83411346
PAY0001416,ORD0001387,DEBIT_CARD,1374.87,DECLINED,2025-07-03 02:36:00,AUTH20556080
PAY0001417,ORD0001388,GIFT_CARD,2381.41,SETTLED,2025-06-17 09:25:00,AUTH33477104
PAY0001418,ORD0001389,PAYPAL,354.69,SETTLED,2025-08-15 15:34:00,AUTH37053633
PAY0001419,ORD0001390,PAYPAL,1139.01,DECLINED,2025-06-16 04:45:00,AUTH75673629
PAY0001420,ORD0001391,DEBIT_CARD,176.96,SETTLED,2025-11-03 08:19:00,AUTH88797604
PAY0001421,ORD0001392,DEBIT_CARD,1285.57,REFUNDED,2025-09-03 10:39:00,AUTH70296739
PAY0001422,ORD0001393,AFTERPAY,1314.12,SETTLED,2025-06-22 00:06:00,AUTH29060046
PAY0001423,ORD0001394,BANK_TRANSFER,722.2,SETTLED,2025-08-24 19:42:00,AUTH29973076
PAY0001424,ORD0001395,PAYPAL,1276.52,DECLINED,2025-06-06 19:11:00,AUTH92695388
PAY0001425,ORD0001396,AFTERPAY,2240.12,SETTLED,2025-07-22 11:49:00,AUTH73615979
PAY0001426,ORD0001397,PAYPAL,1842.51,REFUNDED,2025-07-17 00:06:00,AUTH64413134
PAY0001427,ORD0001398,DEBIT_CARD,554.74,REFUNDED,2025-06-20 07:32:00,AUTH12445992
PAY0001428,ORD0001399,DEBIT_CARD,1187.31,SETTLED,2025-12-29 19:09:00,AUTH45610808
PAY0001429,ORD0001400,BANK_TRANSFER,2154.37,DECLINED,2025-11-16 18:28:00,AUTH56814940
PAY0001430,ORD0001401,GIFT_CARD,1288.32,SETTLED,2025-07-07 03:59:00,AUTH23407564
PAY0001431,ORD0001402,AFTERPAY,1012.91,SETTLED,2025-07-12 11:22:00,AUTH12665090
PAY0001432,ORD0001403,GIFT_CARD,2296.59,SETTLED,2025-06-14 05:34:00,AUTH83749698
PAY0001433,ORD0001404,PAYPAL,2165.57,SETTLED,2025-08-01 21:15:00,AUTH26432446
PAY0001434,ORD0001405,BANK_TRANSFER,726.98,SETTLED,2025-12-20 17:50:00,AUTH30023567
PAY0001435,ORD0001406,PAYPAL,761.64,SETTLED,2025-12-08 14:05:00,AUTH82273299
PAY0001436,ORD0001407,GIFT_CARD,385.96,REFUNDED,2025-05-13 12:08:00,AUTH22326826
PAY0001437,ORD0001408,AFTERPAY,1622.49,SETTLED,2025-07-13 07:04:00,AUTH94796774
PAY0001438,ORD0001409,GIFT_CARD,2128.15,SETTLED,2025-05-14 10:05:00,AUTH53234020
PAY0001439,ORD0001410,GIFT_CARD,482.63,DECLINED,2025-09-23 20:49:00,AUTH61620552
PAY0001440,ORD0001411,PAYPAL,682.24,SETTLED,2025-12-21 12:52:00,AUTH11461806
PAY0001441,ORD0001412,AFTERPAY,1566.68,DECLINED,2025-09-21 23:02:00,AUTH75563486
PAY0001442,ORD0001413,DEBIT_CARD,597.65,SETTLED,2025-11-18 14:36:00,AUTH87254867
PAY0001443,ORD0001414,GIFT_CARD,50.82,SETTLED,2025-12-23 05:17:00,AUTH78003816
PAY0001444,ORD0001415,PAYPAL,1879.62,SETTLED,2025-08-11 07:33:00,AUTH98999753
PAY0001445,ORD0001416,BANK_TRANSFER,83.7,SETTLED,2025-11-09 02:46:00,AUTH65962108
PAY0001446,ORD0001417,AFTERPAY,538.31,SETTLED,2025-08-21 16:10:00,AUTH26017644
PAY0001447,ORD0001418,PAYPAL,1574.69,SETTLED,2025-10-07 05:32:00,AUTH21768477
PAY0001448,ORD0001419,BANK_TRANSFER,1767.58,DECLINED,2025-06-26 19:38:00,AUTH94501025
PAY0001449,ORD0001420,CREDIT_CARD,711.4,REFUNDED,2025-12-03 22:29:00,AUTH27431444
PAY0001450,ORD0001421,CREDIT_CARD,1174.68,SETTLED,2025-09-02 00:27:00,AUTH34923749
PAY0001451,ORD0001422,PAYPAL,792.45,SETTLED,2025-12-13 06:38:00,AUTH96780424
PAY0001452,ORD0001423,DEBIT_CARD,704.62,DECLINED,2025-09-06 12:21:00,AUTH47365869
PAY0001453,ORD0001424,DEBIT_CARD,57.43,SETTLED,2025-05-13 14:52:00,AUTH43900359
PAY0001454,ORD0001425,GIFT_CARD,467.45,SETTLED,2025-06-05 13:06:00,AUTH67531364
PAY0001455,ORD0001426,DEBIT_CARD,1009.7,SETTLED,2025-06-24 01:18:00,AUTH19335923
PAY0001456,ORD0001427,PAYPAL,2294.76,SETTLED,2025-05-07 22:54:00,AUTH17357068
PAY0001457,ORD0001428,DEBIT_CARD,227.0,SETTLED,2025-09-13 08:25:00,AUTH71228767
PAY0001458,ORD0001429,DEBIT_CARD,1113.76,SETTLED,2025-05-14 20:12:00,AUTH93463388
PAY0001459,ORD0001430,PAYPAL,533.64,SETTLED,2025-11-23 13:35:00,AUTH99824750
PAY0001460,ORD0001431,PAYPAL,2238.05,DECLINED,2025-05-14 11:16:00,AUTH55550252
PAY0001461,ORD0001432,BANK_TRANSFER,99.2,SETTLED,2025-08-24 09:42:00,AUTH95696726
PAY0001462,ORD0001433,BANK_TRANSFER,708.61,SETTLED,2025-08-04 07:07:00,AUTH16365755
PAY0001463,ORD0001434,PAYPAL,1876.41,SETTLED,2025-10-01 22:02:00,AUTH62907930
PAY0001464,ORD0001435,DEBIT_CARD,1847.29,SETTLED,2025-12-01 20:22:00,AUTH46506367
PAY0001465,ORD0001436,BANK_TRANSFER,2040.59,SETTLED,2025-09-30 20:46:00,AUTH22998653
PAY0001466,ORD0001437,DEBIT_CARD,394.09,DECLINED,2025-10-01 06:05:00,AUTH85238199
PAY0001467,ORD0001438,PAYPAL,2068.28,REFUNDED,2025-12-10 06:59:00,AUTH24418962
PAY0001468,ORD0001439,AFTERPAY,523.14,SETTLED,2025-12-11 00:44:00,AUTH16963696
PAY0001469,ORD0001440,CREDIT_CARD,710.05,SETTLED,2025-11-23 16:28:00,AUTH22203802
PAY0001470,ORD0001441,GIFT_CARD,1522.04,SETTLED,2025-05-15 22:45:00,AUTH66607133
PAY0001471,ORD0001442,AFTERPAY,655.55,SETTLED,2025-06-19 03:01:00,AUTH83956009
PAY0001472,ORD0001443,AFTERPAY,1890.87,SETTLED,2025-08-01 16:31:00,AUTH80644384
PAY0001473,ORD0001444,PAYPAL,1174.08,SETTLED,2025-09-03 14:35:00,AUTH35428534
PAY0001474,ORD0001445,CREDIT_CARD,916.61,SETTLED,2025-05-23 16:51:00,AUTH70532112
PAY0001475,ORD0001446,DEBIT_CARD,2208.96,REFUNDED,2025-06-09 10:36:00,AUTH14889237
PAY0001476,ORD0001447,AFTERPAY,2154.72,REFUNDED,2025-12-26 01:03:00,AUTH51460373
PAY0001477,ORD0001448,GIFT_CARD,2152.17,SETTLED,2025-12-12 03:56:00,AUTH49427559
PAY0001478,ORD0001449,PAYPAL,2227.5,REFUNDED,2025-07-24 12:14:00,AUTH23675700
PAY0001479,ORD0001450,GIFT_CARD,2158.09,DECLINED,2025-06-26 20:20:00,AUTH22768254
PAY0001480,ORD0001451,GIFT_CARD,2202.33,SETTLED,2025-07-17 12:10:00,AUTH67186122
PAY0001481,ORD0001452,DEBIT_CARD,701.26,DECLINED,2025-07-31 07:23:00,AUTH40326321
PAY0001482,ORD0001453,AFTERPAY,222.35,SETTLED,2025-09-03 00:11:00,AUTH26677276
PAY0001483,ORD0001454,BANK_TRANSFER,2068.2,SETTLED,2025-07-06 01:07:00,AUTH17106565
PAY0001484,ORD0001455,DEBIT_CARD,23.96,SETTLED,2025-12-09 02:28:00,AUTH37268148
PAY0001485,ORD0001456,PAYPAL,820.7,SETTLED,2025-10-02 04:15:00,AUTH94698755
PAY0001486,ORD0001457,GIFT_CARD,587.89,SETTLED,2025-10-15 09:45:00,AUTH91385917
PAY0001487,ORD0001458,GIFT_CARD,232.91,SETTLED,2025-05-15 13:36:00,AUTH67775132
PAY0001488,ORD0001459,CREDIT_CARD,1036.71,SETTLED,2025-06-18 11:20:00,AUTH83759793
PAY0001489,ORD0001460,PAYPAL,294.58,SETTLED,2025-11-24 05:19:00,AUTH88950179
PAY0001490,ORD0001461,GIFT_CARD,132.06,DECLINED,2025-11-26 09:15:00,AUTH99722110
PAY0001491,ORD0001462,DEBIT_CARD,1133.1,SETTLED,2025-11-28 10:57:00,AUTH88685905
PAY0001492,ORD0001463,DEBIT_CARD,1496.98,SETTLED,2025-05-17 22:30:00,AUTH17115402
PAY0001493,ORD0001464,GIFT_CARD,1753.13,SETTLED,2025-12-11 01:44:00,AUTH12480384
PAY0001494,ORD0001465,AFTERPAY,298.66,SETTLED,2025-07-26 09:37:00,AUTH92387992
PAY0001495,ORD0001466,GIFT_CARD,484.77,SETTLED,2025-08-15 11:42:00,AUTH51272854
PAY0001496,ORD0001467,DEBIT_CARD,2238.74,SETTLED,2025-09-03 17:11:00,AUTH48525748
PAY0001497,ORD0001468,CREDIT_CARD,248.5,DECLINED,2025-11-02 17:33:00,AUTH80055767
PAY0001498,ORD0001469,GIFT_CARD,1639.83,SETTLED,2025-08-18 01:04:00,AUTH75435012
PAY0001499,ORD0001470,GIFT_CARD,1581.79,DECLINED,2025-06-23 08:00:00,AUTH66900640
PAY0001500,ORD0001471,CREDIT_CARD,600.81,SETTLED,2025-05-14 09:51:00,AUTH32740508
PAY0001501,ORD0001472,DEBIT_CARD,651.25,SETTLED,2025-10-05 04:26:00,AUTH39181972
PAY0001502,ORD0001473,AFTERPAY,676.62,SETTLED,2025-12-25 20:19:00,AUTH61831856
PAY0001503,ORD0001473,PAYPAL,41.27,SETTLED,2025-06-21 06:33:00,AUTH85642413
PAY0001504,ORD0001474,DEBIT_CARD,916.65,SETTLED,2025-10-01 13:11:00,AUTH59909703
PAY0001505,ORD0001475,BANK_TRANSFER,802.76,SETTLED,2025-09-26 10:31:00,AUTH63036555
PAY0001506,ORD0001476,PAYPAL,1728.03,SETTLED,2025-08-02 08:23:00,AUTH28092762
PAY0001507,ORD0001477,PAYPAL,1137.83,SETTLED,2025-09-19 12:34:00,AUTH37579566
PAY0001508,ORD0001478,DEBIT_CARD,2316.58,DECLINED,2025-06-11 01:26:00,AUTH20914267
PAY0001509,ORD0001479,BANK_TRANSFER,1099.55,SETTLED,2025-12-08 22:03:00,AUTH69820680
PAY0001510,ORD0001480,CREDIT_CARD,546.11,SETTLED,2025-09-03 22:50:00,AUTH16295651
PAY0001511,ORD0001481,AFTERPAY,554.74,SETTLED,2025-10-14 03:13:00,AUTH96259492
PAY0001512,ORD0001482,PAYPAL,299.78,SETTLED,2025-11-21 00:25:00,AUTH45149783
PAY0001513,ORD0001483,AFTERPAY,765.81,REFUNDED,2025-11-14 06:17:00,AUTH49510892
PAY0001514,ORD0001484,AFTERPAY,501.71,SETTLED,2025-08-04 22:26:00,AUTH22654880
PAY0001515,ORD0001485,DEBIT_CARD,571.2,SETTLED,2025-06-13 02:08:00,AUTH35097459
PAY0001516,ORD0001486,PAYPAL,1225.05,SETTLED,2025-05-11 20:18:00,AUTH28412872
PAY0001517,ORD0001487,DEBIT_CARD,399.45,SETTLED,2025-07-20 15:47:00,AUTH72732643
PAY0001518,ORD0001488,AFTERPAY,705.73,DECLINED,2025-07-12 02:10:00,AUTH75828367
PAY0001519,ORD0001489,DEBIT_CARD,1831.72,DECLINED,2025-06-21 07:52:00,AUTH47102910
PAY0001520,ORD0001490,GIFT_CARD,1710.96,SETTLED,2025-06-01 15:39:00,AUTH98723047
PAY0001521,ORD0001491,GIFT_CARD,1801.44,SETTLED,2025-08-25 16:47:00,AUTH44872713
PAY0001522,ORD0001492,PAYPAL,2084.67,SETTLED,2025-06-16 19:37:00,AUTH72204079
PAY0001523,ORD0001493,CREDIT_CARD,857.71,SETTLED,2025-05-07 08:23:00,AUTH60887343
PAY0001524,ORD0001494,BANK_TRANSFER,1845.04,REFUNDED,2025-06-10 21:34:00,AUTH25082282
PAY0001525,ORD0001495,AFTERPAY,1082.67,DECLINED,2025-07-13 12:15:00,AUTH67115813
PAY0001526,ORD0001496,AFTERPAY,839.31,SETTLED,2025-06-07 11:43:00,AUTH54312994
PAY0001527,ORD0001497,DEBIT_CARD,1624.05,SETTLED,2025-12-25 07:08:00,AUTH32343124
PAY0001528,ORD0001498,PAYPAL,476.83,SETTLED,2025-07-23 23:51:00,AUTH77197958
PAY0001529,ORD0001499,GIFT_CARD,2279.12,SETTLED,2025-12-01 06:13:00,AUTH52279504
PAY0001530,ORD0001500,AFTERPAY,1592.98,REFUNDED,2025-09-08 03:49:00,AUTH61374652
PAY0001531,ORD0001501,GIFT_CARD,352.66,SETTLED,2025-08-31 06:52:00,AUTH36434072
PAY0001532,ORD0001502,CREDIT_CARD,572.04,SETTLED,2025-07-20 12:40:00,AUTH57002435
PAY0001533,ORD0001503,BANK_TRANSFER,698.68,SETTLED,2025-08-23 16:05:00,AUTH64550245
PAY0001534,ORD0001504,CREDIT_CARD,998.1,SETTLED,2025-06-20 05:36:00,AUTH95816386
PAY0001535,ORD0001505,CREDIT_CARD,1908.43,SETTLED,2025-07-28 08:11:00,AUTH40792515
PAY0001536,ORD0001506,BANK_TRANSFER,1673.47,SETTLED,2025-10-04 17:25:00,AUTH39461311
PAY0001537,ORD0001507,PAYPAL,1741.76,SETTLED,2025-12-17 19:59:00,AUTH82376068
PAY0001538,ORD0001508,GIFT_CARD,661.64,SETTLED,2025-09-19 10:53:00,AUTH13704337
PAY0001539,ORD0001509,AFTERPAY,524.11,REFUNDED,2025-07-04 18:29:00,AUTH66553298
PAY0001540,ORD0001510,BANK_TRANSFER,2120.03,SETTLED,2025-09-05 00:26:00,AUTH52963128
PAY0001541,ORD0001511,GIFT_CARD,455.97,SETTLED,2025-11-09 20:24:00,AUTH72635893
PAY0001542,ORD0001512,PAYPAL,1430.68,SETTLED,2025-07-02 17:58:00,AUTH84255944
PAY0001543,ORD0001513,PAYPAL,927.36,SETTLED,2025-07-17 02:46:00,AUTH73093949
PAY0001544,ORD0001514,DEBIT_CARD,100.54,SETTLED,2025-11-03 00:42:00,AUTH73905495
PAY0001545,ORD0001515,CREDIT_CARD,1441.99,SETTLED,2025-10-21 23:01:00,AUTH30470598
PAY0001546,ORD0001516,AFTERPAY,299.0,SETTLED,2025-09-30 19:13:00,AUTH16007147
PAY0001547,ORD0001517,CREDIT_CARD,1358.7,SETTLED,2025-06-20 19:30:00,AUTH99483977
PAY0001548,ORD0001518,PAYPAL,664.48,SETTLED,2025-12-08 10:45:00,AUTH81580583
PAY0001549,ORD0001519,BANK_TRANSFER,177.38,SETTLED,2025-09-22 03:26:00,AUTH47491039
PAY0001550,ORD0001520,BANK_TRANSFER,1034.99,SETTLED,2025-05-18 13:48:00,AUTH61393371
PAY0001551,ORD0001521,DEBIT_CARD,2350.63,SETTLED,2025-10-22 11:07:00,AUTH62732031
PAY0001552,ORD0001522,AFTERPAY,1726.09,DECLINED,2025-10-19 04:48:00,AUTH78078259
PAY0001553,ORD0001523,DEBIT_CARD,1333.81,REFUNDED,2025-12-07 11:09:00,AUTH35507350
PAY0001554,ORD0001524,BANK_TRANSFER,1318.38,SETTLED,2025-07-02 17:11:00,AUTH82141289
PAY0001555,ORD0001525,PAYPAL,375.97,SETTLED,2025-06-07 05:09:00,AUTH99617177
PAY0001556,ORD0001526,AFTERPAY,1635.93,SETTLED,2025-05-11 09:24:00,AUTH30870686
PAY0001557,ORD0001526,GIFT_CARD,868.54,SETTLED,2025-11-24 01:07:00,AUTH27078306
PAY0001558,ORD0001527,PAYPAL,2249.56,SETTLED,2025-06-15 05:00:00,AUTH38035632
PAY0001559,ORD0001528,BANK_TRANSFER,909.8,SETTLED,2025-09-30 21:45:00,AUTH97767533
PAY0001560,ORD0001529,GIFT_CARD,1560.54,SETTLED,2025-07-28 14:06:00,AUTH34787483
PAY0001561,ORD0001530,GIFT_CARD,1348.21,SETTLED,2025-05-10 09:03:00,AUTH56038071
PAY0001562,ORD0001531,GIFT_CARD,1450.66,SETTLED,2025-09-15 14:25:00,AUTH45386919
PAY0001563,ORD0001532,GIFT_CARD,808.6,REFUNDED,2025-05-15 19:32:00,AUTH67575586
PAY0001564,ORD0001533,DEBIT_CARD,464.22,SETTLED,2025-10-04 23:01:00,AUTH53688268
PAY0001565,ORD0001534,GIFT_CARD,714.11,REFUNDED,2025-10-14 06:41:00,AUTH74170925
PAY0001566,ORD0001535,GIFT_CARD,320.05,DECLINED,2025-05-24 22:22:00,AUTH62837565
PAY0001567,ORD0001536,BANK_TRANSFER,840.52,SETTLED,2025-05-16 08:32:00,AUTH55970234
PAY0001568,ORD0001537,AFTERPAY,645.22,SETTLED,2025-11-03 11:10:00,AUTH24672861
PAY0001569,ORD0001538,DEBIT_CARD,1012.39,SETTLED,2025-05-29 16:49:00,AUTH82516338
PAY0001570,ORD0001539,CREDIT_CARD,45.13,SETTLED,2025-12-08 06:31:00,AUTH50174193
PAY0001571,ORD0001540,GIFT_CARD,944.28,SETTLED,2025-07-14 02:25:00,AUTH64411539
PAY0001572,ORD0001541,CREDIT_CARD,1556.07,SETTLED,2025-08-31 15:08:00,AUTH77371829
PAY0001573,ORD0001542,PAYPAL,388.32,REFUNDED,2025-07-24 16:50:00,AUTH77671200
PAY0001574,ORD0001543,DEBIT_CARD,592.52,REFUNDED,2025-09-16 21:28:00,AUTH87977763
PAY0001575,ORD0001544,CREDIT_CARD,2266.83,SETTLED,2025-10-06 04:34:00,AUTH85030286
PAY0001576,ORD0001545,PAYPAL,2394.76,SETTLED,2025-05-12 10:20:00,AUTH58746755
PAY0001577,ORD0001546,PAYPAL,33.18,SETTLED,2025-08-30 11:16:00,AUTH67776990
PAY0001578,ORD0001547,BANK_TRANSFER,1017.46,SETTLED,2025-12-05 06:04:00,AUTH81022397
PAY0001579,ORD0001548,CREDIT_CARD,212.46,SETTLED,2025-12-08 03:49:00,AUTH68515322
PAY0001580,ORD0001549,CREDIT_CARD,357.8,SETTLED,2025-05-19 16:24:00,AUTH48375635
PAY0001581,ORD0001550,CREDIT_CARD,2357.31,SETTLED,2025-06-20 17:38:00,AUTH51334567
PAY0001582,ORD0001551,DEBIT_CARD,895.98,SETTLED,2025-06-07 22:55:00,AUTH34830723
PAY0001583,ORD0001552,CREDIT_CARD,130.75,DECLINED,2025-08-13 08:15:00,AUTH52406298
PAY0001584,ORD0001553,GIFT_CARD,358.04,SETTLED,2025-07-01 14:47:00,AUTH19852230
PAY0001585,ORD0001554,AFTERPAY,2392.88,SETTLED,2025-08-08 12:50:00,AUTH58060038
PAY0001586,ORD0001555,AFTERPAY,602.29,SETTLED,2025-08-27 17:09:00,AUTH25820911
PAY0001587,ORD0001556,DEBIT_CARD,115.9,DECLINED,2025-08-18 09:53:00,AUTH89214176
PAY0001588,ORD0001557,PAYPAL,962.07,SETTLED,2025-05-13 19:15:00,AUTH88573203
PAY0001589,ORD0001558,CREDIT_CARD,29.28,SETTLED,2025-07-23 20:49:00,AUTH94449844
PAY0001590,ORD0001559,PAYPAL,1001.99,REFUNDED,2025-05-19 07:23:00,AUTH67256411
PAY0001591,ORD0001560,GIFT_CARD,1940.96,DECLINED,2025-07-23 08:38:00,AUTH45071642
PAY0001592,ORD0001561,BANK_TRANSFER,2083.18,SETTLED,2025-11-06 05:37:00,AUTH62987997
PAY0001593,ORD0001562,DEBIT_CARD,2100.95,SETTLED,2025-11-15 20:49:00,AUTH43850668
PAY0001594,ORD0001563,AFTERPAY,528.7,SETTLED,2025-06-10 02:34:00,AUTH41987397
PAY0001595,ORD0001563,AFTERPAY,2335.06,SETTLED,2025-08-27 01:57:00,AUTH88954101
PAY0001596,ORD0001564,BANK_TRANSFER,1959.87,SETTLED,2025-07-12 06:59:00,AUTH81742111
PAY0001597,ORD0001565,BANK_TRANSFER,1772.94,SETTLED,2025-05-06 22:24:00,AUTH60263741
PAY0001598,ORD0001566,GIFT_CARD,1121.84,SETTLED,2025-11-19 10:37:00,AUTH65491156
PAY0001599,ORD0001567,AFTERPAY,360.25,SETTLED,2025-12-03 05:26:00,AUTH90686824
PAY0001600,ORD0001568,BANK_TRANSFER,1812.13,REFUNDED,2025-12-16 13:25:00,AUTH90612635
PAY0001601,ORD0001569,CREDIT_CARD,1680.2,DECLINED,2025-05-23 20:01:00,AUTH46320340
PAY0001602,ORD0001570,BANK_TRANSFER,1155.97,DECLINED,2025-10-02 22:33:00,AUTH87970899
PAY0001603,ORD0001571,BANK_TRANSFER,2023.37,SETTLED,2025-09-02 20:14:00,AUTH84081008
PAY0001604,ORD0001572,AFTERPAY,1374.93,SETTLED,2025-12-27 20:45:00,AUTH54521126
PAY0001605,ORD0001573,GIFT_CARD,933.52,REFUNDED,2025-08-09 13:14:00,AUTH56446948
PAY0001606,ORD0001574,AFTERPAY,136.62,SETTLED,2025-05-17 03:48:00,AUTH64974072
PAY0001607,ORD0001575,BANK_TRANSFER,1887.63,SETTLED,2025-12-15 23:52:00,AUTH90646704
PAY0001608,ORD0001576,DEBIT_CARD,2361.18,SETTLED,2025-05-21 17:41:00,AUTH26463167
PAY0001609,ORD0001577,AFTERPAY,1337.92,SETTLED,2025-05-28 08:56:00,AUTH10687057
PAY0001610,ORD0001578,PAYPAL,1938.45,REFUNDED,2025-09-11 16:51:00,AUTH94175573
PAY0001611,ORD0001579,GIFT_CARD,2060.17,SETTLED,2025-06-03 17:17:00,AUTH22939028
PAY0001612,ORD0001580,GIFT_CARD,1537.38,SETTLED,2025-10-12 13:39:00,AUTH22484602
PAY0001613,ORD0001581,GIFT_CARD,438.08,SETTLED,2025-11-03 15:54:00,AUTH75442595
PAY0001614,ORD0001582,DEBIT_CARD,1260.41,SETTLED,2025-11-08 21:14:00,AUTH43411749
PAY0001615,ORD0001583,CREDIT_CARD,1142.51,SETTLED,2025-05-10 22:32:00,AUTH72438824
PAY0001616,ORD0001584,DEBIT_CARD,534.5,REFUNDED,2025-06-26 02:03:00,AUTH66698804
PAY0001617,ORD0001585,AFTERPAY,1279.69,DECLINED,2025-09-28 01:15:00,AUTH30482772
PAY0001618,ORD0001586,AFTERPAY,428.24,DECLINED,2025-11-27 12:48:00,AUTH14275128
PAY0001619,ORD0001587,DEBIT_CARD,1888.32,SETTLED,2025-11-15 05:21:00,AUTH18667056
PAY0001620,ORD0001588,GIFT_CARD,1709.81,SETTLED,2025-12-21 16:43:00,AUTH42415924
PAY0001621,ORD0001589,BANK_TRANSFER,1322.93,SETTLED,2025-05-14 02:29:00,AUTH77520689
PAY0001622,ORD0001590,BANK_TRANSFER,225.56,SETTLED,2025-11-01 12:27:00,AUTH52689129
PAY0001623,ORD0001591,PAYPAL,1245.02,SETTLED,2025-10-03 23:31:00,AUTH73245560
PAY0001624,ORD0001592,GIFT_CARD,1652.18,SETTLED,2025-08-23 01:34:00,AUTH23763928
PAY0001625,ORD0001593,PAYPAL,2139.81,REFUNDED,2025-08-12 17:05:00,AUTH87968193
PAY0001626,ORD0001594,BANK_TRANSFER,281.68,SETTLED,2025-05-24 04:37:00,AUTH48073674
PAY0001627,ORD0001595,CREDIT_CARD,173.81,SETTLED,2025-11-04 11:54:00,AUTH51071907
PAY0001628,ORD0001596,PAYPAL,412.26,SETTLED,2025-12-18 03:55:00,AUTH18558835
PAY0001629,ORD0001597,DEBIT_CARD,654.72,SETTLED,2025-07-10 07:33:00,AUTH28685662
PAY0001630,ORD0001598,AFTERPAY,1082.29,REFUNDED,2025-10-28 03:54:00,AUTH98132750
PAY0001631,ORD0001599,GIFT_CARD,991.9,SETTLED,2025-11-23 03:09:00,AUTH18785162
PAY0001632,ORD0001600,DEBIT_CARD,331.48,SETTLED,2025-06-14 01:38:00,AUTH78729993
PAY0001633,ORD0001601,GIFT_CARD,1148.11,SETTLED,2025-12-01 01:35:00,AUTH72022989
PAY0001634,ORD0001602,CREDIT_CARD,746.92,SETTLED,2025-07-06 00:40:00,AUTH65182625
PAY0001635,ORD0001603,DEBIT_CARD,1185.56,SETTLED,2025-06-23 04:12:00,AUTH48362506
PAY0001636,ORD0001604,DEBIT_CARD,550.43,SETTLED,2025-06-24 15:31:00,AUTH42154193
PAY0001637,ORD0001605,GIFT_CARD,2329.19,SETTLED,2025-07-26 17:30:00,AUTH19650762
PAY0001638,ORD0001606,DEBIT_CARD,753.75,SETTLED,2025-06-24 16:49:00,AUTH74572113
PAY0001639,ORD0001607,BANK_TRANSFER,1881.53,SETTLED,2025-09-27 12:03:00,AUTH55281610
PAY0001640,ORD0001608,GIFT_CARD,263.18,DECLINED,2025-09-08 21:57:00,AUTH11581661
PAY0001641,ORD0001609,CREDIT_CARD,559.11,SETTLED,2025-10-10 03:42:00,AUTH94983203
PAY0001642,ORD0001610,PAYPAL,2149.58,SETTLED,2025-11-07 10:53:00,AUTH71385505
PAY0001643,ORD0001611,CREDIT_CARD,1036.7,SETTLED,2025-05-20 03:49:00,AUTH15928802
PAY0001644,ORD0001612,DEBIT_CARD,2036.14,SETTLED,2025-08-06 07:15:00,AUTH58726465
PAY0001645,ORD0001613,AFTERPAY,706.18,SETTLED,2025-09-03 08:42:00,AUTH46404076
PAY0001646,ORD0001614,AFTERPAY,520.38,SETTLED,2025-10-01 04:48:00,AUTH60047280
PAY0001647,ORD0001615,DEBIT_CARD,732.17,SETTLED,2025-07-24 05:40:00,AUTH31585981
PAY0001648,ORD0001616,BANK_TRANSFER,759.93,SETTLED,2025-12-04 13:50:00,AUTH85848249
PAY0001649,ORD0001617,PAYPAL,1409.85,SETTLED,2025-08-24 17:00:00,AUTH68289994
PAY0001650,ORD0001618,CREDIT_CARD,1482.0,DECLINED,2025-09-02 07:55:00,AUTH77102906
PAY0001651,ORD0001619,DEBIT_CARD,684.53,SETTLED,2025-12-14 19:16:00,AUTH53647560
PAY0001652,ORD0001620,BANK_TRANSFER,2336.28,SETTLED,2025-09-01 11:15:00,AUTH78330952
PAY0001653,ORD0001621,BANK_TRANSFER,982.93,REFUNDED,2025-06-22 18:45:00,AUTH84359925
PAY0001654,ORD0001622,CREDIT_CARD,2388.8,SETTLED,2025-10-26 16:55:00,AUTH58124437
PAY0001655,ORD0001623,PAYPAL,1788.15,SETTLED,2025-12-09 08:48:00,AUTH65235727
PAY0001656,ORD0001624,PAYPAL,1583.21,SETTLED,2025-09-28 08:29:00,AUTH34844532
PAY0001657,ORD0001625,CREDIT_CARD,655.85,SETTLED,2025-09-24 21:58:00,AUTH71466904
PAY0001658,ORD0001626,BANK_TRANSFER,1372.78,SETTLED,2025-11-21 20:11:00,AUTH11546213
PAY0001659,ORD0001627,CREDIT_CARD,1100.16,SETTLED,2025-11-24 22:00:00,AUTH45359778
PAY0001660,ORD0001628,AFTERPAY,510.51,REFUNDED,2025-12-01 13:53:00,AUTH43139968
PAY0001661,ORD0001629,AFTERPAY,427.94,SETTLED,2025-08-02 19:26:00,AUTH37683048
PAY0001662,ORD0001630,GIFT_CARD,415.08,SETTLED,2025-10-31 12:51:00,AUTH65128448
PAY0001663,ORD0001631,DEBIT_CARD,817.55,SETTLED,2025-10-09 05:50:00,AUTH25503037
PAY0001664,ORD0001632,GIFT_CARD,342.62,SETTLED,2025-05-21 01:02:00,AUTH81166507
PAY0001665,ORD0001633,DEBIT_CARD,157.43,SETTLED,2025-05-30 09:26:00,AUTH63807434
PAY0001666,ORD0001634,CREDIT_CARD,1615.57,DECLINED,2025-11-27 18:53:00,AUTH15640174
PAY0001667,ORD0001635,PAYPAL,867.79,SETTLED,2025-05-29 15:32:00,AUTH94508439
PAY0001668,ORD0001636,AFTERPAY,751.17,SETTLED,2025-07-06 05:17:00,AUTH19291783
PAY0001669,ORD0001637,BANK_TRANSFER,1391.71,SETTLED,2025-05-07 09:59:00,AUTH70429582
PAY0001670,ORD0001638,PAYPAL,115.18,SETTLED,2025-07-01 02:54:00,AUTH89859752
PAY0001671,ORD0001639,PAYPAL,127.22,REFUNDED,2025-07-02 08:22:00,AUTH10266042
PAY0001672,ORD0001640,CREDIT_CARD,347.36,SETTLED,2025-12-05 16:09:00,AUTH82601631
PAY0001673,ORD0001641,GIFT_CARD,929.16,SETTLED,2025-07-27 01:10:00,AUTH83624868
PAY0001674,ORD0001642,AFTERPAY,695.89,SETTLED,2025-05-12 21:12:00,AUTH94382160
PAY0001675,ORD0001643,AFTERPAY,761.44,SETTLED,2025-08-31 23:01:00,AUTH98691989
PAY0001676,ORD0001644,DEBIT_CARD,298.54,REFUNDED,2025-10-05 22:29:00,AUTH85778762
PAY0001677,ORD0001645,DEBIT_CARD,2260.78,SETTLED,2025-11-26 10:55:00,AUTH72572509
PAY0001678,ORD0001646,CREDIT_CARD,963.17,SETTLED,2025-07-28 06:50:00,AUTH40460033
PAY0001679,ORD0001647,DEBIT_CARD,144.53,DECLINED,2025-06-28 12:45:00,AUTH15368917
PAY0001680,ORD0001648,BANK_TRANSFER,24.61,DECLINED,2025-06-12 05:22:00,AUTH16597381
PAY0001681,ORD0001649,PAYPAL,11.37,SETTLED,2025-10-28 17:24:00,AUTH71694491
PAY0001682,ORD0001650,BANK_TRANSFER,1206.14,DECLINED,2025-11-26 19:32:00,AUTH58861592
PAY0001683,ORD0001651,PAYPAL,327.33,DECLINED,2025-07-10 14:12:00,AUTH48054249
PAY0001684,ORD0001652,GIFT_CARD,489.41,REFUNDED,2025-11-08 04:32:00,AUTH17054470
PAY0001685,ORD0001653,BANK_TRANSFER,1192.18,SETTLED,2025-08-15 09:13:00,AUTH76814066
PAY0001686,ORD0001654,DEBIT_CARD,1966.16,SETTLED,2025-06-21 16:25:00,AUTH57650316
PAY0001687,ORD0001655,PAYPAL,339.37,SETTLED,2025-06-15 04:49:00,AUTH32895583
PAY0001688,ORD0001656,DEBIT_CARD,2392.67,SETTLED,2025-06-19 23:18:00,AUTH10599113
PAY0001689,ORD0001657,PAYPAL,292.04,SETTLED,2025-08-22 12:10:00,AUTH69479715
PAY0001690,ORD0001658,CREDIT_CARD,1344.7,SETTLED,2025-06-10 04:08:00,AUTH56112709
PAY0001691,ORD0001659,PAYPAL,484.16,SETTLED,2025-11-29 10:24:00,AUTH35540396
PAY0001692,ORD0001660,GIFT_CARD,612.09,SETTLED,2025-12-09 10:04:00,AUTH19431526
PAY0001693,ORD0001661,BANK_TRANSFER,197.62,DECLINED,2025-08-17 21:04:00,AUTH79297561
PAY0001694,ORD0001662,CREDIT_CARD,325.88,SETTLED,2025-09-22 13:27:00,AUTH51066873
PAY0001695,ORD0001663,CREDIT_CARD,2325.28,SETTLED,2025-09-13 02:44:00,AUTH90714705
PAY0001696,ORD0001664,DEBIT_CARD,1553.37,SETTLED,2025-05-22 05:45:00,AUTH89852827
PAY0001697,ORD0001665,AFTERPAY,144.87,SETTLED,2025-09-05 06:45:00,AUTH73409545
PAY0001698,ORD0001666,GIFT_CARD,152.21,SETTLED,2025-10-30 10:15:00,AUTH16171123
PAY0001699,ORD0001667,BANK_TRANSFER,1326.3,SETTLED,2025-09-20 07:57:00,AUTH24523618
PAY0001700,ORD0001668,AFTERPAY,2362.86,SETTLED,2025-07-11 11:55:00,AUTH76165941
PAY0001701,ORD0001669,DEBIT_CARD,325.23,SETTLED,2025-05-07 14:46:00,AUTH43923079
PAY0001702,ORD0001670,DEBIT_CARD,2288.6,SETTLED,2025-06-17 04:38:00,AUTH74609653
PAY0001703,ORD0001671,PAYPAL,1718.23,SETTLED,2025-10-17 07:35:00,AUTH64264395
PAY0001704,ORD0001672,GIFT_CARD,797.39,SETTLED,2025-08-18 04:10:00,AUTH56948253
PAY0001705,ORD0001673,GIFT_CARD,914.69,SETTLED,2025-08-21 06:24:00,AUTH72548732
PAY0001706,ORD0001674,BANK_TRANSFER,1024.81,SETTLED,2025-10-31 19:00:00,AUTH74311728
PAY0001707,ORD0001675,AFTERPAY,1178.2,DECLINED,2025-08-28 02:12:00,AUTH38378584
PAY0001708,ORD0001675,AFTERPAY,2051.66,SETTLED,2025-08-02 16:18:00,AUTH88792361
PAY0001709,ORD0001676,PAYPAL,715.23,DECLINED,2025-08-30 21:04:00,AUTH20557433
PAY0001710,ORD0001677,DEBIT_CARD,952.93,SETTLED,2025-11-28 05:21:00,AUTH55797978
PAY0001711,ORD0001678,CREDIT_CARD,1321.63,DECLINED,2025-05-27 10:18:00,AUTH30170779
PAY0001712,ORD0001679,PAYPAL,942.63,SETTLED,2025-12-19 00:32:00,AUTH48556349
PAY0001713,ORD0001680,DEBIT_CARD,1096.41,SETTLED,2025-10-11 18:20:00,AUTH16747245
PAY0001714,ORD0001681,DEBIT_CARD,1063.97,SETTLED,2025-06-15 01:41:00,AUTH30827891
PAY0001715,ORD0001682,DEBIT_CARD,2033.16,REFUNDED,2025-05-27 12:21:00,AUTH26295376
PAY0001716,ORD0001683,DEBIT_CARD,522.76,SETTLED,2025-11-21 21:02:00,AUTH53848529
PAY0001717,ORD0001684,PAYPAL,530.38,SETTLED,2025-10-14 15:57:00,AUTH18983937
PAY0001718,ORD0001685,GIFT_CARD,1913.15,SETTLED,2025-10-30 03:52:00,AUTH22930665
PAY0001719,ORD0001686,CREDIT_CARD,2089.14,DECLINED,2025-11-16 01:39:00,AUTH69605899
PAY0001720,ORD0001687,AFTERPAY,810.96,SETTLED,2025-12-19 11:49:00,AUTH82168843
PAY0001721,ORD0001688,GIFT_CARD,2284.05,SETTLED,2025-07-04 15:49:00,AUTH10440737
PAY0001722,ORD0001689,CREDIT_CARD,1317.79,SETTLED,2025-11-12 20:49:00,AUTH72928003
PAY0001723,ORD0001690,BANK_TRANSFER,206.5,SETTLED,2025-06-04 17:38:00,AUTH95503409
PAY0001724,ORD0001691,GIFT_CARD,2133.35,SETTLED,2025-07-26 04:49:00,AUTH95157341
PAY0001725,ORD0001692,DEBIT_CARD,1213.69,SETTLED,2025-06-25 13:41:00,AUTH75349896
PAY0001726,ORD0001693,DEBIT_CARD,1744.81,SETTLED,2025-12-25 02:49:00,AUTH24495113
PAY0001727,ORD0001694,CREDIT_CARD,142.25,SETTLED,2025-07-10 14:55:00,AUTH22567310
PAY0001728,ORD0001695,GIFT_CARD,1169.97,SETTLED,2025-05-30 21:53:00,AUTH36909483
PAY0001729,ORD0001695,AFTERPAY,2173.81,SETTLED,2025-12-21 16:41:00,AUTH82084916
PAY0001730,ORD0001696,AFTERPAY,1975.53,SETTLED,2025-11-17 14:06:00,AUTH72516296
PAY0001731,ORD0001697,PAYPAL,1957.46,SETTLED,2025-08-06 18:41:00,AUTH52979926
PAY0001732,ORD0001698,CREDIT_CARD,171.28,SETTLED,2025-10-01 20:38:00,AUTH13502168
PAY0001733,ORD0001699,CREDIT_CARD,225.8,SETTLED,2025-08-17 15:00:00,AUTH45968853
PAY0001734,ORD0001700,BANK_TRANSFER,2254.31,REFUNDED,2025-10-02 15:36:00,AUTH75722616
PAY0001735,ORD0001701,DEBIT_CARD,2020.94,SETTLED,2025-12-09 23:41:00,AUTH98013312
PAY0001736,ORD0001702,GIFT_CARD,1321.37,SETTLED,2025-10-24 04:15:00,AUTH23891799
PAY0001737,ORD0001702,DEBIT_CARD,207.74,SETTLED,2025-07-10 03:17:00,AUTH94410412
PAY0001738,ORD0001703,BANK_TRANSFER,1631.38,SETTLED,2025-07-08 19:41:00,AUTH72128538
PAY0001739,ORD0001704,CREDIT_CARD,2326.27,SETTLED,2025-07-22 12:22:00,AUTH49061794
PAY0001740,ORD0001705,GIFT_CARD,142.26,SETTLED,2025-09-16 14:31:00,AUTH41861961
PAY0001741,ORD0001706,AFTERPAY,1263.6,SETTLED,2025-11-09 03:21:00,AUTH85990734
PAY0001742,ORD0001707,GIFT_CARD,2298.98,SETTLED,2025-07-08 00:31:00,AUTH87395223
PAY0001743,ORD0001708,BANK_TRANSFER,1261.86,DECLINED,2025-12-27 11:35:00,AUTH39287477
PAY0001744,ORD0001709,PAYPAL,1990.93,SETTLED,2025-07-25 15:47:00,AUTH49621384
PAY0001745,ORD0001710,DEBIT_CARD,88.06,SETTLED,2025-08-28 02:06:00,AUTH27495347
PAY0001746,ORD0001711,GIFT_CARD,943.35,SETTLED,2025-07-31 19:11:00,AUTH59841558
PAY0001747,ORD0001712,BANK_TRANSFER,1118.19,SETTLED,2025-07-09 04:34:00,AUTH49853082
PAY0001748,ORD0001713,CREDIT_CARD,1785.43,SETTLED,2025-07-16 08:55:00,AUTH40905372
PAY0001749,ORD0001714,CREDIT_CARD,1022.13,DECLINED,2025-05-19 07:10:00,AUTH80879733
PAY0001750,ORD0001715,AFTERPAY,1132.22,SETTLED,2025-10-28 08:56:00,AUTH14900760
PAY0001751,ORD0001716,DEBIT_CARD,956.64,SETTLED,2025-08-22 15:17:00,AUTH42588061
PAY0001752,ORD0001717,CREDIT_CARD,2208.71,SETTLED,2025-08-24 21:01:00,AUTH17999703
PAY0001753,ORD0001718,AFTERPAY,914.44,SETTLED,2025-10-12 19:07:00,AUTH36967979
PAY0001754,ORD0001719,BANK_TRANSFER,655.32,SETTLED,2025-07-09 08:45:00,AUTH70309411
PAY0001755,ORD0001720,GIFT_CARD,632.1,SETTLED,2025-08-26 16:04:00,AUTH82996992
PAY0001756,ORD0001721,AFTERPAY,1756.22,SETTLED,2025-10-23 13:00:00,AUTH64941944
PAY0001757,ORD0001722,AFTERPAY,2014.49,DECLINED,2025-10-05 16:34:00,AUTH78999501
PAY0001758,ORD0001723,BANK_TRANSFER,2354.66,SETTLED,2025-11-27 18:45:00,AUTH10882896
PAY0001759,ORD0001724,BANK_TRANSFER,1099.36,DECLINED,2025-12-22 23:19:00,AUTH64235433
PAY0001760,ORD0001725,DEBIT_CARD,315.88,SETTLED,2025-06-03 12:56:00,AUTH29521730
PAY0001761,ORD0001726,CREDIT_CARD,1623.59,DECLINED,2025-09-17 03:01:00,AUTH17103103
PAY0001762,ORD0001727,AFTERPAY,1307.06,REFUNDED,2025-08-23 03:11:00,AUTH63445657
PAY0001763,ORD0001728,CREDIT_CARD,632.61,SETTLED,2025-10-14 12:31:00,AUTH91679585
PAY0001764,ORD0001729,DEBIT_CARD,839.97,SETTLED,2025-05-21 03:38:00,AUTH35756707
PAY0001765,ORD0001730,GIFT_CARD,137.2,SETTLED,2025-07-14 11:50:00,AUTH85192029
PAY0001766,ORD0001731,CREDIT_CARD,2233.21,REFUNDED,2025-06-21 23:59:00,AUTH12566541
PAY0001767,ORD0001732,PAYPAL,865.91,SETTLED,2025-11-17 18:23:00,AUTH59053526
PAY0001768,ORD0001733,AFTERPAY,714.01,SETTLED,2025-07-28 08:44:00,AUTH77613573
PAY0001769,ORD0001734,BANK_TRANSFER,2229.09,SETTLED,2025-08-27 00:21:00,AUTH12718564
PAY0001770,ORD0001735,GIFT_CARD,2123.56,REFUNDED,2025-06-26 18:37:00,AUTH88456592
PAY0001771,ORD0001736,AFTERPAY,523.81,SETTLED,2025-11-18 09:35:00,AUTH44576214
PAY0001772,ORD0001737,GIFT_CARD,2111.98,SETTLED,2025-06-01 06:00:00,AUTH67897011
PAY0001773,ORD0001738,BANK_TRANSFER,1006.43,SETTLED,2025-08-30 09:56:00,AUTH82338483
PAY0001774,ORD0001739,CREDIT_CARD,707.15,SETTLED,2025-12-26 06:04:00,AUTH35710339
PAY0001775,ORD0001740,CREDIT_CARD,576.64,SETTLED,2025-10-25 22:56:00,AUTH28596845
PAY0001776,ORD0001741,BANK_TRANSFER,1026.65,SETTLED,2025-06-18 16:51:00,AUTH94827666
PAY0001777,ORD0001742,AFTERPAY,1080.42,DECLINED,2025-08-17 12:26:00,AUTH42248073
PAY0001778,ORD0001743,AFTERPAY,858.49,SETTLED,2025-12-27 22:52:00,AUTH92921806
PAY0001779,ORD0001744,GIFT_CARD,1812.3,SETTLED,2025-12-21 19:47:00,AUTH91131182
PAY0001780,ORD0001745,GIFT_CARD,1491.03,SETTLED,2025-12-11 19:44:00,AUTH93296385
PAY0001781,ORD0001746,DEBIT_CARD,2147.66,SETTLED,2025-07-16 22:12:00,AUTH85300714
PAY0001782,ORD0001747,BANK_TRANSFER,1600.13,SETTLED,2025-09-17 20:34:00,AUTH65054481
PAY0001783,ORD0001748,DEBIT_CARD,1385.96,DECLINED,2025-05-31 08:05:00,AUTH11748271
PAY0001784,ORD0001749,BANK_TRANSFER,1759.92,SETTLED,2025-11-22 10:44:00,AUTH77334117
PAY0001785,ORD0001750,PAYPAL,432.45,SETTLED,2025-09-12 11:13:00,AUTH81214304
PAY0001786,ORD0001751,PAYPAL,1573.48,DECLINED,2025-09-28 00:58:00,AUTH20984904
PAY0001787,ORD0001752,GIFT_CARD,1688.68,SETTLED,2025-11-29 13:52:00,AUTH61964459
PAY0001788,ORD0001753,BANK_TRANSFER,2013.64,SETTLED,2025-08-07 13:03:00,AUTH18817509
PAY0001789,ORD0001754,GIFT_CARD,979.09,SETTLED,2025-11-18 20:53:00,AUTH28319256
PAY0001790,ORD0001755,BANK_TRANSFER,1505.91,REFUNDED,2025-08-03 01:16:00,AUTH89563320
PAY0001791,ORD0001756,DEBIT_CARD,494.3,SETTLED,2025-07-01 17:41:00,AUTH82856070
PAY0001792,ORD0001757,PAYPAL,854.88,SETTLED,2025-07-11 02:41:00,AUTH96303205
PAY0001793,ORD0001758,CREDIT_CARD,1642.54,SETTLED,2025-07-21 18:27:00,AUTH46343948
PAY0001794,ORD0001759,BANK_TRANSFER,1331.92,SETTLED,2025-07-31 01:11:00,AUTH53687801
PAY0001795,ORD0001760,AFTERPAY,2147.19,SETTLED,2025-07-30 12:11:00,AUTH59080755
PAY0001796,ORD0001761,DEBIT_CARD,2181.42,SETTLED,2025-12-05 20:01:00,AUTH92278992
PAY0001797,ORD0001762,AFTERPAY,877.85,SETTLED,2025-05-23 18:56:00,AUTH56924062
PAY0001798,ORD0001763,PAYPAL,728.13,SETTLED,2025-08-07 07:47:00,AUTH11182125
PAY0001799,ORD0001764,GIFT_CARD,2280.54,SETTLED,2025-05-31 02:11:00,AUTH91303065
PAY0001800,ORD0001765,GIFT_CARD,2005.92,SETTLED,2025-09-24 12:39:00,AUTH78355651
PAY0001801,ORD0001766,DEBIT_CARD,483.67,SETTLED,2025-08-04 12:38:00,AUTH29224117
PAY0001802,ORD0001767,BANK_TRANSFER,657.18,SETTLED,2025-06-07 01:58:00,AUTH44083138
PAY0001803,ORD0001768,PAYPAL,581.04,SETTLED,2025-05-27 20:19:00,AUTH60398761
PAY0001804,ORD0001769,DEBIT_CARD,1755.51,SETTLED,2025-08-31 15:00:00,AUTH15509738
PAY0001805,ORD0001770,BANK_TRANSFER,1433.16,DECLINED,2025-07-23 15:30:00,AUTH22087107
PAY0001806,ORD0001771,AFTERPAY,2160.8,SETTLED,2025-08-14 23:49:00,AUTH43896660
PAY0001807,ORD0001772,PAYPAL,307.36,SETTLED,2025-11-14 22:49:00,AUTH95221050
PAY0001808,ORD0001773,CREDIT_CARD,155.91,SETTLED,2025-06-23 05:59:00,AUTH36032670
PAY0001809,ORD0001774,GIFT_CARD,2065.56,SETTLED,2025-12-13 08:55:00,AUTH44839576
PAY0001810,ORD0001775,GIFT_CARD,2186.39,SETTLED,2025-10-18 08:22:00,AUTH72025914
PAY0001811,ORD0001776,GIFT_CARD,1986.47,SETTLED,2025-05-24 23:07:00,AUTH44881161
PAY0001812,ORD0001777,BANK_TRANSFER,2057.31,SETTLED,2025-09-27 06:24:00,AUTH92628311
PAY0001813,ORD0001778,CREDIT_CARD,2327.16,SETTLED,2025-11-30 04:38:00,AUTH74396707
PAY0001814,ORD0001779,DEBIT_CARD,19.24,SETTLED,2025-08-13 14:11:00,AUTH12771494
PAY0001815,ORD0001780,PAYPAL,409.86,SETTLED,2025-08-24 01:12:00,AUTH23957160
PAY0001816,ORD0001781,AFTERPAY,700.42,SETTLED,2025-10-01 04:11:00,AUTH66495438
PAY0001817,ORD0001782,PAYPAL,1272.24,SETTLED,2025-08-15 02:59:00,AUTH79615264
PAY0001818,ORD0001783,CREDIT_CARD,1971.37,SETTLED,2025-09-18 03:09:00,AUTH28803308
PAY0001819,ORD0001784,GIFT_CARD,1981.4,SETTLED,2025-10-04 03:56:00,AUTH24879684
PAY0001820,ORD0001785,BANK_TRANSFER,982.26,SETTLED,2025-11-04 18:29:00,AUTH91208394
PAY0001821,ORD0001786,PAYPAL,1760.42,SETTLED,2025-11-18 22:13:00,AUTH18220815
PAY0001822,ORD0001787,DEBIT_CARD,36.39,DECLINED,2025-05-20 17:01:00,AUTH56472039
PAY0001823,ORD0001788,CREDIT_CARD,2209.9,SETTLED,2025-08-16 06:21:00,AUTH40876385
PAY0001824,ORD0001789,PAYPAL,428.0,SETTLED,2025-08-12 17:31:00,AUTH19282827
PAY0001825,ORD0001790,GIFT_CARD,1507.97,REFUNDED,2025-12-26 13:07:00,AUTH87843654
PAY0001826,ORD0001791,CREDIT_CARD,343.93,SETTLED,2025-07-17 20:04:00,AUTH97836359
PAY0001827,ORD0001792,CREDIT_CARD,1789.32,SETTLED,2025-10-16 12:01:00,AUTH75043176
PAY0001828,ORD0001793,BANK_TRANSFER,98.13,SETTLED,2025-08-20 01:27:00,AUTH63538406
PAY0001829,ORD0001794,AFTERPAY,180.24,SETTLED,2025-11-20 00:38:00,AUTH56752071
PAY0001830,ORD0001795,DEBIT_CARD,2053.53,SETTLED,2025-05-14 17:34:00,AUTH29045536
PAY0001831,ORD0001795,AFTERPAY,1385.7,SETTLED,2025-11-26 23:55:00,AUTH94191323
PAY0001832,ORD0001796,CREDIT_CARD,1118.58,SETTLED,2025-07-02 15:40:00,AUTH19555706
PAY0001833,ORD0001797,BANK_TRANSFER,1844.9,REFUNDED,2025-08-24 15:03:00,AUTH26658231
PAY0001834,ORD0001798,BANK_TRANSFER,1741.39,SETTLED,2025-08-11 22:25:00,AUTH44226941
PAY0001835,ORD0001799,PAYPAL,1838.08,SETTLED,2025-06-27 13:52:00,AUTH97296184
PAY0001836,ORD0001800,GIFT_CARD,2339.47,SETTLED,2025-10-31 09:05:00,AUTH25080054
PAY0001837,ORD0001801,GIFT_CARD,1606.84,SETTLED,2025-10-28 23:25:00,AUTH46606459
PAY0001838,ORD0001802,PAYPAL,1462.42,SETTLED,2025-06-25 08:03:00,AUTH77516860
PAY0001839,ORD0001803,CREDIT_CARD,1218.01,SETTLED,2025-10-08 19:01:00,AUTH68967185
PAY0001840,ORD0001804,BANK_TRANSFER,2292.37,REFUNDED,2025-10-21 23:03:00,AUTH31779328
PAY0001841,ORD0001805,BANK_TRANSFER,694.9,REFUNDED,2025-12-15 12:15:00,AUTH32266474
PAY0001842,ORD0001806,DEBIT_CARD,757.94,SETTLED,2025-11-30 18:53:00,AUTH88101432
PAY0001843,ORD0001807,BANK_TRANSFER,707.27,SETTLED,2025-06-22 03:52:00,AUTH80315845
PAY0001844,ORD0001808,PAYPAL,1691.81,SETTLED,2025-11-04 04:10:00,AUTH32193831
PAY0001845,ORD0001809,BANK_TRANSFER,1497.78,SETTLED,2025-10-15 21:20:00,AUTH53909063
PAY0001846,ORD0001810,DEBIT_CARD,1588.62,SETTLED,2025-10-30 13:55:00,AUTH14091108
PAY0001847,ORD0001811,DEBIT_CARD,1599.2,DECLINED,2025-06-21 04:12:00,AUTH46664285
PAY0001848,ORD0001812,DEBIT_CARD,1792.3,SETTLED,2025-06-15 09:02:00,AUTH87519493
PAY0001849,ORD0001813,PAYPAL,1050.3,SETTLED,2025-08-15 15:39:00,AUTH20799634
PAY0001850,ORD0001814,PAYPAL,944.58,SETTLED,2025-07-23 05:23:00,AUTH70844435
PAY0001851,ORD0001815,BANK_TRANSFER,169.38,SETTLED,2025-08-06 15:58:00,AUTH29184318
PAY0001852,ORD0001816,CREDIT_CARD,2336.41,SETTLED,2025-08-18 07:57:00,AUTH14839085
PAY0001853,ORD0001817,AFTERPAY,1222.41,SETTLED,2025-12-02 05:18:00,AUTH11023985
PAY0001854,ORD0001818,PAYPAL,2245.86,SETTLED,2025-12-02 21:10:00,AUTH10271192
PAY0001855,ORD0001819,PAYPAL,1259.94,SETTLED,2025-05-06 04:04:00,AUTH89549154
PAY0001856,ORD0001820,DEBIT_CARD,1533.11,SETTLED,2025-06-06 18:40:00,AUTH84657488
PAY0001857,ORD0001821,GIFT_CARD,525.34,SETTLED,2025-12-15 14:55:00,AUTH50537494
PAY0001858,ORD0001822,AFTERPAY,1502.47,SETTLED,2025-10-02 04:48:00,AUTH47767456
PAY0001859,ORD0001823,DEBIT_CARD,1592.63,SETTLED,2025-09-18 02:54:00,AUTH55054265
PAY0001860,ORD0001824,GIFT_CARD,943.47,DECLINED,2025-11-24 00:02:00,AUTH46223149
PAY0001861,ORD0001825,CREDIT_CARD,380.52,DECLINED,2025-05-29 07:19:00,AUTH14374576
PAY0001862,ORD0001826,BANK_TRANSFER,2217.73,SETTLED,2025-12-13 20:46:00,AUTH47798103
PAY0001863,ORD0001827,AFTERPAY,2091.02,SETTLED,2025-10-04 15:32:00,AUTH47268739
PAY0001864,ORD0001828,BANK_TRANSFER,1758.44,SETTLED,2025-05-27 23:00:00,AUTH29660749
PAY0001865,ORD0001829,BANK_TRANSFER,1458.62,SETTLED,2025-08-13 17:10:00,AUTH64620918
PAY0001866,ORD0001830,BANK_TRANSFER,2043.44,SETTLED,2025-05-10 07:54:00,AUTH39417223
PAY0001867,ORD0001831,CREDIT_CARD,2315.17,SETTLED,2025-09-18 04:32:00,AUTH50025697
PAY0001868,ORD0001832,PAYPAL,925.68,SETTLED,2025-06-03 09:13:00,AUTH89327657
PAY0001869,ORD0001833,GIFT_CARD,191.53,SETTLED,2025-11-01 12:52:00,AUTH94931870
PAY0001870,ORD0001834,DEBIT_CARD,1190.61,SETTLED,2025-12-13 08:48:00,AUTH79090599
PAY0001871,ORD0001835,PAYPAL,589.38,DECLINED,2025-11-19 07:20:00,AUTH63741809
PAY0001872,ORD0001836,CREDIT_CARD,2320.51,SETTLED,2025-06-23 15:16:00,AUTH42301114
PAY0001873,ORD0001837,PAYPAL,1720.66,SETTLED,2025-09-14 16:16:00,AUTH97654264
PAY0001874,ORD0001838,GIFT_CARD,1315.2,SETTLED,2025-06-24 05:33:00,AUTH58215469
PAY0001875,ORD0001839,BANK_TRANSFER,987.72,SETTLED,2025-12-04 20:17:00,AUTH89843615
PAY0001876,ORD0001840,AFTERPAY,1649.68,SETTLED,2025-12-14 04:30:00,AUTH92565422
PAY0001877,ORD0001841,AFTERPAY,513.2,SETTLED,2025-12-25 20:49:00,AUTH64567460
PAY0001878,ORD0001842,CREDIT_CARD,145.98,SETTLED,2025-10-03 12:24:00,AUTH63839979
PAY0001879,ORD0001843,CREDIT_CARD,663.51,REFUNDED,2025-08-06 06:25:00,AUTH95936989
PAY0001880,ORD0001844,DEBIT_CARD,1310.63,SETTLED,2025-09-09 08:41:00,AUTH83226020
PAY0001881,ORD0001845,AFTERPAY,1101.25,REFUNDED,2025-12-02 11:58:00,AUTH58361081
PAY0001882,ORD0001845,PAYPAL,524.17,SETTLED,2026-01-01 17:38:00,AUTH35581201
PAY0001883,ORD0001846,CREDIT_CARD,652.32,SETTLED,2025-09-05 14:11:00,AUTH80799526
PAY0001884,ORD0001847,AFTERPAY,471.1,REFUNDED,2025-11-04 07:28:00,AUTH40665382
PAY0001885,ORD0001847,GIFT_CARD,764.82,SETTLED,2025-08-10 21:37:00,AUTH68703984
PAY0001886,ORD0001848,GIFT_CARD,511.66,REFUNDED,2025-12-09 23:41:00,AUTH57502099
PAY0001887,ORD0001849,BANK_TRANSFER,710.02,DECLINED,2025-06-30 01:00:00,AUTH46910647
PAY0001888,ORD0001850,DEBIT_CARD,1175.85,REFUNDED,2025-12-18 21:49:00,AUTH85523947
PAY0001889,ORD0001851,BANK_TRANSFER,1340.62,DECLINED,2025-08-09 03:34:00,AUTH73131473
PAY0001890,ORD0001852,DEBIT_CARD,714.58,SETTLED,2025-12-31 15:16:00,AUTH27666260
PAY0001891,ORD0001853,AFTERPAY,398.73,DECLINED,2025-11-21 04:10:00,AUTH76184008
PAY0001892,ORD0001854,CREDIT_CARD,1359.0,SETTLED,2025-09-04 06:55:00,AUTH22708621
PAY0001893,ORD0001855,AFTERPAY,246.7,SETTLED,2025-07-28 04:57:00,AUTH89235184
PAY0001894,ORD0001856,DEBIT_CARD,830.07,SETTLED,2025-07-16 14:06:00,AUTH27062455
PAY0001895,ORD0001857,GIFT_CARD,2008.77,SETTLED,2025-06-15 20:55:00,AUTH69585636
PAY0001896,ORD0001858,DEBIT_CARD,953.66,SETTLED,2025-06-22 19:01:00,AUTH63805515
PAY0001897,ORD0001859,CREDIT_CARD,428.72,SETTLED,2025-05-12 05:17:00,AUTH90970597
PAY0001898,ORD0001860,AFTERPAY,1873.96,SETTLED,2025-12-20 16:27:00,AUTH36981111
PAY0001899,ORD0001861,GIFT_CARD,329.79,SETTLED,2025-12-27 19:48:00,AUTH17119308
PAY0001900,ORD0001862,PAYPAL,1317.4,DECLINED,2025-10-15 06:11:00,AUTH61898968
PAY0001901,ORD0001863,BANK_TRANSFER,712.63,SETTLED,2025-06-10 21:05:00,AUTH82917732
PAY0001902,ORD0001864,CREDIT_CARD,1372.93,SETTLED,2025-09-24 12:53:00,AUTH16577618
PAY0001903,ORD0001865,DEBIT_CARD,558.9,SETTLED,2025-09-09 13:21:00,AUTH67062933
PAY0001904,ORD0001866,DEBIT_CARD,571.09,SETTLED,2025-10-05 08:32:00,AUTH11475933
PAY0001905,ORD0001867,PAYPAL,1697.32,SETTLED,2025-12-13 08:16:00,AUTH35673463
PAY0001906,ORD0001868,DEBIT_CARD,180.95,SETTLED,2025-12-03 05:36:00,AUTH39766369
PAY0001907,ORD0001869,AFTERPAY,1253.26,SETTLED,2025-09-08 10:16:00,AUTH86354598
PAY0001908,ORD0001870,BANK_TRANSFER,1079.94,SETTLED,2025-09-24 02:55:00,AUTH43484873
PAY0001909,ORD0001871,BANK_TRANSFER,597.11,SETTLED,2025-08-03 10:28:00,AUTH51947808
PAY0001910,ORD0001872,BANK_TRANSFER,392.35,SETTLED,2025-08-01 23:35:00,AUTH65753692
PAY0001911,ORD0001873,PAYPAL,578.0,SETTLED,2025-10-21 18:35:00,AUTH75294907
PAY0001912,ORD0001874,AFTERPAY,1851.36,SETTLED,2025-12-09 13:40:00,AUTH34800947
PAY0001913,ORD0001875,DEBIT_CARD,1778.85,SETTLED,2025-12-28 10:21:00,AUTH88159511
PAY0001914,ORD0001876,BANK_TRANSFER,241.22,DECLINED,2025-06-22 03:48:00,AUTH90130683
PAY0001915,ORD0001877,DEBIT_CARD,641.56,SETTLED,2025-12-08 19:20:00,AUTH86279645
PAY0001916,ORD0001878,DEBIT_CARD,1254.57,DECLINED,2025-11-28 13:45:00,AUTH74114723
PAY0001917,ORD0001879,CREDIT_CARD,2209.94,SETTLED,2025-08-09 15:21:00,AUTH11361320
PAY0001918,ORD0001880,DEBIT_CARD,2057.77,SETTLED,2025-11-22 21:17:00,AUTH75259640
PAY0001919,ORD0001881,PAYPAL,1560.74,DECLINED,2025-10-12 10:10:00,AUTH69350472
PAY0001920,ORD0001882,AFTERPAY,1128.23,SETTLED,2025-05-13 08:10:00,AUTH49624967
PAY0001921,ORD0001883,DEBIT_CARD,1410.88,SETTLED,2025-11-22 01:10:00,AUTH95326694
PAY0001922,ORD0001884,CREDIT_CARD,2090.87,SETTLED,2025-11-15 21:59:00,AUTH65193205
PAY0001923,ORD0001885,BANK_TRANSFER,668.05,DECLINED,2025-08-03 02:01:00,AUTH92245668
PAY0001924,ORD0001886,PAYPAL,1104.68,SETTLED,2025-08-24 15:14:00,AUTH31940364
PAY0001925,ORD0001887,BANK_TRANSFER,1749.71,DECLINED,2025-10-20 04:34:00,AUTH62788887
PAY0001926,ORD0001888,PAYPAL,2015.27,REFUNDED,2025-07-12 13:40:00,AUTH17203558
PAY0001927,ORD0001889,GIFT_CARD,1631.77,DECLINED,2025-12-26 05:54:00,AUTH92786681
PAY0001928,ORD0001890,PAYPAL,556.89,SETTLED,2025-09-15 23:24:00,AUTH13984490
PAY0001929,ORD0001891,PAYPAL,1915.17,REFUNDED,2025-09-05 05:20:00,AUTH13970196
PAY0001930,ORD0001892,DEBIT_CARD,142.13,SETTLED,2025-05-15 06:53:00,AUTH55961100
PAY0001931,ORD0001893,GIFT_CARD,661.9,SETTLED,2025-06-02 01:16:00,AUTH70318026
PAY0001932,ORD0001894,AFTERPAY,301.04,SETTLED,2025-11-11 04:22:00,AUTH38300662
PAY0001933,ORD0001895,PAYPAL,2362.64,SETTLED,2025-07-20 09:34:00,AUTH53042433
PAY0001934,ORD0001896,BANK_TRANSFER,966.95,SETTLED,2025-11-25 01:01:00,AUTH31219872
PAY0001935,ORD0001897,GIFT_CARD,1922.73,SETTLED,2025-11-03 08:36:00,AUTH53812058
PAY0001936,ORD0001898,BANK_TRANSFER,978.68,SETTLED,2025-07-06 10:35:00,AUTH73916561
PAY0001937,ORD0001898,PAYPAL,2034.08,SETTLED,2025-08-23 03:20:00,AUTH98727892
PAY0001938,ORD0001899,PAYPAL,454.0,SETTLED,2025-08-04 21:05:00,AUTH37981306
PAY0001939,ORD0001900,DEBIT_CARD,1348.09,REFUNDED,2025-08-12 00:22:00,AUTH52053020
PAY0001940,ORD0001901,DEBIT_CARD,2390.28,REFUNDED,2025-06-03 12:04:00,AUTH19557980
PAY0001941,ORD0001902,AFTERPAY,1035.71,SETTLED,2025-08-22 04:54:00,AUTH89128774
PAY0001942,ORD0001903,GIFT_CARD,1553.99,SETTLED,2025-05-27 13:31:00,AUTH18525055
PAY0001943,ORD0001904,BANK_TRANSFER,1829.48,SETTLED,2025-12-15 05:23:00,AUTH86315007
PAY0001944,ORD0001905,BANK_TRANSFER,456.67,SETTLED,2025-07-11 14:43:00,AUTH34916159
PAY0001945,ORD0001906,BANK_TRANSFER,404.52,SETTLED,2025-08-20 19:39:00,AUTH21204135
PAY0001946,ORD0001907,GIFT_CARD,1420.21,SETTLED,2025-07-30 19:29:00,AUTH78101809
PAY0001947,ORD0001908,GIFT_CARD,922.55,SETTLED,2025-06-11 10:40:00,AUTH77894349
PAY0001948,ORD0001909,AFTERPAY,2145.62,SETTLED,2025-09-18 13:41:00,AUTH15168924
PAY0001949,ORD0001910,PAYPAL,1657.01,SETTLED,2025-08-15 03:55:00,AUTH12260619
PAY0001950,ORD0001911,CREDIT_CARD,446.84,SETTLED,2025-06-15 07:30:00,AUTH82507609
PAY0001951,ORD0001912,CREDIT_CARD,490.88,SETTLED,2025-08-21 10:56:00,AUTH72957841
PAY0001952,ORD0001913,AFTERPAY,297.27,SETTLED,2025-05-08 21:21:00,AUTH30581666
PAY0001953,ORD0001914,AFTERPAY,944.4,SETTLED,2025-09-16 07:05:00,AUTH42326966
PAY0001954,ORD0001915,AFTERPAY,1557.6,SETTLED,2025-08-01 21:55:00,AUTH11127436
PAY0001955,ORD0001915,PAYPAL,633.97,SETTLED,2025-09-29 12:06:00,AUTH85587413
PAY0001956,ORD0001916,DEBIT_CARD,610.75,SETTLED,2025-07-29 04:39:00,AUTH85398651
PAY0001957,ORD0001917,CREDIT_CARD,147.1,REFUNDED,2025-05-11 11:09:00,AUTH36263426
PAY0001958,ORD0001918,DEBIT_CARD,1240.37,SETTLED,2025-09-13 06:07:00,AUTH49622655
PAY0001959,ORD0001919,GIFT_CARD,312.98,SETTLED,2025-08-06 20:04:00,AUTH48262490
PAY0001960,ORD0001920,CREDIT_CARD,1248.69,SETTLED,2025-09-02 07:39:00,AUTH71833061
PAY0001961,ORD0001921,GIFT_CARD,686.78,SETTLED,2025-09-10 12:05:00,AUTH17143421
PAY0001962,ORD0001922,CREDIT_CARD,99.81,SETTLED,2025-11-13 15:36:00,AUTH24960129
PAY0001963,ORD0001923,PAYPAL,988.72,SETTLED,2025-10-26 00:54:00,AUTH37374679
PAY0001964,ORD0001924,BANK_TRANSFER,1551.88,SETTLED,2025-05-31 06:22:00,AUTH88824226
PAY0001965,ORD0001925,GIFT_CARD,1537.77,SETTLED,2025-12-15 09:25:00,AUTH47403748
PAY0001966,ORD0001926,AFTERPAY,511.29,SETTLED,2025-07-21 03:13:00,AUTH51847390
PAY0001967,ORD0001927,PAYPAL,1141.98,SETTLED,2025-11-10 01:16:00,AUTH52495311
PAY0001968,ORD0001927,PAYPAL,936.24,SETTLED,2025-08-29 12:45:00,AUTH26030446
PAY0001969,ORD0001928,GIFT_CARD,2172.01,SETTLED,2025-09-24 18:22:00,AUTH72892347
PAY0001970,ORD0001929,AFTERPAY,387.06,SETTLED,2025-12-14 12:24:00,AUTH23229283
PAY0001971,ORD0001930,DEBIT_CARD,1469.18,DECLINED,2025-12-02 19:40:00,AUTH19845067
PAY0001972,ORD0001931,BANK_TRANSFER,803.14,DECLINED,2025-11-01 11:57:00,AUTH16591002
PAY0001973,ORD0001932,PAYPAL,195.81,SETTLED,2025-12-19 00:58:00,AUTH29164805
PAY0001974,ORD0001933,CREDIT_CARD,361.28,SETTLED,2025-08-09 11:51:00,AUTH45953191
PAY0001975,ORD0001934,BANK_TRANSFER,1402.74,SETTLED,2025-08-06 15:40:00,AUTH63938823
PAY0001976,ORD0001935,GIFT_CARD,245.17,SETTLED,2025-09-20 05:44:00,AUTH81659886
PAY0001977,ORD0001936,PAYPAL,2264.13,REFUNDED,2025-05-15 20:53:00,AUTH46145032
PAY0001978,ORD0001937,AFTERPAY,741.62,SETTLED,2025-10-03 05:00:00,AUTH82547187
PAY0001979,ORD0001938,AFTERPAY,1928.03,SETTLED,2025-06-13 13:35:00,AUTH78553259
PAY0001980,ORD0001939,BANK_TRANSFER,935.43,DECLINED,2025-09-20 17:40:00,AUTH85909194
PAY0001981,ORD0001940,GIFT_CARD,1311.49,SETTLED,2025-07-21 13:17:00,AUTH68074310
PAY0001982,ORD0001941,GIFT_CARD,555.11,SETTLED,2025-05-29 19:48:00,AUTH76284315
PAY0001983,ORD0001942,AFTERPAY,607.75,SETTLED,2025-08-10 16:18:00,AUTH79032294
PAY0001984,ORD0001943,BANK_TRANSFER,215.8,SETTLED,2025-10-29 16:33:00,AUTH59361224
PAY0001985,ORD0001944,PAYPAL,1043.19,SETTLED,2025-05-07 01:45:00,AUTH80956923
PAY0001986,ORD0001945,CREDIT_CARD,1865.27,SETTLED,2025-05-14 08:38:00,AUTH41956399
PAY0001987,ORD0001946,CREDIT_CARD,111.71,SETTLED,2025-06-13 05:38:00,AUTH58253026
PAY0001988,ORD0001947,GIFT_CARD,1824.56,DECLINED,2025-10-03 09:19:00,AUTH65195469
PAY0001989,ORD0001948,CREDIT_CARD,2030.98,SETTLED,2025-07-07 15:43:00,AUTH12246481
PAY0001990,ORD0001949,DEBIT_CARD,312.58,SETTLED,2025-08-24 02:23:00,AUTH13075257
PAY0001991,ORD0001950,DEBIT_CARD,1387.98,SETTLED,2025-09-24 11:16:00,AUTH14508837
PAY0001992,ORD0001951,BANK_TRANSFER,1126.78,SETTLED,2025-11-19 10:44:00,AUTH78156603
PAY0001993,ORD0001952,AFTERPAY,1467.8,SETTLED,2025-06-11 16:05:00,AUTH61914631
PAY0001994,ORD0001953,GIFT_CARD,1987.96,SETTLED,2025-05-30 07:02:00,AUTH10686804
PAY0001995,ORD0001954,AFTERPAY,1710.73,SETTLED,2025-10-23 07:26:00,AUTH23704527
PAY0001996,ORD0001955,BANK_TRANSFER,248.32,DECLINED,2025-09-06 11:29:00,AUTH95095645
PAY0001997,ORD0001956,DEBIT_CARD,2378.69,SETTLED,2025-12-29 13:32:00,AUTH22455166
PAY0001998,ORD0001957,BANK_TRANSFER,1049.55,SETTLED,2025-10-15 10:41:00,AUTH46330359
PAY0001999,ORD0001958,PAYPAL,1617.36,DECLINED,2025-10-06 15:54:00,AUTH28422738
PAY0002000,ORD0001959,CREDIT_CARD,2191.93,SETTLED,2025-08-15 18:15:00,AUTH42378521
PAY0002001,ORD0001960,DEBIT_CARD,363.92,REFUNDED,2025-12-23 23:35:00,AUTH83761501
PAY0002002,ORD0001961,GIFT_CARD,149.39,SETTLED,2025-12-21 12:33:00,AUTH27058577
PAY0002003,ORD0001962,PAYPAL,41.47,SETTLED,2025-06-29 02:17:00,AUTH20578747
PAY0002004,ORD0001963,PAYPAL,628.77,SETTLED,2025-08-26 19:26:00,AUTH92392375
PAY0002005,ORD0001964,DEBIT_CARD,1050.76,SETTLED,2025-06-11 12:23:00,AUTH21961460
PAY0002006,ORD0001965,AFTERPAY,2212.31,REFUNDED,2025-09-19 16:43:00,AUTH16436771
PAY0002007,ORD0001966,AFTERPAY,1940.99,SETTLED,2025-05-12 22:04:00,AUTH35795492
PAY0002008,ORD0001967,AFTERPAY,1601.29,SETTLED,2025-09-28 17:49:00,AUTH47542780
PAY0002009,ORD0001968,DEBIT_CARD,1313.26,SETTLED,2025-12-06 06:13:00,AUTH41547999
PAY0002010,ORD0001969,BANK_TRANSFER,1806.81,SETTLED,2025-06-17 11:54:00,AUTH26739261
PAY0002011,ORD0001970,BANK_TRANSFER,2199.25,DECLINED,2025-08-03 02:55:00,AUTH16343352
PAY0002012,ORD0001971,DEBIT_CARD,1160.02,SETTLED,2025-11-04 05:53:00,AUTH31852174
PAY0002013,ORD0001972,AFTERPAY,304.96,DECLINED,2025-08-21 09:44:00,AUTH70955600
PAY0002014,ORD0001973,GIFT_CARD,330.74,SETTLED,2025-09-22 18:11:00,AUTH79409938
PAY0002015,ORD0001974,GIFT_CARD,1720.05,SETTLED,2025-11-30 05:23:00,AUTH58763200
PAY0002016,ORD0001975,PAYPAL,901.22,SETTLED,2025-06-17 07:39:00,AUTH53697040
PAY0002017,ORD0001976,AFTERPAY,402.58,SETTLED,2025-08-10 23:28:00,AUTH72242479
PAY0002018,ORD0001977,BANK_TRANSFER,1027.05,SETTLED,2025-11-05 10:32:00,AUTH21442873
PAY0002019,ORD0001978,AFTERPAY,54.41,SETTLED,2025-09-29 04:56:00,AUTH26375857
PAY0002020,ORD0001979,BANK_TRANSFER,2353.74,SETTLED,2025-12-18 06:04:00,AUTH44830390
PAY0002021,ORD0001980,GIFT_CARD,1968.56,SETTLED,2025-05-10 01:14:00,AUTH47763518
PAY0002022,ORD0001981,DEBIT_CARD,456.46,SETTLED,2025-10-24 08:11:00,AUTH10575100
PAY0002023,ORD0001982,BANK_TRANSFER,1598.49,SETTLED,2025-10-26 02:46:00,AUTH61707642
PAY0002024,ORD0001983,DEBIT_CARD,1653.56,SETTLED,2025-06-08 10:37:00,AUTH35714471
PAY0002025,ORD0001984,PAYPAL,513.12,SETTLED,2025-08-01 14:49:00,AUTH76464381
PAY0002026,ORD0001985,AFTERPAY,1035.6,SETTLED,2025-05-17 03:21:00,AUTH95867674
PAY0002027,ORD0001986,GIFT_CARD,1456.89,SETTLED,2025-08-19 01:20:00,AUTH95526228
PAY0002028,ORD0001987,AFTERPAY,493.75,SETTLED,2025-07-20 07:10:00,AUTH14351626
PAY0002029,ORD0001988,PAYPAL,1870.24,SETTLED,2025-12-17 15:02:00,AUTH10188407
PAY0002030,ORD0001989,GIFT_CARD,914.93,SETTLED,2025-05-27 12:08:00,AUTH32286762
PAY0002031,ORD0001990,BANK_TRANSFER,242.3,SETTLED,2025-11-03 03:22:00,AUTH20255404
PAY0002032,ORD0001991,CREDIT_CARD,1707.94,SETTLED,2025-06-25 05:48:00,AUTH51118543
PAY0002033,ORD0001992,DEBIT_CARD,2095.53,SETTLED,2025-12-11 21:21:00,AUTH15347279
PAY0002034,ORD0001993,GIFT_CARD,1407.01,SETTLED,2025-12-28 23:40:00,AUTH23663722
PAY0002035,ORD0001994,AFTERPAY,185.09,SETTLED,2025-06-22 01:35:00,AUTH53194041
PAY0002036,ORD0001995,GIFT_CARD,878.27,SETTLED,2025-12-27 12:15:00,AUTH76750501
PAY0002037,ORD0001996,AFTERPAY,900.1,SETTLED,2025-08-21 04:13:00,AUTH96146025
PAY0002038,ORD0001997,CREDIT_CARD,888.0,SETTLED,2025-05-14 08:14:00,AUTH39976882
PAY0002039,ORD0001998,PAYPAL,502.63,SETTLED,2025-06-25 03:09:00,AUTH78751027
PAY0002040,ORD0001999,CREDIT_CARD,28.86,SETTLED,2025-08-18 23:37:00,AUTH80711215
PAY0002041,ORD0002000,GIFT_CARD,2001.0,SETTLED,2025-11-28 18:56:00,AUTH28995446
PAY0002042,ORD0002001,AFTERPAY,388.91,SETTLED,2025-06-14 22:54:00,AUTH93147958
PAY0002043,ORD0002001,AFTERPAY,1080.2,DECLINED,2025-08-20 15:12:00,AUTH61314875
PAY0002044,ORD0002002,BANK_TRANSFER,2055.66,SETTLED,2025-11-30 00:38:00,AUTH14296820
PAY0002045,ORD0002003,PAYPAL,503.88,SETTLED,2025-12-08 08:33:00,AUTH11193450
PAY0002046,ORD0002004,PAYPAL,225.37,SETTLED,2025-12-21 06:47:00,AUTH69882678
PAY0002047,ORD0002005,PAYPAL,281.03,SETTLED,2025-11-12 06:22:00,AUTH82179483
PAY0002048,ORD0002006,AFTERPAY,590.33,SETTLED,2025-09-09 04:18:00,AUTH45602677
PAY0002049,ORD0002007,BANK_TRANSFER,495.42,DECLINED,2025-06-11 01:08:00,AUTH23454731
PAY0002050,ORD0002008,CREDIT_CARD,1109.43,REFUNDED,2025-09-20 11:14:00,AUTH26068061
PAY0002051,ORD0002009,DEBIT_CARD,608.36,REFUNDED,2025-05-17 11:28:00,AUTH50613880
PAY0002052,ORD0002010,DEBIT_CARD,407.61,SETTLED,2025-10-09 12:05:00,AUTH97232340
PAY0002053,ORD0002011,CREDIT_CARD,1847.77,DECLINED,2025-09-08 16:31:00,AUTH86503874
PAY0002054,ORD0002012,PAYPAL,1521.05,SETTLED,2025-10-05 12:36:00,AUTH67090719
PAY0002055,ORD0002013,GIFT_CARD,865.89,SETTLED,2025-06-18 20:23:00,AUTH71702223
PAY0002056,ORD0002014,AFTERPAY,1292.64,SETTLED,2025-06-20 20:40:00,AUTH70319173
PAY0002057,ORD0002015,GIFT_CARD,1144.4,SETTLED,2025-10-03 20:54:00,AUTH49888894
PAY0002058,ORD0002016,CREDIT_CARD,892.7,SETTLED,2025-06-01 09:32:00,AUTH96880387
PAY0002059,ORD0002017,CREDIT_CARD,905.3,REFUNDED,2025-12-29 01:17:00,AUTH69397075
PAY0002060,ORD0002018,CREDIT_CARD,115.19,SETTLED,2025-12-20 23:55:00,AUTH45586846
PAY0002061,ORD0002019,BANK_TRANSFER,2123.11,SETTLED,2025-07-28 18:12:00,AUTH77345654
PAY0002062,ORD0002020,AFTERPAY,1170.96,REFUNDED,2025-11-11 13:46:00,AUTH85115384
PAY0002063,ORD0002021,BANK_TRANSFER,2029.37,REFUNDED,2025-12-12 17:31:00,AUTH61343247
PAY0002064,ORD0002022,AFTERPAY,438.34,SETTLED,2025-12-16 20:01:00,AUTH97833092
PAY0002065,ORD0002023,PAYPAL,2208.13,SETTLED,2025-05-21 04:36:00,AUTH30497869
PAY0002066,ORD0002024,GIFT_CARD,1465.87,SETTLED,2025-12-15 18:11:00,AUTH44730847
PAY0002067,ORD0002025,AFTERPAY,336.35,DECLINED,2025-11-10 20:27:00,AUTH61363512
PAY0002068,ORD0002026,PAYPAL,298.53,REFUNDED,2025-07-16 21:42:00,AUTH78064653
PAY0002069,ORD0002027,PAYPAL,790.16,DECLINED,2025-05-29 03:57:00,AUTH54836924
PAY0002070,ORD0002028,BANK_TRANSFER,324.62,SETTLED,2025-09-09 08:59:00,AUTH14644332
PAY0002071,ORD0002029,BANK_TRANSFER,1200.8,SETTLED,2025-12-24 10:08:00,AUTH35050186
PAY0002072,ORD0002030,DEBIT_CARD,459.08,SETTLED,2025-09-27 08:34:00,AUTH57679045
PAY0002073,ORD0002031,GIFT_CARD,676.13,SETTLED,2025-06-27 19:37:00,AUTH69805843
PAY0002074,ORD0002032,CREDIT_CARD,348.9,SETTLED,2025-12-19 04:08:00,AUTH46833930
PAY0002075,ORD0002033,DEBIT_CARD,119.4,REFUNDED,2025-11-07 06:10:00,AUTH14216322
PAY0002076,ORD0002034,CREDIT_CARD,1997.66,SETTLED,2025-06-26 14:07:00,AUTH94386119
PAY0002077,ORD0002035,GIFT_CARD,998.84,SETTLED,2025-11-24 19:24:00,AUTH63143412
PAY0002078,ORD0002036,BANK_TRANSFER,157.72,SETTLED,2025-07-11 12:54:00,AUTH75525781
PAY0002079,ORD0002037,AFTERPAY,1798.95,REFUNDED,2025-11-17 15:40:00,AUTH78129819
PAY0002080,ORD0002038,AFTERPAY,2255.9,SETTLED,2025-10-23 06:38:00,AUTH21760588
PAY0002081,ORD0002039,BANK_TRANSFER,1706.98,SETTLED,2025-06-16 03:32:00,AUTH13214080
PAY0002082,ORD0002040,CREDIT_CARD,2053.23,SETTLED,2025-12-01 11:45:00,AUTH88239150
PAY0002083,ORD0002041,DEBIT_CARD,1151.11,SETTLED,2025-06-21 15:41:00,AUTH74798151
PAY0002084,ORD0002042,GIFT_CARD,1362.15,SETTLED,2025-06-23 20:06:00,AUTH54477358
PAY0002085,ORD0002043,DEBIT_CARD,2249.96,REFUNDED,2025-06-03 06:47:00,AUTH88965652
PAY0002086,ORD0002044,BANK_TRANSFER,891.66,SETTLED,2025-09-11 03:53:00,AUTH86682589
PAY0002087,ORD0002045,PAYPAL,344.62,REFUNDED,2025-12-21 10:07:00,AUTH34180635
PAY0002088,ORD0002046,BANK_TRANSFER,449.02,REFUNDED,2025-09-22 06:41:00,AUTH50971902
PAY0002089,ORD0002047,DEBIT_CARD,2216.04,SETTLED,2025-12-23 09:26:00,AUTH42228220
PAY0002090,ORD0002048,AFTERPAY,19.38,SETTLED,2025-08-31 04:13:00,AUTH80858771
PAY0002091,ORD0002049,BANK_TRANSFER,1881.25,SETTLED,2025-10-17 22:07:00,AUTH29080553
PAY0002092,ORD0002050,DEBIT_CARD,765.52,SETTLED,2025-06-09 22:07:00,AUTH40426712
PAY0002093,ORD0002051,BANK_TRANSFER,823.55,DECLINED,2025-06-22 11:19:00,AUTH94768844
PAY0002094,ORD0002052,PAYPAL,1150.98,DECLINED,2025-05-31 23:28:00,AUTH36011258
PAY0002095,ORD0002053,BANK_TRANSFER,2125.06,SETTLED,2025-11-06 21:06:00,AUTH93873025
PAY0002096,ORD0002054,GIFT_CARD,859.33,SETTLED,2025-07-24 21:56:00,AUTH69085469
PAY0002097,ORD0002055,DEBIT_CARD,1504.4,SETTLED,2025-11-08 23:43:00,AUTH27236432
PAY0002098,ORD0002056,PAYPAL,73.52,SETTLED,2025-08-26 01:52:00,AUTH95539475
PAY0002099,ORD0002057,PAYPAL,1345.59,SETTLED,2025-05-21 02:55:00,AUTH21507983
PAY0002100,ORD0002058,AFTERPAY,2172.82,REFUNDED,2025-07-30 12:42:00,AUTH93478326
PAY0002101,ORD0002059,DEBIT_CARD,1993.18,SETTLED,2025-06-08 19:31:00,AUTH73958977
PAY0002102,ORD0002060,BANK_TRANSFER,1102.18,SETTLED,2025-09-02 23:24:00,AUTH25528637
PAY0002103,ORD0002061,AFTERPAY,741.9,SETTLED,2025-10-12 02:41:00,AUTH48569473
PAY0002104,ORD0002062,DEBIT_CARD,670.88,SETTLED,2025-05-07 03:51:00,AUTH35041017
PAY0002105,ORD0002063,CREDIT_CARD,979.36,SETTLED,2025-11-15 04:05:00,AUTH52853182
PAY0002106,ORD0002064,GIFT_CARD,2324.35,SETTLED,2025-11-05 21:57:00,AUTH83074663
PAY0002107,ORD0002065,GIFT_CARD,1571.4,SETTLED,2025-11-08 02:15:00,AUTH19841191
PAY0002108,ORD0002066,BANK_TRANSFER,1432.3,SETTLED,2025-09-25 02:33:00,AUTH21460981
PAY0002109,ORD0002067,DEBIT_CARD,1513.9,SETTLED,2025-08-16 22:14:00,AUTH57390812
PAY0002110,ORD0002068,CREDIT_CARD,1483.82,SETTLED,2025-08-25 02:50:00,AUTH76918374
PAY0002111,ORD0002069,CREDIT_CARD,1330.96,SETTLED,2025-10-13 23:26:00,AUTH73779217
PAY0002112,ORD0002070,PAYPAL,649.6,SETTLED,2025-09-10 20:30:00,AUTH36406104
PAY0002113,ORD0002071,BANK_TRANSFER,1491.46,REFUNDED,2025-05-15 23:55:00,AUTH49333661
PAY0002114,ORD0002072,GIFT_CARD,1688.53,SETTLED,2025-11-02 16:49:00,AUTH91691327
PAY0002115,ORD0002073,DEBIT_CARD,509.61,SETTLED,2025-08-10 20:31:00,AUTH11878089
PAY0002116,ORD0002074,BANK_TRANSFER,422.27,SETTLED,2025-07-18 01:30:00,AUTH41881322
PAY0002117,ORD0002075,GIFT_CARD,2254.7,SETTLED,2025-06-04 14:45:00,AUTH83811780
PAY0002118,ORD0002076,DEBIT_CARD,1511.15,SETTLED,2025-05-21 11:28:00,AUTH88316970
PAY0002119,ORD0002077,PAYPAL,1694.68,SETTLED,2025-06-28 23:27:00,AUTH82013485
PAY0002120,ORD0002077,AFTERPAY,2277.57,SETTLED,2025-09-27 19:38:00,AUTH40042952
PAY0002121,ORD0002078,PAYPAL,1852.15,SETTLED,2025-09-02 20:56:00,AUTH68555775
PAY0002122,ORD0002079,DEBIT_CARD,1765.21,SETTLED,2025-05-06 17:56:00,AUTH10855147
PAY0002123,ORD0002080,CREDIT_CARD,977.41,DECLINED,2025-10-16 11:13:00,AUTH47832003
PAY0002124,ORD0002081,BANK_TRANSFER,2283.31,SETTLED,2025-08-05 05:51:00,AUTH29967112
PAY0002125,ORD0002082,PAYPAL,1614.14,SETTLED,2025-08-25 07:53:00,AUTH31602014
PAY0002126,ORD0002083,PAYPAL,1302.23,SETTLED,2025-06-04 16:32:00,AUTH98331950
PAY0002127,ORD0002084,DEBIT_CARD,1446.74,SETTLED,2025-08-09 05:27:00,AUTH13162765
PAY0002128,ORD0002084,DEBIT_CARD,1308.1,SETTLED,2025-08-20 02:40:00,AUTH76224556
PAY0002129,ORD0002085,DEBIT_CARD,1327.87,SETTLED,2025-06-26 05:16:00,AUTH71681326
PAY0002130,ORD0002086,AFTERPAY,734.56,SETTLED,2025-11-25 06:22:00,AUTH85821544
PAY0002131,ORD0002087,GIFT_CARD,1111.01,SETTLED,2025-10-27 03:51:00,AUTH71563202
PAY0002132,ORD0002088,AFTERPAY,44.96,SETTLED,2025-08-15 13:06:00,AUTH72152106
PAY0002133,ORD0002089,CREDIT_CARD,819.57,SETTLED,2025-12-06 22:46:00,AUTH14791539
PAY0002134,ORD0002090,AFTERPAY,1523.46,DECLINED,2025-11-09 15:36:00,AUTH66321353
PAY0002135,ORD0002091,GIFT_CARD,268.76,DECLINED,2025-06-01 22:01:00,AUTH78773649
PAY0002136,ORD0002092,CREDIT_CARD,262.06,SETTLED,2025-10-23 16:12:00,AUTH98481120
PAY0002137,ORD0002093,AFTERPAY,2272.83,SETTLED,2025-05-08 11:00:00,AUTH14707977
PAY0002138,ORD0002094,BANK_TRANSFER,542.97,SETTLED,2025-11-27 14:54:00,AUTH57577171
PAY0002139,ORD0002095,GIFT_CARD,2345.65,REFUNDED,2025-08-01 17:03:00,AUTH90157701
PAY0002140,ORD0002096,AFTERPAY,1283.49,REFUNDED,2025-08-09 02:31:00,AUTH24411959
PAY0002141,ORD0002097,AFTERPAY,1502.91,SETTLED,2025-10-07 04:57:00,AUTH79229212
PAY0002142,ORD0002098,BANK_TRANSFER,1888.81,SETTLED,2025-05-26 12:25:00,AUTH16127903
PAY0002143,ORD0002099,DEBIT_CARD,715.26,SETTLED,2025-08-11 02:36:00,AUTH34688448
PAY0002144,ORD0002100,GIFT_CARD,1107.8,SETTLED,2025-11-04 10:15:00,AUTH72133112
PAY0002145,ORD0002101,DEBIT_CARD,1805.68,SETTLED,2025-08-11 09:42:00,AUTH87099822
PAY0002146,ORD0002102,BANK_TRANSFER,1926.9,SETTLED,2025-11-20 10:03:00,AUTH75715332
PAY0002147,ORD0002103,DEBIT_CARD,46.46,SETTLED,2025-07-21 11:31:00,AUTH37629192
PAY0002148,ORD0002104,GIFT_CARD,237.0,DECLINED,2025-06-27 17:09:00,AUTH69695572
PAY0002149,ORD0002105,DEBIT_CARD,1846.77,SETTLED,2025-12-13 12:58:00,AUTH41632377
PAY0002150,ORD0002106,GIFT_CARD,1450.99,SETTLED,2025-12-18 13:37:00,AUTH92585557
PAY0002151,ORD0002107,PAYPAL,2313.12,SETTLED,2025-05-25 10:05:00,AUTH95545252
PAY0002152,ORD0002108,BANK_TRANSFER,1598.59,REFUNDED,2025-05-24 09:39:00,AUTH60964063
PAY0002153,ORD0002109,BANK_TRANSFER,259.48,SETTLED,2025-08-29 22:17:00,AUTH44934090
PAY0002154,ORD0002110,PAYPAL,1991.1,SETTLED,2025-11-13 06:38:00,AUTH95825681
PAY0002155,ORD0002111,DEBIT_CARD,1574.1,SETTLED,2025-07-26 19:47:00,AUTH15949418
PAY0002156,ORD0002112,AFTERPAY,713.35,SETTLED,2025-05-06 04:21:00,AUTH35259790
PAY0002157,ORD0002113,DEBIT_CARD,1762.26,REFUNDED,2025-10-01 04:29:00,AUTH39680302
PAY0002158,ORD0002114,AFTERPAY,1596.03,DECLINED,2025-08-20 07:02:00,AUTH52776047
PAY0002159,ORD0002115,GIFT_CARD,1165.06,SETTLED,2025-07-29 02:07:00,AUTH92590562
PAY0002160,ORD0002116,DEBIT_CARD,1931.77,SETTLED,2025-05-30 16:28:00,AUTH20278299
PAY0002161,ORD0002117,GIFT_CARD,1093.96,SETTLED,2025-09-07 14:41:00,AUTH97023955
PAY0002162,ORD0002118,DEBIT_CARD,582.56,SETTLED,2025-07-09 00:02:00,AUTH34118601
PAY0002163,ORD0002119,BANK_TRANSFER,1772.49,SETTLED,2025-06-14 19:41:00,AUTH71124315
PAY0002164,ORD0002120,GIFT_CARD,1140.67,SETTLED,2025-07-10 10:31:00,AUTH57740124
PAY0002165,ORD0002121,AFTERPAY,689.57,SETTLED,2025-05-26 05:23:00,AUTH78552785
PAY0002166,ORD0002122,BANK_TRANSFER,284.56,SETTLED,2025-05-19 02:09:00,AUTH95917039
PAY0002167,ORD0002123,DEBIT_CARD,945.67,SETTLED,2025-12-21 07:10:00,AUTH17178539
PAY0002168,ORD0002124,CREDIT_CARD,369.67,SETTLED,2025-07-07 08:42:00,AUTH46732560
PAY0002169,ORD0002125,PAYPAL,2143.2,DECLINED,2025-09-19 18:10:00,AUTH41215389
PAY0002170,ORD0002126,CREDIT_CARD,1343.82,SETTLED,2026-01-01 07:52:00,AUTH94323038
PAY0002171,ORD0002127,AFTERPAY,1311.29,REFUNDED,2025-07-06 10:56:00,AUTH70503090
PAY0002172,ORD0002128,DEBIT_CARD,970.31,DECLINED,2025-06-22 04:58:00,AUTH37255298
PAY0002173,ORD0002129,GIFT_CARD,870.49,SETTLED,2025-10-02 09:46:00,AUTH45445605
PAY0002174,ORD0002130,CREDIT_CARD,1880.26,SETTLED,2025-07-13 15:52:00,AUTH55943474
PAY0002175,ORD0002131,BANK_TRANSFER,1414.36,SETTLED,2025-09-09 11:40:00,AUTH89634205
PAY0002176,ORD0002132,CREDIT_CARD,557.87,SETTLED,2025-06-10 05:55:00,AUTH53827066
PAY0002177,ORD0002133,DEBIT_CARD,2004.8,SETTLED,2025-11-24 12:59:00,AUTH57052768
PAY0002178,ORD0002134,DEBIT_CARD,1552.48,SETTLED,2025-05-09 00:56:00,AUTH55451858
PAY0002179,ORD0002135,DEBIT_CARD,1086.28,SETTLED,2025-08-05 23:29:00,AUTH63673693
PAY0002180,ORD0002136,DEBIT_CARD,2321.1,DECLINED,2025-05-25 05:37:00,AUTH50393483
PAY0002181,ORD0002137,DEBIT_CARD,95.25,SETTLED,2025-08-03 14:58:00,AUTH84236161
PAY0002182,ORD0002138,GIFT_CARD,1867.77,SETTLED,2025-08-01 09:23:00,AUTH53718234
PAY0002183,ORD0002139,BANK_TRANSFER,2264.84,SETTLED,2025-08-23 23:55:00,AUTH95119291
PAY0002184,ORD0002140,AFTERPAY,961.27,REFUNDED,2025-08-23 22:41:00,AUTH83038575
PAY0002185,ORD0002141,CREDIT_CARD,993.43,REFUNDED,2025-06-20 16:40:00,AUTH64186021
PAY0002186,ORD0002142,PAYPAL,1266.65,SETTLED,2025-05-21 13:10:00,AUTH38381973
PAY0002187,ORD0002143,GIFT_CARD,1681.35,DECLINED,2025-08-18 13:45:00,AUTH50479512
PAY0002188,ORD0002144,DEBIT_CARD,164.58,REFUNDED,2025-07-15 11:37:00,AUTH63544817
PAY0002189,ORD0002145,BANK_TRANSFER,1230.55,SETTLED,2025-10-18 07:13:00,AUTH89079824
PAY0002190,ORD0002146,BANK_TRANSFER,39.36,REFUNDED,2025-05-26 13:20:00,AUTH45855746
PAY0002191,ORD0002147,PAYPAL,846.03,SETTLED,2025-11-19 08:02:00,AUTH36905404
PAY0002192,ORD0002148,CREDIT_CARD,1887.01,SETTLED,2025-08-07 20:12:00,AUTH11382565
PAY0002193,ORD0002149,BANK_TRANSFER,2259.33,REFUNDED,2025-07-05 07:21:00,AUTH26938786
PAY0002194,ORD0002150,AFTERPAY,854.31,REFUNDED,2025-06-22 01:17:00,AUTH64891835
PAY0002195,ORD0002151,CREDIT_CARD,372.92,SETTLED,2025-07-22 10:09:00,AUTH70175368
PAY0002196,ORD0002152,AFTERPAY,1644.06,SETTLED,2025-05-28 16:19:00,AUTH54924678
PAY0002197,ORD0002153,AFTERPAY,275.01,DECLINED,2025-10-17 05:42:00,AUTH42701966
PAY0002198,ORD0002153,PAYPAL,122.58,SETTLED,2025-05-11 07:51:00,AUTH41291796
PAY0002199,ORD0002154,CREDIT_CARD,576.63,SETTLED,2025-07-28 14:33:00,AUTH62372404
PAY0002200,ORD0002155,AFTERPAY,1879.07,SETTLED,2025-07-13 22:27:00,AUTH74737867
PAY0002201,ORD0002156,CREDIT_CARD,2203.43,SETTLED,2025-07-02 17:53:00,AUTH90392221
PAY0002202,ORD0002157,DEBIT_CARD,29.26,REFUNDED,2025-10-10 08:13:00,AUTH88814001
PAY0002203,ORD0002158,BANK_TRANSFER,484.63,SETTLED,2025-10-10 17:51:00,AUTH32576775
PAY0002204,ORD0002159,AFTERPAY,1796.59,SETTLED,2025-05-16 16:14:00,AUTH85801082
PAY0002205,ORD0002160,GIFT_CARD,1287.1,SETTLED,2025-11-25 15:45:00,AUTH51542735
PAY0002206,ORD0002161,GIFT_CARD,813.23,SETTLED,2025-10-12 13:27:00,AUTH25303451
PAY0002207,ORD0002162,BANK_TRANSFER,1568.86,SETTLED,2025-11-02 01:55:00,AUTH61076081
PAY0002208,ORD0002163,GIFT_CARD,264.61,SETTLED,2025-10-19 18:38:00,AUTH99596596
PAY0002209,ORD0002164,GIFT_CARD,1149.13,SETTLED,2025-11-17 19:03:00,AUTH69252583
PAY0002210,ORD0002165,PAYPAL,361.22,SETTLED,2025-07-10 02:55:00,AUTH10335419
PAY0002211,ORD0002166,AFTERPAY,1813.18,REFUNDED,2025-05-29 22:09:00,AUTH16375739
PAY0002212,ORD0002167,DEBIT_CARD,549.21,SETTLED,2025-05-19 19:21:00,AUTH64517794
PAY0002213,ORD0002168,BANK_TRANSFER,800.51,DECLINED,2025-05-23 05:11:00,AUTH58161575
PAY0002214,ORD0002169,GIFT_CARD,1593.6,REFUNDED,2025-09-09 23:33:00,AUTH90520794
PAY0002215,ORD0002170,DEBIT_CARD,1941.21,SETTLED,2025-06-08 00:40:00,AUTH87593310
PAY0002216,ORD0002171,BANK_TRANSFER,281.72,SETTLED,2025-12-30 22:36:00,AUTH45841276
PAY0002217,ORD0002172,BANK_TRANSFER,2380.87,SETTLED,2025-09-01 08:57:00,AUTH84714128
PAY0002218,ORD0002173,DEBIT_CARD,1233.75,REFUNDED,2025-09-23 14:43:00,AUTH86037029
PAY0002219,ORD0002174,DEBIT_CARD,1982.62,DECLINED,2025-05-10 12:49:00,AUTH35117290
PAY0002220,ORD0002175,GIFT_CARD,1388.68,SETTLED,2025-12-26 11:47:00,AUTH86392055
PAY0002221,ORD0002176,DEBIT_CARD,196.43,DECLINED,2025-11-28 16:09:00,AUTH37430429
PAY0002222,ORD0002177,AFTERPAY,1591.37,SETTLED,2025-08-04 07:59:00,AUTH28164191
PAY0002223,ORD0002178,DEBIT_CARD,837.71,SETTLED,2025-12-30 02:38:00,AUTH62372218
PAY0002224,ORD0002179,GIFT_CARD,666.33,SETTLED,2025-05-21 01:57:00,AUTH95473018
PAY0002225,ORD0002180,AFTERPAY,414.49,SETTLED,2025-06-07 00:39:00,AUTH98809432
PAY0002226,ORD0002181,GIFT_CARD,1007.05,DECLINED,2025-06-11 01:41:00,AUTH64894895
PAY0002227,ORD0002182,BANK_TRANSFER,679.11,SETTLED,2025-05-31 00:14:00,AUTH91699977
PAY0002228,ORD0002183,PAYPAL,882.51,SETTLED,2025-07-11 01:57:00,AUTH76171160
PAY0002229,ORD0002184,GIFT_CARD,535.76,SETTLED,2025-06-15 12:29:00,AUTH28096234
PAY0002230,ORD0002185,CREDIT_CARD,671.54,REFUNDED,2025-05-07 12:12:00,AUTH29712518
PAY0002231,ORD0002186,PAYPAL,2291.59,DECLINED,2025-09-18 05:54:00,AUTH68246489
PAY0002232,ORD0002187,DEBIT_CARD,1978.31,DECLINED,2025-06-28 04:51:00,AUTH96241995
PAY0002233,ORD0002188,PAYPAL,2388.35,REFUNDED,2025-11-24 07:35:00,AUTH59165987
PAY0002234,ORD0002189,CREDIT_CARD,569.79,SETTLED,2025-06-28 02:59:00,AUTH13504711
PAY0002235,ORD0002190,DEBIT_CARD,762.99,SETTLED,2025-09-06 00:53:00,AUTH14650047
PAY0002236,ORD0002191,DEBIT_CARD,288.92,DECLINED,2025-11-19 17:57:00,AUTH48542287
PAY0002237,ORD0002192,PAYPAL,1583.47,SETTLED,2025-07-22 23:28:00,AUTH15684155
PAY0002238,ORD0002193,DEBIT_CARD,665.54,SETTLED,2025-09-11 21:53:00,AUTH37478134
PAY0002239,ORD0002194,DEBIT_CARD,516.8,SETTLED,2025-09-18 10:47:00,AUTH15994018
PAY0002240,ORD0002195,PAYPAL,515.8,SETTLED,2025-05-23 22:54:00,AUTH35464408
PAY0002241,ORD0002196,CREDIT_CARD,1055.51,SETTLED,2025-10-27 19:30:00,AUTH72606090
PAY0002242,ORD0002197,CREDIT_CARD,739.0,SETTLED,2025-10-20 12:40:00,AUTH17733988
PAY0002243,ORD0002198,CREDIT_CARD,2398.06,SETTLED,2025-12-23 04:29:00,AUTH93115416
PAY0002244,ORD0002199,AFTERPAY,1612.31,DECLINED,2025-09-19 04:20:00,AUTH70226364
PAY0002245,ORD0002200,BANK_TRANSFER,394.47,SETTLED,2025-09-12 13:59:00,AUTH52658011
PAY0002246,ORD0002201,AFTERPAY,1807.85,DECLINED,2025-07-07 13:16:00,AUTH43435600
PAY0002247,ORD0002202,BANK_TRANSFER,543.22,SETTLED,2025-06-19 22:26:00,AUTH96735812
PAY0002248,ORD0002203,BANK_TRANSFER,1353.68,SETTLED,2025-09-11 12:20:00,AUTH76924822
PAY0002249,ORD0002204,PAYPAL,1810.17,SETTLED,2025-10-10 01:00:00,AUTH74963345
PAY0002250,ORD0002205,CREDIT_CARD,1688.69,SETTLED,2025-06-23 05:10:00,AUTH10519339
PAY0002251,ORD0002206,CREDIT_CARD,544.63,DECLINED,2025-08-12 23:28:00,AUTH55607358
PAY0002252,ORD0002207,CREDIT_CARD,543.86,SETTLED,2025-06-01 06:48:00,AUTH17913347
PAY0002253,ORD0002208,CREDIT_CARD,2068.5,SETTLED,2025-11-03 22:13:00,AUTH74827709
PAY0002254,ORD0002209,PAYPAL,1431.81,DECLINED,2025-06-10 20:20:00,AUTH24651102
PAY0002255,ORD0002210,CREDIT_CARD,505.34,SETTLED,2025-05-26 01:30:00,AUTH93583374
PAY0002256,ORD0002211,GIFT_CARD,374.57,SETTLED,2025-08-14 15:15:00,AUTH36427086
PAY0002257,ORD0002212,CREDIT_CARD,2245.05,SETTLED,2025-06-01 04:59:00,AUTH93623144
PAY0002258,ORD0002213,DEBIT_CARD,1440.57,SETTLED,2025-10-27 08:47:00,AUTH36419361
PAY0002259,ORD0002214,GIFT_CARD,1919.26,SETTLED,2025-05-20 18:22:00,AUTH90533590
PAY0002260,ORD0002215,PAYPAL,1415.71,SETTLED,2025-06-06 22:12:00,AUTH71524475
PAY0002261,ORD0002216,DEBIT_CARD,2286.7,SETTLED,2025-12-03 17:51:00,AUTH97249585
PAY0002262,ORD0002217,CREDIT_CARD,380.56,SETTLED,2025-11-23 16:33:00,AUTH99758727
PAY0002263,ORD0002218,PAYPAL,1992.31,SETTLED,2025-12-14 16:00:00,AUTH82750850
PAY0002264,ORD0002219,BANK_TRANSFER,1844.52,SETTLED,2025-06-12 15:27:00,AUTH87556902
PAY0002265,ORD0002220,GIFT_CARD,2191.02,SETTLED,2025-06-25 08:11:00,AUTH31709530
PAY0002266,ORD0002221,PAYPAL,1562.03,SETTLED,2025-05-09 08:36:00,AUTH90788540
PAY0002267,ORD0002222,CREDIT_CARD,856.29,SETTLED,2025-11-14 20:09:00,AUTH38302208
PAY0002268,ORD0002223,GIFT_CARD,1858.36,SETTLED,2025-10-10 20:24:00,AUTH18749328
PAY0002269,ORD0002224,DEBIT_CARD,425.15,SETTLED,2025-11-12 21:44:00,AUTH98806490
PAY0002270,ORD0002225,PAYPAL,660.49,SETTLED,2025-11-04 21:55:00,AUTH11455509
PAY0002271,ORD0002226,PAYPAL,1815.67,SETTLED,2025-12-09 03:07:00,AUTH49413847
PAY0002272,ORD0002227,DEBIT_CARD,1320.92,SETTLED,2025-06-13 22:43:00,AUTH47817854
PAY0002273,ORD0002228,AFTERPAY,1940.61,REFUNDED,2025-05-14 12:46:00,AUTH67454112
PAY0002274,ORD0002229,PAYPAL,1381.27,SETTLED,2025-08-24 00:31:00,AUTH50412135
PAY0002275,ORD0002230,BANK_TRANSFER,978.73,SETTLED,2025-10-07 08:58:00,AUTH20215764
PAY0002276,ORD0002231,AFTERPAY,1339.68,SETTLED,2025-08-08 12:52:00,AUTH76655910
PAY0002277,ORD0002232,BANK_TRANSFER,1628.56,SETTLED,2025-07-26 03:52:00,AUTH67841779
PAY0002278,ORD0002233,DEBIT_CARD,220.65,SETTLED,2025-08-01 08:39:00,AUTH34565670
PAY0002279,ORD0002234,CREDIT_CARD,772.07,SETTLED,2025-11-16 05:19:00,AUTH30373005
PAY0002280,ORD0002235,AFTERPAY,2022.61,SETTLED,2025-10-02 22:24:00,AUTH66657627
PAY0002281,ORD0002236,CREDIT_CARD,1045.07,SETTLED,2025-06-04 02:18:00,AUTH76330824
PAY0002282,ORD0002237,GIFT_CARD,1784.09,SETTLED,2025-11-03 08:22:00,AUTH93971145
PAY0002283,ORD0002238,GIFT_CARD,1960.21,DECLINED,2025-07-28 05:34:00,AUTH57993717
PAY0002284,ORD0002239,CREDIT_CARD,1387.72,SETTLED,2025-08-14 07:13:00,AUTH78847335
PAY0002285,ORD0002240,BANK_TRANSFER,709.26,SETTLED,2025-12-07 17:28:00,AUTH65392084
PAY0002286,ORD0002241,BANK_TRANSFER,938.99,SETTLED,2026-01-01 01:05:00,AUTH87681018
PAY0002287,ORD0002242,CREDIT_CARD,1742.05,SETTLED,2025-07-30 05:14:00,AUTH58851493
PAY0002288,ORD0002243,AFTERPAY,60.77,DECLINED,2025-10-09 23:43:00,AUTH72087611
PAY0002289,ORD0002244,AFTERPAY,1613.76,REFUNDED,2025-12-03 02:10:00,AUTH87077313
PAY0002290,ORD0002245,CREDIT_CARD,2095.63,SETTLED,2025-06-23 17:35:00,AUTH30602201
PAY0002291,ORD0002246,AFTERPAY,1912.48,SETTLED,2025-08-06 01:22:00,AUTH18999317
PAY0002292,ORD0002247,BANK_TRANSFER,2157.46,SETTLED,2025-08-14 07:20:00,AUTH58717733
PAY0002293,ORD0002248,CREDIT_CARD,2038.81,SETTLED,2025-05-26 09:00:00,AUTH13860751
PAY0002294,ORD0002249,PAYPAL,1468.69,SETTLED,2025-06-06 21:48:00,AUTH64257340
PAY0002295,ORD0002250,AFTERPAY,1195.64,SETTLED,2025-10-14 04:33:00,AUTH62340514
PAY0002296,ORD0002251,CREDIT_CARD,1474.51,SETTLED,2025-12-31 08:21:00,AUTH23905431
PAY0002297,ORD0002252,GIFT_CARD,886.26,SETTLED,2025-12-22 17:49:00,AUTH87024693
PAY0002298,ORD0002253,CREDIT_CARD,128.86,SETTLED,2025-08-23 04:17:00,AUTH97212277
PAY0002299,ORD0002254,DEBIT_CARD,1921.32,SETTLED,2025-06-16 02:54:00,AUTH87496894
PAY0002300,ORD0002255,GIFT_CARD,1139.27,SETTLED,2025-12-30 06:06:00,AUTH79931923
PAY0002301,ORD0002256,GIFT_CARD,42.82,DECLINED,2025-11-03 17:16:00,AUTH61826018
PAY0002302,ORD0002257,AFTERPAY,671.85,SETTLED,2025-08-04 18:29:00,AUTH80274467
PAY0002303,ORD0002258,BANK_TRANSFER,2350.55,SETTLED,2025-09-23 06:54:00,AUTH59169548
PAY0002304,ORD0002259,AFTERPAY,1031.28,SETTLED,2025-05-10 09:27:00,AUTH72964200
PAY0002305,ORD0002260,AFTERPAY,1698.85,REFUNDED,2025-05-11 14:57:00,AUTH32231989
PAY0002306,ORD0002261,CREDIT_CARD,505.82,DECLINED,2025-06-20 18:49:00,AUTH30174015
PAY0002307,ORD0002262,GIFT_CARD,55.83,SETTLED,2025-12-27 13:19:00,AUTH12389323
PAY0002308,ORD0002263,PAYPAL,2032.71,REFUNDED,2025-11-03 09:36:00,AUTH78819486
PAY0002309,ORD0002264,CREDIT_CARD,2342.52,SETTLED,2025-07-09 14:52:00,AUTH13494442
PAY0002310,ORD0002265,BANK_TRANSFER,383.8,REFUNDED,2025-11-10 17:36:00,AUTH89399099
PAY0002311,ORD0002266,GIFT_CARD,892.07,SETTLED,2025-10-11 17:10:00,AUTH19384757
PAY0002312,ORD0002267,DEBIT_CARD,1973.55,SETTLED,2025-12-02 12:55:00,AUTH33205096
PAY0002313,ORD0002268,PAYPAL,980.19,DECLINED,2025-12-24 14:45:00,AUTH57413481
PAY0002314,ORD0002269,DEBIT_CARD,462.41,SETTLED,2025-08-05 14:09:00,AUTH29395673
PAY0002315,ORD0002270,DEBIT_CARD,2364.26,SETTLED,2025-11-06 06:32:00,AUTH94104384
PAY0002316,ORD0002271,DEBIT_CARD,1001.95,SETTLED,2025-05-29 01:08:00,AUTH19599851
PAY0002317,ORD0002272,BANK_TRANSFER,1591.3,SETTLED,2025-12-07 05:23:00,AUTH13748644
PAY0002318,ORD0002273,DEBIT_CARD,375.79,DECLINED,2025-08-09 19:22:00,AUTH42148197
PAY0002319,ORD0002274,AFTERPAY,790.69,SETTLED,2025-11-20 20:24:00,AUTH74074843
PAY0002320,ORD0002275,GIFT_CARD,1850.32,SETTLED,2025-09-17 02:41:00,AUTH97217323
PAY0002321,ORD0002276,BANK_TRANSFER,1089.09,SETTLED,2025-09-09 15:49:00,AUTH99086707
PAY0002322,ORD0002277,AFTERPAY,261.23,SETTLED,2025-05-13 10:31:00,AUTH96037202
PAY0002323,ORD0002278,DEBIT_CARD,761.94,SETTLED,2025-06-10 17:22:00,AUTH70291414
PAY0002324,ORD0002279,PAYPAL,634.11,SETTLED,2025-06-13 01:43:00,AUTH38403048
PAY0002325,ORD0002280,DEBIT_CARD,327.05,SETTLED,2025-07-04 04:11:00,AUTH51487372
PAY0002326,ORD0002281,CREDIT_CARD,556.48,DECLINED,2025-06-16 12:59:00,AUTH55429566
PAY0002327,ORD0002282,AFTERPAY,100.97,SETTLED,2025-11-16 19:38:00,AUTH43063650
PAY0002328,ORD0002283,PAYPAL,2362.92,SETTLED,2025-07-19 16:02:00,AUTH27621249
PAY0002329,ORD0002284,DEBIT_CARD,759.27,SETTLED,2025-07-30 02:11:00,AUTH98945017
PAY0002330,ORD0002285,CREDIT_CARD,1402.27,REFUNDED,2025-06-28 16:13:00,AUTH76452331
PAY0002331,ORD0002286,BANK_TRANSFER,810.93,SETTLED,2025-07-10 10:47:00,AUTH42730006
PAY0002332,ORD0002287,CREDIT_CARD,2394.24,SETTLED,2025-05-12 02:37:00,AUTH93018115
PAY0002333,ORD0002288,BANK_TRANSFER,77.65,SETTLED,2025-12-21 08:22:00,AUTH71011669
PAY0002334,ORD0002289,BANK_TRANSFER,1029.21,SETTLED,2025-12-15 01:01:00,AUTH34787016
PAY0002335,ORD0002289,BANK_TRANSFER,982.79,SETTLED,2025-07-09 05:00:00,AUTH40613132
PAY0002336,ORD0002290,DEBIT_CARD,377.04,SETTLED,2025-06-24 20:47:00,AUTH13652850
PAY0002337,ORD0002291,PAYPAL,640.29,SETTLED,2025-11-15 22:36:00,AUTH94928374
PAY0002338,ORD0002292,DEBIT_CARD,83.88,REFUNDED,2025-06-27 13:19:00,AUTH85738622
PAY0002339,ORD0002293,DEBIT_CARD,385.2,SETTLED,2025-08-07 03:53:00,AUTH74139834
PAY0002340,ORD0002294,DEBIT_CARD,1872.04,DECLINED,2025-05-15 10:27:00,AUTH70691752
PAY0002341,ORD0002295,PAYPAL,1090.99,SETTLED,2025-09-21 20:12:00,AUTH72790884
PAY0002342,ORD0002296,PAYPAL,2332.66,SETTLED,2025-09-17 09:38:00,AUTH25685215
PAY0002343,ORD0002297,DEBIT_CARD,1390.64,SETTLED,2025-10-11 04:45:00,AUTH58536174
PAY0002344,ORD0002298,DEBIT_CARD,1664.22,SETTLED,2025-07-30 04:09:00,AUTH73318858
PAY0002345,ORD0002299,GIFT_CARD,2377.28,REFUNDED,2025-09-30 17:39:00,AUTH47896880
PAY0002346,ORD0002300,DEBIT_CARD,333.86,SETTLED,2025-11-23 05:23:00,AUTH92796649
PAY0002347,ORD0002301,CREDIT_CARD,950.16,SETTLED,2025-06-03 14:54:00,AUTH19404664
PAY0002348,ORD0002302,GIFT_CARD,1011.24,SETTLED,2025-11-18 00:03:00,AUTH63682107
PAY0002349,ORD0002303,GIFT_CARD,1708.28,SETTLED,2025-06-03 17:31:00,AUTH19998268
PAY0002350,ORD0002303,PAYPAL,2365.66,SETTLED,2025-08-28 03:20:00,AUTH90857466
PAY0002351,ORD0002304,AFTERPAY,1343.76,REFUNDED,2025-06-06 13:59:00,AUTH45995298
PAY0002352,ORD0002305,BANK_TRANSFER,1628.39,SETTLED,2025-09-29 14:43:00,AUTH10522944
PAY0002353,ORD0002306,PAYPAL,766.33,DECLINED,2025-09-04 19:04:00,AUTH71387554
PAY0002354,ORD0002307,PAYPAL,981.21,SETTLED,2025-08-21 19:24:00,AUTH81979395
PAY0002355,ORD0002308,BANK_TRANSFER,365.52,SETTLED,2025-07-28 19:09:00,AUTH76909047
PAY0002356,ORD0002309,BANK_TRANSFER,261.24,DECLINED,2025-05-11 19:04:00,AUTH73517403
PAY0002357,ORD0002310,CREDIT_CARD,1887.74,SETTLED,2025-12-12 02:31:00,AUTH25832199
PAY0002358,ORD0002311,CREDIT_CARD,240.15,SETTLED,2025-08-17 19:47:00,AUTH48340141
PAY0002359,ORD0002312,DEBIT_CARD,635.92,REFUNDED,2025-09-19 03:51:00,AUTH62953825
PAY0002360,ORD0002313,DEBIT_CARD,1707.16,SETTLED,2025-06-06 14:54:00,AUTH58312675
PAY0002361,ORD0002314,AFTERPAY,2218.47,SETTLED,2025-11-28 13:08:00,AUTH78156828
PAY0002362,ORD0002315,GIFT_CARD,324.46,SETTLED,2025-12-22 23:37:00,AUTH12402969
PAY0002363,ORD0002316,GIFT_CARD,1904.67,REFUNDED,2025-08-27 10:03:00,AUTH29853942
PAY0002364,ORD0002317,GIFT_CARD,689.26,SETTLED,2025-07-03 09:48:00,AUTH96550307
PAY0002365,ORD0002318,DEBIT_CARD,592.9,SETTLED,2025-12-27 17:22:00,AUTH56396842
PAY0002366,ORD0002319,CREDIT_CARD,476.65,SETTLED,2025-07-27 22:02:00,AUTH56706039
PAY0002367,ORD0002320,BANK_TRANSFER,187.51,SETTLED,2025-09-15 01:58:00,AUTH65251579
PAY0002368,ORD0002321,AFTERPAY,2371.6,SETTLED,2025-09-21 10:50:00,AUTH19753928
PAY0002369,ORD0002322,BANK_TRANSFER,460.58,REFUNDED,2025-06-20 18:19:00,AUTH23711511
PAY0002370,ORD0002323,AFTERPAY,828.97,SETTLED,2025-05-12 20:45:00,AUTH57381174
PAY0002371,ORD0002324,DEBIT_CARD,2127.7,SETTLED,2025-12-14 16:22:00,AUTH33487823
PAY0002372,ORD0002324,BANK_TRANSFER,641.17,SETTLED,2025-12-26 18:40:00,AUTH29479750
PAY0002373,ORD0002325,BANK_TRANSFER,2027.27,SETTLED,2025-08-10 15:21:00,AUTH89633693
PAY0002374,ORD0002326,CREDIT_CARD,1093.0,SETTLED,2025-07-20 01:06:00,AUTH80269262
PAY0002375,ORD0002327,PAYPAL,1749.66,SETTLED,2025-10-22 05:56:00,AUTH23223705
PAY0002376,ORD0002328,BANK_TRANSFER,2073.16,SETTLED,2025-10-26 04:55:00,AUTH47200124
PAY0002377,ORD0002329,AFTERPAY,873.42,SETTLED,2025-07-24 20:20:00,AUTH30767749
PAY0002378,ORD0002330,DEBIT_CARD,2248.45,REFUNDED,2025-09-05 21:40:00,AUTH27252354
PAY0002379,ORD0002331,BANK_TRANSFER,782.94,DECLINED,2025-05-10 23:13:00,AUTH30067872
PAY0002380,ORD0002332,DEBIT_CARD,1415.86,REFUNDED,2025-05-17 11:38:00,AUTH22164878
PAY0002381,ORD0002333,AFTERPAY,1502.52,SETTLED,2025-12-25 04:20:00,AUTH18333778
PAY0002382,ORD0002334,CREDIT_CARD,2399.88,SETTLED,2025-09-24 01:07:00,AUTH35931684
PAY0002383,ORD0002335,AFTERPAY,2171.04,SETTLED,2025-10-30 00:27:00,AUTH65129571
PAY0002384,ORD0002336,GIFT_CARD,877.88,SETTLED,2025-05-26 13:01:00,AUTH18609287
PAY0002385,ORD0002337,BANK_TRANSFER,1181.02,SETTLED,2025-07-01 15:22:00,AUTH34160765
PAY0002386,ORD0002338,CREDIT_CARD,319.38,SETTLED,2025-08-26 07:57:00,AUTH14429153
PAY0002387,ORD0002339,AFTERPAY,1900.68,SETTLED,2025-05-26 14:42:00,AUTH18350781
PAY0002388,ORD0002340,AFTERPAY,2056.8,SETTLED,2025-09-23 02:28:00,AUTH38243189
PAY0002389,ORD0002341,AFTERPAY,640.71,SETTLED,2025-07-13 18:43:00,AUTH68895809
PAY0002390,ORD0002342,CREDIT_CARD,386.75,SETTLED,2025-06-04 02:24:00,AUTH80779625
PAY0002391,ORD0002343,PAYPAL,197.91,SETTLED,2025-08-31 13:00:00,AUTH96567048
PAY0002392,ORD0002344,AFTERPAY,196.01,SETTLED,2025-10-09 17:00:00,AUTH65215070
PAY0002393,ORD0002345,AFTERPAY,2247.25,SETTLED,2025-10-29 07:16:00,AUTH64353530
PAY0002394,ORD0002346,CREDIT_CARD,1030.3,DECLINED,2025-10-11 15:21:00,AUTH84726555
PAY0002395,ORD0002347,PAYPAL,1188.04,SETTLED,2025-08-01 00:41:00,AUTH56946753
PAY0002396,ORD0002348,CREDIT_CARD,2330.29,SETTLED,2025-11-14 03:34:00,AUTH78427731
PAY0002397,ORD0002349,BANK_TRANSFER,794.55,SETTLED,2025-11-06 15:05:00,AUTH54135971
PAY0002398,ORD0002350,DEBIT_CARD,1044.78,SETTLED,2025-10-04 07:30:00,AUTH51165955
PAY0002399,ORD0002351,PAYPAL,1148.52,SETTLED,2025-06-07 13:59:00,AUTH65936003
PAY0002400,ORD0002352,AFTERPAY,2011.69,SETTLED,2025-06-11 23:23:00,AUTH31952645
PAY0002401,ORD0002353,CREDIT_CARD,580.55,SETTLED,2025-09-03 07:47:00,AUTH21438339
PAY0002402,ORD0002354,DEBIT_CARD,2127.06,REFUNDED,2025-10-18 18:42:00,AUTH84358874
PAY0002403,ORD0002355,AFTERPAY,87.45,SETTLED,2025-09-13 16:08:00,AUTH17061340
PAY0002404,ORD0002356,DEBIT_CARD,1417.58,SETTLED,2025-12-26 02:00:00,AUTH42237618
PAY0002405,ORD0002357,GIFT_CARD,2306.44,SETTLED,2025-12-23 22:31:00,AUTH94562245
PAY0002406,ORD0002358,PAYPAL,1941.84,SETTLED,2025-07-16 02:34:00,AUTH67603759
PAY0002407,ORD0002359,CREDIT_CARD,816.16,SETTLED,2025-12-17 09:32:00,AUTH89406851
PAY0002408,ORD0002360,CREDIT_CARD,1756.97,SETTLED,2025-07-11 17:45:00,AUTH37301258
PAY0002409,ORD0002361,AFTERPAY,2275.61,DECLINED,2025-11-24 23:04:00,AUTH31093911
PAY0002410,ORD0002362,PAYPAL,1805.69,SETTLED,2025-05-13 23:25:00,AUTH84789104
PAY0002411,ORD0002363,AFTERPAY,898.54,REFUNDED,2025-11-10 02:47:00,AUTH65839798
PAY0002412,ORD0002364,CREDIT_CARD,883.46,SETTLED,2025-07-10 13:48:00,AUTH59896056
PAY0002413,ORD0002364,GIFT_CARD,2203.49,SETTLED,2025-10-11 22:06:00,AUTH27260906
PAY0002414,ORD0002365,PAYPAL,566.62,SETTLED,2025-06-19 01:57:00,AUTH18785917
PAY0002415,ORD0002366,BANK_TRANSFER,626.58,SETTLED,2026-01-01 06:18:00,AUTH46022958
PAY0002416,ORD0002367,AFTERPAY,201.2,REFUNDED,2025-11-21 04:13:00,AUTH49094592
PAY0002417,ORD0002368,AFTERPAY,1162.18,SETTLED,2025-10-20 16:54:00,AUTH86981864
PAY0002418,ORD0002369,AFTERPAY,2290.83,SETTLED,2025-09-21 16:25:00,AUTH79049326
PAY0002419,ORD0002370,BANK_TRANSFER,321.53,SETTLED,2025-09-23 22:05:00,AUTH57295760
PAY0002420,ORD0002371,AFTERPAY,1806.09,SETTLED,2025-09-20 23:32:00,AUTH74202927
PAY0002421,ORD0002372,CREDIT_CARD,1321.55,SETTLED,2025-11-19 04:09:00,AUTH37790689
PAY0002422,ORD0002373,DEBIT_CARD,1480.02,SETTLED,2025-08-01 07:42:00,AUTH59095783
PAY0002423,ORD0002374,DEBIT_CARD,2227.21,SETTLED,2025-08-27 03:16:00,AUTH64530616
PAY0002424,ORD0002375,PAYPAL,1629.3,DECLINED,2025-09-04 00:12:00,AUTH72949232
PAY0002425,ORD0002376,AFTERPAY,1165.28,SETTLED,2025-12-15 03:08:00,AUTH45997518
PAY0002426,ORD0002377,CREDIT_CARD,480.08,SETTLED,2025-10-30 12:17:00,AUTH14099957
PAY0002427,ORD0002378,GIFT_CARD,166.01,REFUNDED,2025-08-15 22:14:00,AUTH18887816
PAY0002428,ORD0002379,PAYPAL,538.17,SETTLED,2025-12-17 13:15:00,AUTH63723642
PAY0002429,ORD0002380,CREDIT_CARD,1980.28,SETTLED,2025-08-19 09:52:00,AUTH10582221
PAY0002430,ORD0002381,AFTERPAY,775.96,SETTLED,2025-10-04 07:39:00,AUTH76386817
PAY0002431,ORD0002382,CREDIT_CARD,1430.82,SETTLED,2025-08-09 18:46:00,AUTH87965607
PAY0002432,ORD0002382,GIFT_CARD,549.37,SETTLED,2025-12-19 02:24:00,AUTH34698357
PAY0002433,ORD0002383,PAYPAL,113.6,SETTLED,2025-12-25 18:14:00,AUTH68533694
PAY0002434,ORD0002384,BANK_TRANSFER,2016.54,SETTLED,2025-08-09 15:33:00,AUTH82925760
PAY0002435,ORD0002385,BANK_TRANSFER,1500.07,SETTLED,2025-07-17 20:00:00,AUTH83546586
PAY0002436,ORD0002386,CREDIT_CARD,575.41,SETTLED,2025-11-12 12:51:00,AUTH18031755
PAY0002437,ORD0002387,BANK_TRANSFER,2052.45,SETTLED,2025-05-15 16:27:00,AUTH18477558
PAY0002438,ORD0002388,CREDIT_CARD,1891.05,SETTLED,2025-05-21 18:21:00,AUTH18657956
PAY0002439,ORD0002389,AFTERPAY,965.5,SETTLED,2025-09-26 12:20:00,AUTH30068192
PAY0002440,ORD0002390,AFTERPAY,205.62,SETTLED,2025-11-10 02:29:00,AUTH65021590
PAY0002441,ORD0002391,CREDIT_CARD,716.01,SETTLED,2025-11-20 06:56:00,AUTH83301524
PAY0002442,ORD0002392,GIFT_CARD,1119.45,SETTLED,2025-06-03 10:32:00,AUTH96375243
PAY0002443,ORD0002392,BANK_TRANSFER,251.27,DECLINED,2025-11-17 11:25:00,AUTH32035191
PAY0002444,ORD0002393,PAYPAL,1297.57,SETTLED,2025-09-22 11:03:00,AUTH75974714
PAY0002445,ORD0002394,CREDIT_CARD,1470.9,SETTLED,2025-06-15 17:18:00,AUTH77903411
PAY0002446,ORD0002395,GIFT_CARD,1462.71,SETTLED,2025-06-27 11:35:00,AUTH82160427
PAY0002447,ORD0002396,AFTERPAY,1883.35,SETTLED,2025-06-11 20:19:00,AUTH91213443
PAY0002448,ORD0002397,CREDIT_CARD,280.03,SETTLED,2025-10-19 00:35:00,AUTH50691073
PAY0002449,ORD0002398,PAYPAL,41.54,REFUNDED,2025-10-28 03:29:00,AUTH32330484
PAY0002450,ORD0002399,AFTERPAY,134.77,SETTLED,2025-11-30 17:40:00,AUTH17459492
PAY0002451,ORD0002400,PAYPAL,367.97,DECLINED,2025-12-17 19:02:00,AUTH14789845
PAY0002452,ORD0002401,DEBIT_CARD,747.02,REFUNDED,2025-12-05 04:19:00,AUTH12061469
PAY0002453,ORD0002402,PAYPAL,18.48,SETTLED,2025-06-30 00:19:00,AUTH53830780
PAY0002454,ORD0002403,AFTERPAY,644.2,SETTLED,2025-11-23 06:09:00,AUTH81704329
PAY0002455,ORD0002404,BANK_TRANSFER,876.6,SETTLED,2025-11-29 01:33:00,AUTH34762255
PAY0002456,ORD0002405,DEBIT_CARD,583.94,SETTLED,2025-06-20 12:58:00,AUTH90775254
PAY0002457,ORD0002406,DEBIT_CARD,1151.25,SETTLED,2025-07-10 04:53:00,AUTH27111948
PAY0002458,ORD0002407,BANK_TRANSFER,212.09,SETTLED,2025-05-26 01:36:00,AUTH32968272
PAY0002459,ORD0002408,PAYPAL,767.79,SETTLED,2025-10-25 14:58:00,AUTH62773404
PAY0002460,ORD0002409,DEBIT_CARD,929.54,DECLINED,2025-09-21 12:37:00,AUTH95766298
PAY0002461,ORD0002410,DEBIT_CARD,399.5,SETTLED,2025-12-04 18:24:00,AUTH56795690
PAY0002462,ORD0002411,PAYPAL,594.3,SETTLED,2025-06-22 07:15:00,AUTH28997617
PAY0002463,ORD0002412,AFTERPAY,569.99,SETTLED,2025-11-05 17:00:00,AUTH43701352
PAY0002464,ORD0002413,PAYPAL,402.47,SETTLED,2025-08-04 08:23:00,AUTH73690070
PAY0002465,ORD0002414,CREDIT_CARD,2173.92,SETTLED,2025-06-05 05:38:00,AUTH84470023
PAY0002466,ORD0002415,DEBIT_CARD,1733.34,SETTLED,2025-11-30 05:04:00,AUTH13946754
PAY0002467,ORD0002416,BANK_TRANSFER,605.54,REFUNDED,2025-12-10 01:26:00,AUTH28062313
PAY0002468,ORD0002417,CREDIT_CARD,16.38,SETTLED,2025-10-26 20:27:00,AUTH51344970
PAY0002469,ORD0002418,AFTERPAY,2390.46,SETTLED,2025-07-27 22:41:00,AUTH94107337
PAY0002470,ORD0002419,GIFT_CARD,1275.9,SETTLED,2025-11-30 14:14:00,AUTH56599584
PAY0002471,ORD0002420,AFTERPAY,265.91,REFUNDED,2025-10-23 17:48:00,AUTH19534593
PAY0002472,ORD0002421,DEBIT_CARD,241.22,DECLINED,2025-12-12 00:23:00,AUTH51132337
PAY0002473,ORD0002422,BANK_TRANSFER,1501.05,SETTLED,2025-07-21 23:19:00,AUTH39782438
PAY0002474,ORD0002423,AFTERPAY,140.83,SETTLED,2025-05-11 20:48:00,AUTH57343998
PAY0002475,ORD0002424,PAYPAL,1541.4,SETTLED,2025-09-18 18:23:00,AUTH87286314
PAY0002476,ORD0002425,BANK_TRANSFER,1165.88,DECLINED,2025-11-30 00:09:00,AUTH36807608
PAY0002477,ORD0002426,GIFT_CARD,948.54,SETTLED,2025-05-11 10:00:00,AUTH82043986
PAY0002478,ORD0002427,CREDIT_CARD,2338.88,SETTLED,2025-06-16 07:14:00,AUTH12436397
PAY0002479,ORD0002428,PAYPAL,1112.03,SETTLED,2025-11-10 05:59:00,AUTH17799410
PAY0002480,ORD0002429,CREDIT_CARD,732.81,SETTLED,2025-07-26 11:36:00,AUTH12965777
PAY0002481,ORD0002430,DEBIT_CARD,350.7,REFUNDED,2025-12-28 00:34:00,AUTH97676932
PAY0002482,ORD0002431,AFTERPAY,309.17,SETTLED,2025-07-09 16:27:00,AUTH63085861
PAY0002483,ORD0002432,BANK_TRANSFER,406.99,REFUNDED,2025-12-19 05:36:00,AUTH70966864
PAY0002484,ORD0002433,CREDIT_CARD,894.54,REFUNDED,2025-09-22 22:07:00,AUTH29967037
PAY0002485,ORD0002434,PAYPAL,1781.71,SETTLED,2025-05-29 10:32:00,AUTH31263029
PAY0002486,ORD0002435,DEBIT_CARD,1688.42,SETTLED,2025-10-21 14:57:00,AUTH48457309
PAY0002487,ORD0002436,DEBIT_CARD,2088.35,DECLINED,2025-07-23 18:56:00,AUTH86580969
PAY0002488,ORD0002437,GIFT_CARD,986.78,SETTLED,2025-10-14 03:54:00,AUTH86594532
PAY0002489,ORD0002438,PAYPAL,2053.96,SETTLED,2025-08-05 11:08:00,AUTH35702180
PAY0002490,ORD0002439,GIFT_CARD,1258.24,SETTLED,2025-10-03 23:37:00,AUTH98496687
PAY0002491,ORD0002440,GIFT_CARD,616.11,DECLINED,2025-08-28 07:12:00,AUTH69655508
PAY0002492,ORD0002441,BANK_TRANSFER,2184.09,SETTLED,2025-12-09 20:48:00,AUTH11536105
PAY0002493,ORD0002442,CREDIT_CARD,823.17,SETTLED,2025-12-22 16:54:00,AUTH57205617
PAY0002494,ORD0002443,AFTERPAY,2239.91,SETTLED,2025-06-15 05:26:00,AUTH79314699
PAY0002495,ORD0002444,AFTERPAY,247.47,SETTLED,2025-11-21 10:14:00,AUTH65175571
PAY0002496,ORD0002445,PAYPAL,508.56,REFUNDED,2025-11-12 09:59:00,AUTH53463328
PAY0002497,ORD0002446,AFTERPAY,2349.38,SETTLED,2025-11-15 10:00:00,AUTH10758906
PAY0002498,ORD0002447,GIFT_CARD,1847.22,SETTLED,2025-05-10 10:35:00,AUTH17525916
PAY0002499,ORD0002448,GIFT_CARD,1473.11,SETTLED,2025-12-02 17:54:00,AUTH57910222
PAY0002500,ORD0002449,PAYPAL,70.13,SETTLED,2025-11-01 13:37:00,AUTH95741198
PAY0002501,ORD0002450,DEBIT_CARD,1413.21,SETTLED,2025-12-18 04:01:00,AUTH83444237
PAY0002502,ORD0002451,BANK_TRANSFER,1214.18,SETTLED,2025-11-08 22:00:00,AUTH35269253
PAY0002503,ORD0002452,BANK_TRANSFER,177.72,SETTLED,2025-06-29 14:32:00,AUTH27731106
PAY0002504,ORD0002453,GIFT_CARD,2209.83,SETTLED,2025-06-04 10:04:00,AUTH25127264
PAY0002505,ORD0002454,CREDIT_CARD,1999.11,DECLINED,2025-12-04 12:26:00,AUTH85919616
PAY0002506,ORD0002455,PAYPAL,1476.34,SETTLED,2025-05-06 05:13:00,AUTH79581024
PAY0002507,ORD0002456,AFTERPAY,1920.58,REFUNDED,2025-05-27 07:17:00,AUTH25767448
PAY0002508,ORD0002457,BANK_TRANSFER,1782.83,SETTLED,2025-08-31 22:57:00,AUTH15203354
PAY0002509,ORD0002458,PAYPAL,1249.19,SETTLED,2025-06-22 15:35:00,AUTH80911965
PAY0002510,ORD0002459,AFTERPAY,931.15,DECLINED,2025-11-10 09:47:00,AUTH89508694
PAY0002511,ORD0002460,BANK_TRANSFER,491.26,SETTLED,2025-10-13 20:18:00,AUTH69790715
PAY0002512,ORD0002461,CREDIT_CARD,1603.6,SETTLED,2025-06-13 08:51:00,AUTH60785445
PAY0002513,ORD0002462,AFTERPAY,846.13,SETTLED,2025-12-10 20:48:00,AUTH51528034
PAY0002514,ORD0002463,DEBIT_CARD,188.67,DECLINED,2025-07-26 17:47:00,AUTH63520738
PAY0002515,ORD0002464,AFTERPAY,138.68,SETTLED,2025-10-11 00:11:00,AUTH89787097
PAY0002516,ORD0002465,BANK_TRANSFER,1479.48,SETTLED,2025-08-29 00:06:00,AUTH24471088
PAY0002517,ORD0002466,PAYPAL,1163.51,DECLINED,2025-05-19 16:14:00,AUTH80526406
PAY0002518,ORD0002467,GIFT_CARD,1233.4,SETTLED,2025-07-22 10:19:00,AUTH51915844
PAY0002519,ORD0002468,CREDIT_CARD,1085.41,SETTLED,2025-05-16 22:18:00,AUTH11302496
PAY0002520,ORD0002469,CREDIT_CARD,1435.58,SETTLED,2025-09-15 21:58:00,AUTH24066672
PAY0002521,ORD0002470,GIFT_CARD,1134.94,SETTLED,2025-11-14 19:36:00,AUTH72331966
PAY0002522,ORD0002471,AFTERPAY,313.86,SETTLED,2025-11-28 02:44:00,AUTH83645744
PAY0002523,ORD0002472,AFTERPAY,994.06,SETTLED,2025-10-03 09:17:00,AUTH90296561
PAY0002524,ORD0002473,PAYPAL,597.86,SETTLED,2025-10-21 06:51:00,AUTH62749794
PAY0002525,ORD0002474,DEBIT_CARD,277.69,SETTLED,2025-07-15 13:49:00,AUTH65581302
PAY0002526,ORD0002474,GIFT_CARD,1471.72,SETTLED,2025-11-07 13:00:00,AUTH88083171
PAY0002527,ORD0002475,BANK_TRANSFER,1924.44,SETTLED,2025-12-17 21:14:00,AUTH33638463
PAY0002528,ORD0002476,BANK_TRANSFER,1964.18,SETTLED,2025-08-06 00:30:00,AUTH57931949
PAY0002529,ORD0002477,BANK_TRANSFER,2251.39,SETTLED,2025-06-25 18:22:00,AUTH72355796
PAY0002530,ORD0002478,DEBIT_CARD,804.95,REFUNDED,2025-12-16 23:39:00,AUTH68204297
PAY0002531,ORD0002479,BANK_TRANSFER,1353.37,DECLINED,2025-08-05 09:25:00,AUTH35761070
PAY0002532,ORD0002480,CREDIT_CARD,2018.52,REFUNDED,2025-09-20 15:18:00,AUTH89386173
PAY0002533,ORD0002481,PAYPAL,1290.94,SETTLED,2025-08-22 01:41:00,AUTH63141902
PAY0002534,ORD0002482,BANK_TRANSFER,2036.32,SETTLED,2025-09-26 11:43:00,AUTH64912427
PAY0002535,ORD0002483,PAYPAL,652.62,SETTLED,2025-07-28 13:04:00,AUTH98520157
PAY0002536,ORD0002484,GIFT_CARD,694.81,DECLINED,2025-09-14 22:31:00,AUTH55127746
PAY0002537,ORD0002485,CREDIT_CARD,1996.1,SETTLED,2025-07-28 20:39:00,AUTH23864987
PAY0002538,ORD0002486,BANK_TRANSFER,1558.44,SETTLED,2025-10-27 07:10:00,AUTH23857774
PAY0002539,ORD0002487,PAYPAL,1602.97,DECLINED,2025-10-21 18:26:00,AUTH16853776
PAY0002540,ORD0002488,BANK_TRANSFER,1201.3,SETTLED,2025-09-23 19:56:00,AUTH24006102
PAY0002541,ORD0002489,DEBIT_CARD,1664.56,SETTLED,2025-12-09 23:01:00,AUTH43234356
PAY0002542,ORD0002490,DEBIT_CARD,571.46,SETTLED,2025-11-08 18:17:00,AUTH42753364
PAY0002543,ORD0002491,GIFT_CARD,1144.18,SETTLED,2025-12-31 21:34:00,AUTH90308249
PAY0002544,ORD0002492,GIFT_CARD,1902.91,SETTLED,2025-06-11 23:39:00,AUTH19359075
PAY0002545,ORD0002493,PAYPAL,1648.93,SETTLED,2025-11-20 06:36:00,AUTH16969107
PAY0002546,ORD0002494,AFTERPAY,694.29,SETTLED,2025-12-06 06:48:00,AUTH63958662
PAY0002547,ORD0002495,BANK_TRANSFER,1517.86,SETTLED,2025-11-16 12:01:00,AUTH72263001
PAY0002548,ORD0002496,GIFT_CARD,1353.03,SETTLED,2025-06-27 19:06:00,AUTH18375052
PAY0002549,ORD0002497,AFTERPAY,2224.03,SETTLED,2026-01-01 17:54:00,AUTH61792920
PAY0002550,ORD0002498,AFTERPAY,1442.6,DECLINED,2025-08-01 01:22:00,AUTH51720198
PAY0002551,ORD0002499,PAYPAL,249.22,SETTLED,2025-06-11 02:17:00,AUTH82806864
PAY0002552,ORD0002500,AFTERPAY,2018.61,SETTLED,2025-11-24 18:39:00,AUTH35649644
PAY0002553,ORD0002501,DEBIT_CARD,1319.74,SETTLED,2025-06-15 19:14:00,AUTH82996272
PAY0002554,ORD0002502,GIFT_CARD,32.18,DECLINED,2025-05-25 14:17:00,AUTH42939721
PAY0002555,ORD0002503,CREDIT_CARD,689.0,DECLINED,2025-05-25 14:04:00,AUTH55910795
PAY0002556,ORD0002504,BANK_TRANSFER,1009.18,SETTLED,2025-10-07 18:50:00,AUTH65083656
PAY0002557,ORD0002505,PAYPAL,1927.79,REFUNDED,2025-05-25 12:53:00,AUTH65807647
PAY0002558,ORD0002506,BANK_TRANSFER,2043.85,SETTLED,2025-11-16 23:41:00,AUTH81544322
PAY0002559,ORD0002507,DEBIT_CARD,369.77,SETTLED,2025-05-13 05:07:00,AUTH69452613
PAY0002560,ORD0002508,PAYPAL,1951.82,SETTLED,2025-11-14 10:37:00,AUTH69191555
PAY0002561,ORD0002509,PAYPAL,812.23,SETTLED,2025-11-09 01:47:00,AUTH49271273
PAY0002562,ORD0002510,PAYPAL,1567.39,SETTLED,2025-05-27 14:01:00,AUTH69823471
PAY0002563,ORD0002511,PAYPAL,709.56,SETTLED,2025-06-04 11:51:00,AUTH52465677
PAY0002564,ORD0002512,CREDIT_CARD,1256.8,REFUNDED,2025-10-03 00:33:00,AUTH78633666
PAY0002565,ORD0002513,CREDIT_CARD,426.64,SETTLED,2025-08-31 14:28:00,AUTH26284456
PAY0002566,ORD0002514,GIFT_CARD,1649.08,SETTLED,2025-12-21 22:28:00,AUTH51805387
PAY0002567,ORD0002515,CREDIT_CARD,1648.82,SETTLED,2025-08-02 23:04:00,AUTH38839404
PAY0002568,ORD0002516,BANK_TRANSFER,1997.72,DECLINED,2025-11-06 23:10:00,AUTH56927817
PAY0002569,ORD0002517,BANK_TRANSFER,1112.49,SETTLED,2025-05-20 01:58:00,AUTH45396487
PAY0002570,ORD0002518,BANK_TRANSFER,1216.99,SETTLED,2025-11-23 23:09:00,AUTH25177138
PAY0002571,ORD0002519,CREDIT_CARD,1549.95,DECLINED,2025-10-17 08:11:00,AUTH28144989
PAY0002572,ORD0002520,PAYPAL,46.74,SETTLED,2025-07-29 12:00:00,AUTH55395933
PAY0002573,ORD0002521,PAYPAL,731.56,SETTLED,2025-05-24 10:12:00,AUTH89475881
PAY0002574,ORD0002522,GIFT_CARD,309.11,SETTLED,2025-05-27 16:03:00,AUTH44886230
PAY0002575,ORD0002523,AFTERPAY,316.8,SETTLED,2025-08-02 19:32:00,AUTH14909575
PAY0002576,ORD0002524,BANK_TRANSFER,1976.81,SETTLED,2025-05-16 01:36:00,AUTH91955936
PAY0002577,ORD0002525,BANK_TRANSFER,1053.0,SETTLED,2025-06-16 10:58:00,AUTH92443377
PAY0002578,ORD0002526,AFTERPAY,2188.22,SETTLED,2025-06-09 11:15:00,AUTH95967309
PAY0002579,ORD0002527,DEBIT_CARD,288.21,SETTLED,2025-12-16 02:08:00,AUTH11253972
PAY0002580,ORD0002528,PAYPAL,2055.22,SETTLED,2025-07-01 13:08:00,AUTH92202222
PAY0002581,ORD0002529,CREDIT_CARD,1316.32,SETTLED,2025-08-09 12:58:00,AUTH53577561
PAY0002582,ORD0002530,PAYPAL,712.59,SETTLED,2025-07-13 07:30:00,AUTH93963403
PAY0002583,ORD0002531,BANK_TRANSFER,16.72,SETTLED,2025-08-21 13:40:00,AUTH92074459
PAY0002584,ORD0002532,DEBIT_CARD,1419.94,REFUNDED,2025-08-13 07:38:00,AUTH82475754
PAY0002585,ORD0002533,PAYPAL,336.61,REFUNDED,2025-08-21 11:05:00,AUTH98824105
PAY0002586,ORD0002534,CREDIT_CARD,1620.68,SETTLED,2025-05-09 14:35:00,AUTH31662952
PAY0002587,ORD0002535,GIFT_CARD,24.4,SETTLED,2025-12-16 16:48:00,AUTH79478025
PAY0002588,ORD0002536,AFTERPAY,1226.17,SETTLED,2025-06-27 04:32:00,AUTH91397620
PAY0002589,ORD0002537,BANK_TRANSFER,1024.84,SETTLED,2025-10-13 07:49:00,AUTH56382034
PAY0002590,ORD0002538,DEBIT_CARD,2358.08,SETTLED,2025-06-12 06:56:00,AUTH87433429
PAY0002591,ORD0002539,DEBIT_CARD,1907.12,SETTLED,2025-08-15 16:34:00,AUTH37920861
PAY0002592,ORD0002540,CREDIT_CARD,1244.3,SETTLED,2025-05-30 14:04:00,AUTH49906107
PAY0002593,ORD0002541,AFTERPAY,2358.13,SETTLED,2025-10-31 15:17:00,AUTH18328270
PAY0002594,ORD0002542,AFTERPAY,1900.62,SETTLED,2025-05-29 03:32:00,AUTH74540054
PAY0002595,ORD0002543,CREDIT_CARD,1171.78,SETTLED,2025-09-24 16:50:00,AUTH15646920
PAY0002596,ORD0002544,BANK_TRANSFER,1507.81,SETTLED,2025-07-04 01:16:00,AUTH98928865
PAY0002597,ORD0002545,DEBIT_CARD,723.46,SETTLED,2025-09-27 22:19:00,AUTH69189934
PAY0002598,ORD0002546,GIFT_CARD,851.42,SETTLED,2025-11-19 16:57:00,AUTH83791028
PAY0002599,ORD0002547,PAYPAL,1881.53,SETTLED,2025-11-30 01:53:00,AUTH95331770
PAY0002600,ORD0002548,DEBIT_CARD,1829.2,SETTLED,2025-07-21 02:44:00,AUTH27779766
PAY0002601,ORD0002549,PAYPAL,1012.86,SETTLED,2025-07-24 13:49:00,AUTH23479809
PAY0002602,ORD0002550,CREDIT_CARD,1175.55,SETTLED,2025-12-25 14:52:00,AUTH61588722
PAY0002603,ORD0002551,BANK_TRANSFER,2052.6,SETTLED,2025-09-20 19:25:00,AUTH52188234
PAY0002604,ORD0002552,BANK_TRANSFER,331.89,DECLINED,2025-12-03 14:25:00,AUTH31856014
PAY0002605,ORD0002553,CREDIT_CARD,1083.24,SETTLED,2025-07-27 20:02:00,AUTH14762545
PAY0002606,ORD0002554,AFTERPAY,1673.15,SETTLED,2025-08-17 01:39:00,AUTH37754035
PAY0002607,ORD0002555,DEBIT_CARD,188.24,SETTLED,2025-11-08 10:07:00,AUTH44148793
PAY0002608,ORD0002556,AFTERPAY,1371.27,SETTLED,2025-10-14 15:49:00,AUTH91940560
PAY0002609,ORD0002557,AFTERPAY,1699.03,SETTLED,2025-06-13 13:47:00,AUTH95340465
PAY0002610,ORD0002558,PAYPAL,1204.13,REFUNDED,2025-10-22 00:35:00,AUTH45002381
PAY0002611,ORD0002559,DEBIT_CARD,23.35,SETTLED,2025-11-02 17:26:00,AUTH17850152
PAY0002612,ORD0002560,CREDIT_CARD,338.4,DECLINED,2025-10-10 11:46:00,AUTH27071127
PAY0002613,ORD0002561,PAYPAL,1047.33,SETTLED,2025-06-19 12:40:00,AUTH37528157
PAY0002614,ORD0002562,DEBIT_CARD,2182.85,SETTLED,2025-07-13 08:04:00,AUTH37106039
PAY0002615,ORD0002563,DEBIT_CARD,1930.6,SETTLED,2025-11-06 03:21:00,AUTH77690204
PAY0002616,ORD0002564,BANK_TRANSFER,966.18,SETTLED,2025-07-28 08:32:00,AUTH95996809
PAY0002617,ORD0002565,PAYPAL,175.93,SETTLED,2025-11-07 01:55:00,AUTH95142556
PAY0002618,ORD0002566,PAYPAL,1153.96,SETTLED,2025-11-06 09:35:00,AUTH17582890
PAY0002619,ORD0002567,GIFT_CARD,32.54,REFUNDED,2025-08-28 07:07:00,AUTH93577575
PAY0002620,ORD0002568,GIFT_CARD,1747.38,SETTLED,2025-09-09 21:13:00,AUTH84448573
PAY0002621,ORD0002569,BANK_TRANSFER,1490.37,SETTLED,2025-06-11 20:48:00,AUTH87493124
PAY0002622,ORD0002570,PAYPAL,603.92,REFUNDED,2025-05-12 12:09:00,AUTH66081588
PAY0002623,ORD0002571,GIFT_CARD,2165.76,REFUNDED,2025-05-10 21:21:00,AUTH19517465
PAY0002624,ORD0002572,CREDIT_CARD,2390.51,SETTLED,2025-09-19 07:37:00,AUTH90251572
PAY0002625,ORD0002573,GIFT_CARD,1940.44,SETTLED,2025-06-21 00:39:00,AUTH93674661
PAY0002626,ORD0002574,AFTERPAY,908.02,DECLINED,2025-07-17 14:19:00,AUTH63083773
PAY0002627,ORD0002575,BANK_TRANSFER,881.1,REFUNDED,2025-06-11 14:43:00,AUTH70634739
PAY0002628,ORD0002576,BANK_TRANSFER,581.2,SETTLED,2025-08-31 23:32:00,AUTH56900827
PAY0002629,ORD0002577,GIFT_CARD,1123.22,SETTLED,2025-08-25 19:40:00,AUTH80051655
PAY0002630,ORD0002578,PAYPAL,44.89,SETTLED,2025-05-06 22:42:00,AUTH41701361
PAY0002631,ORD0002579,GIFT_CARD,676.71,SETTLED,2025-12-20 19:10:00,AUTH13056806
PAY0002632,ORD0002580,DEBIT_CARD,1038.04,SETTLED,2025-12-17 12:08:00,AUTH18949645
PAY0002633,ORD0002581,BANK_TRANSFER,1707.19,DECLINED,2025-05-07 21:45:00,AUTH91762622
PAY0002634,ORD0002582,PAYPAL,2309.67,SETTLED,2025-09-22 22:00:00,AUTH29836216
PAY0002635,ORD0002583,CREDIT_CARD,1351.95,SETTLED,2025-12-08 01:47:00,AUTH88706927
PAY0002636,ORD0002584,CREDIT_CARD,1852.11,DECLINED,2025-08-30 13:46:00,AUTH17883032
PAY0002637,ORD0002585,BANK_TRANSFER,1091.54,SETTLED,2025-12-31 17:03:00,AUTH23609821
PAY0002638,ORD0002586,BANK_TRANSFER,1242.32,SETTLED,2025-05-27 08:18:00,AUTH20527786
PAY0002639,ORD0002587,AFTERPAY,480.96,SETTLED,2025-12-27 11:32:00,AUTH52982710
PAY0002640,ORD0002588,CREDIT_CARD,990.07,SETTLED,2025-10-05 19:09:00,AUTH50326002
PAY0002641,ORD0002589,BANK_TRANSFER,2107.19,DECLINED,2025-07-31 03:55:00,AUTH56112666
PAY0002642,ORD0002590,AFTERPAY,1849.59,SETTLED,2025-08-10 17:14:00,AUTH83111829
PAY0002643,ORD0002591,CREDIT_CARD,317.85,SETTLED,2025-10-07 01:26:00,AUTH71575806
PAY0002644,ORD0002592,DEBIT_CARD,1768.0,SETTLED,2025-11-08 16:57:00,AUTH46712480
PAY0002645,ORD0002593,BANK_TRANSFER,1148.56,SETTLED,2025-06-10 10:17:00,AUTH23214762
PAY0002646,ORD0002594,DEBIT_CARD,37.79,SETTLED,2025-11-12 07:52:00,AUTH19797160
PAY0002647,ORD0002595,AFTERPAY,599.02,SETTLED,2025-12-11 13:06:00,AUTH27088014
PAY0002648,ORD0002596,BANK_TRANSFER,1543.88,SETTLED,2025-07-07 18:03:00,AUTH79175932
PAY0002649,ORD0002597,DEBIT_CARD,1370.14,SETTLED,2025-10-05 19:59:00,AUTH25290945
PAY0002650,ORD0002598,PAYPAL,1724.31,SETTLED,2025-06-05 12:46:00,AUTH20294994
PAY0002651,ORD0002599,BANK_TRANSFER,442.53,SETTLED,2025-08-01 10:18:00,AUTH23449950
PAY0002652,ORD0002600,BANK_TRANSFER,205.3,DECLINED,2025-08-19 19:12:00,AUTH64768788
PAY0002653,ORD0002601,PAYPAL,2353.36,SETTLED,2025-06-14 13:44:00,AUTH61396432
PAY0002654,ORD0002602,BANK_TRANSFER,2004.03,SETTLED,2025-06-17 03:40:00,AUTH90863121
PAY0002655,ORD0002603,DEBIT_CARD,2153.02,SETTLED,2025-12-01 03:02:00,AUTH66959304
PAY0002656,ORD0002604,PAYPAL,1121.23,SETTLED,2025-10-01 07:41:00,AUTH73063758
PAY0002657,ORD0002605,GIFT_CARD,1340.33,SETTLED,2025-07-09 09:32:00,AUTH44886247
PAY0002658,ORD0002606,PAYPAL,2327.35,SETTLED,2025-07-04 14:46:00,AUTH19049675
PAY0002659,ORD0002607,GIFT_CARD,586.64,SETTLED,2025-11-18 04:44:00,AUTH53283493
PAY0002660,ORD0002608,PAYPAL,2305.03,SETTLED,2025-12-31 23:31:00,AUTH36580284
PAY0002661,ORD0002609,BANK_TRANSFER,285.84,DECLINED,2025-12-08 21:03:00,AUTH32722265
PAY0002662,ORD0002610,BANK_TRANSFER,420.73,SETTLED,2025-08-13 13:45:00,AUTH99701675
PAY0002663,ORD0002611,PAYPAL,1834.16,SETTLED,2025-07-16 10:37:00,AUTH37813717
PAY0002664,ORD0002612,BANK_TRANSFER,413.89,SETTLED,2026-01-01 19:26:00,AUTH77586901
PAY0002665,ORD0002613,DEBIT_CARD,614.54,SETTLED,2025-09-24 09:28:00,AUTH81193295
PAY0002666,ORD0002614,DEBIT_CARD,159.79,SETTLED,2025-08-05 09:14:00,AUTH70345366
PAY0002667,ORD0002615,PAYPAL,1792.89,DECLINED,2025-08-08 08:30:00,AUTH84883402
PAY0002668,ORD0002616,DEBIT_CARD,2357.76,SETTLED,2025-09-10 10:23:00,AUTH79793908
PAY0002669,ORD0002617,BANK_TRANSFER,484.83,SETTLED,2025-10-25 16:54:00,AUTH28055642
PAY0002670,ORD0002618,BANK_TRANSFER,2262.67,SETTLED,2025-09-15 02:07:00,AUTH51775419
PAY0002671,ORD0002619,DEBIT_CARD,2294.1,REFUNDED,2025-12-04 21:28:00,AUTH37380654
PAY0002672,ORD0002620,PAYPAL,2257.46,SETTLED,2025-05-15 01:26:00,AUTH52068509
PAY0002673,ORD0002621,DEBIT_CARD,207.4,SETTLED,2025-10-26 00:14:00,AUTH98359853
PAY0002674,ORD0002622,CREDIT_CARD,1646.72,SETTLED,2025-08-20 23:04:00,AUTH62953483
PAY0002675,ORD0002623,GIFT_CARD,1584.25,SETTLED,2025-05-14 17:13:00,AUTH35244721
PAY0002676,ORD0002624,BANK_TRANSFER,718.95,SETTLED,2025-12-29 18:14:00,AUTH22232388
PAY0002677,ORD0002625,GIFT_CARD,1911.6,SETTLED,2025-10-21 21:07:00,AUTH45358717
PAY0002678,ORD0002626,AFTERPAY,1724.97,SETTLED,2025-11-17 22:08:00,AUTH90114426
PAY0002679,ORD0002627,DEBIT_CARD,578.66,SETTLED,2025-06-06 16:26:00,AUTH72272002
PAY0002680,ORD0002628,GIFT_CARD,2113.35,SETTLED,2025-12-19 16:09:00,AUTH40293582
PAY0002681,ORD0002629,AFTERPAY,714.07,SETTLED,2025-12-22 01:05:00,AUTH87296872
PAY0002682,ORD0002630,CREDIT_CARD,906.31,SETTLED,2025-08-16 00:23:00,AUTH56071565
PAY0002683,ORD0002631,BANK_TRANSFER,320.71,SETTLED,2025-07-10 03:56:00,AUTH47389468
PAY0002684,ORD0002632,GIFT_CARD,737.81,SETTLED,2025-06-19 19:15:00,AUTH93464833
PAY0002685,ORD0002633,CREDIT_CARD,347.24,SETTLED,2025-12-25 03:22:00,AUTH89288172
PAY0002686,ORD0002634,BANK_TRANSFER,1526.75,SETTLED,2025-09-19 06:33:00,AUTH41217665
PAY0002687,ORD0002635,DEBIT_CARD,1790.17,SETTLED,2025-08-04 13:49:00,AUTH82825368
PAY0002688,ORD0002636,AFTERPAY,925.75,SETTLED,2025-07-21 01:19:00,AUTH40840788
PAY0002689,ORD0002637,CREDIT_CARD,1166.69,DECLINED,2025-05-16 07:05:00,AUTH88308852
PAY0002690,ORD0002638,GIFT_CARD,543.63,SETTLED,2025-07-26 20:24:00,AUTH29892281
PAY0002691,ORD0002639,DEBIT_CARD,1470.54,SETTLED,2025-07-07 02:39:00,AUTH62281274
PAY0002692,ORD0002640,PAYPAL,969.19,SETTLED,2025-10-20 18:54:00,AUTH75679077
PAY0002693,ORD0002641,CREDIT_CARD,131.61,SETTLED,2025-09-11 18:17:00,AUTH49960108
PAY0002694,ORD0002642,PAYPAL,1210.32,SETTLED,2025-06-19 17:36:00,AUTH49224417
PAY0002695,ORD0002643,BANK_TRANSFER,1366.54,SETTLED,2025-07-15 03:25:00,AUTH81999951
PAY0002696,ORD0002644,DEBIT_CARD,567.26,REFUNDED,2025-07-17 04:41:00,AUTH64000360
PAY0002697,ORD0002645,CREDIT_CARD,2078.54,SETTLED,2025-12-10 23:41:00,AUTH45623856
PAY0002698,ORD0002646,AFTERPAY,492.0,REFUNDED,2025-08-09 03:38:00,AUTH69180133
PAY0002699,ORD0002647,AFTERPAY,1327.44,SETTLED,2025-07-09 02:11:00,AUTH95360020
PAY0002700,ORD0002648,PAYPAL,1702.55,SETTLED,2025-05-25 17:48:00,AUTH70573108
PAY0002701,ORD0002649,BANK_TRANSFER,1716.99,SETTLED,2025-09-07 05:22:00,AUTH56051739
PAY0002702,ORD0002650,PAYPAL,917.85,SETTLED,2025-06-06 16:50:00,AUTH41753107
PAY0002703,ORD0002651,DEBIT_CARD,183.12,SETTLED,2025-12-11 01:10:00,AUTH19074805
PAY0002704,ORD0002652,CREDIT_CARD,1985.29,SETTLED,2025-06-10 13:24:00,AUTH18321064
PAY0002705,ORD0002653,AFTERPAY,2103.95,SETTLED,2025-11-04 09:52:00,AUTH46234150
PAY0002706,ORD0002654,GIFT_CARD,1925.18,SETTLED,2025-12-19 11:25:00,AUTH25473705
PAY0002707,ORD0002655,BANK_TRANSFER,1051.93,DECLINED,2025-12-26 20:49:00,AUTH35478355
PAY0002708,ORD0002656,BANK_TRANSFER,813.51,SETTLED,2025-05-06 16:50:00,AUTH88557455
PAY0002709,ORD0002657,DEBIT_CARD,463.93,SETTLED,2025-10-02 09:04:00,AUTH34487349
PAY0002710,ORD0002658,GIFT_CARD,641.85,SETTLED,2025-05-24 14:56:00,AUTH24513487
PAY0002711,ORD0002659,AFTERPAY,1244.7,SETTLED,2025-08-11 10:56:00,AUTH11102155
PAY0002712,ORD0002659,GIFT_CARD,2338.58,SETTLED,2025-07-11 17:00:00,AUTH67855012
PAY0002713,ORD0002660,CREDIT_CARD,1239.71,SETTLED,2026-01-01 16:13:00,AUTH28133435
PAY0002714,ORD0002661,AFTERPAY,888.24,SETTLED,2025-11-29 12:01:00,AUTH36984878
PAY0002715,ORD0002662,DEBIT_CARD,1469.84,SETTLED,2025-05-21 09:35:00,AUTH37728822
PAY0002716,ORD0002663,GIFT_CARD,383.64,SETTLED,2025-08-30 00:01:00,AUTH14540506
PAY0002717,ORD0002664,BANK_TRANSFER,2129.8,SETTLED,2025-05-16 18:59:00,AUTH61557646
PAY0002718,ORD0002665,DEBIT_CARD,2073.8,SETTLED,2025-08-03 14:05:00,AUTH49223374
PAY0002719,ORD0002666,PAYPAL,1808.0,SETTLED,2025-05-29 03:24:00,AUTH40574244
PAY0002720,ORD0002667,DEBIT_CARD,468.43,SETTLED,2025-11-20 04:45:00,AUTH22467636
PAY0002721,ORD0002668,CREDIT_CARD,1319.33,SETTLED,2025-07-25 04:32:00,AUTH15219475
PAY0002722,ORD0002669,CREDIT_CARD,1434.77,SETTLED,2025-09-19 21:17:00,AUTH76247520
PAY0002723,ORD0002670,DEBIT_CARD,364.73,SETTLED,2025-08-21 23:49:00,AUTH68436900
PAY0002724,ORD0002671,CREDIT_CARD,588.39,SETTLED,2025-07-24 14:59:00,AUTH88906264
PAY0002725,ORD0002672,AFTERPAY,177.25,REFUNDED,2025-11-27 08:13:00,AUTH66638343
PAY0002726,ORD0002673,GIFT_CARD,1626.03,SETTLED,2025-06-09 23:11:00,AUTH40813258
PAY0002727,ORD0002674,GIFT_CARD,978.06,SETTLED,2025-12-23 13:38:00,AUTH50957947
PAY0002728,ORD0002675,GIFT_CARD,1421.39,SETTLED,2025-12-03 00:32:00,AUTH74135432
PAY0002729,ORD0002676,BANK_TRANSFER,1912.65,DECLINED,2025-12-02 17:47:00,AUTH12283320
PAY0002730,ORD0002677,PAYPAL,271.21,SETTLED,2025-10-19 04:09:00,AUTH25392839
PAY0002731,ORD0002678,DEBIT_CARD,1572.44,SETTLED,2025-12-12 00:03:00,AUTH48238419
PAY0002732,ORD0002679,AFTERPAY,1345.92,SETTLED,2025-11-14 00:25:00,AUTH12429492
PAY0002733,ORD0002680,CREDIT_CARD,1298.71,SETTLED,2025-08-26 00:51:00,AUTH94769219
PAY0002734,ORD0002681,PAYPAL,1949.48,SETTLED,2025-05-16 12:29:00,AUTH22877351
PAY0002735,ORD0002682,GIFT_CARD,1717.11,SETTLED,2025-07-30 02:34:00,AUTH30911026
PAY0002736,ORD0002683,AFTERPAY,1166.1,SETTLED,2025-10-01 15:54:00,AUTH81799622
PAY0002737,ORD0002684,CREDIT_CARD,219.74,REFUNDED,2025-10-07 20:41:00,AUTH53022884
PAY0002738,ORD0002684,AFTERPAY,2369.79,SETTLED,2025-11-17 19:08:00,AUTH81326112
PAY0002739,ORD0002685,CREDIT_CARD,78.69,SETTLED,2025-08-20 19:50:00,AUTH14051078
PAY0002740,ORD0002686,AFTERPAY,629.22,SETTLED,2025-06-20 05:55:00,AUTH91096303
PAY0002741,ORD0002687,CREDIT_CARD,725.92,SETTLED,2025-07-24 17:54:00,AUTH59638510
PAY0002742,ORD0002688,BANK_TRANSFER,2112.24,SETTLED,2025-12-04 09:09:00,AUTH77372415
PAY0002743,ORD0002689,PAYPAL,157.46,DECLINED,2025-10-19 12:32:00,AUTH99265316
PAY0002744,ORD0002690,DEBIT_CARD,650.43,REFUNDED,2025-05-31 07:20:00,AUTH42075618
PAY0002745,ORD0002691,DEBIT_CARD,963.32,SETTLED,2025-12-01 00:10:00,AUTH83472129
PAY0002746,ORD0002692,GIFT_CARD,2133.2,SETTLED,2025-11-16 13:29:00,AUTH23477003
PAY0002747,ORD0002693,AFTERPAY,2116.75,SETTLED,2025-12-08 01:36:00,AUTH80630952
PAY0002748,ORD0002694,GIFT_CARD,1897.16,SETTLED,2025-10-10 16:35:00,AUTH60963686
PAY0002749,ORD0002695,CREDIT_CARD,501.6,SETTLED,2025-09-27 08:00:00,AUTH11818524
PAY0002750,ORD0002696,DEBIT_CARD,735.37,SETTLED,2025-09-27 22:19:00,AUTH27541684
PAY0002751,ORD0002697,BANK_TRANSFER,1519.49,SETTLED,2025-10-11 16:40:00,AUTH99353204
PAY0002752,ORD0002698,PAYPAL,20.67,REFUNDED,2025-12-12 19:03:00,AUTH10638199
PAY0002753,ORD0002699,DEBIT_CARD,244.85,SETTLED,2025-11-12 12:52:00,AUTH75277096
PAY0002754,ORD0002700,CREDIT_CARD,842.81,REFUNDED,2025-11-04 09:30:00,AUTH27726459
PAY0002755,ORD0002701,GIFT_CARD,1601.19,SETTLED,2025-09-08 11:56:00,AUTH81130010
PAY0002756,ORD0002702,GIFT_CARD,1736.46,SETTLED,2025-07-18 11:25:00,AUTH40371390
PAY0002757,ORD0002703,CREDIT_CARD,1134.2,SETTLED,2025-11-22 03:24:00,AUTH17109353
PAY0002758,ORD0002704,DEBIT_CARD,1269.08,SETTLED,2025-10-29 19:16:00,AUTH63856999
PAY0002759,ORD0002705,AFTERPAY,1483.17,SETTLED,2025-09-02 18:49:00,AUTH77088698
PAY0002760,ORD0002706,GIFT_CARD,759.17,SETTLED,2025-09-13 04:08:00,AUTH96436126
PAY0002761,ORD0002707,AFTERPAY,645.09,SETTLED,2025-12-30 06:37:00,AUTH23322666
PAY0002762,ORD0002708,CREDIT_CARD,478.82,SETTLED,2025-12-16 03:18:00,AUTH86747583
PAY0002763,ORD0002709,DEBIT_CARD,1952.49,SETTLED,2025-09-12 22:14:00,AUTH84482003
PAY0002764,ORD0002710,BANK_TRANSFER,1863.51,SETTLED,2025-10-04 01:56:00,AUTH77219933
PAY0002765,ORD0002711,BANK_TRANSFER,1827.3,SETTLED,2025-12-04 04:12:00,AUTH58110322
PAY0002766,ORD0002712,GIFT_CARD,1641.28,SETTLED,2025-12-14 18:02:00,AUTH84401749
PAY0002767,ORD0002713,GIFT_CARD,2200.86,SETTLED,2025-10-16 02:08:00,AUTH99638683
PAY0002768,ORD0002714,BANK_TRANSFER,418.17,SETTLED,2025-07-13 05:04:00,AUTH95642862
PAY0002769,ORD0002715,DEBIT_CARD,2027.11,SETTLED,2025-09-03 11:25:00,AUTH79103552
PAY0002770,ORD0002716,CREDIT_CARD,2121.4,SETTLED,2025-07-08 07:19:00,AUTH60702385
PAY0002771,ORD0002717,PAYPAL,1728.56,DECLINED,2025-11-22 03:12:00,AUTH62567767
PAY0002772,ORD0002718,PAYPAL,1457.76,SETTLED,2025-12-01 12:18:00,AUTH48524197
PAY0002773,ORD0002719,GIFT_CARD,684.25,SETTLED,2025-07-07 12:09:00,AUTH95246123
PAY0002774,ORD0002720,CREDIT_CARD,129.0,SETTLED,2025-12-28 06:30:00,AUTH40061084
PAY0002775,ORD0002721,AFTERPAY,788.54,DECLINED,2025-11-27 14:03:00,AUTH86888925
PAY0002776,ORD0002722,DEBIT_CARD,228.91,SETTLED,2025-10-25 02:05:00,AUTH13853403
PAY0002777,ORD0002723,BANK_TRANSFER,2223.85,DECLINED,2025-12-14 07:35:00,AUTH22195583
PAY0002778,ORD0002724,DEBIT_CARD,939.31,SETTLED,2025-07-26 11:22:00,AUTH58861117
PAY0002779,ORD0002725,PAYPAL,2356.26,DECLINED,2025-06-08 19:32:00,AUTH47097528
PAY0002780,ORD0002726,BANK_TRANSFER,559.4,SETTLED,2025-11-18 12:03:00,AUTH43948997
PAY0002781,ORD0002727,CREDIT_CARD,1207.93,SETTLED,2025-07-13 18:35:00,AUTH65791107
PAY0002782,ORD0002728,DEBIT_CARD,175.19,SETTLED,2025-08-14 19:33:00,AUTH51994292
PAY0002783,ORD0002729,AFTERPAY,1216.09,SETTLED,2025-09-03 03:41:00,AUTH28490899
PAY0002784,ORD0002730,GIFT_CARD,234.32,SETTLED,2025-10-11 23:32:00,AUTH63357801
PAY0002785,ORD0002731,DEBIT_CARD,2227.73,SETTLED,2025-09-06 07:29:00,AUTH79851746
PAY0002786,ORD0002732,CREDIT_CARD,519.02,SETTLED,2025-06-20 03:16:00,AUTH47247769
PAY0002787,ORD0002733,BANK_TRANSFER,1936.65,SETTLED,2025-10-06 06:13:00,AUTH50008131
PAY0002788,ORD0002734,BANK_TRANSFER,1895.64,SETTLED,2025-11-28 19:16:00,AUTH28531693
PAY0002789,ORD0002735,GIFT_CARD,461.83,SETTLED,2025-08-16 10:40:00,AUTH67472092
PAY0002790,ORD0002736,DEBIT_CARD,921.2,SETTLED,2025-07-11 09:46:00,AUTH97823755
PAY0002791,ORD0002737,GIFT_CARD,1629.2,SETTLED,2025-08-24 04:06:00,AUTH27279343
PAY0002792,ORD0002738,GIFT_CARD,987.45,SETTLED,2025-06-07 09:55:00,AUTH29620327
PAY0002793,ORD0002739,PAYPAL,947.52,SETTLED,2025-12-20 23:23:00,AUTH90183060
PAY0002794,ORD0002740,AFTERPAY,1428.09,SETTLED,2025-12-08 02:50:00,AUTH59291034
PAY0002795,ORD0002741,DEBIT_CARD,106.62,SETTLED,2025-07-01 08:27:00,AUTH55368357
PAY0002796,ORD0002742,PAYPAL,174.82,SETTLED,2025-07-24 06:49:00,AUTH66821975
PAY0002797,ORD0002743,PAYPAL,453.96,REFUNDED,2025-09-12 17:39:00,AUTH33094241
PAY0002798,ORD0002744,BANK_TRANSFER,448.58,DECLINED,2025-11-13 10:21:00,AUTH87555299
PAY0002799,ORD0002745,AFTERPAY,323.13,SETTLED,2025-08-20 09:01:00,AUTH33998186
PAY0002800,ORD0002746,PAYPAL,1939.41,SETTLED,2025-07-16 04:41:00,AUTH98089294
PAY0002801,ORD0002747,PAYPAL,2229.29,SETTLED,2025-11-27 15:00:00,AUTH27174980
PAY0002802,ORD0002748,BANK_TRANSFER,956.9,SETTLED,2025-07-09 20:52:00,AUTH95232982
PAY0002803,ORD0002749,GIFT_CARD,374.26,SETTLED,2025-12-31 20:27:00,AUTH96503145
PAY0002804,ORD0002750,BANK_TRANSFER,2162.26,SETTLED,2025-06-17 07:19:00,AUTH24575286
PAY0002805,ORD0002751,GIFT_CARD,2009.37,SETTLED,2025-11-15 03:30:00,AUTH51598727
PAY0002806,ORD0002752,AFTERPAY,107.7,SETTLED,2025-11-24 03:01:00,AUTH51916139
PAY0002807,ORD0002753,GIFT_CARD,1269.69,SETTLED,2025-07-23 03:25:00,AUTH38431650
PAY0002808,ORD0002754,DEBIT_CARD,1933.91,REFUNDED,2025-10-05 19:38:00,AUTH79102777
PAY0002809,ORD0002755,DEBIT_CARD,2351.22,REFUNDED,2025-06-18 12:15:00,AUTH74355406
PAY0002810,ORD0002756,GIFT_CARD,1488.05,SETTLED,2025-11-23 11:33:00,AUTH23839398
PAY0002811,ORD0002757,GIFT_CARD,2399.16,SETTLED,2025-12-18 04:53:00,AUTH58358356
PAY0002812,ORD0002758,CREDIT_CARD,2214.47,SETTLED,2025-07-17 05:17:00,AUTH33789169
PAY0002813,ORD0002759,GIFT_CARD,1935.93,SETTLED,2025-11-27 16:25:00,AUTH77950287
PAY0002814,ORD0002760,BANK_TRANSFER,666.17,SETTLED,2025-12-14 22:03:00,AUTH30049923
PAY0002815,ORD0002761,GIFT_CARD,2049.68,SETTLED,2025-06-07 08:45:00,AUTH42743777
PAY0002816,ORD0002761,GIFT_CARD,184.24,SETTLED,2025-05-10 17:29:00,AUTH31021530
PAY0002817,ORD0002762,DEBIT_CARD,2104.79,DECLINED,2025-05-29 21:59:00,AUTH64193616
PAY0002818,ORD0002763,CREDIT_CARD,1606.52,SETTLED,2025-11-16 19:22:00,AUTH46434387
PAY0002819,ORD0002764,CREDIT_CARD,2064.14,SETTLED,2025-08-24 20:53:00,AUTH58691345
PAY0002820,ORD0002765,DEBIT_CARD,793.97,SETTLED,2025-10-14 17:12:00,AUTH97203682
PAY0002821,ORD0002766,DEBIT_CARD,1931.41,SETTLED,2025-08-07 14:38:00,AUTH51371594
PAY0002822,ORD0002767,AFTERPAY,69.37,SETTLED,2025-09-03 12:35:00,AUTH27484973
PAY0002823,ORD0002768,BANK_TRANSFER,1023.91,SETTLED,2025-09-27 16:58:00,AUTH21985921
PAY0002824,ORD0002769,CREDIT_CARD,895.23,SETTLED,2025-06-18 21:17:00,AUTH78020154
PAY0002825,ORD0002770,GIFT_CARD,1336.42,SETTLED,2025-12-25 01:55:00,AUTH92380775
PAY0002826,ORD0002771,BANK_TRANSFER,2174.64,SETTLED,2025-09-09 16:44:00,AUTH47740860
PAY0002827,ORD0002772,GIFT_CARD,1277.16,SETTLED,2025-09-03 14:21:00,AUTH97884870
PAY0002828,ORD0002773,GIFT_CARD,76.41,SETTLED,2025-07-14 01:56:00,AUTH61328151
PAY0002829,ORD0002774,GIFT_CARD,587.28,SETTLED,2025-10-10 23:25:00,AUTH52012952
PAY0002830,ORD0002774,BANK_TRANSFER,905.46,DECLINED,2025-12-01 10:19:00,AUTH10334603
PAY0002831,ORD0002775,CREDIT_CARD,2319.96,REFUNDED,2025-09-05 04:04:00,AUTH58810920
PAY0002832,ORD0002776,CREDIT_CARD,1841.31,SETTLED,2025-09-29 22:03:00,AUTH85543126
PAY0002833,ORD0002777,PAYPAL,1793.98,SETTLED,2025-11-16 03:36:00,AUTH43054037
PAY0002834,ORD0002778,BANK_TRANSFER,655.35,SETTLED,2025-08-28 01:45:00,AUTH89167030
PAY0002835,ORD0002779,GIFT_CARD,1494.07,SETTLED,2025-06-11 13:05:00,AUTH16445550
PAY0002836,ORD0002780,AFTERPAY,978.72,SETTLED,2025-05-19 20:23:00,AUTH79366334
PAY0002837,ORD0002781,DEBIT_CARD,1408.92,SETTLED,2025-06-02 11:16:00,AUTH17616159
PAY0002838,ORD0002782,BANK_TRANSFER,1522.53,SETTLED,2025-10-07 08:29:00,AUTH87448843
PAY0002839,ORD0002783,CREDIT_CARD,492.72,SETTLED,2025-10-29 22:36:00,AUTH32291777
PAY0002840,ORD0002784,GIFT_CARD,1866.06,SETTLED,2025-05-10 10:15:00,AUTH96067333
PAY0002841,ORD0002785,AFTERPAY,2057.54,REFUNDED,2025-05-30 12:54:00,AUTH78768683
PAY0002842,ORD0002786,PAYPAL,1329.46,SETTLED,2025-07-29 01:02:00,AUTH13190443
PAY0002843,ORD0002787,PAYPAL,722.09,SETTLED,2025-09-14 21:54:00,AUTH91920061
PAY0002844,ORD0002788,DEBIT_CARD,1955.86,SETTLED,2025-08-22 17:10:00,AUTH14850100
PAY0002845,ORD0002789,DEBIT_CARD,432.66,SETTLED,2025-11-23 20:32:00,AUTH52320775
PAY0002846,ORD0002790,GIFT_CARD,440.11,SETTLED,2025-10-14 17:15:00,AUTH71961303
PAY0002847,ORD0002791,AFTERPAY,2083.69,SETTLED,2025-08-20 14:14:00,AUTH25863347
PAY0002848,ORD0002791,PAYPAL,874.34,SETTLED,2025-08-25 23:53:00,AUTH95724894
PAY0002849,ORD0002792,PAYPAL,2337.13,SETTLED,2025-05-27 07:30:00,AUTH79889841
PAY0002850,ORD0002793,AFTERPAY,1971.68,DECLINED,2025-11-15 20:42:00,AUTH98944901
PAY0002851,ORD0002794,PAYPAL,2089.28,SETTLED,2025-10-20 00:05:00,AUTH47349789
PAY0002852,ORD0002795,AFTERPAY,648.22,SETTLED,2025-05-08 20:12:00,AUTH34374756
PAY0002853,ORD0002796,PAYPAL,216.02,SETTLED,2025-12-21 21:26:00,AUTH31365608
PAY0002854,ORD0002797,CREDIT_CARD,1191.63,SETTLED,2025-10-29 16:58:00,AUTH97340180
PAY0002855,ORD0002798,GIFT_CARD,601.07,SETTLED,2025-08-02 07:45:00,AUTH64884770
PAY0002856,ORD0002799,GIFT_CARD,1228.78,DECLINED,2025-10-18 15:50:00,AUTH65685659
PAY0002857,ORD0002800,CREDIT_CARD,1367.0,SETTLED,2025-11-11 14:46:00,AUTH92792855
PAY0002858,ORD0002801,GIFT_CARD,910.94,SETTLED,2025-10-31 21:02:00,AUTH32151010
PAY0002859,ORD0002802,CREDIT_CARD,1036.88,SETTLED,2025-05-10 08:54:00,AUTH12115358
PAY0002860,ORD0002803,AFTERPAY,72.08,REFUNDED,2025-09-24 04:18:00,AUTH10485509
PAY0002861,ORD0002804,BANK_TRANSFER,1892.82,SETTLED,2025-10-04 11:23:00,AUTH36107695
PAY0002862,ORD0002805,BANK_TRANSFER,1591.05,SETTLED,2025-09-27 06:42:00,AUTH63536205
PAY0002863,ORD0002806,AFTERPAY,1654.97,SETTLED,2025-06-20 13:27:00,AUTH50158729
PAY0002864,ORD0002807,AFTERPAY,477.95,SETTLED,2025-05-10 12:38:00,AUTH97482521
PAY0002865,ORD0002808,CREDIT_CARD,1473.88,REFUNDED,2025-05-11 22:55:00,AUTH81859114
PAY0002866,ORD0002809,AFTERPAY,1874.69,SETTLED,2025-09-28 08:50:00,AUTH22602422
PAY0002867,ORD0002810,PAYPAL,1656.31,SETTLED,2025-10-08 16:06:00,AUTH36693946
PAY0002868,ORD0002811,CREDIT_CARD,667.4,SETTLED,2025-06-23 21:50:00,AUTH12885032
PAY0002869,ORD0002812,DEBIT_CARD,802.23,SETTLED,2025-05-18 21:47:00,AUTH60541695
PAY0002870,ORD0002813,CREDIT_CARD,1811.91,SETTLED,2025-10-04 03:40:00,AUTH23442469
PAY0002871,ORD0002814,PAYPAL,734.27,SETTLED,2025-12-29 23:03:00,AUTH97870994
PAY0002872,ORD0002815,PAYPAL,2126.77,REFUNDED,2025-08-07 09:29:00,AUTH10852864
PAY0002873,ORD0002816,DEBIT_CARD,1356.14,REFUNDED,2025-08-24 09:13:00,AUTH45600082
PAY0002874,ORD0002817,AFTERPAY,289.42,SETTLED,2025-07-20 13:10:00,AUTH34091380
PAY0002875,ORD0002818,CREDIT_CARD,404.83,SETTLED,2025-09-02 19:54:00,AUTH77902664
PAY0002876,ORD0002819,AFTERPAY,611.59,DECLINED,2025-12-11 13:32:00,AUTH96163472
PAY0002877,ORD0002820,AFTERPAY,2282.33,SETTLED,2025-10-30 10:48:00,AUTH49604051
PAY0002878,ORD0002821,PAYPAL,1797.49,SETTLED,2025-12-24 20:55:00,AUTH65063991
PAY0002879,ORD0002822,PAYPAL,1630.71,SETTLED,2025-09-25 10:42:00,AUTH92096655
PAY0002880,ORD0002823,BANK_TRANSFER,708.05,DECLINED,2025-07-07 13:38:00,AUTH82558332
PAY0002881,ORD0002824,PAYPAL,2030.42,SETTLED,2025-07-08 14:47:00,AUTH66849008
PAY0002882,ORD0002825,AFTERPAY,2121.35,SETTLED,2025-10-05 12:00:00,AUTH38877614
PAY0002883,ORD0002826,AFTERPAY,2082.66,SETTLED,2025-08-27 07:01:00,AUTH50409145
PAY0002884,ORD0002827,CREDIT_CARD,2294.12,SETTLED,2025-10-12 20:46:00,AUTH43234796
PAY0002885,ORD0002828,PAYPAL,492.9,SETTLED,2025-05-27 16:35:00,AUTH72689359
PAY0002886,ORD0002829,BANK_TRANSFER,570.93,SETTLED,2025-11-30 10:43:00,AUTH58791231
PAY0002887,ORD0002830,DEBIT_CARD,869.18,SETTLED,2025-11-21 10:31:00,AUTH35940338
PAY0002888,ORD0002831,GIFT_CARD,2371.11,SETTLED,2025-06-19 13:56:00,AUTH86339009
PAY0002889,ORD0002832,AFTERPAY,1794.15,SETTLED,2025-12-01 07:02:00,AUTH72408758
PAY0002890,ORD0002833,DEBIT_CARD,2208.44,SETTLED,2025-09-14 03:37:00,AUTH38838787
PAY0002891,ORD0002834,CREDIT_CARD,1534.78,REFUNDED,2025-07-12 09:15:00,AUTH29036385
PAY0002892,ORD0002835,BANK_TRANSFER,17.11,REFUNDED,2025-09-10 06:59:00,AUTH47568647
PAY0002893,ORD0002836,DEBIT_CARD,749.93,SETTLED,2025-08-16 10:49:00,AUTH14666424
PAY0002894,ORD0002837,BANK_TRANSFER,1057.82,SETTLED,2025-07-01 13:41:00,AUTH68506579
PAY0002895,ORD0002838,GIFT_CARD,683.7,SETTLED,2025-05-22 18:14:00,AUTH51485688
PAY0002896,ORD0002839,PAYPAL,610.73,SETTLED,2025-12-18 07:20:00,AUTH81569730
PAY0002897,ORD0002840,DEBIT_CARD,1078.24,DECLINED,2025-06-19 05:26:00,AUTH65683691
PAY0002898,ORD0002841,GIFT_CARD,689.08,SETTLED,2025-09-08 06:22:00,AUTH31352095
PAY0002899,ORD0002842,PAYPAL,1880.56,SETTLED,2025-09-30 11:47:00,AUTH37074144
PAY0002900,ORD0002843,GIFT_CARD,1913.91,SETTLED,2025-06-22 11:15:00,AUTH25249108
PAY0002901,ORD0002844,DEBIT_CARD,1002.37,SETTLED,2025-10-26 01:56:00,AUTH95597361
PAY0002902,ORD0002845,CREDIT_CARD,1919.61,SETTLED,2025-09-06 16:57:00,AUTH35482953
PAY0002903,ORD0002846,CREDIT_CARD,1975.8,SETTLED,2025-11-29 12:31:00,AUTH30508655
PAY0002904,ORD0002847,PAYPAL,964.77,SETTLED,2025-09-22 10:12:00,AUTH25752128
PAY0002905,ORD0002848,BANK_TRANSFER,165.41,DECLINED,2025-07-05 21:08:00,AUTH75685557
PAY0002906,ORD0002849,PAYPAL,2253.37,SETTLED,2025-12-28 11:12:00,AUTH94317883
PAY0002907,ORD0002850,AFTERPAY,2233.56,SETTLED,2025-06-27 03:58:00,AUTH19042357
PAY0002908,ORD0002851,BANK_TRANSFER,1702.61,SETTLED,2025-07-26 19:49:00,AUTH69304056
PAY0002909,ORD0002852,CREDIT_CARD,296.02,SETTLED,2025-12-21 18:06:00,AUTH25922536
PAY0002910,ORD0002853,BANK_TRANSFER,816.33,SETTLED,2025-09-19 17:04:00,AUTH64577423
PAY0002911,ORD0002854,DEBIT_CARD,547.1,REFUNDED,2025-10-01 06:37:00,AUTH23870688
PAY0002912,ORD0002855,PAYPAL,2142.39,SETTLED,2025-06-16 02:56:00,AUTH29417834
PAY0002913,ORD0002856,BANK_TRANSFER,1253.23,REFUNDED,2025-06-03 18:06:00,AUTH41565419
PAY0002914,ORD0002857,DEBIT_CARD,222.47,SETTLED,2025-10-04 19:49:00,AUTH34198057
PAY0002915,ORD0002858,PAYPAL,1158.83,SETTLED,2025-10-07 08:17:00,AUTH65555817
PAY0002916,ORD0002859,AFTERPAY,1929.36,SETTLED,2025-09-01 04:44:00,AUTH72828715
PAY0002917,ORD0002860,BANK_TRANSFER,874.01,REFUNDED,2025-06-11 12:46:00,AUTH31613000
PAY0002918,ORD0002861,CREDIT_CARD,2247.05,SETTLED,2025-11-10 15:13:00,AUTH41406113
PAY0002919,ORD0002862,BANK_TRANSFER,1493.53,SETTLED,2025-07-17 08:41:00,AUTH86795107
PAY0002920,ORD0002863,GIFT_CARD,1966.32,SETTLED,2025-07-07 01:47:00,AUTH39424705
PAY0002921,ORD0002864,AFTERPAY,106.29,SETTLED,2025-07-13 15:11:00,AUTH98864445
PAY0002922,ORD0002865,PAYPAL,1196.8,SETTLED,2025-12-14 07:39:00,AUTH15418914
PAY0002923,ORD0002866,GIFT_CARD,1528.99,SETTLED,2025-10-23 16:21:00,AUTH64905784
PAY0002924,ORD0002867,CREDIT_CARD,1969.11,REFUNDED,2025-08-27 21:23:00,AUTH18558640
PAY0002925,ORD0002868,AFTERPAY,2333.59,REFUNDED,2025-10-20 20:57:00,AUTH28624504
PAY0002926,ORD0002869,PAYPAL,1185.67,SETTLED,2025-08-10 11:29:00,AUTH92603648
PAY0002927,ORD0002870,PAYPAL,855.99,SETTLED,2025-05-19 11:21:00,AUTH31952862
PAY0002928,ORD0002871,GIFT_CARD,1119.98,REFUNDED,2025-06-05 00:39:00,AUTH15755925
PAY0002929,ORD0002872,BANK_TRANSFER,89.64,SETTLED,2025-10-10 14:46:00,AUTH18156377
PAY0002930,ORD0002873,GIFT_CARD,654.6,SETTLED,2025-07-29 16:49:00,AUTH62282708
PAY0002931,ORD0002874,BANK_TRANSFER,2193.45,SETTLED,2025-06-12 04:58:00,AUTH44545293
PAY0002932,ORD0002875,GIFT_CARD,510.02,REFUNDED,2025-07-26 17:19:00,AUTH28571239
PAY0002933,ORD0002876,CREDIT_CARD,680.33,REFUNDED,2025-05-06 11:51:00,AUTH65227198
PAY0002934,ORD0002877,CREDIT_CARD,1499.92,SETTLED,2025-05-09 23:22:00,AUTH95085787
PAY0002935,ORD0002878,DEBIT_CARD,1111.89,SETTLED,2025-05-30 12:24:00,AUTH84171753
PAY0002936,ORD0002879,PAYPAL,1366.06,SETTLED,2025-06-25 07:02:00,AUTH75168292
PAY0002937,ORD0002880,DEBIT_CARD,1680.62,DECLINED,2025-10-25 18:48:00,AUTH18002272
PAY0002938,ORD0002881,PAYPAL,1161.56,SETTLED,2025-07-05 20:36:00,AUTH78813246
PAY0002939,ORD0002882,PAYPAL,357.33,SETTLED,2025-09-05 14:24:00,AUTH58046627
PAY0002940,ORD0002883,PAYPAL,204.41,REFUNDED,2025-06-19 20:24:00,AUTH79767510
PAY0002941,ORD0002884,AFTERPAY,1351.61,SETTLED,2025-11-01 02:18:00,AUTH67128162
PAY0002942,ORD0002885,AFTERPAY,2261.74,SETTLED,2025-09-07 23:04:00,AUTH12353621
PAY0002943,ORD0002886,PAYPAL,1958.14,SETTLED,2025-08-20 15:50:00,AUTH65973908
PAY0002944,ORD0002887,GIFT_CARD,823.0,DECLINED,2025-07-15 20:47:00,AUTH67112671
PAY0002945,ORD0002888,DEBIT_CARD,276.89,SETTLED,2025-10-28 04:54:00,AUTH90782053
PAY0002946,ORD0002889,PAYPAL,2228.6,SETTLED,2025-12-24 16:52:00,AUTH28958421
PAY0002947,ORD0002890,DEBIT_CARD,776.02,SETTLED,2025-09-03 12:32:00,AUTH62229584
PAY0002948,ORD0002891,CREDIT_CARD,2172.2,DECLINED,2025-10-10 04:14:00,AUTH60896315
PAY0002949,ORD0002892,GIFT_CARD,1409.09,SETTLED,2025-10-04 23:02:00,AUTH14054919
PAY0002950,ORD0002893,CREDIT_CARD,1667.05,SETTLED,2025-09-08 23:53:00,AUTH74301324
PAY0002951,ORD0002894,PAYPAL,190.17,REFUNDED,2025-12-12 05:40:00,AUTH58570136
PAY0002952,ORD0002895,PAYPAL,878.47,SETTLED,2025-08-24 14:51:00,AUTH94249851
PAY0002953,ORD0002896,AFTERPAY,902.45,SETTLED,2025-07-24 17:53:00,AUTH64224113
PAY0002954,ORD0002897,CREDIT_CARD,1763.29,SETTLED,2025-11-10 14:19:00,AUTH11949952
PAY0002955,ORD0002898,GIFT_CARD,531.88,SETTLED,2025-06-04 11:06:00,AUTH58199684
PAY0002956,ORD0002899,AFTERPAY,822.19,SETTLED,2025-08-07 07:41:00,AUTH14135467
PAY0002957,ORD0002900,GIFT_CARD,1509.88,SETTLED,2025-08-06 10:13:00,AUTH36605182
PAY0002958,ORD0002901,CREDIT_CARD,1533.59,SETTLED,2025-06-08 11:01:00,AUTH78536033
PAY0002959,ORD0002902,DEBIT_CARD,1868.71,SETTLED,2025-09-10 23:05:00,AUTH95737979
PAY0002960,ORD0002903,BANK_TRANSFER,897.44,SETTLED,2025-05-14 15:48:00,AUTH59509733
PAY0002961,ORD0002904,BANK_TRANSFER,360.3,SETTLED,2025-05-30 00:39:00,AUTH58144285
PAY0002962,ORD0002905,CREDIT_CARD,1883.42,REFUNDED,2025-06-22 14:15:00,AUTH87637943
PAY0002963,ORD0002905,DEBIT_CARD,20.94,SETTLED,2025-10-13 00:42:00,AUTH87004447
PAY0002964,ORD0002906,AFTERPAY,902.13,SETTLED,2025-09-17 21:41:00,AUTH70387952
PAY0002965,ORD0002907,AFTERPAY,456.14,SETTLED,2025-11-21 09:51:00,AUTH31311893
PAY0002966,ORD0002908,AFTERPAY,756.83,SETTLED,2025-07-21 21:23:00,AUTH97164508
PAY0002967,ORD0002909,GIFT_CARD,2086.95,REFUNDED,2025-10-02 10:43:00,AUTH50248112
PAY0002968,ORD0002910,PAYPAL,1516.55,SETTLED,2025-11-19 16:14:00,AUTH21946691
PAY0002969,ORD0002911,DEBIT_CARD,1348.23,SETTLED,2025-05-07 11:19:00,AUTH53354792
PAY0002970,ORD0002912,CREDIT_CARD,1177.17,SETTLED,2025-06-03 01:29:00,AUTH34887228
PAY0002971,ORD0002913,CREDIT_CARD,1329.26,DECLINED,2025-07-20 10:13:00,AUTH88458139
PAY0002972,ORD0002914,BANK_TRANSFER,331.88,REFUNDED,2025-09-19 18:50:00,AUTH85919823
PAY0002973,ORD0002915,BANK_TRANSFER,2074.03,SETTLED,2025-10-25 03:58:00,AUTH48520388
PAY0002974,ORD0002916,DEBIT_CARD,1521.53,SETTLED,2025-09-27 02:01:00,AUTH16453764
PAY0002975,ORD0002917,PAYPAL,934.44,DECLINED,2025-11-23 19:20:00,AUTH63538013
PAY0002976,ORD0002918,GIFT_CARD,1720.92,DECLINED,2025-11-12 01:17:00,AUTH46041685
PAY0002977,ORD0002919,PAYPAL,111.39,SETTLED,2025-12-22 16:35:00,AUTH73639591
PAY0002978,ORD0002920,AFTERPAY,607.38,SETTLED,2025-08-06 09:28:00,AUTH53426559
PAY0002979,ORD0002921,DEBIT_CARD,338.39,SETTLED,2025-12-27 06:19:00,AUTH24072751
PAY0002980,ORD0002922,DEBIT_CARD,2227.76,SETTLED,2025-06-11 03:40:00,AUTH28026595
PAY0002981,ORD0002923,CREDIT_CARD,939.07,SETTLED,2025-12-19 11:15:00,AUTH30729326
PAY0002982,ORD0002924,DEBIT_CARD,367.38,SETTLED,2025-12-24 20:04:00,AUTH37110292
PAY0002983,ORD0002925,AFTERPAY,2258.89,SETTLED,2025-12-19 04:56:00,AUTH22649470
PAY0002984,ORD0002926,CREDIT_CARD,532.89,SETTLED,2025-09-25 16:00:00,AUTH56089062
PAY0002985,ORD0002927,CREDIT_CARD,2318.19,SETTLED,2025-08-18 06:37:00,AUTH96156529
PAY0002986,ORD0002928,BANK_TRANSFER,1125.61,SETTLED,2025-06-03 14:17:00,AUTH77846440
PAY0002987,ORD0002929,CREDIT_CARD,466.17,SETTLED,2025-08-09 22:07:00,AUTH61750450
PAY0002988,ORD0002930,PAYPAL,370.57,SETTLED,2025-07-26 05:01:00,AUTH21749344
PAY0002989,ORD0002931,CREDIT_CARD,1895.49,SETTLED,2025-09-10 10:45:00,AUTH80253491
PAY0002990,ORD0002932,AFTERPAY,11.11,SETTLED,2025-09-09 15:57:00,AUTH81020126
PAY0002991,ORD0002933,AFTERPAY,18.75,SETTLED,2025-10-31 06:01:00,AUTH78409628
PAY0002992,ORD0002934,AFTERPAY,249.85,SETTLED,2025-07-04 01:41:00,AUTH63888719
PAY0002993,ORD0002935,PAYPAL,758.34,DECLINED,2025-08-28 09:37:00,AUTH89138903
PAY0002994,ORD0002936,BANK_TRANSFER,253.84,REFUNDED,2025-07-06 01:28:00,AUTH25607446
PAY0002995,ORD0002937,CREDIT_CARD,165.0,SETTLED,2025-06-15 01:49:00,AUTH63357372
PAY0002996,ORD0002938,PAYPAL,865.29,SETTLED,2025-05-07 23:54:00,AUTH15020663
PAY0002997,ORD0002939,BANK_TRANSFER,337.76,SETTLED,2025-11-12 21:42:00,AUTH87025218
PAY0002998,ORD0002940,CREDIT_CARD,1553.96,SETTLED,2025-11-07 00:05:00,AUTH92993946
PAY0002999,ORD0002941,CREDIT_CARD,2194.11,SETTLED,2025-09-14 22:37:00,AUTH29795146
PAY0003000,ORD0002942,CREDIT_CARD,1576.96,SETTLED,2025-12-20 15:27:00,AUTH20697828
PAY0003001,ORD0002943,DEBIT_CARD,2210.96,SETTLED,2025-10-17 01:32:00,AUTH33357639
PAY0003002,ORD0002944,GIFT_CARD,1485.13,SETTLED,2025-07-17 02:33:00,AUTH15269418
PAY0003003,ORD0002945,GIFT_CARD,125.83,SETTLED,2025-10-04 04:05:00,AUTH70643486
PAY0003004,ORD0002946,DEBIT_CARD,1012.34,SETTLED,2025-08-08 23:00:00,AUTH36526811
PAY0003005,ORD0002947,GIFT_CARD,995.55,REFUNDED,2025-11-08 04:16:00,AUTH97631885
PAY0003006,ORD0002948,AFTERPAY,1654.94,SETTLED,2025-08-05 22:41:00,AUTH83985319
PAY0003007,ORD0002949,DEBIT_CARD,44.87,SETTLED,2025-11-27 12:09:00,AUTH69466337
PAY0003008,ORD0002950,GIFT_CARD,1237.77,SETTLED,2025-10-25 21:31:00,AUTH39937335
PAY0003009,ORD0002951,DEBIT_CARD,1117.38,SETTLED,2025-07-15 15:53:00,AUTH92253936
PAY0003010,ORD0002952,DEBIT_CARD,118.13,REFUNDED,2025-05-11 01:07:00,AUTH43631773
PAY0003011,ORD0002953,BANK_TRANSFER,912.46,SETTLED,2025-06-14 06:20:00,AUTH97044676
PAY0003012,ORD0002954,PAYPAL,1126.94,SETTLED,2025-06-30 07:06:00,AUTH47012851
PAY0003013,ORD0002955,BANK_TRANSFER,1067.25,SETTLED,2025-09-17 12:20:00,AUTH82787007
PAY0003014,ORD0002956,DEBIT_CARD,1499.28,DECLINED,2025-11-23 06:52:00,AUTH85118813
PAY0003015,ORD0002957,PAYPAL,973.96,REFUNDED,2025-06-30 13:45:00,AUTH48936791
PAY0003016,ORD0002958,PAYPAL,1213.46,SETTLED,2026-01-01 03:33:00,AUTH22468565
PAY0003017,ORD0002959,BANK_TRANSFER,2371.06,SETTLED,2025-07-08 12:58:00,AUTH98029539
PAY0003018,ORD0002960,DEBIT_CARD,1674.28,SETTLED,2025-05-21 03:57:00,AUTH83620945
PAY0003019,ORD0002961,DEBIT_CARD,622.03,SETTLED,2025-10-07 17:46:00,AUTH41133264
PAY0003020,ORD0002962,BANK_TRANSFER,2136.82,SETTLED,2025-06-12 14:43:00,AUTH20483982
PAY0003021,ORD0002963,DEBIT_CARD,1064.35,SETTLED,2025-08-19 08:15:00,AUTH84145954
PAY0003022,ORD0002964,BANK_TRANSFER,1941.85,SETTLED,2025-12-28 12:09:00,AUTH77205812
PAY0003023,ORD0002965,PAYPAL,728.77,DECLINED,2025-10-29 22:32:00,AUTH67719155
PAY0003024,ORD0002966,DEBIT_CARD,1938.33,SETTLED,2025-10-11 04:50:00,AUTH93146575
PAY0003025,ORD0002967,PAYPAL,1010.37,SETTLED,2025-06-03 16:29:00,AUTH44210368
PAY0003026,ORD0002968,GIFT_CARD,676.17,REFUNDED,2025-08-03 10:57:00,AUTH51105451
PAY0003027,ORD0002969,GIFT_CARD,801.23,DECLINED,2025-09-09 19:19:00,AUTH59509388
PAY0003028,ORD0002970,DEBIT_CARD,1289.0,SETTLED,2025-06-24 18:10:00,AUTH14483649
PAY0003029,ORD0002971,BANK_TRANSFER,2128.45,SETTLED,2025-05-19 06:50:00,AUTH89750423
PAY0003030,ORD0002972,AFTERPAY,2096.59,DECLINED,2025-10-07 12:22:00,AUTH12398685
PAY0003031,ORD0002973,BANK_TRANSFER,1091.85,SETTLED,2025-07-17 05:11:00,AUTH81614425
PAY0003032,ORD0002974,GIFT_CARD,963.91,SETTLED,2025-08-22 03:28:00,AUTH47156407
PAY0003033,ORD0002975,BANK_TRANSFER,1320.29,SETTLED,2025-11-26 06:12:00,AUTH41284204
PAY0003034,ORD0002976,PAYPAL,186.61,DECLINED,2025-07-27 07:25:00,AUTH47884908
PAY0003035,ORD0002977,DEBIT_CARD,828.72,SETTLED,2025-06-28 13:52:00,AUTH52527092
PAY0003036,ORD0002978,AFTERPAY,792.93,SETTLED,2025-07-30 20:17:00,AUTH39046368
PAY0003037,ORD0002979,PAYPAL,481.55,SETTLED,2025-10-18 11:54:00,AUTH45663415
PAY0003038,ORD0002980,PAYPAL,1526.82,SETTLED,2025-12-27 16:25:00,AUTH40135781
PAY0003039,ORD0002981,PAYPAL,1381.87,SETTLED,2025-10-28 02:34:00,AUTH35776328
PAY0003040,ORD0002982,PAYPAL,1744.81,SETTLED,2025-06-16 13:12:00,AUTH50835518
PAY0003041,ORD0002983,AFTERPAY,1950.3,SETTLED,2025-09-25 12:27:00,AUTH95041348
PAY0003042,ORD0002984,PAYPAL,1488.17,SETTLED,2025-09-22 09:36:00,AUTH15968735
PAY0003043,ORD0002985,GIFT_CARD,343.73,SETTLED,2025-10-31 04:49:00,AUTH89206615
PAY0003044,ORD0002986,PAYPAL,154.75,SETTLED,2025-05-18 01:45:00,AUTH14819529
PAY0003045,ORD0002987,AFTERPAY,928.31,SETTLED,2025-11-11 14:49:00,AUTH64385155
PAY0003046,ORD0002988,CREDIT_CARD,255.67,SETTLED,2025-09-15 12:26:00,AUTH18156724
PAY0003047,ORD0002989,DEBIT_CARD,1456.85,SETTLED,2025-11-07 22:44:00,AUTH43435300
PAY0003048,ORD0002990,BANK_TRANSFER,2310.61,SETTLED,2025-11-05 11:30:00,AUTH60196563
PAY0003049,ORD0002991,GIFT_CARD,109.8,REFUNDED,2025-10-12 17:07:00,AUTH45142186
PAY0003050,ORD0002992,BANK_TRANSFER,1359.69,SETTLED,2025-08-08 10:34:00,AUTH16133795
PAY0003051,ORD0002993,DEBIT_CARD,1200.47,SETTLED,2025-09-29 08:56:00,AUTH63687463
PAY0003052,ORD0002994,DEBIT_CARD,2175.61,SETTLED,2025-08-07 08:10:00,AUTH96423477
PAY0003053,ORD0002995,DEBIT_CARD,2179.57,SETTLED,2025-12-13 08:16:00,AUTH83082310
PAY0003054,ORD0002996,CREDIT_CARD,2304.94,SETTLED,2025-12-19 05:59:00,AUTH71784076
PAY0003055,ORD0002997,BANK_TRANSFER,2397.35,SETTLED,2025-07-20 12:43:00,AUTH89176219
PAY0003056,ORD0002998,BANK_TRANSFER,163.84,DECLINED,2025-05-09 09:58:00,AUTH54136147
PAY0003057,ORD0002999,GIFT_CARD,591.14,SETTLED,2025-08-05 23:03:00,AUTH70592623
PAY0003058,ORD0002999,DEBIT_CARD,207.66,REFUNDED,2025-05-12 21:39:00,AUTH91268648
PAY0003059,ORD0003000,BANK_TRANSFER,818.87,REFUNDED,2025-12-19 18:45:00,AUTH39016037
PAY0003060,ORD0003001,AFTERPAY,1384.64,SETTLED,2025-07-26 04:32:00,AUTH78795263
PAY0003061,ORD0003002,CREDIT_CARD,322.62,SETTLED,2025-12-15 11:17:00,AUTH75572245
PAY0003062,ORD0003003,DEBIT_CARD,1557.23,REFUNDED,2025-06-16 02:14:00,AUTH12339552
PAY0003063,ORD0003004,CREDIT_CARD,1143.63,SETTLED,2025-07-01 04:34:00,AUTH81323571
PAY0003064,ORD0003004,PAYPAL,1523.83,SETTLED,2025-08-25 09:27:00,AUTH76078046
PAY0003065,ORD0003005,AFTERPAY,526.26,SETTLED,2025-06-13 10:07:00,AUTH44756195
PAY0003066,ORD0003006,GIFT_CARD,1965.43,SETTLED,2025-09-19 21:06:00,AUTH49342628
PAY0003067,ORD0003007,DEBIT_CARD,2175.87,SETTLED,2025-12-14 12:53:00,AUTH19622596
PAY0003068,ORD0003008,CREDIT_CARD,304.12,SETTLED,2025-07-16 12:57:00,AUTH74289495
PAY0003069,ORD0003009,CREDIT_CARD,2131.05,SETTLED,2025-06-27 05:45:00,AUTH88793814
PAY0003070,ORD0003010,DEBIT_CARD,1917.75,SETTLED,2025-10-28 06:19:00,AUTH67800802
PAY0003071,ORD0003011,AFTERPAY,2320.21,SETTLED,2025-05-21 23:53:00,AUTH63019137
PAY0003072,ORD0003012,AFTERPAY,104.86,SETTLED,2025-06-19 20:34:00,AUTH73077330
PAY0003073,ORD0003013,CREDIT_CARD,2398.7,SETTLED,2025-07-30 01:18:00,AUTH98356018
PAY0003074,ORD0003014,BANK_TRANSFER,681.85,SETTLED,2025-11-16 06:37:00,AUTH89481847
PAY0003075,ORD0003015,DEBIT_CARD,1997.97,SETTLED,2025-11-17 07:58:00,AUTH47169514
PAY0003076,ORD0003016,CREDIT_CARD,1819.32,SETTLED,2025-09-18 23:29:00,AUTH46902607
PAY0003077,ORD0003017,DEBIT_CARD,1460.41,SETTLED,2025-12-27 08:58:00,AUTH90114864
PAY0003078,ORD0003018,DEBIT_CARD,2234.43,SETTLED,2025-11-10 20:21:00,AUTH57266795
PAY0003079,ORD0003019,GIFT_CARD,643.99,SETTLED,2025-06-04 08:51:00,AUTH87828145
PAY0003080,ORD0003020,CREDIT_CARD,1471.7,SETTLED,2025-11-22 20:53:00,AUTH88823319
PAY0003081,ORD0003021,PAYPAL,2312.71,SETTLED,2025-12-26 21:27:00,AUTH19396923
PAY0003082,ORD0003022,DEBIT_CARD,2053.23,SETTLED,2025-06-08 03:33:00,AUTH80610252
PAY0003083,ORD0003023,DEBIT_CARD,2227.32,REFUNDED,2025-09-26 00:03:00,AUTH54950959
PAY0003084,ORD0003024,CREDIT_CARD,1842.77,SETTLED,2025-08-27 20:09:00,AUTH70899644
PAY0003085,ORD0003025,PAYPAL,961.41,DECLINED,2025-08-08 15:15:00,AUTH91335191
PAY0003086,ORD0003026,PAYPAL,195.59,DECLINED,2025-05-15 21:33:00,AUTH23724933
PAY0003087,ORD0003027,AFTERPAY,1195.92,REFUNDED,2025-08-11 17:30:00,AUTH75867745
PAY0003088,ORD0003028,AFTERPAY,202.35,SETTLED,2025-06-10 11:26:00,AUTH61164959
PAY0003089,ORD0003029,AFTERPAY,1717.11,SETTLED,2025-08-11 11:28:00,AUTH59888841
PAY0003090,ORD0003030,DEBIT_CARD,1051.55,REFUNDED,2025-10-23 15:29:00,AUTH16753708
PAY0003091,ORD0003031,DEBIT_CARD,1900.83,REFUNDED,2025-05-24 15:11:00,AUTH68801693
PAY0003092,ORD0003032,GIFT_CARD,243.01,SETTLED,2025-05-14 07:51:00,AUTH45689915
PAY0003093,ORD0003033,BANK_TRANSFER,395.35,DECLINED,2025-08-31 05:51:00,AUTH10736603
PAY0003094,ORD0003034,AFTERPAY,10.92,SETTLED,2025-10-10 23:06:00,AUTH40184745
PAY0003095,ORD0003035,DEBIT_CARD,1586.58,SETTLED,2025-11-25 07:16:00,AUTH66226447
PAY0003096,ORD0003036,BANK_TRANSFER,786.99,SETTLED,2025-06-11 23:06:00,AUTH47911584
PAY0003097,ORD0003037,CREDIT_CARD,1746.52,SETTLED,2025-06-28 22:16:00,AUTH18974471
PAY0003098,ORD0003038,AFTERPAY,882.25,SETTLED,2025-10-04 13:00:00,AUTH90845945
PAY0003099,ORD0003039,CREDIT_CARD,97.05,SETTLED,2025-12-05 03:31:00,AUTH71635220
PAY0003100,ORD0003040,DEBIT_CARD,918.19,SETTLED,2025-10-23 11:55:00,AUTH25332883
PAY0003101,ORD0003041,CREDIT_CARD,274.7,SETTLED,2025-08-27 13:27:00,AUTH81900206
PAY0003102,ORD0003042,CREDIT_CARD,1072.03,SETTLED,2025-08-03 03:08:00,AUTH23228044
PAY0003103,ORD0003043,BANK_TRANSFER,1926.75,SETTLED,2025-12-25 13:56:00,AUTH99642047
PAY0003104,ORD0003044,AFTERPAY,2185.5,SETTLED,2025-08-13 16:56:00,AUTH33118605
PAY0003105,ORD0003044,BANK_TRANSFER,1545.77,SETTLED,2025-10-30 20:48:00,AUTH74228224
PAY0003106,ORD0003045,GIFT_CARD,123.93,SETTLED,2025-06-24 05:03:00,AUTH58275033
PAY0003107,ORD0003046,BANK_TRANSFER,1469.77,SETTLED,2025-10-26 02:20:00,AUTH24323451
PAY0003108,ORD0003047,AFTERPAY,1527.01,DECLINED,2025-07-09 06:20:00,AUTH53954805
PAY0003109,ORD0003048,DEBIT_CARD,789.01,SETTLED,2025-08-03 22:24:00,AUTH35212546
PAY0003110,ORD0003049,GIFT_CARD,811.78,SETTLED,2025-08-15 10:52:00,AUTH90197317
PAY0003111,ORD0003050,DEBIT_CARD,1327.51,SETTLED,2025-08-09 05:08:00,AUTH44603875
PAY0003112,ORD0003051,AFTERPAY,1377.06,SETTLED,2025-08-24 12:57:00,AUTH66913946
PAY0003113,ORD0003052,DEBIT_CARD,1487.6,SETTLED,2025-06-04 00:42:00,AUTH85814459
PAY0003114,ORD0003053,GIFT_CARD,534.13,SETTLED,2025-05-07 04:55:00,AUTH19520941
PAY0003115,ORD0003054,PAYPAL,1456.29,SETTLED,2025-08-28 03:22:00,AUTH39736459
PAY0003116,ORD0003055,PAYPAL,274.18,DECLINED,2025-12-22 08:23:00,AUTH60156992
PAY0003117,ORD0003056,DEBIT_CARD,2294.26,SETTLED,2025-05-21 22:53:00,AUTH44371923
PAY0003118,ORD0003057,DEBIT_CARD,816.92,DECLINED,2025-05-20 08:38:00,AUTH69957375
PAY0003119,ORD0003058,DEBIT_CARD,88.68,SETTLED,2025-06-14 08:48:00,AUTH20639683
PAY0003120,ORD0003059,GIFT_CARD,1643.79,DECLINED,2025-11-25 09:29:00,AUTH91671093
PAY0003121,ORD0003060,DEBIT_CARD,2003.94,SETTLED,2025-08-07 15:08:00,AUTH57111970
PAY0003122,ORD0003061,BANK_TRANSFER,2046.18,SETTLED,2025-07-06 00:24:00,AUTH81744376
PAY0003123,ORD0003062,CREDIT_CARD,804.53,SETTLED,2025-12-26 01:02:00,AUTH47078141
PAY0003124,ORD0003063,BANK_TRANSFER,577.8,REFUNDED,2025-09-10 23:16:00,AUTH70145068
PAY0003125,ORD0003064,PAYPAL,1347.15,REFUNDED,2025-12-28 20:24:00,AUTH26018606
PAY0003126,ORD0003065,CREDIT_CARD,1854.57,SETTLED,2025-11-15 09:54:00,AUTH23933434
PAY0003127,ORD0003066,PAYPAL,2134.93,SETTLED,2025-12-07 22:04:00,AUTH84462406
PAY0003128,ORD0003067,PAYPAL,1603.42,SETTLED,2025-06-24 09:57:00,AUTH70524888
PAY0003129,ORD0003068,GIFT_CARD,1172.28,SETTLED,2025-06-29 08:43:00,AUTH45209527
PAY0003130,ORD0003069,AFTERPAY,524.59,SETTLED,2025-08-13 22:34:00,AUTH67062226
PAY0003131,ORD0003070,AFTERPAY,55.85,SETTLED,2025-12-08 00:38:00,AUTH90782519
PAY0003132,ORD0003071,GIFT_CARD,1742.75,SETTLED,2025-05-20 14:17:00,AUTH79361328
PAY0003133,ORD0003072,CREDIT_CARD,1155.77,DECLINED,2025-10-31 20:45:00,AUTH20476944
PAY0003134,ORD0003073,DEBIT_CARD,929.54,SETTLED,2025-09-04 14:48:00,AUTH48068122
PAY0003135,ORD0003074,CREDIT_CARD,577.64,REFUNDED,2025-05-19 08:19:00,AUTH47215374
PAY0003136,ORD0003075,GIFT_CARD,1874.41,SETTLED,2025-05-09 11:06:00,AUTH71536008
PAY0003137,ORD0003076,CREDIT_CARD,702.97,SETTLED,2025-07-05 15:52:00,AUTH14206889
PAY0003138,ORD0003077,DEBIT_CARD,927.88,SETTLED,2025-12-06 05:54:00,AUTH36282753
PAY0003139,ORD0003078,AFTERPAY,462.14,SETTLED,2025-10-11 11:52:00,AUTH66602329
PAY0003140,ORD0003079,CREDIT_CARD,1323.72,SETTLED,2025-07-09 20:18:00,AUTH44386381
PAY0003141,ORD0003080,AFTERPAY,502.17,SETTLED,2025-07-17 03:33:00,AUTH24335544
PAY0003142,ORD0003081,AFTERPAY,828.13,SETTLED,2025-11-02 19:37:00,AUTH17303540
PAY0003143,ORD0003082,BANK_TRANSFER,738.21,SETTLED,2025-08-18 07:51:00,AUTH75527575
PAY0003144,ORD0003083,BANK_TRANSFER,1023.35,SETTLED,2025-10-10 09:06:00,AUTH34001170
PAY0003145,ORD0003084,DEBIT_CARD,2326.27,DECLINED,2025-10-30 23:52:00,AUTH37092278
PAY0003146,ORD0003085,AFTERPAY,1464.15,SETTLED,2025-11-28 08:53:00,AUTH10944974
PAY0003147,ORD0003086,CREDIT_CARD,1208.1,SETTLED,2025-08-11 02:53:00,AUTH24772972
PAY0003148,ORD0003087,GIFT_CARD,627.49,SETTLED,2025-11-07 01:39:00,AUTH52462025
PAY0003149,ORD0003088,BANK_TRANSFER,2272.4,SETTLED,2025-11-14 11:36:00,AUTH19487726
PAY0003150,ORD0003089,AFTERPAY,1351.34,SETTLED,2025-05-06 09:39:00,AUTH18683892
PAY0003151,ORD0003090,GIFT_CARD,1757.2,SETTLED,2025-10-11 06:20:00,AUTH55336871
PAY0003152,ORD0003091,CREDIT_CARD,1059.97,SETTLED,2025-05-14 13:27:00,AUTH73673928
PAY0003153,ORD0003092,CREDIT_CARD,2333.91,SETTLED,2025-11-18 02:07:00,AUTH84383104
PAY0003154,ORD0003093,BANK_TRANSFER,1268.27,SETTLED,2025-08-12 07:01:00,AUTH78293790
PAY0003155,ORD0003094,GIFT_CARD,2097.6,REFUNDED,2025-11-26 23:43:00,AUTH98358986
PAY0003156,ORD0003095,DEBIT_CARD,2319.84,SETTLED,2025-12-02 06:29:00,AUTH70098854
PAY0003157,ORD0003096,GIFT_CARD,2098.32,REFUNDED,2025-10-22 12:04:00,AUTH15448290
PAY0003158,ORD0003097,PAYPAL,1276.3,DECLINED,2025-10-21 01:57:00,AUTH29526090
PAY0003159,ORD0003098,GIFT_CARD,2041.68,SETTLED,2025-12-03 02:58:00,AUTH40575391
PAY0003160,ORD0003099,DEBIT_CARD,1967.67,SETTLED,2025-10-20 10:39:00,AUTH55769024
PAY0003161,ORD0003100,BANK_TRANSFER,1617.02,DECLINED,2025-09-11 16:42:00,AUTH16617133
PAY0003162,ORD0003101,DEBIT_CARD,1083.5,SETTLED,2025-12-27 07:17:00,AUTH89782452
PAY0003163,ORD0003102,DEBIT_CARD,2131.62,SETTLED,2025-11-10 01:39:00,AUTH12575245
PAY0003164,ORD0003103,GIFT_CARD,1266.11,DECLINED,2025-08-30 20:10:00,AUTH38577997
PAY0003165,ORD0003104,BANK_TRANSFER,1631.51,SETTLED,2025-10-30 13:51:00,AUTH44220843
PAY0003166,ORD0003105,CREDIT_CARD,32.64,SETTLED,2025-10-13 05:10:00,AUTH21604984
PAY0003167,ORD0003106,DEBIT_CARD,1114.82,SETTLED,2025-11-03 10:12:00,AUTH22878426
PAY0003168,ORD0003107,GIFT_CARD,1607.85,SETTLED,2025-10-25 13:00:00,AUTH64254346
PAY0003169,ORD0003108,BANK_TRANSFER,173.63,SETTLED,2025-08-15 03:09:00,AUTH45422144
PAY0003170,ORD0003109,BANK_TRANSFER,596.44,SETTLED,2025-12-15 05:32:00,AUTH11505109
PAY0003171,ORD0003110,GIFT_CARD,1436.47,SETTLED,2025-05-20 14:12:00,AUTH73347210
PAY0003172,ORD0003111,BANK_TRANSFER,412.06,DECLINED,2025-11-18 08:38:00,AUTH42848106
PAY0003173,ORD0003112,CREDIT_CARD,1103.15,SETTLED,2025-06-23 16:12:00,AUTH42960346
PAY0003174,ORD0003113,BANK_TRANSFER,1332.23,REFUNDED,2025-11-25 23:17:00,AUTH30749099
PAY0003175,ORD0003114,GIFT_CARD,82.32,SETTLED,2025-12-25 08:16:00,AUTH87447892
PAY0003176,ORD0003115,BANK_TRANSFER,2179.97,DECLINED,2025-12-24 21:48:00,AUTH29716919
PAY0003177,ORD0003116,BANK_TRANSFER,2072.9,REFUNDED,2025-08-05 23:25:00,AUTH44358506
PAY0003178,ORD0003117,PAYPAL,445.74,SETTLED,2025-11-10 19:32:00,AUTH92807289
PAY0003179,ORD0003118,CREDIT_CARD,248.83,SETTLED,2025-05-10 13:40:00,AUTH40209585
PAY0003180,ORD0003119,AFTERPAY,1126.7,SETTLED,2025-05-07 02:53:00,AUTH18197238
PAY0003181,ORD0003120,CREDIT_CARD,1940.46,SETTLED,2025-12-30 03:20:00,AUTH72578588
PAY0003182,ORD0003121,DEBIT_CARD,1357.7,SETTLED,2025-12-01 19:22:00,AUTH17202555
PAY0003183,ORD0003122,AFTERPAY,907.61,SETTLED,2025-09-26 11:05:00,AUTH54855560
PAY0003184,ORD0003123,AFTERPAY,1443.27,SETTLED,2025-09-29 13:07:00,AUTH13793665
PAY0003185,ORD0003124,DEBIT_CARD,682.44,SETTLED,2025-08-12 11:19:00,AUTH49881752
PAY0003186,ORD0003125,AFTERPAY,1134.5,SETTLED,2025-05-06 00:24:00,AUTH23722920
PAY0003187,ORD0003126,CREDIT_CARD,1422.8,DECLINED,2025-07-06 19:44:00,AUTH90742913
PAY0003188,ORD0003127,CREDIT_CARD,1551.08,SETTLED,2025-10-31 07:44:00,AUTH55113305
PAY0003189,ORD0003128,GIFT_CARD,1327.87,SETTLED,2025-06-10 05:29:00,AUTH84670025
PAY0003190,ORD0003129,BANK_TRANSFER,1013.96,SETTLED,2025-12-19 14:16:00,AUTH39935130
PAY0003191,ORD0003130,PAYPAL,1781.55,SETTLED,2025-09-21 00:57:00,AUTH35522182
PAY0003192,ORD0003131,CREDIT_CARD,1614.21,SETTLED,2025-08-22 22:59:00,AUTH40220705
PAY0003193,ORD0003132,PAYPAL,1135.19,SETTLED,2025-08-03 08:43:00,AUTH30097676
PAY0003194,ORD0003133,BANK_TRANSFER,1052.52,SETTLED,2025-06-22 15:07:00,AUTH69980144
PAY0003195,ORD0003134,GIFT_CARD,631.97,SETTLED,2025-11-01 09:37:00,AUTH61994513
PAY0003196,ORD0003135,DEBIT_CARD,2365.91,SETTLED,2025-12-09 12:20:00,AUTH96841838
PAY0003197,ORD0003136,CREDIT_CARD,2008.17,SETTLED,2025-06-01 23:57:00,AUTH68167117
PAY0003198,ORD0003137,BANK_TRANSFER,1803.23,SETTLED,2025-07-08 16:00:00,AUTH92098008
PAY0003199,ORD0003138,GIFT_CARD,2356.23,SETTLED,2025-05-21 04:59:00,AUTH89512545
PAY0003200,ORD0003139,DEBIT_CARD,1922.72,SETTLED,2025-10-19 21:58:00,AUTH90685151
PAY0003201,ORD0003140,GIFT_CARD,1990.75,REFUNDED,2025-11-12 14:20:00,AUTH42410951
PAY0003202,ORD0003141,BANK_TRANSFER,61.53,SETTLED,2025-12-18 01:04:00,AUTH68639537
PAY0003203,ORD0003142,PAYPAL,308.73,SETTLED,2025-10-22 05:18:00,AUTH49813979
PAY0003204,ORD0003143,AFTERPAY,1933.17,SETTLED,2025-09-21 05:50:00,AUTH81890949
PAY0003205,ORD0003144,BANK_TRANSFER,1729.14,SETTLED,2025-11-05 07:17:00,AUTH14393258
PAY0003206,ORD0003145,BANK_TRANSFER,510.8,SETTLED,2025-07-07 19:15:00,AUTH34162173
PAY0003207,ORD0003146,CREDIT_CARD,1327.71,SETTLED,2025-11-14 10:09:00,AUTH71903137
PAY0003208,ORD0003147,DEBIT_CARD,362.63,SETTLED,2025-12-07 04:49:00,AUTH57505520
PAY0003209,ORD0003148,DEBIT_CARD,628.27,REFUNDED,2025-05-06 16:34:00,AUTH92645576
PAY0003210,ORD0003149,BANK_TRANSFER,1707.2,DECLINED,2025-11-04 15:08:00,AUTH86863934
PAY0003211,ORD0003150,BANK_TRANSFER,174.63,SETTLED,2025-09-12 08:22:00,AUTH43035583
PAY0003212,ORD0003151,DEBIT_CARD,422.56,SETTLED,2025-05-11 21:49:00,AUTH46919604
PAY0003213,ORD0003152,BANK_TRANSFER,1480.6,SETTLED,2025-08-01 02:28:00,AUTH63054734
PAY0003214,ORD0003153,GIFT_CARD,2004.93,SETTLED,2025-12-09 17:34:00,AUTH78478068
PAY0003215,ORD0003154,GIFT_CARD,2125.73,SETTLED,2025-07-18 18:32:00,AUTH48366044
PAY0003216,ORD0003155,CREDIT_CARD,639.01,SETTLED,2025-06-20 09:04:00,AUTH74072216
PAY0003217,ORD0003156,GIFT_CARD,661.72,SETTLED,2025-08-21 12:07:00,AUTH87830758
PAY0003218,ORD0003157,CREDIT_CARD,1710.68,SETTLED,2025-07-05 20:59:00,AUTH98292570
PAY0003219,ORD0003158,BANK_TRANSFER,250.53,SETTLED,2025-08-20 04:11:00,AUTH96741619
PAY0003220,ORD0003159,PAYPAL,1601.87,SETTLED,2025-12-14 19:35:00,AUTH85603787
PAY0003221,ORD0003160,GIFT_CARD,1833.59,SETTLED,2025-08-16 06:43:00,AUTH83524337
PAY0003222,ORD0003160,DEBIT_CARD,1519.59,SETTLED,2025-05-12 23:08:00,AUTH76681131
PAY0003223,ORD0003161,BANK_TRANSFER,1078.64,SETTLED,2025-09-07 14:06:00,AUTH69155469
PAY0003224,ORD0003162,PAYPAL,253.23,SETTLED,2025-05-25 11:28:00,AUTH89210517
PAY0003225,ORD0003163,AFTERPAY,1480.87,REFUNDED,2025-08-07 13:36:00,AUTH75888431
PAY0003226,ORD0003164,BANK_TRANSFER,1196.89,SETTLED,2026-01-01 23:19:00,AUTH38464173
PAY0003227,ORD0003165,GIFT_CARD,841.25,REFUNDED,2025-12-07 21:56:00,AUTH23618682
PAY0003228,ORD0003166,PAYPAL,1130.33,DECLINED,2025-06-20 19:26:00,AUTH58982542
PAY0003229,ORD0003167,CREDIT_CARD,983.55,SETTLED,2025-06-05 02:24:00,AUTH77781596
PAY0003230,ORD0003168,DEBIT_CARD,344.48,SETTLED,2025-08-23 10:52:00,AUTH53615919
PAY0003231,ORD0003169,AFTERPAY,2127.83,REFUNDED,2025-07-21 14:50:00,AUTH36052402
PAY0003232,ORD0003170,AFTERPAY,2212.81,DECLINED,2025-12-13 16:08:00,AUTH67973478
PAY0003233,ORD0003171,GIFT_CARD,399.63,SETTLED,2025-06-04 01:51:00,AUTH55100280
PAY0003234,ORD0003172,PAYPAL,1424.34,SETTLED,2025-11-11 02:33:00,AUTH17447819
PAY0003235,ORD0003173,AFTERPAY,256.57,REFUNDED,2025-10-22 01:20:00,AUTH18622239
PAY0003236,ORD0003174,AFTERPAY,424.81,SETTLED,2025-12-01 15:11:00,AUTH89919095
PAY0003237,ORD0003175,AFTERPAY,284.15,DECLINED,2025-09-05 02:29:00,AUTH99484841
PAY0003238,ORD0003176,GIFT_CARD,153.25,SETTLED,2025-09-13 05:47:00,AUTH13951617
PAY0003239,ORD0003177,AFTERPAY,2151.14,SETTLED,2025-08-04 09:47:00,AUTH48695116
PAY0003240,ORD0003178,AFTERPAY,781.35,SETTLED,2025-06-30 01:40:00,AUTH92042916
PAY0003241,ORD0003179,DEBIT_CARD,913.49,SETTLED,2025-05-13 09:07:00,AUTH13109256
PAY0003242,ORD0003180,CREDIT_CARD,1464.86,SETTLED,2025-09-10 23:22:00,AUTH98491343
PAY0003243,ORD0003181,CREDIT_CARD,64.26,SETTLED,2025-12-23 12:19:00,AUTH28534200
PAY0003244,ORD0003182,GIFT_CARD,415.59,SETTLED,2025-08-10 15:58:00,AUTH66142968
PAY0003245,ORD0003183,BANK_TRANSFER,1348.79,SETTLED,2025-11-28 14:01:00,AUTH81057055
PAY0003246,ORD0003184,BANK_TRANSFER,72.9,DECLINED,2025-08-26 00:33:00,AUTH22332555
PAY0003247,ORD0003185,DEBIT_CARD,2235.75,REFUNDED,2025-05-18 12:48:00,AUTH78113347
PAY0003248,ORD0003186,GIFT_CARD,1263.41,SETTLED,2025-09-21 21:18:00,AUTH68586187
PAY0003249,ORD0003187,PAYPAL,1452.6,SETTLED,2025-12-13 01:21:00,AUTH81619977
PAY0003250,ORD0003188,CREDIT_CARD,821.68,REFUNDED,2025-11-19 12:59:00,AUTH89632940
PAY0003251,ORD0003189,GIFT_CARD,1269.12,DECLINED,2025-05-15 15:24:00,AUTH55150178
PAY0003252,ORD0003190,AFTERPAY,1829.74,SETTLED,2025-10-21 22:21:00,AUTH33802109
PAY0003253,ORD0003191,CREDIT_CARD,1748.02,SETTLED,2025-12-10 09:52:00,AUTH80094225
PAY0003254,ORD0003192,PAYPAL,1874.89,SETTLED,2025-06-21 11:48:00,AUTH93857348
PAY0003255,ORD0003193,DEBIT_CARD,1431.54,SETTLED,2025-09-10 08:59:00,AUTH28644429
PAY0003256,ORD0003194,BANK_TRANSFER,2324.34,SETTLED,2025-09-10 14:06:00,AUTH19221894
PAY0003257,ORD0003195,GIFT_CARD,390.59,SETTLED,2025-11-18 07:02:00,AUTH79330599
PAY0003258,ORD0003196,PAYPAL,858.8,SETTLED,2025-06-08 17:10:00,AUTH64337269
PAY0003259,ORD0003197,CREDIT_CARD,1560.5,SETTLED,2025-10-13 23:47:00,AUTH11333653
PAY0003260,ORD0003198,DEBIT_CARD,1403.84,SETTLED,2025-10-31 21:37:00,AUTH85469826
PAY0003261,ORD0003199,DEBIT_CARD,2179.3,SETTLED,2025-06-18 08:24:00,AUTH29302842
PAY0003262,ORD0003200,DEBIT_CARD,1307.07,SETTLED,2025-08-12 14:07:00,AUTH81843531
PAY0003263,ORD0003201,DEBIT_CARD,1983.63,SETTLED,2025-06-14 05:34:00,AUTH29079651
PAY0003264,ORD0003202,CREDIT_CARD,917.96,SETTLED,2025-12-05 10:47:00,AUTH61309530
PAY0003265,ORD0003203,CREDIT_CARD,1096.32,REFUNDED,2025-07-02 15:54:00,AUTH17834497
PAY0003266,ORD0003204,GIFT_CARD,2228.07,SETTLED,2025-05-09 19:43:00,AUTH21713016
PAY0003267,ORD0003205,AFTERPAY,414.57,SETTLED,2025-05-27 09:59:00,AUTH99904718
PAY0003268,ORD0003206,CREDIT_CARD,775.35,REFUNDED,2025-08-31 15:30:00,AUTH54466781
PAY0003269,ORD0003207,BANK_TRANSFER,1932.03,REFUNDED,2025-09-13 21:08:00,AUTH95799731
PAY0003270,ORD0003208,GIFT_CARD,1873.53,SETTLED,2025-06-24 17:40:00,AUTH81456456
PAY0003271,ORD0003209,AFTERPAY,635.77,SETTLED,2025-08-22 00:26:00,AUTH33074465
PAY0003272,ORD0003210,BANK_TRANSFER,601.34,SETTLED,2025-06-11 11:56:00,AUTH19993230
PAY0003273,ORD0003211,CREDIT_CARD,2043.97,SETTLED,2025-07-15 16:19:00,AUTH87893851
PAY0003274,ORD0003212,CREDIT_CARD,753.33,SETTLED,2025-07-04 00:55:00,AUTH24484924
PAY0003275,ORD0003213,AFTERPAY,323.28,SETTLED,2025-09-25 16:26:00,AUTH98086511
PAY0003276,ORD0003214,CREDIT_CARD,2344.43,SETTLED,2025-12-27 00:55:00,AUTH42808171
PAY0003277,ORD0003215,PAYPAL,1011.75,SETTLED,2025-06-08 17:33:00,AUTH46402628
PAY0003278,ORD0003216,BANK_TRANSFER,924.31,SETTLED,2025-07-31 04:21:00,AUTH71704573
PAY0003279,ORD0003217,DEBIT_CARD,1230.16,SETTLED,2025-12-07 00:55:00,AUTH83775318
PAY0003280,ORD0003218,PAYPAL,1423.7,DECLINED,2025-11-10 17:42:00,AUTH82257924
PAY0003281,ORD0003219,CREDIT_CARD,299.95,SETTLED,2025-09-21 18:25:00,AUTH66985054
PAY0003282,ORD0003220,PAYPAL,2320.46,SETTLED,2025-09-14 15:06:00,AUTH80149109
PAY0003283,ORD0003221,AFTERPAY,2106.36,SETTLED,2025-07-17 04:34:00,AUTH10177889
PAY0003284,ORD0003222,BANK_TRANSFER,1667.85,SETTLED,2025-10-06 07:17:00,AUTH89013976
PAY0003285,ORD0003223,DEBIT_CARD,1962.77,SETTLED,2025-05-19 09:45:00,AUTH15099726
PAY0003286,ORD0003224,AFTERPAY,814.07,SETTLED,2025-12-15 01:23:00,AUTH26903965
PAY0003287,ORD0003225,AFTERPAY,412.32,SETTLED,2025-06-19 16:29:00,AUTH20070243
PAY0003288,ORD0003226,BANK_TRANSFER,580.63,SETTLED,2025-09-20 22:06:00,AUTH88960202
PAY0003289,ORD0003227,DEBIT_CARD,2240.97,SETTLED,2025-07-25 00:05:00,AUTH96468314
PAY0003290,ORD0003227,PAYPAL,1294.75,SETTLED,2025-08-18 14:17:00,AUTH10870476
PAY0003291,ORD0003228,BANK_TRANSFER,2293.05,SETTLED,2025-11-22 10:35:00,AUTH52805399
PAY0003292,ORD0003229,PAYPAL,125.55,SETTLED,2025-09-17 01:54:00,AUTH43890913
PAY0003293,ORD0003230,CREDIT_CARD,65.59,DECLINED,2025-12-04 18:17:00,AUTH81120337
PAY0003294,ORD0003231,AFTERPAY,1104.51,SETTLED,2025-09-04 00:20:00,AUTH25427406
PAY0003295,ORD0003232,CREDIT_CARD,425.89,SETTLED,2025-12-21 08:25:00,AUTH49763194
PAY0003296,ORD0003233,PAYPAL,1638.06,DECLINED,2025-08-26 00:56:00,AUTH51781612
PAY0003297,ORD0003234,GIFT_CARD,249.39,DECLINED,2025-12-27 23:10:00,AUTH45323643
PAY0003298,ORD0003235,AFTERPAY,87.62,SETTLED,2025-11-06 12:28:00,AUTH31323952
PAY0003299,ORD0003236,BANK_TRANSFER,2054.87,SETTLED,2025-12-31 21:50:00,AUTH18066503
PAY0003300,ORD0003237,GIFT_CARD,1675.17,SETTLED,2025-08-02 02:10:00,AUTH84607192
PAY0003301,ORD0003238,AFTERPAY,540.58,SETTLED,2025-06-30 20:39:00,AUTH28596353
PAY0003302,ORD0003239,PAYPAL,1997.03,SETTLED,2025-07-18 04:42:00,AUTH53072051
PAY0003303,ORD0003240,BANK_TRANSFER,1636.03,REFUNDED,2025-09-09 20:30:00,AUTH58841432
PAY0003304,ORD0003241,GIFT_CARD,119.93,SETTLED,2025-10-11 05:22:00,AUTH13032494
PAY0003305,ORD0003242,CREDIT_CARD,1703.1,REFUNDED,2025-09-11 12:01:00,AUTH35390794
PAY0003306,ORD0003243,GIFT_CARD,84.15,SETTLED,2025-06-27 15:14:00,AUTH76636144
PAY0003307,ORD0003244,AFTERPAY,460.18,SETTLED,2025-12-24 03:54:00,AUTH64919003
PAY0003308,ORD0003245,GIFT_CARD,1328.99,SETTLED,2025-07-12 03:12:00,AUTH75371418
PAY0003309,ORD0003246,DEBIT_CARD,681.37,SETTLED,2025-08-07 17:56:00,AUTH59411689
PAY0003310,ORD0003247,DEBIT_CARD,1273.53,SETTLED,2025-11-27 09:50:00,AUTH21758629
PAY0003311,ORD0003248,DEBIT_CARD,2230.85,REFUNDED,2025-07-12 02:03:00,AUTH35485192
PAY0003312,ORD0003249,GIFT_CARD,1756.81,SETTLED,2025-08-05 22:18:00,AUTH93577225
PAY0003313,ORD0003250,PAYPAL,2029.79,DECLINED,2025-06-05 07:31:00,AUTH34074355
PAY0003314,ORD0003251,PAYPAL,933.83,DECLINED,2025-12-16 02:55:00,AUTH25859365
PAY0003315,ORD0003252,PAYPAL,487.17,SETTLED,2025-11-17 22:35:00,AUTH23489002
PAY0003316,ORD0003253,GIFT_CARD,367.31,DECLINED,2025-09-23 04:35:00,AUTH30787317
PAY0003317,ORD0003254,DEBIT_CARD,1210.27,SETTLED,2025-06-23 04:13:00,AUTH65690780
PAY0003318,ORD0003255,PAYPAL,873.89,SETTLED,2025-07-23 00:37:00,AUTH35213060
PAY0003319,ORD0003256,GIFT_CARD,1832.88,SETTLED,2025-10-27 20:30:00,AUTH50507514
PAY0003320,ORD0003257,PAYPAL,94.77,SETTLED,2025-05-21 23:09:00,AUTH54951615
PAY0003321,ORD0003258,PAYPAL,2328.72,SETTLED,2025-05-10 12:26:00,AUTH76009527
PAY0003322,ORD0003259,DEBIT_CARD,297.57,DECLINED,2025-07-06 15:33:00,AUTH63177024
PAY0003323,ORD0003260,CREDIT_CARD,1810.03,REFUNDED,2025-11-19 18:15:00,AUTH71447392
PAY0003324,ORD0003261,BANK_TRANSFER,677.79,SETTLED,2025-10-12 23:54:00,AUTH37403204
PAY0003325,ORD0003262,CREDIT_CARD,789.52,SETTLED,2025-11-04 03:21:00,AUTH63868673
PAY0003326,ORD0003263,PAYPAL,50.2,SETTLED,2025-09-25 10:43:00,AUTH32664556
PAY0003327,ORD0003264,CREDIT_CARD,656.68,DECLINED,2025-07-22 19:35:00,AUTH83234448
PAY0003328,ORD0003264,GIFT_CARD,1157.34,DECLINED,2025-09-26 13:03:00,AUTH10828748
PAY0003329,ORD0003265,AFTERPAY,681.52,DECLINED,2025-06-27 08:28:00,AUTH87292976
PAY0003330,ORD0003266,AFTERPAY,1232.65,SETTLED,2025-11-18 00:53:00,AUTH73832379
PAY0003331,ORD0003267,GIFT_CARD,1922.63,SETTLED,2025-06-17 15:31:00,AUTH56950875
PAY0003332,ORD0003268,CREDIT_CARD,2387.34,SETTLED,2025-05-31 00:55:00,AUTH34284959
PAY0003333,ORD0003269,AFTERPAY,1025.31,SETTLED,2025-09-03 11:16:00,AUTH78223006
PAY0003334,ORD0003270,PAYPAL,1615.02,SETTLED,2025-06-12 09:14:00,AUTH22141018
PAY0003335,ORD0003271,BANK_TRANSFER,356.73,SETTLED,2025-12-12 16:46:00,AUTH21729644
PAY0003336,ORD0003272,PAYPAL,1106.77,SETTLED,2025-12-28 21:40:00,AUTH93923314
PAY0003337,ORD0003273,CREDIT_CARD,2075.6,SETTLED,2025-08-21 06:18:00,AUTH36355150
PAY0003338,ORD0003274,BANK_TRANSFER,1405.55,DECLINED,2025-07-18 15:28:00,AUTH68687335
PAY0003339,ORD0003275,DEBIT_CARD,2381.78,SETTLED,2025-06-07 12:05:00,AUTH41383078
PAY0003340,ORD0003276,GIFT_CARD,990.58,SETTLED,2025-12-18 02:27:00,AUTH43865158
PAY0003341,ORD0003277,CREDIT_CARD,2009.38,SETTLED,2025-05-08 23:00:00,AUTH78434753
PAY0003342,ORD0003278,DEBIT_CARD,813.9,SETTLED,2025-08-03 05:14:00,AUTH72056008
PAY0003343,ORD0003279,CREDIT_CARD,2339.06,SETTLED,2025-09-21 07:49:00,AUTH41049652
PAY0003344,ORD0003280,AFTERPAY,1932.04,SETTLED,2025-08-29 16:45:00,AUTH39026522
PAY0003345,ORD0003281,DEBIT_CARD,124.57,SETTLED,2025-11-06 23:36:00,AUTH94579322
PAY0003346,ORD0003282,PAYPAL,2291.04,SETTLED,2025-09-09 04:47:00,AUTH46268538
PAY0003347,ORD0003283,PAYPAL,2008.27,SETTLED,2025-09-13 02:39:00,AUTH78748288
PAY0003348,ORD0003284,BANK_TRANSFER,677.88,SETTLED,2025-12-26 00:01:00,AUTH87979140
PAY0003349,ORD0003285,AFTERPAY,1023.55,SETTLED,2025-10-22 02:27:00,AUTH11652549
PAY0003350,ORD0003286,BANK_TRANSFER,2229.31,SETTLED,2025-10-20 18:03:00,AUTH35352713
PAY0003351,ORD0003287,DEBIT_CARD,2388.52,SETTLED,2025-06-05 13:03:00,AUTH33585629
PAY0003352,ORD0003288,DEBIT_CARD,1336.34,REFUNDED,2025-10-08 20:02:00,AUTH37387531
PAY0003353,ORD0003289,PAYPAL,749.93,SETTLED,2025-10-10 15:36:00,AUTH60934548
PAY0003354,ORD0003290,CREDIT_CARD,2033.17,SETTLED,2025-05-13 02:05:00,AUTH37692067
PAY0003355,ORD0003291,CREDIT_CARD,2355.23,SETTLED,2025-06-25 08:45:00,AUTH15282976
PAY0003356,ORD0003292,BANK_TRANSFER,2343.55,SETTLED,2025-09-05 19:42:00,AUTH69298967
PAY0003357,ORD0003293,AFTERPAY,630.62,SETTLED,2025-10-07 15:10:00,AUTH54325093
PAY0003358,ORD0003294,BANK_TRANSFER,2235.91,SETTLED,2025-05-27 06:44:00,AUTH50829178
PAY0003359,ORD0003295,GIFT_CARD,1961.52,SETTLED,2025-07-10 12:29:00,AUTH32339353
PAY0003360,ORD0003296,DEBIT_CARD,1704.77,SETTLED,2025-05-28 15:00:00,AUTH86991358
PAY0003361,ORD0003297,PAYPAL,1287.74,SETTLED,2025-05-06 00:36:00,AUTH56028065
PAY0003362,ORD0003298,AFTERPAY,812.21,SETTLED,2025-08-18 15:58:00,AUTH20546604
PAY0003363,ORD0003299,AFTERPAY,794.15,REFUNDED,2025-11-11 04:27:00,AUTH80927659
PAY0003364,ORD0003300,AFTERPAY,2395.09,SETTLED,2025-06-01 00:45:00,AUTH52999615
PAY0003365,ORD0003301,PAYPAL,615.62,SETTLED,2025-10-08 17:32:00,AUTH15954574
PAY0003366,ORD0003302,PAYPAL,1963.34,SETTLED,2025-12-17 04:02:00,AUTH68845609
PAY0003367,ORD0003303,BANK_TRANSFER,1253.94,SETTLED,2025-11-02 17:07:00,AUTH57118353
PAY0003368,ORD0003304,PAYPAL,572.17,SETTLED,2025-09-26 20:36:00,AUTH64300604
PAY0003369,ORD0003305,DEBIT_CARD,1236.52,SETTLED,2025-11-02 15:37:00,AUTH96313706
PAY0003370,ORD0003306,CREDIT_CARD,1058.17,SETTLED,2025-07-09 03:41:00,AUTH93024963
PAY0003371,ORD0003307,GIFT_CARD,1868.5,SETTLED,2025-12-29 04:20:00,AUTH71069536
PAY0003372,ORD0003308,GIFT_CARD,1725.29,SETTLED,2025-11-02 11:34:00,AUTH88161155
PAY0003373,ORD0003309,CREDIT_CARD,598.73,SETTLED,2025-10-20 09:33:00,AUTH84439713
PAY0003374,ORD0003310,PAYPAL,1357.51,SETTLED,2025-08-05 17:00:00,AUTH21146165
PAY0003375,ORD0003311,DEBIT_CARD,1852.2,DECLINED,2025-08-27 16:34:00,AUTH83842070
PAY0003376,ORD0003312,AFTERPAY,1585.19,SETTLED,2025-06-09 17:43:00,AUTH54707166
PAY0003377,ORD0003313,DEBIT_CARD,1637.63,REFUNDED,2025-11-06 08:39:00,AUTH72265358
PAY0003378,ORD0003314,GIFT_CARD,1739.74,SETTLED,2025-08-17 17:46:00,AUTH21193421
PAY0003379,ORD0003315,DEBIT_CARD,1695.44,SETTLED,2025-11-08 22:37:00,AUTH67529212
PAY0003380,ORD0003316,DEBIT_CARD,1806.28,SETTLED,2025-07-22 04:07:00,AUTH50667538
PAY0003381,ORD0003317,CREDIT_CARD,344.0,SETTLED,2025-11-19 03:28:00,AUTH83437824
PAY0003382,ORD0003318,PAYPAL,2191.4,DECLINED,2025-06-11 19:09:00,AUTH39237505
PAY0003383,ORD0003319,GIFT_CARD,1951.37,SETTLED,2025-12-13 18:04:00,AUTH39354489
PAY0003384,ORD0003320,CREDIT_CARD,1700.24,SETTLED,2025-05-12 09:37:00,AUTH21376213
PAY0003385,ORD0003321,BANK_TRANSFER,1597.88,SETTLED,2025-07-27 09:16:00,AUTH78040314
PAY0003386,ORD0003322,DEBIT_CARD,551.56,SETTLED,2025-09-17 03:46:00,AUTH10547082
PAY0003387,ORD0003323,CREDIT_CARD,1323.29,SETTLED,2025-12-31 19:38:00,AUTH75297598
PAY0003388,ORD0003324,GIFT_CARD,378.12,REFUNDED,2025-12-29 18:56:00,AUTH35847052
PAY0003389,ORD0003325,GIFT_CARD,2344.57,SETTLED,2025-11-27 12:55:00,AUTH14528406
PAY0003390,ORD0003326,PAYPAL,1284.65,SETTLED,2025-08-16 07:51:00,AUTH94428761
PAY0003391,ORD0003327,AFTERPAY,2320.74,SETTLED,2025-07-08 07:03:00,AUTH84435309
PAY0003392,ORD0003328,GIFT_CARD,61.09,REFUNDED,2025-05-22 14:17:00,AUTH94090505
PAY0003393,ORD0003329,AFTERPAY,876.38,SETTLED,2025-09-28 18:31:00,AUTH60223781
PAY0003394,ORD0003330,PAYPAL,923.14,SETTLED,2025-06-29 11:04:00,AUTH77658931
PAY0003395,ORD0003331,CREDIT_CARD,1633.87,DECLINED,2025-11-22 00:55:00,AUTH49336148
PAY0003396,ORD0003332,AFTERPAY,2195.92,SETTLED,2025-08-21 01:30:00,AUTH27500194
PAY0003397,ORD0003333,CREDIT_CARD,248.4,SETTLED,2025-06-20 21:36:00,AUTH58446670
PAY0003398,ORD0003334,PAYPAL,2226.92,REFUNDED,2025-05-10 13:21:00,AUTH17009536
PAY0003399,ORD0003335,PAYPAL,897.52,DECLINED,2025-08-21 18:10:00,AUTH21305061
PAY0003400,ORD0003336,DEBIT_CARD,332.39,SETTLED,2025-07-11 14:02:00,AUTH14561673
PAY0003401,ORD0003337,AFTERPAY,745.48,SETTLED,2025-07-29 19:59:00,AUTH36687334
PAY0003402,ORD0003338,BANK_TRANSFER,735.89,DECLINED,2025-06-17 07:04:00,AUTH44346631
PAY0003403,ORD0003339,PAYPAL,1555.52,SETTLED,2025-06-29 00:46:00,AUTH19389753
PAY0003404,ORD0003340,AFTERPAY,969.71,SETTLED,2025-10-22 11:28:00,AUTH23185244
PAY0003405,ORD0003341,BANK_TRANSFER,1627.86,SETTLED,2025-07-28 02:01:00,AUTH99965021
PAY0003406,ORD0003342,BANK_TRANSFER,958.5,DECLINED,2025-10-23 19:29:00,AUTH11511087
PAY0003407,ORD0003343,PAYPAL,164.59,REFUNDED,2025-09-11 22:53:00,AUTH10818484
PAY0003408,ORD0003344,DEBIT_CARD,932.97,SETTLED,2025-11-22 19:22:00,AUTH12235279
PAY0003409,ORD0003345,GIFT_CARD,1321.8,SETTLED,2025-08-10 20:56:00,AUTH92309154
PAY0003410,ORD0003346,PAYPAL,1077.31,REFUNDED,2025-11-03 04:23:00,AUTH76268482
PAY0003411,ORD0003347,CREDIT_CARD,1779.88,SETTLED,2025-12-24 23:19:00,AUTH46347787
PAY0003412,ORD0003348,AFTERPAY,1647.97,SETTLED,2025-10-14 01:36:00,AUTH95165945
PAY0003413,ORD0003349,CREDIT_CARD,1076.85,SETTLED,2025-07-27 20:56:00,AUTH67442860
PAY0003414,ORD0003350,GIFT_CARD,1814.77,DECLINED,2025-09-21 23:59:00,AUTH63714355
PAY0003415,ORD0003351,BANK_TRANSFER,75.21,SETTLED,2025-10-15 00:37:00,AUTH15303654
PAY0003416,ORD0003352,DEBIT_CARD,2071.27,SETTLED,2025-06-07 15:31:00,AUTH19839482
PAY0003417,ORD0003353,PAYPAL,2177.53,REFUNDED,2025-07-05 08:27:00,AUTH63603547
PAY0003418,ORD0003354,DEBIT_CARD,1091.18,REFUNDED,2025-05-16 09:53:00,AUTH91024323
PAY0003419,ORD0003355,CREDIT_CARD,1630.5,SETTLED,2025-11-14 00:02:00,AUTH48408503
PAY0003420,ORD0003356,GIFT_CARD,699.74,SETTLED,2025-07-19 18:12:00,AUTH83950773
PAY0003421,ORD0003357,AFTERPAY,504.14,SETTLED,2025-08-07 02:32:00,AUTH72138551
PAY0003422,ORD0003357,DEBIT_CARD,2018.8,SETTLED,2025-08-13 06:06:00,AUTH58626071
PAY0003423,ORD0003358,CREDIT_CARD,1483.58,DECLINED,2025-06-17 05:09:00,AUTH44707441
PAY0003424,ORD0003359,BANK_TRANSFER,676.1,SETTLED,2025-05-21 21:08:00,AUTH48829528
PAY0003425,ORD0003359,GIFT_CARD,505.3,SETTLED,2025-12-01 00:30:00,AUTH80802517
PAY0003426,ORD0003360,GIFT_CARD,1540.4,REFUNDED,2025-09-07 05:58:00,AUTH11194782
PAY0003427,ORD0003361,PAYPAL,809.15,SETTLED,2025-08-24 16:01:00,AUTH76002213
PAY0003428,ORD0003362,BANK_TRANSFER,845.56,SETTLED,2025-06-17 11:57:00,AUTH94098953
PAY0003429,ORD0003363,CREDIT_CARD,356.51,SETTLED,2025-11-19 02:10:00,AUTH60054096
PAY0003430,ORD0003364,GIFT_CARD,113.19,SETTLED,2025-07-06 00:25:00,AUTH95397121
PAY0003431,ORD0003365,GIFT_CARD,2138.79,SETTLED,2025-11-03 13:37:00,AUTH27105435
PAY0003432,ORD0003366,GIFT_CARD,1453.84,DECLINED,2025-09-16 20:28:00,AUTH93844806
PAY0003433,ORD0003367,GIFT_CARD,2326.4,SETTLED,2025-07-23 07:38:00,AUTH64061602
PAY0003434,ORD0003368,BANK_TRANSFER,1476.58,SETTLED,2025-10-05 15:13:00,AUTH28078846
PAY0003435,ORD0003368,PAYPAL,505.34,SETTLED,2025-07-26 05:59:00,AUTH87689842
PAY0003436,ORD0003369,PAYPAL,600.61,SETTLED,2025-12-12 04:09:00,AUTH10828339
PAY0003437,ORD0003370,PAYPAL,2255.17,DECLINED,2025-06-16 21:39:00,AUTH33201292
PAY0003438,ORD0003371,BANK_TRANSFER,276.03,SETTLED,2025-10-15 23:52:00,AUTH18091687
PAY0003439,ORD0003372,DEBIT_CARD,870.12,SETTLED,2025-06-19 07:56:00,AUTH86812759
PAY0003440,ORD0003373,PAYPAL,820.52,SETTLED,2025-12-13 02:34:00,AUTH27246515
PAY0003441,ORD0003374,PAYPAL,1536.3,SETTLED,2025-11-29 09:10:00,AUTH28120427
PAY0003442,ORD0003375,CREDIT_CARD,636.42,SETTLED,2025-05-20 07:21:00,AUTH38241209
PAY0003443,ORD0003376,CREDIT_CARD,1349.85,SETTLED,2025-12-26 07:42:00,AUTH79746022
PAY0003444,ORD0003377,GIFT_CARD,1121.62,SETTLED,2025-09-06 14:21:00,AUTH88758088
PAY0003445,ORD0003378,PAYPAL,1421.99,REFUNDED,2025-11-22 23:41:00,AUTH96852423
PAY0003446,ORD0003379,BANK_TRANSFER,1604.99,SETTLED,2025-11-24 19:20:00,AUTH77661275
PAY0003447,ORD0003380,PAYPAL,2105.42,SETTLED,2025-10-05 08:42:00,AUTH73342001
PAY0003448,ORD0003381,CREDIT_CARD,208.25,SETTLED,2025-06-14 22:48:00,AUTH42733147
PAY0003449,ORD0003382,PAYPAL,1255.64,SETTLED,2025-06-30 21:27:00,AUTH43924569
PAY0003450,ORD0003383,PAYPAL,1023.69,SETTLED,2025-07-25 18:26:00,AUTH22835041
PAY0003451,ORD0003384,GIFT_CARD,1913.87,SETTLED,2025-06-09 22:51:00,AUTH41928771
PAY0003452,ORD0003385,GIFT_CARD,671.25,REFUNDED,2025-11-06 13:02:00,AUTH38779529
PAY0003453,ORD0003386,GIFT_CARD,2179.52,SETTLED,2025-08-06 00:39:00,AUTH79996142
PAY0003454,ORD0003387,DEBIT_CARD,2152.97,SETTLED,2025-06-20 18:24:00,AUTH34327325
PAY0003455,ORD0003388,GIFT_CARD,1510.94,DECLINED,2025-10-09 08:58:00,AUTH23765924
PAY0003456,ORD0003389,CREDIT_CARD,1643.23,SETTLED,2025-12-04 19:17:00,AUTH41991351
PAY0003457,ORD0003390,CREDIT_CARD,587.51,SETTLED,2025-11-18 19:16:00,AUTH96249029
PAY0003458,ORD0003391,DEBIT_CARD,2136.2,SETTLED,2025-09-24 08:10:00,AUTH31306938
PAY0003459,ORD0003392,PAYPAL,31.15,SETTLED,2025-07-14 21:19:00,AUTH74490820
PAY0003460,ORD0003393,DEBIT_CARD,1249.39,REFUNDED,2025-08-08 08:49:00,AUTH61852073
PAY0003461,ORD0003394,PAYPAL,1351.81,SETTLED,2025-08-21 18:11:00,AUTH88660130
PAY0003462,ORD0003395,PAYPAL,1222.78,SETTLED,2025-06-17 07:36:00,AUTH58867661
PAY0003463,ORD0003395,BANK_TRANSFER,2383.81,SETTLED,2025-10-04 16:19:00,AUTH33526776
PAY0003464,ORD0003396,BANK_TRANSFER,1505.05,REFUNDED,2025-08-07 18:57:00,AUTH81286290
PAY0003465,ORD0003397,GIFT_CARD,697.6,SETTLED,2025-06-07 19:38:00,AUTH77497468
PAY0003466,ORD0003398,DEBIT_CARD,1595.74,SETTLED,2025-07-14 01:37:00,AUTH54222414
PAY0003467,ORD0003399,PAYPAL,727.49,SETTLED,2025-07-20 05:40:00,AUTH98275975
PAY0003468,ORD0003400,CREDIT_CARD,994.45,SETTLED,2026-01-01 23:04:00,AUTH30071012
PAY0003469,ORD0003401,DEBIT_CARD,1504.88,SETTLED,2025-10-26 16:49:00,AUTH63598265
PAY0003470,ORD0003402,DEBIT_CARD,305.06,DECLINED,2025-05-31 21:27:00,AUTH76655935
PAY0003471,ORD0003403,GIFT_CARD,2306.09,DECLINED,2025-12-29 10:50:00,AUTH88305197
PAY0003472,ORD0003404,CREDIT_CARD,510.53,SETTLED,2025-06-16 16:11:00,AUTH33718892
PAY0003473,ORD0003404,DEBIT_CARD,73.12,SETTLED,2025-09-01 21:24:00,AUTH40704930
PAY0003474,ORD0003405,DEBIT_CARD,2271.95,SETTLED,2025-07-16 08:43:00,AUTH84916010
PAY0003475,ORD0003406,PAYPAL,1496.7,SETTLED,2025-09-12 12:48:00,AUTH73972904
PAY0003476,ORD0003407,BANK_TRANSFER,1987.89,SETTLED,2025-05-25 23:20:00,AUTH11386070
PAY0003477,ORD0003408,BANK_TRANSFER,2129.68,SETTLED,2025-06-02 14:14:00,AUTH56213199
PAY0003478,ORD0003409,AFTERPAY,823.1,SETTLED,2025-08-14 07:44:00,AUTH51710812
PAY0003479,ORD0003410,DEBIT_CARD,978.25,SETTLED,2025-08-05 03:19:00,AUTH98049368
PAY0003480,ORD0003411,GIFT_CARD,117.25,SETTLED,2025-11-08 07:55:00,AUTH37438782
PAY0003481,ORD0003412,CREDIT_CARD,436.49,SETTLED,2025-09-23 23:12:00,AUTH44923899
PAY0003482,ORD0003413,CREDIT_CARD,1668.2,DECLINED,2025-08-02 10:39:00,AUTH54996251
PAY0003483,ORD0003414,PAYPAL,1409.3,SETTLED,2025-10-06 01:58:00,AUTH60840108
PAY0003484,ORD0003415,CREDIT_CARD,699.2,SETTLED,2025-12-31 03:17:00,AUTH91711744
PAY0003485,ORD0003416,DEBIT_CARD,846.18,SETTLED,2025-08-15 21:47:00,AUTH26078612
PAY0003486,ORD0003417,PAYPAL,1932.07,SETTLED,2025-08-04 13:15:00,AUTH59470482
PAY0003487,ORD0003418,CREDIT_CARD,639.04,SETTLED,2025-05-30 04:54:00,AUTH15601567
PAY0003488,ORD0003419,CREDIT_CARD,1807.4,SETTLED,2025-10-30 06:26:00,AUTH58052578
PAY0003489,ORD0003420,CREDIT_CARD,1396.84,REFUNDED,2025-08-08 09:39:00,AUTH41243190
PAY0003490,ORD0003421,CREDIT_CARD,732.07,SETTLED,2025-12-16 06:34:00,AUTH54446249
PAY0003491,ORD0003422,BANK_TRANSFER,824.24,SETTLED,2025-06-15 18:56:00,AUTH83212414
PAY0003492,ORD0003423,PAYPAL,1943.47,DECLINED,2025-09-12 04:59:00,AUTH59164265
PAY0003493,ORD0003424,AFTERPAY,521.87,SETTLED,2025-11-15 01:13:00,AUTH14568738
PAY0003494,ORD0003425,BANK_TRANSFER,1090.91,SETTLED,2025-08-23 14:16:00,AUTH82947079
PAY0003495,ORD0003426,AFTERPAY,2274.47,DECLINED,2025-07-22 18:39:00,AUTH61457814
PAY0003496,ORD0003427,BANK_TRANSFER,87.48,REFUNDED,2025-10-20 10:24:00,AUTH31502394
PAY0003497,ORD0003428,GIFT_CARD,830.69,SETTLED,2025-06-10 03:49:00,AUTH65043291
PAY0003498,ORD0003429,BANK_TRANSFER,439.54,SETTLED,2025-08-28 22:04:00,AUTH33745140
PAY0003499,ORD0003430,CREDIT_CARD,2158.25,SETTLED,2025-11-02 22:53:00,AUTH43670128
PAY0003500,ORD0003431,PAYPAL,1277.5,SETTLED,2025-10-20 02:37:00,AUTH23663009
PAY0003501,ORD0003432,AFTERPAY,1872.76,SETTLED,2025-06-28 12:05:00,AUTH51183119
PAY0003502,ORD0003433,PAYPAL,1017.08,SETTLED,2025-12-03 09:05:00,AUTH52199127
PAY0003503,ORD0003434,GIFT_CARD,1146.85,REFUNDED,2025-09-02 09:35:00,AUTH72520692
PAY0003504,ORD0003435,PAYPAL,2093.5,SETTLED,2025-12-07 18:41:00,AUTH97801210
PAY0003505,ORD0003436,BANK_TRANSFER,1011.06,DECLINED,2025-05-11 19:28:00,AUTH77783227
PAY0003506,ORD0003437,AFTERPAY,1128.48,SETTLED,2025-11-07 13:42:00,AUTH72458593
PAY0003507,ORD0003438,AFTERPAY,297.18,SETTLED,2025-08-09 21:12:00,AUTH23442008
PAY0003508,ORD0003439,AFTERPAY,1808.3,SETTLED,2025-05-07 17:24:00,AUTH25071943
PAY0003509,ORD0003440,DEBIT_CARD,155.5,SETTLED,2025-11-12 21:01:00,AUTH98467765
PAY0003510,ORD0003440,PAYPAL,1303.58,SETTLED,2025-09-18 17:21:00,AUTH99604373
PAY0003511,ORD0003441,AFTERPAY,1189.5,SETTLED,2025-10-17 07:38:00,AUTH14393528
PAY0003512,ORD0003442,AFTERPAY,1060.0,SETTLED,2025-05-08 05:06:00,AUTH35825108
PAY0003513,ORD0003443,BANK_TRANSFER,2200.54,SETTLED,2025-08-17 16:40:00,AUTH29253208
PAY0003514,ORD0003444,AFTERPAY,1946.43,SETTLED,2025-08-15 03:22:00,AUTH18091449
PAY0003515,ORD0003445,AFTERPAY,91.81,REFUNDED,2025-09-02 14:10:00,AUTH31189518
PAY0003516,ORD0003446,PAYPAL,1504.74,SETTLED,2025-07-27 01:53:00,AUTH54033103
PAY0003517,ORD0003447,PAYPAL,441.24,SETTLED,2025-12-04 20:45:00,AUTH57550207
PAY0003518,ORD0003447,GIFT_CARD,788.19,SETTLED,2025-07-22 11:21:00,AUTH78691645
PAY0003519,ORD0003448,PAYPAL,1324.37,SETTLED,2025-08-07 21:15:00,AUTH47054093
PAY0003520,ORD0003448,GIFT_CARD,195.32,REFUNDED,2025-11-17 03:25:00,AUTH14580232
PAY0003521,ORD0003449,DEBIT_CARD,276.76,SETTLED,2025-09-08 10:03:00,AUTH73190338
PAY0003522,ORD0003450,BANK_TRANSFER,2388.11,SETTLED,2025-11-28 17:25:00,AUTH42193408
PAY0003523,ORD0003451,CREDIT_CARD,360.0,SETTLED,2025-08-02 04:38:00,AUTH12853768
PAY0003524,ORD0003452,GIFT_CARD,755.58,SETTLED,2025-09-24 08:48:00,AUTH68657289
PAY0003525,ORD0003453,PAYPAL,1705.96,SETTLED,2025-12-17 11:23:00,AUTH96384274
PAY0003526,ORD0003454,PAYPAL,126.67,SETTLED,2025-06-16 06:32:00,AUTH26328090
PAY0003527,ORD0003455,DEBIT_CARD,944.38,SETTLED,2025-09-13 11:00:00,AUTH46687204
PAY0003528,ORD0003456,CREDIT_CARD,1907.32,SETTLED,2025-08-13 21:23:00,AUTH11736412
PAY0003529,ORD0003457,DEBIT_CARD,1093.46,SETTLED,2025-08-05 13:35:00,AUTH38508458
PAY0003530,ORD0003458,GIFT_CARD,1115.97,SETTLED,2025-08-20 14:48:00,AUTH64382020
PAY0003531,ORD0003459,DEBIT_CARD,1144.96,SETTLED,2025-06-08 22:29:00,AUTH91320482
PAY0003532,ORD0003460,DEBIT_CARD,909.76,SETTLED,2025-06-10 15:55:00,AUTH84116004
PAY0003533,ORD0003461,BANK_TRANSFER,940.85,SETTLED,2025-09-25 06:10:00,AUTH17594989
PAY0003534,ORD0003462,DEBIT_CARD,615.51,SETTLED,2025-06-25 23:34:00,AUTH56511538
PAY0003535,ORD0003463,PAYPAL,2388.17,SETTLED,2025-08-22 05:52:00,AUTH60654632
PAY0003536,ORD0003464,PAYPAL,2058.36,SETTLED,2025-10-29 16:31:00,AUTH65403424
PAY0003537,ORD0003465,GIFT_CARD,507.97,SETTLED,2025-08-30 14:54:00,AUTH22994185
PAY0003538,ORD0003466,GIFT_CARD,1972.76,SETTLED,2025-09-18 09:53:00,AUTH67526727
PAY0003539,ORD0003467,AFTERPAY,562.2,SETTLED,2025-08-28 03:43:00,AUTH74292234
PAY0003540,ORD0003468,PAYPAL,2011.58,SETTLED,2025-06-15 13:04:00,AUTH98870861
PAY0003541,ORD0003469,CREDIT_CARD,608.47,DECLINED,2025-12-12 08:57:00,AUTH63409124
PAY0003542,ORD0003470,GIFT_CARD,629.91,SETTLED,2025-06-22 07:23:00,AUTH66887329
PAY0003543,ORD0003471,PAYPAL,814.7,SETTLED,2025-10-31 07:59:00,AUTH31201306
PAY0003544,ORD0003472,CREDIT_CARD,1710.19,SETTLED,2025-12-23 18:08:00,AUTH81056246
PAY0003545,ORD0003473,DEBIT_CARD,2008.09,SETTLED,2025-11-15 02:23:00,AUTH82639039
PAY0003546,ORD0003474,AFTERPAY,2147.68,REFUNDED,2025-09-21 19:42:00,AUTH33900901
PAY0003547,ORD0003475,PAYPAL,2029.55,REFUNDED,2025-10-20 01:58:00,AUTH88608203
PAY0003548,ORD0003476,GIFT_CARD,1901.59,SETTLED,2025-10-31 01:28:00,AUTH37463734
PAY0003549,ORD0003477,AFTERPAY,192.07,DECLINED,2025-07-10 15:01:00,AUTH75017466
PAY0003550,ORD0003478,DEBIT_CARD,1619.94,SETTLED,2025-12-11 21:54:00,AUTH10370498
PAY0003551,ORD0003479,PAYPAL,1998.52,SETTLED,2025-10-24 11:34:00,AUTH49888653
PAY0003552,ORD0003480,AFTERPAY,2353.06,SETTLED,2025-11-09 11:44:00,AUTH36815598
PAY0003553,ORD0003481,DEBIT_CARD,1770.6,SETTLED,2025-07-31 14:52:00,AUTH84951500
PAY0003554,ORD0003482,CREDIT_CARD,1663.53,SETTLED,2025-10-10 01:19:00,AUTH98603499
PAY0003555,ORD0003483,PAYPAL,2212.9,SETTLED,2025-06-19 09:23:00,AUTH52513662
PAY0003556,ORD0003484,GIFT_CARD,1990.25,SETTLED,2025-10-13 16:02:00,AUTH99315990
PAY0003557,ORD0003485,AFTERPAY,486.24,SETTLED,2025-10-31 11:35:00,AUTH75677069
PAY0003558,ORD0003486,AFTERPAY,1229.13,SETTLED,2025-06-25 17:50:00,AUTH59236685
PAY0003559,ORD0003487,DEBIT_CARD,2311.32,SETTLED,2025-12-19 19:35:00,AUTH77277457
PAY0003560,ORD0003488,GIFT_CARD,857.68,SETTLED,2025-09-28 17:33:00,AUTH10249333
PAY0003561,ORD0003489,CREDIT_CARD,1847.22,SETTLED,2025-09-29 13:19:00,AUTH58949660
PAY0003562,ORD0003490,GIFT_CARD,2183.38,REFUNDED,2025-10-24 19:36:00,AUTH63608224
PAY0003563,ORD0003491,GIFT_CARD,437.61,SETTLED,2025-12-28 14:42:00,AUTH38546710
PAY0003564,ORD0003492,AFTERPAY,1663.46,SETTLED,2025-08-21 13:10:00,AUTH69682051
PAY0003565,ORD0003493,CREDIT_CARD,568.45,SETTLED,2025-07-27 17:55:00,AUTH37087549
PAY0003566,ORD0003494,PAYPAL,1663.57,REFUNDED,2025-07-04 17:52:00,AUTH49698680
PAY0003567,ORD0003495,GIFT_CARD,1657.38,SETTLED,2025-10-15 15:16:00,AUTH60155639
PAY0003568,ORD0003496,AFTERPAY,409.27,SETTLED,2025-05-30 10:08:00,AUTH17432574
PAY0003569,ORD0003497,BANK_TRANSFER,573.76,SETTLED,2025-10-17 23:22:00,AUTH87990955
PAY0003570,ORD0003498,BANK_TRANSFER,1641.4,SETTLED,2025-07-18 13:18:00,AUTH70416013
PAY0003571,ORD0003499,PAYPAL,860.23,SETTLED,2025-05-09 16:09:00,AUTH59907997
PAY0003572,ORD0003500,AFTERPAY,239.67,DECLINED,2025-12-26 05:22:00,AUTH91160817
PAY0003573,ORD0003501,AFTERPAY,1305.94,SETTLED,2025-11-18 06:55:00,AUTH24245001
PAY0003574,ORD0003502,DEBIT_CARD,1346.77,DECLINED,2025-09-15 06:02:00,AUTH72724224
PAY0003575,ORD0003503,GIFT_CARD,1119.23,SETTLED,2025-10-22 03:18:00,AUTH24091397
PAY0003576,ORD0003504,GIFT_CARD,153.3,SETTLED,2025-08-21 11:44:00,AUTH95102749
PAY0003577,ORD0003505,AFTERPAY,822.37,SETTLED,2025-07-29 00:46:00,AUTH10989974
PAY0003578,ORD0003506,BANK_TRANSFER,2164.15,SETTLED,2025-08-02 16:41:00,AUTH75637808
PAY0003579,ORD0003507,GIFT_CARD,359.2,SETTLED,2025-09-14 06:20:00,AUTH66955508
PAY0003580,ORD0003508,DEBIT_CARD,809.04,SETTLED,2025-05-30 20:41:00,AUTH68572021
PAY0003581,ORD0003509,GIFT_CARD,248.38,SETTLED,2025-08-26 15:31:00,AUTH28708334
PAY0003582,ORD0003510,CREDIT_CARD,1656.07,SETTLED,2025-07-21 11:45:00,AUTH96635908
PAY0003583,ORD0003511,GIFT_CARD,2186.26,SETTLED,2025-11-24 05:26:00,AUTH37414528
PAY0003584,ORD0003512,BANK_TRANSFER,2122.03,SETTLED,2025-05-17 23:51:00,AUTH88089400
PAY0003585,ORD0003513,BANK_TRANSFER,1575.06,SETTLED,2025-12-20 14:30:00,AUTH33850185
PAY0003586,ORD0003514,AFTERPAY,733.82,SETTLED,2025-11-03 21:54:00,AUTH37949448
PAY0003587,ORD0003515,DEBIT_CARD,939.67,SETTLED,2025-12-20 14:29:00,AUTH87791865
PAY0003588,ORD0003516,PAYPAL,635.82,SETTLED,2025-10-10 11:00:00,AUTH62677755
PAY0003589,ORD0003517,AFTERPAY,129.16,SETTLED,2025-11-30 09:36:00,AUTH84874964
PAY0003590,ORD0003518,BANK_TRANSFER,1861.3,DECLINED,2025-09-04 04:48:00,AUTH45139473
PAY0003591,ORD0003519,BANK_TRANSFER,1076.8,SETTLED,2025-08-05 06:52:00,AUTH47575682
PAY0003592,ORD0003520,DEBIT_CARD,814.87,SETTLED,2025-08-21 01:57:00,AUTH73758163
PAY0003593,ORD0003520,BANK_TRANSFER,733.51,REFUNDED,2025-06-24 07:19:00,AUTH75823611
PAY0003594,ORD0003521,PAYPAL,424.6,SETTLED,2025-09-12 09:26:00,AUTH96711277
PAY0003595,ORD0003521,BANK_TRANSFER,794.21,SETTLED,2025-08-27 08:53:00,AUTH39783764
PAY0003596,ORD0003522,BANK_TRANSFER,1126.21,SETTLED,2025-06-14 03:53:00,AUTH87859314
PAY0003597,ORD0003523,AFTERPAY,1523.79,SETTLED,2025-07-15 13:17:00,AUTH49176234
PAY0003598,ORD0003524,CREDIT_CARD,1901.76,SETTLED,2025-09-16 17:56:00,AUTH51890831
PAY0003599,ORD0003525,AFTERPAY,1117.24,SETTLED,2025-12-01 08:51:00,AUTH58955831
PAY0003600,ORD0003526,PAYPAL,116.52,SETTLED,2025-08-10 07:57:00,AUTH11595940
PAY0003601,ORD0003527,PAYPAL,917.44,SETTLED,2025-09-28 00:56:00,AUTH51140902
PAY0003602,ORD0003528,BANK_TRANSFER,1965.35,REFUNDED,2025-09-12 00:53:00,AUTH43816579
PAY0003603,ORD0003529,PAYPAL,1527.33,SETTLED,2025-08-22 16:05:00,AUTH35061540
PAY0003604,ORD0003530,CREDIT_CARD,238.82,DECLINED,2025-08-31 22:40:00,AUTH90709443
PAY0003605,ORD0003531,DEBIT_CARD,716.28,SETTLED,2025-11-11 16:35:00,AUTH43739377
PAY0003606,ORD0003531,DEBIT_CARD,1828.56,SETTLED,2025-07-29 12:34:00,AUTH12621141
PAY0003607,ORD0003532,BANK_TRANSFER,2184.41,SETTLED,2025-08-03 02:14:00,AUTH51857173
PAY0003608,ORD0003533,DEBIT_CARD,1494.22,SETTLED,2025-12-19 07:45:00,AUTH44558663
PAY0003609,ORD0003534,GIFT_CARD,1325.14,SETTLED,2025-08-31 16:42:00,AUTH43757079
PAY0003610,ORD0003535,PAYPAL,1391.0,SETTLED,2025-07-27 07:37:00,AUTH54951536
PAY0003611,ORD0003536,PAYPAL,815.78,SETTLED,2025-08-02 09:43:00,AUTH94565362
PAY0003612,ORD0003537,DEBIT_CARD,2065.31,SETTLED,2025-12-13 06:58:00,AUTH37114336
PAY0003613,ORD0003538,PAYPAL,2245.78,SETTLED,2025-10-11 12:31:00,AUTH64286715
PAY0003614,ORD0003539,GIFT_CARD,64.44,SETTLED,2025-11-28 14:49:00,AUTH14593567
PAY0003615,ORD0003540,CREDIT_CARD,1671.48,SETTLED,2025-08-17 23:05:00,AUTH38563440
PAY0003616,ORD0003541,AFTERPAY,1324.29,SETTLED,2025-10-27 16:09:00,AUTH35250400
PAY0003617,ORD0003542,PAYPAL,1456.34,SETTLED,2025-10-20 16:29:00,AUTH44678571
PAY0003618,ORD0003543,PAYPAL,89.4,SETTLED,2025-11-08 20:36:00,AUTH47579592
PAY0003619,ORD0003544,CREDIT_CARD,1707.39,SETTLED,2025-05-13 00:48:00,AUTH12054110
PAY0003620,ORD0003545,AFTERPAY,996.22,SETTLED,2025-08-07 07:42:00,AUTH34156492
PAY0003621,ORD0003546,AFTERPAY,849.1,SETTLED,2025-10-06 17:46:00,AUTH34837230
PAY0003622,ORD0003547,DEBIT_CARD,691.96,SETTLED,2025-06-20 15:54:00,AUTH72883794
PAY0003623,ORD0003548,PAYPAL,1124.52,REFUNDED,2025-11-01 04:39:00,AUTH46548777
PAY0003624,ORD0003549,DEBIT_CARD,1491.7,SETTLED,2025-07-27 11:19:00,AUTH40610732
PAY0003625,ORD0003550,BANK_TRANSFER,1452.46,DECLINED,2025-12-27 21:51:00,AUTH14531355
PAY0003626,ORD0003551,CREDIT_CARD,1303.44,SETTLED,2025-10-29 19:51:00,AUTH96734398
PAY0003627,ORD0003552,CREDIT_CARD,580.5,SETTLED,2025-09-02 08:21:00,AUTH42116164
PAY0003628,ORD0003553,DEBIT_CARD,1322.79,SETTLED,2025-06-29 18:37:00,AUTH41976620
PAY0003629,ORD0003554,DEBIT_CARD,1412.14,DECLINED,2025-08-21 23:04:00,AUTH91762852
PAY0003630,ORD0003555,CREDIT_CARD,40.02,SETTLED,2025-12-10 00:02:00,AUTH91603901
PAY0003631,ORD0003556,GIFT_CARD,962.0,SETTLED,2025-08-03 22:19:00,AUTH96529971
PAY0003632,ORD0003556,PAYPAL,974.23,SETTLED,2025-10-23 12:27:00,AUTH76760672
PAY0003633,ORD0003557,GIFT_CARD,2180.58,SETTLED,2025-09-18 20:19:00,AUTH12426824
PAY0003634,ORD0003558,PAYPAL,313.05,SETTLED,2025-06-14 09:23:00,AUTH95797520
PAY0003635,ORD0003559,GIFT_CARD,1653.97,SETTLED,2025-09-01 02:16:00,AUTH70995793
PAY0003636,ORD0003560,GIFT_CARD,108.63,SETTLED,2025-11-01 19:17:00,AUTH12256835
PAY0003637,ORD0003561,DEBIT_CARD,1972.89,SETTLED,2025-10-05 02:34:00,AUTH58518466
PAY0003638,ORD0003562,GIFT_CARD,1053.71,SETTLED,2025-11-25 06:14:00,AUTH56837701
PAY0003639,ORD0003563,CREDIT_CARD,1202.37,DECLINED,2025-07-10 14:50:00,AUTH90591782
PAY0003640,ORD0003564,CREDIT_CARD,951.38,SETTLED,2025-11-20 08:21:00,AUTH21406084
PAY0003641,ORD0003565,GIFT_CARD,684.06,SETTLED,2025-12-12 04:53:00,AUTH94364436
PAY0003642,ORD0003566,GIFT_CARD,1371.61,SETTLED,2025-05-17 04:41:00,AUTH25634561
PAY0003643,ORD0003567,DEBIT_CARD,1547.06,SETTLED,2025-08-07 22:12:00,AUTH71795743
PAY0003644,ORD0003568,BANK_TRANSFER,2277.01,SETTLED,2025-06-08 02:24:00,AUTH79751700
PAY0003645,ORD0003569,DEBIT_CARD,2236.26,SETTLED,2025-10-03 01:51:00,AUTH40014693
PAY0003646,ORD0003570,DEBIT_CARD,1887.27,REFUNDED,2025-09-25 03:41:00,AUTH77615647
PAY0003647,ORD0003571,GIFT_CARD,1968.5,SETTLED,2025-08-27 04:14:00,AUTH54076117
PAY0003648,ORD0003572,CREDIT_CARD,438.27,SETTLED,2025-05-11 00:31:00,AUTH74824448
PAY0003649,ORD0003573,AFTERPAY,1000.17,REFUNDED,2025-06-09 19:02:00,AUTH34864020
PAY0003650,ORD0003574,BANK_TRANSFER,2245.85,SETTLED,2025-07-08 15:21:00,AUTH48138276
PAY0003651,ORD0003575,CREDIT_CARD,2322.95,SETTLED,2025-07-10 02:52:00,AUTH36977595
PAY0003652,ORD0003576,BANK_TRANSFER,384.82,DECLINED,2025-09-10 02:19:00,AUTH26844362
PAY0003653,ORD0003577,DEBIT_CARD,383.09,SETTLED,2025-12-20 19:06:00,AUTH34218735
PAY0003654,ORD0003578,AFTERPAY,407.59,SETTLED,2025-10-01 16:57:00,AUTH83642185
PAY0003655,ORD0003579,DEBIT_CARD,71.97,SETTLED,2025-08-06 19:56:00,AUTH88461622
PAY0003656,ORD0003580,AFTERPAY,1203.95,DECLINED,2025-10-18 23:44:00,AUTH44116129
PAY0003657,ORD0003581,AFTERPAY,1632.55,SETTLED,2025-07-09 05:02:00,AUTH36055890
PAY0003658,ORD0003582,CREDIT_CARD,1145.96,DECLINED,2025-09-24 05:52:00,AUTH54304972
PAY0003659,ORD0003582,GIFT_CARD,188.18,REFUNDED,2025-09-20 19:41:00,AUTH82692926
PAY0003660,ORD0003583,PAYPAL,1631.03,SETTLED,2025-05-23 08:43:00,AUTH42424814
PAY0003661,ORD0003584,DEBIT_CARD,1267.41,SETTLED,2025-06-09 23:16:00,AUTH98581401
PAY0003662,ORD0003585,PAYPAL,393.8,SETTLED,2025-08-20 06:17:00,AUTH74083378
PAY0003663,ORD0003586,DEBIT_CARD,94.57,SETTLED,2025-11-09 17:20:00,AUTH80750242
PAY0003664,ORD0003587,PAYPAL,2159.98,SETTLED,2025-10-01 17:45:00,AUTH22533927
PAY0003665,ORD0003588,GIFT_CARD,701.79,DECLINED,2025-05-18 03:11:00,AUTH64965242
PAY0003666,ORD0003589,DEBIT_CARD,2351.06,REFUNDED,2025-12-26 06:53:00,AUTH98299142
PAY0003667,ORD0003590,DEBIT_CARD,1192.46,SETTLED,2025-10-04 15:03:00,AUTH72461288
PAY0003668,ORD0003591,AFTERPAY,790.78,SETTLED,2025-12-12 10:07:00,AUTH68409892
PAY0003669,ORD0003592,GIFT_CARD,1195.9,SETTLED,2025-12-23 05:22:00,AUTH88849484
PAY0003670,ORD0003593,BANK_TRANSFER,770.02,SETTLED,2025-07-21 09:49:00,AUTH63945406
PAY0003671,ORD0003594,GIFT_CARD,232.16,SETTLED,2025-07-18 20:20:00,AUTH20198802
PAY0003672,ORD0003595,GIFT_CARD,1124.78,SETTLED,2025-08-28 04:13:00,AUTH43380826
PAY0003673,ORD0003596,GIFT_CARD,1447.85,SETTLED,2025-06-22 05:12:00,AUTH41888589
PAY0003674,ORD0003597,PAYPAL,1564.49,SETTLED,2025-06-11 10:15:00,AUTH79475369
PAY0003675,ORD0003598,CREDIT_CARD,795.63,SETTLED,2025-10-06 14:51:00,AUTH16284758
PAY0003676,ORD0003599,CREDIT_CARD,1639.16,SETTLED,2025-06-20 00:19:00,AUTH59506025
PAY0003677,ORD0003600,DEBIT_CARD,1141.39,SETTLED,2025-12-09 19:59:00,AUTH86329092
PAY0003678,ORD0003601,GIFT_CARD,812.42,SETTLED,2025-05-17 21:53:00,AUTH90381235
PAY0003679,ORD0003602,AFTERPAY,66.64,REFUNDED,2025-05-19 18:09:00,AUTH17722747
PAY0003680,ORD0003603,GIFT_CARD,935.15,SETTLED,2025-12-11 17:59:00,AUTH65923501
PAY0003681,ORD0003604,GIFT_CARD,2270.48,SETTLED,2025-06-20 09:43:00,AUTH48561284
PAY0003682,ORD0003605,AFTERPAY,408.99,SETTLED,2025-11-02 10:48:00,AUTH44931165
PAY0003683,ORD0003606,AFTERPAY,109.3,DECLINED,2025-12-11 14:43:00,AUTH27905981
PAY0003684,ORD0003607,AFTERPAY,364.79,SETTLED,2025-10-23 03:19:00,AUTH46995618
PAY0003685,ORD0003608,AFTERPAY,1131.98,SETTLED,2025-07-27 10:52:00,AUTH10287084
PAY0003686,ORD0003609,PAYPAL,164.74,DECLINED,2025-06-13 20:46:00,AUTH17229450
PAY0003687,ORD0003610,AFTERPAY,1935.09,SETTLED,2025-11-06 01:29:00,AUTH72970348
PAY0003688,ORD0003611,DEBIT_CARD,431.0,REFUNDED,2025-06-25 13:03:00,AUTH91676207
PAY0003689,ORD0003612,GIFT_CARD,578.35,SETTLED,2025-10-09 00:42:00,AUTH88696162
PAY0003690,ORD0003613,CREDIT_CARD,745.51,REFUNDED,2025-05-10 04:22:00,AUTH51967273
PAY0003691,ORD0003614,PAYPAL,2357.07,SETTLED,2025-08-06 12:27:00,AUTH12316037
PAY0003692,ORD0003615,DEBIT_CARD,1361.04,SETTLED,2025-09-19 18:08:00,AUTH28155224
PAY0003693,ORD0003616,CREDIT_CARD,1984.47,REFUNDED,2025-10-09 12:06:00,AUTH57674733
PAY0003694,ORD0003617,DEBIT_CARD,170.53,SETTLED,2025-07-11 09:28:00,AUTH25943011
PAY0003695,ORD0003618,PAYPAL,1151.37,DECLINED,2025-11-18 18:21:00,AUTH63948256
PAY0003696,ORD0003619,BANK_TRANSFER,1197.8,SETTLED,2025-08-18 01:59:00,AUTH44165992
PAY0003697,ORD0003620,AFTERPAY,1450.31,SETTLED,2025-07-21 14:05:00,AUTH30339229
PAY0003698,ORD0003621,CREDIT_CARD,1119.2,SETTLED,2025-09-29 05:06:00,AUTH45903816
PAY0003699,ORD0003621,DEBIT_CARD,646.99,SETTLED,2025-05-15 01:48:00,AUTH11904677
PAY0003700,ORD0003622,GIFT_CARD,1641.89,DECLINED,2025-07-16 06:22:00,AUTH22702798
PAY0003701,ORD0003623,GIFT_CARD,375.37,SETTLED,2025-08-23 15:13:00,AUTH49415525
PAY0003702,ORD0003624,DEBIT_CARD,932.38,SETTLED,2025-06-09 09:38:00,AUTH94273545
PAY0003703,ORD0003625,PAYPAL,991.8,SETTLED,2025-10-05 23:30:00,AUTH66770267
PAY0003704,ORD0003626,DEBIT_CARD,1711.59,REFUNDED,2025-07-23 17:23:00,AUTH91528828
PAY0003705,ORD0003627,AFTERPAY,2341.29,SETTLED,2025-07-03 19:54:00,AUTH98454027
PAY0003706,ORD0003628,BANK_TRANSFER,2093.95,SETTLED,2025-11-28 16:46:00,AUTH74228514
PAY0003707,ORD0003629,PAYPAL,897.68,SETTLED,2025-11-02 16:54:00,AUTH56053248
PAY0003708,ORD0003630,PAYPAL,1549.87,SETTLED,2025-06-04 09:47:00,AUTH99783835
PAY0003709,ORD0003631,AFTERPAY,2034.71,SETTLED,2025-08-17 22:26:00,AUTH34392145
PAY0003710,ORD0003632,CREDIT_CARD,700.3,SETTLED,2025-09-11 14:33:00,AUTH85561783
PAY0003711,ORD0003633,GIFT_CARD,2067.48,DECLINED,2025-10-17 06:30:00,AUTH92081951
PAY0003712,ORD0003634,AFTERPAY,221.47,SETTLED,2025-12-24 02:19:00,AUTH91534776
PAY0003713,ORD0003635,CREDIT_CARD,1228.56,SETTLED,2025-11-05 10:38:00,AUTH17097511
PAY0003714,ORD0003636,GIFT_CARD,673.27,SETTLED,2025-07-14 10:04:00,AUTH63527883
PAY0003715,ORD0003637,DEBIT_CARD,1589.69,SETTLED,2025-05-29 14:41:00,AUTH43347296
PAY0003716,ORD0003638,CREDIT_CARD,1064.83,SETTLED,2025-05-09 21:13:00,AUTH51030334
PAY0003717,ORD0003639,CREDIT_CARD,985.88,SETTLED,2025-06-12 06:58:00,AUTH14113515
PAY0003718,ORD0003640,PAYPAL,2061.55,SETTLED,2025-08-11 22:07:00,AUTH85166236
PAY0003719,ORD0003641,PAYPAL,595.87,SETTLED,2025-11-02 16:29:00,AUTH74866846
PAY0003720,ORD0003642,AFTERPAY,1473.91,SETTLED,2025-09-03 21:01:00,AUTH80934740
PAY0003721,ORD0003643,PAYPAL,375.16,DECLINED,2025-11-10 07:36:00,AUTH24133650
PAY0003722,ORD0003644,BANK_TRANSFER,217.2,SETTLED,2025-12-08 17:00:00,AUTH23967109
PAY0003723,ORD0003645,AFTERPAY,303.41,SETTLED,2025-10-26 13:08:00,AUTH71108714
PAY0003724,ORD0003646,CREDIT_CARD,177.39,REFUNDED,2025-07-15 06:16:00,AUTH82243681
PAY0003725,ORD0003647,PAYPAL,278.46,SETTLED,2025-09-15 06:32:00,AUTH83132047
PAY0003726,ORD0003648,DEBIT_CARD,416.0,REFUNDED,2025-05-10 08:31:00,AUTH29878807
PAY0003727,ORD0003649,AFTERPAY,1791.29,SETTLED,2025-11-09 05:12:00,AUTH25549002
PAY0003728,ORD0003650,BANK_TRANSFER,165.19,SETTLED,2025-12-08 18:51:00,AUTH15743322
PAY0003729,ORD0003651,AFTERPAY,958.92,SETTLED,2025-06-22 17:56:00,AUTH76778996
PAY0003730,ORD0003652,CREDIT_CARD,2382.83,SETTLED,2025-10-08 19:35:00,AUTH59174631
PAY0003731,ORD0003653,DEBIT_CARD,2071.73,SETTLED,2025-10-14 14:18:00,AUTH11793770
PAY0003732,ORD0003654,GIFT_CARD,2118.38,SETTLED,2025-06-06 04:17:00,AUTH74333853
PAY0003733,ORD0003655,PAYPAL,2022.68,SETTLED,2025-10-25 00:18:00,AUTH42623688
PAY0003734,ORD0003656,GIFT_CARD,1424.77,SETTLED,2025-05-24 19:33:00,AUTH70709215
PAY0003735,ORD0003657,BANK_TRANSFER,848.5,SETTLED,2025-11-04 04:48:00,AUTH96202063
PAY0003736,ORD0003658,AFTERPAY,474.07,REFUNDED,2025-10-11 08:57:00,AUTH38660520
PAY0003737,ORD0003659,DEBIT_CARD,1016.9,SETTLED,2025-11-26 20:43:00,AUTH52471601
PAY0003738,ORD0003660,GIFT_CARD,2273.17,SETTLED,2025-10-29 03:18:00,AUTH17675967
PAY0003739,ORD0003661,GIFT_CARD,2210.8,SETTLED,2025-05-26 10:02:00,AUTH95590114
PAY0003740,ORD0003662,CREDIT_CARD,796.14,SETTLED,2025-06-18 19:54:00,AUTH94467197
PAY0003741,ORD0003663,CREDIT_CARD,1148.64,SETTLED,2025-10-10 08:39:00,AUTH42625386
PAY0003742,ORD0003664,DEBIT_CARD,1353.78,SETTLED,2025-05-26 12:26:00,AUTH85763257
PAY0003743,ORD0003665,DEBIT_CARD,1293.48,SETTLED,2025-07-28 10:07:00,AUTH13817172
PAY0003744,ORD0003666,CREDIT_CARD,178.37,SETTLED,2025-11-06 11:10:00,AUTH72893554
PAY0003745,ORD0003667,GIFT_CARD,1499.16,SETTLED,2025-12-10 15:39:00,AUTH14394145
PAY0003746,ORD0003668,BANK_TRANSFER,1300.06,SETTLED,2025-06-22 22:58:00,AUTH89025985
PAY0003747,ORD0003669,BANK_TRANSFER,1912.16,SETTLED,2025-05-12 01:44:00,AUTH59691131
PAY0003748,ORD0003670,BANK_TRANSFER,1418.94,SETTLED,2025-07-02 18:40:00,AUTH28496790
PAY0003749,ORD0003671,GIFT_CARD,169.23,SETTLED,2025-08-08 15:33:00,AUTH31184673
PAY0003750,ORD0003672,DEBIT_CARD,276.17,SETTLED,2025-06-29 23:06:00,AUTH21940197
PAY0003751,ORD0003673,CREDIT_CARD,358.95,SETTLED,2025-06-22 22:52:00,AUTH54744763
PAY0003752,ORD0003674,PAYPAL,1222.22,SETTLED,2025-12-20 16:33:00,AUTH30510176
PAY0003753,ORD0003675,PAYPAL,393.48,SETTLED,2025-10-12 02:32:00,AUTH92830652
PAY0003754,ORD0003676,GIFT_CARD,303.66,SETTLED,2025-05-19 20:58:00,AUTH26005994
PAY0003755,ORD0003677,PAYPAL,1006.93,REFUNDED,2025-12-04 06:52:00,AUTH82054610
PAY0003756,ORD0003678,DEBIT_CARD,1600.72,SETTLED,2025-09-19 14:03:00,AUTH97850629
PAY0003757,ORD0003679,GIFT_CARD,168.45,REFUNDED,2025-12-03 06:48:00,AUTH98776710
PAY0003758,ORD0003680,GIFT_CARD,451.07,SETTLED,2025-09-06 17:10:00,AUTH37889987
PAY0003759,ORD0003681,CREDIT_CARD,1691.73,SETTLED,2025-08-22 21:06:00,AUTH15191233
PAY0003760,ORD0003682,AFTERPAY,155.16,SETTLED,2025-08-13 05:06:00,AUTH12977431
PAY0003761,ORD0003683,GIFT_CARD,1907.77,SETTLED,2025-06-26 08:29:00,AUTH79304664
PAY0003762,ORD0003683,GIFT_CARD,1722.19,SETTLED,2025-08-03 08:28:00,AUTH92388699
PAY0003763,ORD0003684,PAYPAL,572.19,SETTLED,2025-09-06 15:01:00,AUTH52176019
PAY0003764,ORD0003685,GIFT_CARD,1771.89,SETTLED,2025-12-07 14:23:00,AUTH98790772
PAY0003765,ORD0003686,AFTERPAY,110.98,SETTLED,2025-05-07 17:55:00,AUTH50795439
PAY0003766,ORD0003687,BANK_TRANSFER,509.9,SETTLED,2025-09-18 02:00:00,AUTH63402667
PAY0003767,ORD0003688,GIFT_CARD,2241.29,SETTLED,2025-12-30 19:42:00,AUTH15888261
PAY0003768,ORD0003689,DEBIT_CARD,820.94,SETTLED,2025-09-03 19:32:00,AUTH93599520
PAY0003769,ORD0003690,AFTERPAY,2217.13,SETTLED,2025-12-11 18:57:00,AUTH43382338
PAY0003770,ORD0003691,BANK_TRANSFER,1081.83,SETTLED,2025-12-08 04:32:00,AUTH43512151
PAY0003771,ORD0003692,DEBIT_CARD,2209.99,SETTLED,2025-07-24 10:45:00,AUTH77631185
PAY0003772,ORD0003693,CREDIT_CARD,440.2,SETTLED,2025-05-18 23:23:00,AUTH16038176
PAY0003773,ORD0003694,AFTERPAY,382.67,SETTLED,2025-09-25 14:21:00,AUTH54012949
PAY0003774,ORD0003695,GIFT_CARD,880.56,SETTLED,2025-09-28 13:07:00,AUTH34180018
PAY0003775,ORD0003696,GIFT_CARD,212.25,SETTLED,2025-09-22 15:23:00,AUTH42965917
PAY0003776,ORD0003697,CREDIT_CARD,486.56,SETTLED,2025-05-28 06:35:00,AUTH44724752
PAY0003777,ORD0003698,BANK_TRANSFER,871.34,DECLINED,2025-06-09 01:22:00,AUTH17398298
PAY0003778,ORD0003699,AFTERPAY,1066.49,REFUNDED,2025-07-09 02:41:00,AUTH93166902
PAY0003779,ORD0003700,BANK_TRANSFER,208.07,SETTLED,2025-08-11 15:58:00,AUTH52986310
PAY0003780,ORD0003701,CREDIT_CARD,1836.27,SETTLED,2025-08-26 04:25:00,AUTH43276787
PAY0003781,ORD0003702,AFTERPAY,1699.79,SETTLED,2025-08-23 23:20:00,AUTH93165517
PAY0003782,ORD0003703,BANK_TRANSFER,2026.97,SETTLED,2025-06-24 06:03:00,AUTH47571196
PAY0003783,ORD0003704,DEBIT_CARD,2264.1,DECLINED,2025-06-16 16:57:00,AUTH21839202
PAY0003784,ORD0003705,GIFT_CARD,561.22,SETTLED,2025-07-08 16:19:00,AUTH50539251
PAY0003785,ORD0003706,BANK_TRANSFER,1466.85,SETTLED,2025-09-23 23:44:00,AUTH38206169
PAY0003786,ORD0003707,AFTERPAY,1207.45,REFUNDED,2025-07-05 18:05:00,AUTH67795619
PAY0003787,ORD0003708,CREDIT_CARD,98.12,SETTLED,2025-10-09 23:52:00,AUTH13833632
PAY0003788,ORD0003709,DEBIT_CARD,2147.43,SETTLED,2025-12-08 23:14:00,AUTH70390260
PAY0003789,ORD0003710,GIFT_CARD,1560.67,SETTLED,2025-08-28 14:17:00,AUTH69920105
PAY0003790,ORD0003711,BANK_TRANSFER,1084.53,REFUNDED,2025-11-19 10:25:00,AUTH16408875
PAY0003791,ORD0003712,BANK_TRANSFER,197.19,SETTLED,2025-12-11 13:49:00,AUTH92038040
PAY0003792,ORD0003713,BANK_TRANSFER,230.21,SETTLED,2025-08-14 00:45:00,AUTH64508405
PAY0003793,ORD0003714,BANK_TRANSFER,731.9,SETTLED,2025-10-16 03:27:00,AUTH32124396
PAY0003794,ORD0003715,PAYPAL,164.01,SETTLED,2025-06-04 19:19:00,AUTH31015666
PAY0003795,ORD0003716,AFTERPAY,1263.05,DECLINED,2025-07-27 07:30:00,AUTH84909892
PAY0003796,ORD0003717,AFTERPAY,2189.99,SETTLED,2025-05-19 00:02:00,AUTH55628629
PAY0003797,ORD0003718,BANK_TRANSFER,94.53,SETTLED,2025-09-04 04:10:00,AUTH25344533
PAY0003798,ORD0003719,PAYPAL,542.41,SETTLED,2025-08-03 05:36:00,AUTH45246731
PAY0003799,ORD0003720,AFTERPAY,425.56,SETTLED,2025-07-04 21:35:00,AUTH10675876
PAY0003800,ORD0003721,PAYPAL,1560.21,SETTLED,2025-10-19 19:55:00,AUTH57427759
PAY0003801,ORD0003722,DEBIT_CARD,1184.9,SETTLED,2025-09-01 23:01:00,AUTH96622609
PAY0003802,ORD0003723,BANK_TRANSFER,797.91,SETTLED,2025-11-08 23:45:00,AUTH64732396
PAY0003803,ORD0003724,AFTERPAY,381.6,SETTLED,2025-06-09 17:27:00,AUTH36944193
PAY0003804,ORD0003725,BANK_TRANSFER,1524.6,REFUNDED,2025-10-20 22:59:00,AUTH66212734
PAY0003805,ORD0003726,GIFT_CARD,659.93,DECLINED,2025-07-19 02:44:00,AUTH44451973
PAY0003806,ORD0003727,GIFT_CARD,1490.24,DECLINED,2025-08-28 07:11:00,AUTH95391512
PAY0003807,ORD0003728,DEBIT_CARD,2291.04,REFUNDED,2025-05-17 03:53:00,AUTH80721223
PAY0003808,ORD0003729,BANK_TRANSFER,783.76,SETTLED,2025-09-03 18:42:00,AUTH92613999
PAY0003809,ORD0003730,AFTERPAY,1635.87,SETTLED,2025-12-25 10:30:00,AUTH53523883
PAY0003810,ORD0003731,CREDIT_CARD,776.12,SETTLED,2025-10-07 02:18:00,AUTH63215094
PAY0003811,ORD0003732,CREDIT_CARD,186.85,SETTLED,2025-11-03 07:13:00,AUTH88345189
PAY0003812,ORD0003733,BANK_TRANSFER,756.54,SETTLED,2025-08-24 20:18:00,AUTH78509910
PAY0003813,ORD0003734,CREDIT_CARD,1166.78,SETTLED,2025-06-16 23:16:00,AUTH52273839
PAY0003814,ORD0003735,PAYPAL,511.31,DECLINED,2025-08-05 00:34:00,AUTH72885548
PAY0003815,ORD0003736,PAYPAL,36.55,SETTLED,2025-05-30 17:04:00,AUTH57395875
PAY0003816,ORD0003737,GIFT_CARD,375.57,SETTLED,2025-07-30 19:03:00,AUTH80614058
PAY0003817,ORD0003738,DEBIT_CARD,900.35,SETTLED,2025-07-09 11:02:00,AUTH29326414
PAY0003818,ORD0003739,PAYPAL,741.89,REFUNDED,2025-12-05 20:25:00,AUTH16900165
PAY0003819,ORD0003740,BANK_TRANSFER,2279.04,SETTLED,2025-11-28 04:50:00,AUTH39048883
PAY0003820,ORD0003741,AFTERPAY,414.3,SETTLED,2025-06-15 19:30:00,AUTH84266249
PAY0003821,ORD0003742,DEBIT_CARD,2188.46,REFUNDED,2025-05-16 16:51:00,AUTH79683771
PAY0003822,ORD0003743,DEBIT_CARD,1696.88,REFUNDED,2025-12-01 15:45:00,AUTH98351024
PAY0003823,ORD0003744,BANK_TRANSFER,1664.85,REFUNDED,2025-11-05 18:47:00,AUTH91924897
PAY0003824,ORD0003745,AFTERPAY,2198.14,SETTLED,2025-06-07 01:54:00,AUTH50845873
PAY0003825,ORD0003746,DEBIT_CARD,641.03,SETTLED,2025-07-06 17:59:00,AUTH11046181
PAY0003826,ORD0003747,BANK_TRANSFER,95.92,DECLINED,2025-12-07 04:58:00,AUTH15393075
PAY0003827,ORD0003748,CREDIT_CARD,132.5,SETTLED,2025-12-25 09:51:00,AUTH49677211
PAY0003828,ORD0003749,AFTERPAY,1985.58,SETTLED,2025-10-08 10:09:00,AUTH73303658
PAY0003829,ORD0003750,GIFT_CARD,1418.93,SETTLED,2025-06-13 09:43:00,AUTH75688078
PAY0003830,ORD0003751,CREDIT_CARD,208.43,SETTLED,2025-07-19 09:51:00,AUTH14134803
PAY0003831,ORD0003752,DEBIT_CARD,666.78,SETTLED,2025-11-17 06:58:00,AUTH17213107
PAY0003832,ORD0003753,BANK_TRANSFER,1711.02,SETTLED,2025-09-19 19:52:00,AUTH50158764
PAY0003833,ORD0003754,BANK_TRANSFER,1310.95,SETTLED,2025-05-13 19:08:00,AUTH38768125
PAY0003834,ORD0003755,GIFT_CARD,243.3,SETTLED,2025-07-02 14:52:00,AUTH40123268
PAY0003835,ORD0003756,PAYPAL,1305.98,DECLINED,2025-08-23 23:33:00,AUTH51653564
PAY0003836,ORD0003757,DEBIT_CARD,2137.13,SETTLED,2025-08-28 10:51:00,AUTH77568214
PAY0003837,ORD0003758,CREDIT_CARD,1753.47,SETTLED,2025-12-29 00:13:00,AUTH33094908
PAY0003838,ORD0003759,GIFT_CARD,970.48,SETTLED,2025-07-05 09:56:00,AUTH55142637
PAY0003839,ORD0003760,BANK_TRANSFER,1125.2,DECLINED,2025-08-10 15:06:00,AUTH59177428
PAY0003840,ORD0003761,PAYPAL,335.31,SETTLED,2025-09-07 17:11:00,AUTH95087050
PAY0003841,ORD0003762,BANK_TRANSFER,1608.63,SETTLED,2025-12-15 06:02:00,AUTH73215290
PAY0003842,ORD0003763,PAYPAL,406.33,SETTLED,2025-06-12 16:48:00,AUTH91001736
PAY0003843,ORD0003764,CREDIT_CARD,1905.08,SETTLED,2025-12-08 14:42:00,AUTH68051217
PAY0003844,ORD0003765,AFTERPAY,385.69,SETTLED,2025-08-27 07:13:00,AUTH90970844
PAY0003845,ORD0003766,DEBIT_CARD,1314.22,SETTLED,2025-06-23 18:14:00,AUTH63947195
PAY0003846,ORD0003767,CREDIT_CARD,2037.11,DECLINED,2025-07-24 14:25:00,AUTH36078136
PAY0003847,ORD0003768,DEBIT_CARD,1988.87,SETTLED,2025-09-23 06:02:00,AUTH20043498
PAY0003848,ORD0003769,AFTERPAY,2085.08,SETTLED,2025-12-10 20:15:00,AUTH78303341
PAY0003849,ORD0003770,CREDIT_CARD,2330.48,REFUNDED,2025-08-28 03:39:00,AUTH32557808
PAY0003850,ORD0003771,AFTERPAY,2190.31,SETTLED,2025-05-10 06:33:00,AUTH73240112
PAY0003851,ORD0003772,GIFT_CARD,992.77,SETTLED,2025-05-31 10:35:00,AUTH45828148
PAY0003852,ORD0003773,PAYPAL,1351.09,SETTLED,2025-08-31 09:09:00,AUTH61248846
PAY0003853,ORD0003774,DEBIT_CARD,1251.67,SETTLED,2025-10-20 16:49:00,AUTH79401312
PAY0003854,ORD0003775,DEBIT_CARD,1330.01,REFUNDED,2025-05-11 17:25:00,AUTH20885105
PAY0003855,ORD0003775,CREDIT_CARD,1927.35,DECLINED,2025-07-16 21:09:00,AUTH62873608
PAY0003856,ORD0003776,CREDIT_CARD,608.95,REFUNDED,2025-07-20 00:14:00,AUTH26584438
PAY0003857,ORD0003777,AFTERPAY,1975.45,SETTLED,2025-11-15 05:26:00,AUTH66190574
PAY0003858,ORD0003778,DEBIT_CARD,2384.58,SETTLED,2025-12-01 12:28:00,AUTH28276545
PAY0003859,ORD0003779,PAYPAL,1198.44,DECLINED,2025-07-16 00:50:00,AUTH27359857
PAY0003860,ORD0003780,DEBIT_CARD,1169.85,SETTLED,2025-06-16 15:17:00,AUTH89294381
PAY0003861,ORD0003781,DEBIT_CARD,1349.26,REFUNDED,2025-08-17 14:19:00,AUTH88969146
PAY0003862,ORD0003782,BANK_TRANSFER,918.23,SETTLED,2025-12-03 16:31:00,AUTH19967352
PAY0003863,ORD0003783,PAYPAL,1423.5,SETTLED,2025-10-29 04:26:00,AUTH75366622
PAY0003864,ORD0003784,GIFT_CARD,1980.37,REFUNDED,2025-10-03 13:44:00,AUTH80794403
PAY0003865,ORD0003785,GIFT_CARD,2244.08,SETTLED,2025-10-15 23:55:00,AUTH86496514
PAY0003866,ORD0003786,BANK_TRANSFER,2296.13,REFUNDED,2025-06-09 13:40:00,AUTH28702039
PAY0003867,ORD0003787,PAYPAL,13.5,DECLINED,2025-05-19 20:00:00,AUTH85534058
PAY0003868,ORD0003788,GIFT_CARD,73.68,SETTLED,2025-08-21 10:17:00,AUTH95809644
PAY0003869,ORD0003789,AFTERPAY,2308.05,SETTLED,2025-05-26 06:23:00,AUTH73787324
PAY0003870,ORD0003790,PAYPAL,649.3,SETTLED,2025-09-15 23:33:00,AUTH71848833
PAY0003871,ORD0003791,GIFT_CARD,590.79,SETTLED,2025-11-29 08:13:00,AUTH36007539
PAY0003872,ORD0003792,AFTERPAY,2332.29,DECLINED,2025-09-22 02:35:00,AUTH17525012
PAY0003873,ORD0003793,DEBIT_CARD,1064.56,SETTLED,2025-11-02 06:42:00,AUTH17149451
PAY0003874,ORD0003794,CREDIT_CARD,857.33,SETTLED,2025-09-13 09:59:00,AUTH35924628
PAY0003875,ORD0003795,GIFT_CARD,2205.8,SETTLED,2025-06-01 23:39:00,AUTH42671224
PAY0003876,ORD0003796,GIFT_CARD,157.01,DECLINED,2025-11-03 15:59:00,AUTH73669339
PAY0003877,ORD0003797,BANK_TRANSFER,1003.53,SETTLED,2025-06-27 13:23:00,AUTH29264467
PAY0003878,ORD0003798,CREDIT_CARD,1478.85,SETTLED,2025-08-18 16:41:00,AUTH24279061
PAY0003879,ORD0003799,BANK_TRANSFER,1342.9,SETTLED,2025-09-25 09:01:00,AUTH20509599
PAY0003880,ORD0003800,AFTERPAY,286.62,SETTLED,2025-08-24 15:35:00,AUTH69866213
PAY0003881,ORD0003801,BANK_TRANSFER,2155.0,SETTLED,2025-06-21 12:19:00,AUTH30873091
PAY0003882,ORD0003802,BANK_TRANSFER,1009.39,SETTLED,2025-10-25 10:47:00,AUTH61442497
PAY0003883,ORD0003803,GIFT_CARD,445.41,SETTLED,2025-10-19 23:49:00,AUTH38198673
PAY0003884,ORD0003804,PAYPAL,2142.68,SETTLED,2025-11-21 21:08:00,AUTH45613567
PAY0003885,ORD0003805,BANK_TRANSFER,2276.91,SETTLED,2025-10-12 18:06:00,AUTH52986824
PAY0003886,ORD0003806,CREDIT_CARD,2216.95,SETTLED,2025-10-23 18:40:00,AUTH62042506
PAY0003887,ORD0003807,AFTERPAY,1247.62,REFUNDED,2025-11-30 04:49:00,AUTH53379523
PAY0003888,ORD0003808,DEBIT_CARD,1784.39,DECLINED,2025-10-26 22:05:00,AUTH35833309
PAY0003889,ORD0003809,BANK_TRANSFER,1571.11,SETTLED,2025-07-31 08:21:00,AUTH79869147
PAY0003890,ORD0003810,GIFT_CARD,1262.99,SETTLED,2025-12-10 05:50:00,AUTH67072641
PAY0003891,ORD0003811,PAYPAL,523.5,SETTLED,2025-11-28 06:54:00,AUTH23590325
PAY0003892,ORD0003812,BANK_TRANSFER,590.77,SETTLED,2025-10-17 00:57:00,AUTH95543511
PAY0003893,ORD0003813,GIFT_CARD,2241.15,DECLINED,2025-12-17 00:44:00,AUTH55457546
PAY0003894,ORD0003814,GIFT_CARD,799.09,REFUNDED,2025-05-24 01:46:00,AUTH92342897
PAY0003895,ORD0003815,GIFT_CARD,1706.51,SETTLED,2025-10-19 17:19:00,AUTH18526055
PAY0003896,ORD0003816,GIFT_CARD,1964.61,SETTLED,2025-07-08 22:21:00,AUTH57859555
PAY0003897,ORD0003817,PAYPAL,1501.79,SETTLED,2025-06-27 06:11:00,AUTH73670224
PAY0003898,ORD0003818,PAYPAL,2139.06,SETTLED,2025-12-28 13:52:00,AUTH39554742
PAY0003899,ORD0003819,PAYPAL,2062.06,DECLINED,2025-09-02 12:06:00,AUTH58966268
PAY0003900,ORD0003820,AFTERPAY,677.31,SETTLED,2025-08-26 07:20:00,AUTH71809812
PAY0003901,ORD0003821,BANK_TRANSFER,71.04,DECLINED,2025-06-20 02:32:00,AUTH75163919
PAY0003902,ORD0003822,DEBIT_CARD,515.83,SETTLED,2025-12-01 23:51:00,AUTH31029465
PAY0003903,ORD0003823,GIFT_CARD,2114.24,DECLINED,2025-06-19 23:26:00,AUTH86277425
PAY0003904,ORD0003824,AFTERPAY,2019.06,SETTLED,2025-08-25 18:16:00,AUTH90412146
PAY0003905,ORD0003825,PAYPAL,1043.86,DECLINED,2025-09-08 18:11:00,AUTH97179131
PAY0003906,ORD0003825,AFTERPAY,730.31,SETTLED,2025-09-03 11:52:00,AUTH29317711
PAY0003907,ORD0003826,CREDIT_CARD,1839.0,SETTLED,2025-06-05 13:03:00,AUTH84585636
PAY0003908,ORD0003827,PAYPAL,346.76,SETTLED,2025-12-20 04:38:00,AUTH99873481
PAY0003909,ORD0003828,GIFT_CARD,1352.23,SETTLED,2025-07-06 20:28:00,AUTH91580685
PAY0003910,ORD0003829,DEBIT_CARD,1774.99,DECLINED,2025-12-11 01:42:00,AUTH37207826
PAY0003911,ORD0003830,AFTERPAY,1118.76,SETTLED,2025-05-21 01:01:00,AUTH58696607
PAY0003912,ORD0003831,PAYPAL,1358.93,SETTLED,2025-09-09 06:56:00,AUTH25204134
PAY0003913,ORD0003832,PAYPAL,1820.68,SETTLED,2025-06-13 15:44:00,AUTH82979245
PAY0003914,ORD0003833,GIFT_CARD,1814.0,SETTLED,2025-06-12 02:30:00,AUTH12768007
PAY0003915,ORD0003834,PAYPAL,984.11,SETTLED,2025-08-30 05:45:00,AUTH42780505
PAY0003916,ORD0003835,BANK_TRANSFER,2310.19,SETTLED,2025-05-18 22:09:00,AUTH20163778
PAY0003917,ORD0003836,GIFT_CARD,2183.1,SETTLED,2025-07-03 04:45:00,AUTH42235276
PAY0003918,ORD0003837,CREDIT_CARD,2324.82,SETTLED,2025-09-03 11:29:00,AUTH20679258
PAY0003919,ORD0003838,BANK_TRANSFER,202.29,SETTLED,2025-08-24 19:28:00,AUTH26201099
PAY0003920,ORD0003839,DEBIT_CARD,1606.52,SETTLED,2025-06-12 06:12:00,AUTH13196277
PAY0003921,ORD0003840,DEBIT_CARD,2298.4,SETTLED,2025-06-29 07:32:00,AUTH93056688
PAY0003922,ORD0003841,DEBIT_CARD,67.31,SETTLED,2025-12-31 01:58:00,AUTH57834654
PAY0003923,ORD0003842,AFTERPAY,755.85,SETTLED,2025-10-20 16:16:00,AUTH45192745
PAY0003924,ORD0003843,CREDIT_CARD,1076.31,REFUNDED,2025-10-12 23:38:00,AUTH18938992
PAY0003925,ORD0003844,PAYPAL,1792.73,SETTLED,2025-09-02 03:40:00,AUTH30259528
PAY0003926,ORD0003845,BANK_TRANSFER,1045.04,DECLINED,2025-06-19 03:11:00,AUTH35745371
PAY0003927,ORD0003846,BANK_TRANSFER,302.96,SETTLED,2025-08-29 01:11:00,AUTH29142139
PAY0003928,ORD0003847,CREDIT_CARD,2143.65,SETTLED,2025-11-23 12:34:00,AUTH34800349
PAY0003929,ORD0003848,BANK_TRANSFER,1248.22,SETTLED,2025-12-15 23:49:00,AUTH70900297
PAY0003930,ORD0003849,DEBIT_CARD,598.79,SETTLED,2025-11-19 08:27:00,AUTH58459427
PAY0003931,ORD0003850,GIFT_CARD,661.09,SETTLED,2025-12-18 08:44:00,AUTH68343181
PAY0003932,ORD0003851,GIFT_CARD,351.04,REFUNDED,2025-11-16 21:26:00,AUTH75824317
PAY0003933,ORD0003852,BANK_TRANSFER,91.22,SETTLED,2025-10-09 14:23:00,AUTH11061829
PAY0003934,ORD0003853,GIFT_CARD,2026.12,REFUNDED,2025-11-17 23:25:00,AUTH62957348
PAY0003935,ORD0003854,CREDIT_CARD,1772.78,SETTLED,2025-11-14 01:14:00,AUTH97241005
PAY0003936,ORD0003855,AFTERPAY,2048.84,SETTLED,2025-12-27 07:07:00,AUTH58499754
PAY0003937,ORD0003856,DEBIT_CARD,826.89,SETTLED,2025-08-25 08:47:00,AUTH72373400
PAY0003938,ORD0003857,AFTERPAY,1595.27,REFUNDED,2025-12-23 04:42:00,AUTH48460527
PAY0003939,ORD0003858,PAYPAL,941.1,REFUNDED,2025-07-23 18:54:00,AUTH43025114
PAY0003940,ORD0003859,BANK_TRANSFER,1817.12,REFUNDED,2025-11-04 04:41:00,AUTH54641898
PAY0003941,ORD0003860,AFTERPAY,1939.24,DECLINED,2025-07-07 20:01:00,AUTH33822445
PAY0003942,ORD0003861,PAYPAL,1870.95,DECLINED,2025-11-30 15:24:00,AUTH82520747
PAY0003943,ORD0003862,GIFT_CARD,1306.88,SETTLED,2025-05-10 01:08:00,AUTH25744680
PAY0003944,ORD0003863,CREDIT_CARD,2287.36,DECLINED,2025-10-10 11:16:00,AUTH21405441
PAY0003945,ORD0003864,AFTERPAY,731.3,DECLINED,2025-11-06 13:57:00,AUTH39950352
PAY0003946,ORD0003865,GIFT_CARD,16.96,SETTLED,2025-11-30 16:35:00,AUTH22643628
PAY0003947,ORD0003866,AFTERPAY,1762.06,SETTLED,2025-07-01 13:31:00,AUTH32320983
PAY0003948,ORD0003867,CREDIT_CARD,1524.34,SETTLED,2025-12-11 04:46:00,AUTH90084661
PAY0003949,ORD0003868,CREDIT_CARD,1442.0,SETTLED,2025-09-20 16:42:00,AUTH32202212
PAY0003950,ORD0003869,AFTERPAY,1359.97,SETTLED,2025-08-01 08:59:00,AUTH81593019
PAY0003951,ORD0003870,AFTERPAY,2276.39,REFUNDED,2025-10-26 18:35:00,AUTH47674825
PAY0003952,ORD0003871,DEBIT_CARD,1309.11,SETTLED,2025-12-16 17:40:00,AUTH39068057
PAY0003953,ORD0003872,GIFT_CARD,442.42,SETTLED,2025-05-21 02:18:00,AUTH36371112
PAY0003954,ORD0003873,DEBIT_CARD,680.22,SETTLED,2025-06-27 01:23:00,AUTH63545849
PAY0003955,ORD0003874,GIFT_CARD,2013.85,SETTLED,2025-08-11 04:45:00,AUTH39474506
PAY0003956,ORD0003875,GIFT_CARD,152.41,SETTLED,2025-12-04 23:33:00,AUTH27809989
PAY0003957,ORD0003876,AFTERPAY,557.05,SETTLED,2025-09-26 16:27:00,AUTH36954391
PAY0003958,ORD0003877,PAYPAL,1250.29,SETTLED,2025-06-09 12:08:00,AUTH90115619
PAY0003959,ORD0003878,DEBIT_CARD,1716.2,SETTLED,2025-11-21 17:48:00,AUTH55098368
PAY0003960,ORD0003879,AFTERPAY,1913.79,SETTLED,2025-10-11 04:33:00,AUTH42531669
PAY0003961,ORD0003880,AFTERPAY,206.84,SETTLED,2026-01-01 09:42:00,AUTH66158971
PAY0003962,ORD0003881,GIFT_CARD,2210.49,SETTLED,2025-09-05 23:44:00,AUTH57418110
PAY0003963,ORD0003882,AFTERPAY,935.59,SETTLED,2025-06-19 09:53:00,AUTH37482573
PAY0003964,ORD0003883,BANK_TRANSFER,393.14,DECLINED,2025-05-24 11:01:00,AUTH64315794
PAY0003965,ORD0003884,PAYPAL,2147.28,SETTLED,2025-11-02 17:05:00,AUTH41979652
PAY0003966,ORD0003885,CREDIT_CARD,2149.0,SETTLED,2025-06-13 14:42:00,AUTH12417940
PAY0003967,ORD0003886,DEBIT_CARD,1106.49,REFUNDED,2025-12-26 17:11:00,AUTH69556124
PAY0003968,ORD0003887,CREDIT_CARD,180.43,SETTLED,2025-09-04 19:05:00,AUTH32716489
PAY0003969,ORD0003888,GIFT_CARD,1423.92,SETTLED,2025-09-16 15:36:00,AUTH98574497
PAY0003970,ORD0003889,GIFT_CARD,319.2,DECLINED,2025-11-28 12:48:00,AUTH88882939
PAY0003971,ORD0003890,AFTERPAY,1830.66,SETTLED,2025-05-19 07:57:00,AUTH55503690
PAY0003972,ORD0003891,PAYPAL,719.87,SETTLED,2025-12-14 15:07:00,AUTH89980789
PAY0003973,ORD0003892,CREDIT_CARD,1436.01,SETTLED,2025-05-22 11:27:00,AUTH35971422
PAY0003974,ORD0003893,AFTERPAY,456.72,DECLINED,2025-10-07 16:21:00,AUTH52677606
PAY0003975,ORD0003894,DEBIT_CARD,1497.23,SETTLED,2025-06-17 07:14:00,AUTH72454971
PAY0003976,ORD0003895,PAYPAL,1812.58,SETTLED,2025-05-23 18:04:00,AUTH58305514
PAY0003977,ORD0003896,AFTERPAY,706.62,SETTLED,2025-06-07 17:29:00,AUTH14305328
PAY0003978,ORD0003897,GIFT_CARD,404.63,SETTLED,2025-10-03 03:52:00,AUTH28321288
PAY0003979,ORD0003898,PAYPAL,284.86,DECLINED,2025-12-31 08:39:00,AUTH38063538
PAY0003980,ORD0003899,GIFT_CARD,235.53,SETTLED,2025-07-31 22:21:00,AUTH18714425
PAY0003981,ORD0003900,GIFT_CARD,167.04,SETTLED,2025-11-23 18:51:00,AUTH57971799
PAY0003982,ORD0003901,AFTERPAY,2285.03,SETTLED,2025-11-03 17:58:00,AUTH86888673
PAY0003983,ORD0003902,AFTERPAY,2332.34,SETTLED,2025-08-23 09:21:00,AUTH39284242
PAY0003984,ORD0003903,AFTERPAY,1994.3,SETTLED,2025-11-07 15:27:00,AUTH94765609
PAY0003985,ORD0003904,AFTERPAY,2328.41,SETTLED,2025-11-17 11:07:00,AUTH90104386
PAY0003986,ORD0003905,PAYPAL,1008.19,SETTLED,2025-12-18 19:18:00,AUTH67925861
PAY0003987,ORD0003906,DEBIT_CARD,538.05,SETTLED,2025-11-24 20:46:00,AUTH72660356
PAY0003988,ORD0003907,PAYPAL,901.39,SETTLED,2025-10-30 07:58:00,AUTH30620962
PAY0003989,ORD0003908,DEBIT_CARD,915.78,SETTLED,2025-06-14 19:05:00,AUTH17188510
PAY0003990,ORD0003909,CREDIT_CARD,1031.89,REFUNDED,2025-12-22 20:25:00,AUTH95664331
PAY0003991,ORD0003910,AFTERPAY,1067.2,SETTLED,2025-08-02 16:11:00,AUTH41186645
PAY0003992,ORD0003911,GIFT_CARD,1984.42,SETTLED,2025-06-06 19:16:00,AUTH74929405
PAY0003993,ORD0003912,PAYPAL,789.79,SETTLED,2025-11-07 05:25:00,AUTH83086537
PAY0003994,ORD0003913,CREDIT_CARD,1654.87,SETTLED,2025-10-09 10:53:00,AUTH64705053
PAY0003995,ORD0003913,DEBIT_CARD,127.29,SETTLED,2025-12-28 14:19:00,AUTH62907213
PAY0003996,ORD0003914,BANK_TRANSFER,893.42,SETTLED,2025-07-03 13:42:00,AUTH60371509
PAY0003997,ORD0003915,GIFT_CARD,721.25,SETTLED,2025-05-26 21:27:00,AUTH54858668
PAY0003998,ORD0003916,BANK_TRANSFER,555.22,DECLINED,2025-06-08 19:37:00,AUTH43177929
PAY0003999,ORD0003917,PAYPAL,1958.29,SETTLED,2025-11-16 09:00:00,AUTH65210210
PAY0004000,ORD0003918,CREDIT_CARD,2221.76,SETTLED,2025-10-14 23:26:00,AUTH26253968
PAY0004001,ORD0003919,DEBIT_CARD,1565.26,SETTLED,2025-05-25 08:04:00,AUTH63068000
PAY0004002,ORD0003920,CREDIT_CARD,1292.23,SETTLED,2025-05-19 19:55:00,AUTH48697524
PAY0004003,ORD0003921,GIFT_CARD,1098.18,SETTLED,2025-10-12 17:39:00,AUTH48239028
PAY0004004,ORD0003922,DEBIT_CARD,1459.75,SETTLED,2025-06-19 19:30:00,AUTH39929448
PAY0004005,ORD0003923,DEBIT_CARD,1922.6,SETTLED,2025-08-23 14:44:00,AUTH63420748
PAY0004006,ORD0003924,AFTERPAY,1793.82,SETTLED,2025-09-17 13:22:00,AUTH17319363
PAY0004007,ORD0003925,AFTERPAY,800.99,DECLINED,2025-05-24 06:11:00,AUTH85812590
PAY0004008,ORD0003926,AFTERPAY,2019.9,SETTLED,2025-08-25 06:12:00,AUTH85349295
PAY0004009,ORD0003927,BANK_TRANSFER,777.42,REFUNDED,2025-07-05 00:27:00,AUTH76381812
PAY0004010,ORD0003928,PAYPAL,2339.66,SETTLED,2025-11-13 07:04:00,AUTH66079633
PAY0004011,ORD0003929,GIFT_CARD,549.0,SETTLED,2025-09-10 22:01:00,AUTH28645242
PAY0004012,ORD0003930,CREDIT_CARD,944.06,SETTLED,2025-07-13 22:51:00,AUTH86414773
PAY0004013,ORD0003931,AFTERPAY,950.5,SETTLED,2025-06-04 05:21:00,AUTH43523325
PAY0004014,ORD0003932,BANK_TRANSFER,1035.35,SETTLED,2025-12-16 11:08:00,AUTH36709504
PAY0004015,ORD0003933,AFTERPAY,112.61,SETTLED,2025-06-12 09:25:00,AUTH74821675
PAY0004016,ORD0003934,PAYPAL,1129.67,REFUNDED,2025-11-18 04:37:00,AUTH23384249
PAY0004017,ORD0003935,GIFT_CARD,2076.1,SETTLED,2025-10-14 11:34:00,AUTH44863676
PAY0004018,ORD0003936,AFTERPAY,1542.68,SETTLED,2025-11-09 14:13:00,AUTH13707765
PAY0004019,ORD0003937,GIFT_CARD,386.61,SETTLED,2025-05-22 17:17:00,AUTH15927650
PAY0004020,ORD0003938,DEBIT_CARD,767.58,REFUNDED,2025-08-03 15:04:00,AUTH62975630
PAY0004021,ORD0003939,GIFT_CARD,1098.38,SETTLED,2025-10-30 23:54:00,AUTH22435874
PAY0004022,ORD0003940,GIFT_CARD,832.59,SETTLED,2025-12-07 18:08:00,AUTH87335887
PAY0004023,ORD0003941,PAYPAL,180.4,SETTLED,2025-09-28 03:29:00,AUTH59916412
PAY0004024,ORD0003942,DEBIT_CARD,1668.36,SETTLED,2025-12-17 13:46:00,AUTH59738838
PAY0004025,ORD0003942,BANK_TRANSFER,908.23,SETTLED,2025-08-01 08:47:00,AUTH87014557
PAY0004026,ORD0003943,DEBIT_CARD,2187.69,DECLINED,2025-07-10 05:27:00,AUTH65668005
PAY0004027,ORD0003944,GIFT_CARD,2353.72,SETTLED,2025-08-31 17:08:00,AUTH67010926
PAY0004028,ORD0003945,BANK_TRANSFER,1040.36,SETTLED,2025-07-29 04:10:00,AUTH95097962
PAY0004029,ORD0003946,BANK_TRANSFER,222.57,SETTLED,2025-12-12 13:48:00,AUTH11473997
PAY0004030,ORD0003947,GIFT_CARD,1572.12,SETTLED,2025-10-30 06:33:00,AUTH11275484
PAY0004031,ORD0003948,CREDIT_CARD,1653.8,SETTLED,2025-10-07 12:05:00,AUTH35872234
PAY0004032,ORD0003949,BANK_TRANSFER,1235.34,SETTLED,2025-09-04 15:59:00,AUTH73581065
PAY0004033,ORD0003950,GIFT_CARD,2147.59,SETTLED,2025-07-18 22:20:00,AUTH57315547
PAY0004034,ORD0003951,GIFT_CARD,2194.22,SETTLED,2025-08-24 09:43:00,AUTH96024523
PAY0004035,ORD0003952,DEBIT_CARD,1942.08,DECLINED,2025-10-30 00:15:00,AUTH94117744
PAY0004036,ORD0003953,BANK_TRANSFER,2004.32,SETTLED,2025-07-22 07:33:00,AUTH12948947
PAY0004037,ORD0003954,BANK_TRANSFER,767.43,SETTLED,2025-05-30 01:48:00,AUTH73931441
PAY0004038,ORD0003955,CREDIT_CARD,1449.55,SETTLED,2025-08-29 11:12:00,AUTH93521305
PAY0004039,ORD0003956,AFTERPAY,183.16,SETTLED,2025-06-17 19:35:00,AUTH27052688
PAY0004040,ORD0003957,GIFT_CARD,1246.09,SETTLED,2025-05-26 08:31:00,AUTH84065816
PAY0004041,ORD0003958,PAYPAL,2194.08,SETTLED,2025-05-19 21:35:00,AUTH47504671
PAY0004042,ORD0003959,PAYPAL,1679.05,SETTLED,2025-11-03 23:54:00,AUTH21924843
PAY0004043,ORD0003960,GIFT_CARD,961.82,SETTLED,2025-11-09 06:13:00,AUTH97562321
PAY0004044,ORD0003961,PAYPAL,1869.47,SETTLED,2025-12-29 09:51:00,AUTH33921426
PAY0004045,ORD0003962,GIFT_CARD,1396.9,SETTLED,2025-07-25 20:14:00,AUTH53694431
PAY0004046,ORD0003963,DEBIT_CARD,1789.98,DECLINED,2025-07-30 15:53:00,AUTH96492603
PAY0004047,ORD0003964,AFTERPAY,551.85,SETTLED,2025-11-03 19:02:00,AUTH27512776
PAY0004048,ORD0003965,PAYPAL,2183.75,SETTLED,2025-09-05 11:28:00,AUTH15125638
PAY0004049,ORD0003966,CREDIT_CARD,1475.03,SETTLED,2025-07-12 13:55:00,AUTH87685232
PAY0004050,ORD0003967,GIFT_CARD,1923.48,REFUNDED,2025-07-12 08:36:00,AUTH35374167
PAY0004051,ORD0003968,PAYPAL,172.8,SETTLED,2025-11-30 08:31:00,AUTH38661180
PAY0004052,ORD0003969,DEBIT_CARD,308.92,SETTLED,2025-09-18 01:21:00,AUTH67666223
PAY0004053,ORD0003970,CREDIT_CARD,1941.13,SETTLED,2025-12-17 20:37:00,AUTH97137746
PAY0004054,ORD0003971,AFTERPAY,1126.09,REFUNDED,2025-10-13 16:30:00,AUTH56463765
PAY0004055,ORD0003972,BANK_TRANSFER,1366.72,SETTLED,2025-05-12 09:18:00,AUTH81145767
PAY0004056,ORD0003973,BANK_TRANSFER,2273.87,SETTLED,2025-10-14 15:35:00,AUTH16522174
PAY0004057,ORD0003974,BANK_TRANSFER,102.85,SETTLED,2025-06-06 15:23:00,AUTH37637735
PAY0004058,ORD0003975,BANK_TRANSFER,1130.63,SETTLED,2025-05-06 12:28:00,AUTH69346967
PAY0004059,ORD0003976,GIFT_CARD,171.79,SETTLED,2025-09-08 14:57:00,AUTH85624376
PAY0004060,ORD0003977,BANK_TRANSFER,1579.85,SETTLED,2025-07-09 18:28:00,AUTH42700987
PAY0004061,ORD0003978,CREDIT_CARD,2108.52,SETTLED,2025-06-26 20:22:00,AUTH87314367
PAY0004062,ORD0003979,DEBIT_CARD,841.53,REFUNDED,2025-06-27 03:52:00,AUTH49703007
PAY0004063,ORD0003980,GIFT_CARD,1568.31,SETTLED,2025-06-23 09:03:00,AUTH74974014
PAY0004064,ORD0003981,BANK_TRANSFER,1514.96,SETTLED,2025-12-22 11:47:00,AUTH42375008
PAY0004065,ORD0003982,CREDIT_CARD,539.12,SETTLED,2025-09-07 23:58:00,AUTH68142312
PAY0004066,ORD0003983,CREDIT_CARD,24.16,SETTLED,2025-06-25 04:01:00,AUTH77572612
PAY0004067,ORD0003984,GIFT_CARD,1705.14,SETTLED,2025-12-14 00:25:00,AUTH79182673
PAY0004068,ORD0003985,PAYPAL,1079.53,SETTLED,2025-07-25 13:38:00,AUTH36039490
PAY0004069,ORD0003986,GIFT_CARD,1317.21,REFUNDED,2025-08-17 01:37:00,AUTH41004074
PAY0004070,ORD0003987,PAYPAL,640.29,SETTLED,2025-08-23 22:15:00,AUTH59157501
PAY0004071,ORD0003988,AFTERPAY,226.16,SETTLED,2025-08-06 04:23:00,AUTH79600197
PAY0004072,ORD0003989,DEBIT_CARD,594.93,SETTLED,2025-10-11 14:47:00,AUTH52415374
PAY0004073,ORD0003990,PAYPAL,1064.24,DECLINED,2025-08-28 06:37:00,AUTH86409596
PAY0004074,ORD0003991,BANK_TRANSFER,240.78,SETTLED,2025-05-24 00:40:00,AUTH72005295
PAY0004075,ORD0003992,PAYPAL,1916.23,SETTLED,2025-11-25 13:30:00,AUTH73479428
PAY0004076,ORD0003993,CREDIT_CARD,389.53,SETTLED,2025-08-17 05:20:00,AUTH62603535
PAY0004077,ORD0003994,BANK_TRANSFER,86.1,SETTLED,2025-09-26 13:11:00,AUTH10754039
PAY0004078,ORD0003995,PAYPAL,162.33,SETTLED,2025-09-04 14:34:00,AUTH12983675
PAY0004079,ORD0003996,PAYPAL,1608.31,SETTLED,2025-06-04 18:18:00,AUTH53456595
PAY0004080,ORD0003997,DEBIT_CARD,1663.64,SETTLED,2025-10-19 18:21:00,AUTH75958743
PAY0004081,ORD0003998,CREDIT_CARD,315.92,SETTLED,2025-05-12 03:20:00,AUTH69768282
PAY0004082,ORD0003999,AFTERPAY,1711.42,DECLINED,2025-07-19 15:54:00,AUTH95422023
PAY0004083,ORD0004000,DEBIT_CARD,2385.14,SETTLED,2025-11-20 12:34:00,AUTH74917458
PAY0004084,ORD0004001,DEBIT_CARD,1553.17,SETTLED,2025-10-07 15:53:00,AUTH34770977
PAY0004085,ORD0004002,DEBIT_CARD,2130.54,SETTLED,2025-10-07 06:25:00,AUTH20414836
PAY0004086,ORD0004003,DEBIT_CARD,118.12,SETTLED,2025-08-21 13:25:00,AUTH99285136
PAY0004087,ORD0004004,AFTERPAY,1528.35,REFUNDED,2025-11-23 15:48:00,AUTH37785398
PAY0004088,ORD0004005,AFTERPAY,889.68,SETTLED,2025-05-18 17:20:00,AUTH88939950
PAY0004089,ORD0004006,GIFT_CARD,1374.93,SETTLED,2025-07-25 17:46:00,AUTH15559112
PAY0004090,ORD0004007,PAYPAL,1665.0,SETTLED,2025-11-26 03:09:00,AUTH92835360
PAY0004091,ORD0004008,PAYPAL,65.7,SETTLED,2025-09-03 02:29:00,AUTH95645272
PAY0004092,ORD0004009,BANK_TRANSFER,2300.86,SETTLED,2025-09-08 14:10:00,AUTH27570435
PAY0004093,ORD0004010,GIFT_CARD,1511.23,SETTLED,2025-10-19 02:59:00,AUTH27861638
PAY0004094,ORD0004011,DEBIT_CARD,310.01,SETTLED,2025-11-04 02:33:00,AUTH34707463
PAY0004095,ORD0004012,AFTERPAY,679.64,DECLINED,2025-11-25 02:20:00,AUTH74378087
PAY0004096,ORD0004013,CREDIT_CARD,401.9,SETTLED,2025-11-24 20:46:00,AUTH47504244
PAY0004097,ORD0004014,DEBIT_CARD,107.45,DECLINED,2025-09-30 13:18:00,AUTH95378991
PAY0004098,ORD0004015,DEBIT_CARD,710.0,SETTLED,2025-12-24 11:22:00,AUTH50238906
PAY0004099,ORD0004016,PAYPAL,1772.33,REFUNDED,2025-06-18 16:06:00,AUTH94734506
PAY0004100,ORD0004017,PAYPAL,2140.67,SETTLED,2025-12-24 15:10:00,AUTH21603502
PAY0004101,ORD0004018,BANK_TRANSFER,108.62,SETTLED,2025-09-10 11:24:00,AUTH54968656
PAY0004102,ORD0004019,GIFT_CARD,283.55,SETTLED,2025-09-17 19:59:00,AUTH28036391
PAY0004103,ORD0004020,GIFT_CARD,2218.96,SETTLED,2025-07-23 03:16:00,AUTH87221051
PAY0004104,ORD0004021,DEBIT_CARD,2312.53,SETTLED,2025-07-13 14:42:00,AUTH41372558
PAY0004105,ORD0004022,BANK_TRANSFER,1354.32,SETTLED,2025-09-17 07:41:00,AUTH79639176
PAY0004106,ORD0004023,DEBIT_CARD,1556.55,DECLINED,2025-09-11 08:27:00,AUTH42609945
PAY0004107,ORD0004024,CREDIT_CARD,1419.02,SETTLED,2025-11-29 11:33:00,AUTH61470783
PAY0004108,ORD0004025,PAYPAL,2075.26,REFUNDED,2025-12-11 08:43:00,AUTH17902757
PAY0004109,ORD0004026,PAYPAL,1080.06,SETTLED,2025-08-17 20:53:00,AUTH14370362
PAY0004110,ORD0004027,AFTERPAY,1658.78,SETTLED,2025-05-07 09:43:00,AUTH62747724
PAY0004111,ORD0004028,DEBIT_CARD,209.26,SETTLED,2025-07-13 15:05:00,AUTH33299834
PAY0004112,ORD0004029,BANK_TRANSFER,1504.65,SETTLED,2025-05-25 22:57:00,AUTH49939369
PAY0004113,ORD0004030,CREDIT_CARD,822.21,SETTLED,2025-11-20 20:45:00,AUTH31223512
PAY0004114,ORD0004031,BANK_TRANSFER,96.01,REFUNDED,2025-07-10 05:50:00,AUTH43820295
PAY0004115,ORD0004032,DEBIT_CARD,1394.2,SETTLED,2025-10-26 15:23:00,AUTH30100190
PAY0004116,ORD0004033,PAYPAL,1979.83,SETTLED,2025-06-18 10:21:00,AUTH43694820
PAY0004117,ORD0004034,GIFT_CARD,557.38,DECLINED,2025-12-19 02:49:00,AUTH30855683
PAY0004118,ORD0004035,CREDIT_CARD,1432.09,DECLINED,2025-09-17 14:18:00,AUTH50072124
PAY0004119,ORD0004036,CREDIT_CARD,2155.73,SETTLED,2025-05-31 15:37:00,AUTH83522885
PAY0004120,ORD0004036,AFTERPAY,2314.65,REFUNDED,2025-10-10 14:59:00,AUTH42424717
PAY0004121,ORD0004037,BANK_TRANSFER,2018.01,SETTLED,2025-08-03 00:53:00,AUTH46192110
PAY0004122,ORD0004038,CREDIT_CARD,619.3,SETTLED,2025-08-02 18:56:00,AUTH88342030
PAY0004123,ORD0004038,BANK_TRANSFER,2288.99,SETTLED,2025-10-21 08:54:00,AUTH64982416
PAY0004124,ORD0004039,BANK_TRANSFER,1022.57,SETTLED,2025-08-01 04:55:00,AUTH33043136
PAY0004125,ORD0004040,AFTERPAY,1525.57,REFUNDED,2025-05-14 20:00:00,AUTH10312067
PAY0004126,ORD0004041,AFTERPAY,507.69,SETTLED,2025-06-25 02:10:00,AUTH71789413
PAY0004127,ORD0004042,CREDIT_CARD,974.95,SETTLED,2025-06-22 02:48:00,AUTH22573888
PAY0004128,ORD0004043,PAYPAL,366.5,SETTLED,2025-12-23 21:05:00,AUTH75607893
PAY0004129,ORD0004044,PAYPAL,1017.64,SETTLED,2025-08-20 12:22:00,AUTH79692494
PAY0004130,ORD0004045,CREDIT_CARD,1441.01,SETTLED,2025-08-16 15:13:00,AUTH25202394
PAY0004131,ORD0004046,BANK_TRANSFER,2081.18,REFUNDED,2025-12-14 05:31:00,AUTH80931978
PAY0004132,ORD0004047,BANK_TRANSFER,265.36,SETTLED,2025-12-23 04:06:00,AUTH42592738
PAY0004133,ORD0004048,CREDIT_CARD,390.75,SETTLED,2025-08-20 04:10:00,AUTH71338777
PAY0004134,ORD0004049,CREDIT_CARD,691.04,SETTLED,2025-10-15 07:30:00,AUTH30624106
PAY0004135,ORD0004050,GIFT_CARD,1696.46,REFUNDED,2025-05-25 05:15:00,AUTH68878339
PAY0004136,ORD0004051,BANK_TRANSFER,972.57,SETTLED,2025-11-09 15:16:00,AUTH84926540
PAY0004137,ORD0004052,BANK_TRANSFER,1990.53,SETTLED,2025-05-06 14:10:00,AUTH11736473
PAY0004138,ORD0004053,AFTERPAY,1515.14,SETTLED,2025-08-10 13:41:00,AUTH12988671
PAY0004139,ORD0004054,PAYPAL,1176.51,SETTLED,2025-11-13 03:44:00,AUTH52295107
PAY0004140,ORD0004055,PAYPAL,1203.85,SETTLED,2025-12-27 13:02:00,AUTH58802611
PAY0004141,ORD0004056,DEBIT_CARD,1599.89,DECLINED,2025-09-15 15:15:00,AUTH65188969
PAY0004142,ORD0004057,GIFT_CARD,2004.17,SETTLED,2025-07-23 13:14:00,AUTH55403039
PAY0004143,ORD0004058,GIFT_CARD,155.77,REFUNDED,2025-07-19 19:27:00,AUTH13886715
PAY0004144,ORD0004059,BANK_TRANSFER,1632.07,SETTLED,2025-07-08 19:40:00,AUTH96424874
PAY0004145,ORD0004060,BANK_TRANSFER,442.65,SETTLED,2025-09-25 07:17:00,AUTH92400793
PAY0004146,ORD0004061,GIFT_CARD,1884.54,SETTLED,2025-11-23 19:37:00,AUTH44338074
PAY0004147,ORD0004062,AFTERPAY,524.52,SETTLED,2025-12-30 03:33:00,AUTH98066676
PAY0004148,ORD0004063,PAYPAL,110.36,SETTLED,2025-09-29 06:38:00,AUTH17403290
PAY0004149,ORD0004064,CREDIT_CARD,1830.92,SETTLED,2025-11-17 06:24:00,AUTH82397183
PAY0004150,ORD0004064,AFTERPAY,2051.61,SETTLED,2025-05-21 13:03:00,AUTH72712360
PAY0004151,ORD0004065,BANK_TRANSFER,1192.8,SETTLED,2025-08-21 23:45:00,AUTH57436422
PAY0004152,ORD0004066,CREDIT_CARD,105.05,DECLINED,2025-07-11 23:22:00,AUTH36706194
PAY0004153,ORD0004067,GIFT_CARD,243.54,SETTLED,2025-09-25 12:47:00,AUTH70570877
PAY0004154,ORD0004068,PAYPAL,1847.93,SETTLED,2025-05-15 21:22:00,AUTH61778504
PAY0004155,ORD0004069,BANK_TRANSFER,11.08,SETTLED,2025-08-07 05:17:00,AUTH42337288
PAY0004156,ORD0004070,AFTERPAY,2107.86,SETTLED,2025-11-29 07:58:00,AUTH40268104
PAY0004157,ORD0004071,GIFT_CARD,2179.93,SETTLED,2025-08-04 05:28:00,AUTH56716427
PAY0004158,ORD0004072,AFTERPAY,1043.85,SETTLED,2025-05-25 09:25:00,AUTH98475732
PAY0004159,ORD0004073,PAYPAL,1783.31,SETTLED,2025-11-08 00:25:00,AUTH77068517
PAY0004160,ORD0004074,CREDIT_CARD,265.13,DECLINED,2025-08-15 09:54:00,AUTH50936791
PAY0004161,ORD0004075,DEBIT_CARD,1993.58,SETTLED,2025-06-30 09:01:00,AUTH75950297
PAY0004162,ORD0004076,CREDIT_CARD,1026.8,SETTLED,2025-08-30 11:39:00,AUTH30242093
PAY0004163,ORD0004077,PAYPAL,1751.8,SETTLED,2025-09-13 22:56:00,AUTH81831939
PAY0004164,ORD0004078,AFTERPAY,1362.67,SETTLED,2025-11-28 05:43:00,AUTH58069213
PAY0004165,ORD0004079,GIFT_CARD,256.83,SETTLED,2025-07-25 14:35:00,AUTH93614464
PAY0004166,ORD0004080,DEBIT_CARD,36.82,SETTLED,2025-05-24 07:27:00,AUTH89410892
PAY0004167,ORD0004081,GIFT_CARD,1683.84,SETTLED,2025-11-28 22:11:00,AUTH42992442
PAY0004168,ORD0004082,PAYPAL,1737.63,SETTLED,2025-09-14 02:51:00,AUTH31451825
PAY0004169,ORD0004083,DEBIT_CARD,1829.1,DECLINED,2025-09-12 20:51:00,AUTH83291766
PAY0004170,ORD0004084,AFTERPAY,1625.16,SETTLED,2025-06-11 01:39:00,AUTH27519716
PAY0004171,ORD0004085,PAYPAL,621.4,SETTLED,2025-05-20 23:14:00,AUTH92175151
PAY0004172,ORD0004086,BANK_TRANSFER,1217.33,SETTLED,2025-11-14 14:54:00,AUTH77769240
PAY0004173,ORD0004087,DEBIT_CARD,2125.56,SETTLED,2025-08-01 02:28:00,AUTH53239359
PAY0004174,ORD0004088,CREDIT_CARD,707.2,SETTLED,2025-12-17 07:49:00,AUTH92429022
PAY0004175,ORD0004089,CREDIT_CARD,1962.8,DECLINED,2025-11-15 21:18:00,AUTH85097588
PAY0004176,ORD0004090,BANK_TRANSFER,514.62,SETTLED,2025-06-26 08:55:00,AUTH10812351
PAY0004177,ORD0004091,DEBIT_CARD,13.87,SETTLED,2025-05-19 22:54:00,AUTH97678825
PAY0004178,ORD0004092,CREDIT_CARD,517.17,SETTLED,2025-12-13 06:30:00,AUTH83903847
PAY0004179,ORD0004093,BANK_TRANSFER,1249.39,SETTLED,2025-07-27 18:51:00,AUTH87226854
PAY0004180,ORD0004094,PAYPAL,2014.08,DECLINED,2025-12-27 23:55:00,AUTH43359227
PAY0004181,ORD0004095,PAYPAL,837.96,SETTLED,2025-06-07 00:36:00,AUTH35747552
PAY0004182,ORD0004096,GIFT_CARD,1937.54,SETTLED,2025-08-31 12:42:00,AUTH52343708
PAY0004183,ORD0004097,DEBIT_CARD,2002.97,SETTLED,2025-06-25 16:25:00,AUTH95252898
PAY0004184,ORD0004098,GIFT_CARD,1001.51,SETTLED,2025-10-11 21:53:00,AUTH15122130
PAY0004185,ORD0004099,BANK_TRANSFER,140.21,SETTLED,2025-11-30 05:28:00,AUTH72310353
PAY0004186,ORD0004100,GIFT_CARD,1612.81,SETTLED,2025-08-22 23:09:00,AUTH46561300
PAY0004187,ORD0004101,CREDIT_CARD,1047.28,SETTLED,2025-11-04 04:06:00,AUTH84704091
PAY0004188,ORD0004102,AFTERPAY,988.21,SETTLED,2025-09-08 01:53:00,AUTH35639631
PAY0004189,ORD0004103,CREDIT_CARD,404.06,SETTLED,2025-09-22 22:40:00,AUTH48743863
PAY0004190,ORD0004104,GIFT_CARD,1573.46,SETTLED,2025-10-24 17:44:00,AUTH72268773
PAY0004191,ORD0004105,GIFT_CARD,830.48,SETTLED,2025-06-28 09:04:00,AUTH37075874
PAY0004192,ORD0004106,AFTERPAY,1714.25,SETTLED,2025-08-24 15:12:00,AUTH73465950
PAY0004193,ORD0004107,GIFT_CARD,190.01,SETTLED,2025-12-12 11:11:00,AUTH44784874
PAY0004194,ORD0004108,BANK_TRANSFER,1149.14,SETTLED,2025-08-28 11:35:00,AUTH91284789
PAY0004195,ORD0004109,BANK_TRANSFER,1551.23,REFUNDED,2025-12-28 23:09:00,AUTH55438268
PAY0004196,ORD0004110,CREDIT_CARD,762.16,SETTLED,2025-10-23 22:46:00,AUTH73475844
PAY0004197,ORD0004111,PAYPAL,760.39,SETTLED,2025-06-05 01:30:00,AUTH77987859
PAY0004198,ORD0004112,DEBIT_CARD,1126.52,SETTLED,2025-09-13 12:19:00,AUTH71940032
PAY0004199,ORD0004113,CREDIT_CARD,1331.68,SETTLED,2025-05-22 20:47:00,AUTH84864810
PAY0004200,ORD0004114,BANK_TRANSFER,1231.61,SETTLED,2026-01-01 02:17:00,AUTH19001420
PAY0004201,ORD0004115,AFTERPAY,31.6,SETTLED,2025-07-14 12:53:00,AUTH15874027
PAY0004202,ORD0004116,GIFT_CARD,422.11,SETTLED,2025-12-17 14:04:00,AUTH39087831
PAY0004203,ORD0004117,AFTERPAY,48.55,DECLINED,2025-07-13 06:50:00,AUTH96215450
PAY0004204,ORD0004118,BANK_TRANSFER,199.35,SETTLED,2025-09-07 03:54:00,AUTH59664567
PAY0004205,ORD0004119,CREDIT_CARD,882.84,DECLINED,2025-12-12 20:33:00,AUTH19904425
PAY0004206,ORD0004120,AFTERPAY,744.79,SETTLED,2025-07-31 09:17:00,AUTH90827003
PAY0004207,ORD0004121,BANK_TRANSFER,372.55,SETTLED,2025-09-21 17:48:00,AUTH55143810
PAY0004208,ORD0004122,GIFT_CARD,1757.57,DECLINED,2025-11-27 01:26:00,AUTH96478104
PAY0004209,ORD0004123,PAYPAL,1908.96,SETTLED,2025-06-04 02:06:00,AUTH19155965
PAY0004210,ORD0004124,DEBIT_CARD,1236.37,SETTLED,2025-08-09 23:33:00,AUTH97062008
PAY0004211,ORD0004125,CREDIT_CARD,282.83,SETTLED,2025-06-16 23:42:00,AUTH86448370
PAY0004212,ORD0004126,PAYPAL,51.84,SETTLED,2025-06-11 22:39:00,AUTH72346280
PAY0004213,ORD0004127,AFTERPAY,1140.63,SETTLED,2025-06-01 18:52:00,AUTH88206037
PAY0004214,ORD0004128,DEBIT_CARD,2207.98,SETTLED,2025-10-12 15:14:00,AUTH46200044
PAY0004215,ORD0004129,CREDIT_CARD,1716.44,SETTLED,2025-10-05 18:21:00,AUTH82063169
PAY0004216,ORD0004130,BANK_TRANSFER,743.45,SETTLED,2025-09-17 08:53:00,AUTH27974695
PAY0004217,ORD0004131,CREDIT_CARD,1362.93,REFUNDED,2025-10-31 00:21:00,AUTH54197853
PAY0004218,ORD0004132,DEBIT_CARD,1260.88,SETTLED,2025-06-02 14:21:00,AUTH24490594
PAY0004219,ORD0004133,PAYPAL,1812.53,SETTLED,2025-05-22 04:42:00,AUTH32981757
PAY0004220,ORD0004134,CREDIT_CARD,1813.67,SETTLED,2025-08-28 09:11:00,AUTH95487251
PAY0004221,ORD0004135,CREDIT_CARD,1627.4,SETTLED,2025-12-20 12:44:00,AUTH93711431
PAY0004222,ORD0004136,CREDIT_CARD,16.16,SETTLED,2025-08-05 22:22:00,AUTH22543429
PAY0004223,ORD0004137,PAYPAL,1671.68,SETTLED,2025-09-22 21:41:00,AUTH88403740
PAY0004224,ORD0004138,PAYPAL,2126.82,SETTLED,2025-05-11 22:08:00,AUTH98273305
PAY0004225,ORD0004139,DEBIT_CARD,1411.42,SETTLED,2025-07-22 06:31:00,AUTH48698837
PAY0004226,ORD0004140,GIFT_CARD,1104.28,SETTLED,2025-12-03 00:33:00,AUTH58004943
PAY0004227,ORD0004141,BANK_TRANSFER,750.42,SETTLED,2025-12-28 11:31:00,AUTH40406190
PAY0004228,ORD0004142,PAYPAL,1752.67,SETTLED,2025-11-29 07:40:00,AUTH59830621
PAY0004229,ORD0004143,GIFT_CARD,1005.76,SETTLED,2025-05-29 10:01:00,AUTH42127564
PAY0004230,ORD0004144,GIFT_CARD,1783.29,DECLINED,2025-08-04 19:00:00,AUTH27933364
PAY0004231,ORD0004145,AFTERPAY,1143.86,SETTLED,2025-11-28 05:39:00,AUTH45312407
PAY0004232,ORD0004146,DEBIT_CARD,1856.28,SETTLED,2025-08-30 16:46:00,AUTH19453002
PAY0004233,ORD0004147,AFTERPAY,1364.73,SETTLED,2025-09-07 21:07:00,AUTH50715411
PAY0004234,ORD0004148,AFTERPAY,695.24,SETTLED,2025-10-29 09:55:00,AUTH17277588
PAY0004235,ORD0004149,CREDIT_CARD,591.83,REFUNDED,2025-07-13 04:01:00,AUTH26194413
PAY0004236,ORD0004150,CREDIT_CARD,911.27,SETTLED,2025-12-19 22:36:00,AUTH75855860
PAY0004237,ORD0004151,BANK_TRANSFER,151.34,SETTLED,2025-06-08 04:28:00,AUTH60085857
PAY0004238,ORD0004152,BANK_TRANSFER,1773.38,SETTLED,2025-10-17 15:56:00,AUTH77698404
PAY0004239,ORD0004153,DEBIT_CARD,1514.31,SETTLED,2025-09-29 09:34:00,AUTH31450632
PAY0004240,ORD0004154,BANK_TRANSFER,2051.7,SETTLED,2025-12-30 22:56:00,AUTH41327752
PAY0004241,ORD0004155,CREDIT_CARD,215.31,SETTLED,2025-10-20 20:33:00,AUTH39105121
PAY0004242,ORD0004156,BANK_TRANSFER,2318.73,REFUNDED,2025-11-06 02:00:00,AUTH35216458
PAY0004243,ORD0004157,CREDIT_CARD,777.38,SETTLED,2025-05-12 15:42:00,AUTH54021639
PAY0004244,ORD0004158,GIFT_CARD,228.18,REFUNDED,2025-09-27 20:14:00,AUTH19628175
PAY0004245,ORD0004159,PAYPAL,67.62,SETTLED,2025-08-18 01:03:00,AUTH47242998
PAY0004246,ORD0004160,DEBIT_CARD,67.33,SETTLED,2025-08-29 16:09:00,AUTH54759414
PAY0004247,ORD0004161,PAYPAL,2398.81,SETTLED,2025-05-26 15:41:00,AUTH17170662
PAY0004248,ORD0004162,PAYPAL,904.42,SETTLED,2025-11-29 18:34:00,AUTH24470413
PAY0004249,ORD0004163,GIFT_CARD,459.83,SETTLED,2025-06-09 19:23:00,AUTH10674319
PAY0004250,ORD0004164,AFTERPAY,2001.71,SETTLED,2025-09-01 17:58:00,AUTH72227379
PAY0004251,ORD0004165,AFTERPAY,26.41,SETTLED,2025-12-17 16:43:00,AUTH59980936
PAY0004252,ORD0004166,AFTERPAY,1012.25,REFUNDED,2025-09-14 19:23:00,AUTH88450631
PAY0004253,ORD0004167,PAYPAL,1810.57,SETTLED,2025-12-04 21:40:00,AUTH16699101
PAY0004254,ORD0004168,BANK_TRANSFER,1073.63,SETTLED,2025-10-12 01:32:00,AUTH34460071
PAY0004255,ORD0004169,PAYPAL,250.42,REFUNDED,2025-12-29 12:28:00,AUTH60092052
PAY0004256,ORD0004170,CREDIT_CARD,996.9,SETTLED,2025-06-20 03:03:00,AUTH25958097
PAY0004257,ORD0004171,PAYPAL,2118.83,SETTLED,2025-09-20 02:20:00,AUTH37838244
PAY0004258,ORD0004172,BANK_TRANSFER,207.93,SETTLED,2025-12-29 02:03:00,AUTH16249898
PAY0004259,ORD0004173,BANK_TRANSFER,1378.98,SETTLED,2025-10-17 06:18:00,AUTH46348601
PAY0004260,ORD0004174,PAYPAL,1013.28,SETTLED,2025-07-21 07:34:00,AUTH15067367
PAY0004261,ORD0004175,PAYPAL,447.52,SETTLED,2025-08-22 08:37:00,AUTH25602952
PAY0004262,ORD0004176,PAYPAL,1006.26,SETTLED,2025-05-21 09:15:00,AUTH68246729
PAY0004263,ORD0004177,BANK_TRANSFER,306.36,SETTLED,2025-12-09 13:51:00,AUTH90242242
PAY0004264,ORD0004178,DEBIT_CARD,2374.55,SETTLED,2025-10-28 18:31:00,AUTH18909726
PAY0004265,ORD0004179,DEBIT_CARD,1867.56,SETTLED,2025-07-28 09:58:00,AUTH47500762
PAY0004266,ORD0004180,GIFT_CARD,983.42,REFUNDED,2025-11-22 20:07:00,AUTH13505386
PAY0004267,ORD0004181,PAYPAL,2337.87,DECLINED,2025-11-07 10:38:00,AUTH37902778
PAY0004268,ORD0004182,BANK_TRANSFER,697.14,SETTLED,2025-05-07 01:46:00,AUTH67188117
PAY0004269,ORD0004183,PAYPAL,1538.95,SETTLED,2025-09-05 19:29:00,AUTH30001604
PAY0004270,ORD0004184,BANK_TRANSFER,969.6,SETTLED,2025-10-11 05:13:00,AUTH34932334
PAY0004271,ORD0004185,PAYPAL,1036.09,DECLINED,2025-08-07 06:20:00,AUTH22221137
PAY0004272,ORD0004186,AFTERPAY,239.11,DECLINED,2025-05-21 06:25:00,AUTH41627282
PAY0004273,ORD0004187,BANK_TRANSFER,20.44,DECLINED,2025-11-20 21:59:00,AUTH26126375
PAY0004274,ORD0004188,CREDIT_CARD,610.92,SETTLED,2025-12-19 03:43:00,AUTH56696141
PAY0004275,ORD0004189,AFTERPAY,968.33,SETTLED,2025-12-11 06:33:00,AUTH44898691
PAY0004276,ORD0004190,GIFT_CARD,497.31,SETTLED,2025-06-29 11:34:00,AUTH71738392
PAY0004277,ORD0004191,AFTERPAY,1420.5,SETTLED,2025-09-02 06:20:00,AUTH93753046
PAY0004278,ORD0004192,DEBIT_CARD,1686.12,SETTLED,2025-08-12 22:44:00,AUTH47876201
PAY0004279,ORD0004193,AFTERPAY,711.05,SETTLED,2025-09-15 19:02:00,AUTH37981884
PAY0004280,ORD0004194,BANK_TRANSFER,815.75,SETTLED,2025-08-10 17:47:00,AUTH72817715
PAY0004281,ORD0004195,AFTERPAY,1000.63,REFUNDED,2025-09-03 23:22:00,AUTH11310109
PAY0004282,ORD0004196,CREDIT_CARD,2004.0,SETTLED,2025-10-13 04:18:00,AUTH91478831
PAY0004283,ORD0004197,CREDIT_CARD,1816.45,DECLINED,2025-11-11 11:02:00,AUTH82709263
PAY0004284,ORD0004198,BANK_TRANSFER,1661.93,SETTLED,2025-06-11 04:44:00,AUTH15589596
PAY0004285,ORD0004199,CREDIT_CARD,2372.42,SETTLED,2025-11-17 18:36:00,AUTH97810213
PAY0004286,ORD0004200,AFTERPAY,2257.89,SETTLED,2025-11-29 17:11:00,AUTH89736278
PAY0004287,ORD0004201,CREDIT_CARD,793.52,SETTLED,2025-06-24 18:30:00,AUTH76750991
PAY0004288,ORD0004202,BANK_TRANSFER,429.69,SETTLED,2025-09-30 13:40:00,AUTH81391686
PAY0004289,ORD0004203,BANK_TRANSFER,2293.91,SETTLED,2025-11-27 01:49:00,AUTH24618636
PAY0004290,ORD0004204,GIFT_CARD,1389.03,SETTLED,2025-06-28 03:14:00,AUTH63309207
PAY0004291,ORD0004205,CREDIT_CARD,331.45,SETTLED,2025-05-25 14:49:00,AUTH19414526
PAY0004292,ORD0004206,AFTERPAY,1812.44,SETTLED,2025-05-18 00:28:00,AUTH74440214
PAY0004293,ORD0004207,GIFT_CARD,650.4,SETTLED,2025-08-06 23:12:00,AUTH34484444
PAY0004294,ORD0004208,AFTERPAY,1885.33,SETTLED,2025-07-08 05:43:00,AUTH60901078
PAY0004295,ORD0004209,AFTERPAY,1528.3,DECLINED,2025-08-02 15:32:00,AUTH37961723
PAY0004296,ORD0004210,DEBIT_CARD,1922.58,SETTLED,2025-12-21 09:13:00,AUTH57745787
PAY0004297,ORD0004211,CREDIT_CARD,1532.75,SETTLED,2025-06-15 08:40:00,AUTH78821685
PAY0004298,ORD0004212,CREDIT_CARD,1941.38,SETTLED,2025-05-27 10:29:00,AUTH80405278
PAY0004299,ORD0004213,GIFT_CARD,750.65,SETTLED,2025-06-23 06:03:00,AUTH60506104
PAY0004300,ORD0004214,PAYPAL,2250.3,DECLINED,2025-10-18 14:17:00,AUTH61298844
PAY0004301,ORD0004215,CREDIT_CARD,348.53,SETTLED,2025-08-27 10:18:00,AUTH30712643
PAY0004302,ORD0004216,GIFT_CARD,96.56,SETTLED,2025-05-28 12:37:00,AUTH59785833
PAY0004303,ORD0004217,PAYPAL,2270.48,SETTLED,2025-08-08 10:25:00,AUTH97628184
PAY0004304,ORD0004218,PAYPAL,1364.16,REFUNDED,2025-12-24 17:27:00,AUTH35509271
PAY0004305,ORD0004219,BANK_TRANSFER,173.05,SETTLED,2025-09-25 05:21:00,AUTH78488870
PAY0004306,ORD0004220,CREDIT_CARD,1153.91,SETTLED,2025-07-01 02:14:00,AUTH95293064
PAY0004307,ORD0004221,CREDIT_CARD,1627.29,SETTLED,2025-12-25 11:41:00,AUTH92118750
PAY0004308,ORD0004222,CREDIT_CARD,788.08,SETTLED,2025-07-04 20:36:00,AUTH46528148
PAY0004309,ORD0004223,BANK_TRANSFER,403.95,SETTLED,2025-08-17 19:13:00,AUTH92232942
PAY0004310,ORD0004224,CREDIT_CARD,1102.12,SETTLED,2025-06-15 10:18:00,AUTH57317798
PAY0004311,ORD0004225,DEBIT_CARD,1242.54,REFUNDED,2025-11-02 11:49:00,AUTH34325944
PAY0004312,ORD0004226,AFTERPAY,536.7,REFUNDED,2025-09-27 20:28:00,AUTH18386140
PAY0004313,ORD0004227,PAYPAL,1347.31,DECLINED,2025-05-18 11:14:00,AUTH77684679
PAY0004314,ORD0004228,DEBIT_CARD,39.21,SETTLED,2025-06-07 17:32:00,AUTH45797490
PAY0004315,ORD0004229,DEBIT_CARD,1511.61,SETTLED,2025-05-20 04:24:00,AUTH67226492
PAY0004316,ORD0004230,CREDIT_CARD,1096.95,DECLINED,2025-05-12 14:27:00,AUTH23730892
PAY0004317,ORD0004231,DEBIT_CARD,1865.12,SETTLED,2025-09-11 05:33:00,AUTH21726028
PAY0004318,ORD0004232,DEBIT_CARD,2346.91,SETTLED,2025-09-12 19:26:00,AUTH19012126
PAY0004319,ORD0004233,DEBIT_CARD,533.94,SETTLED,2025-07-01 18:35:00,AUTH39425003
PAY0004320,ORD0004234,DEBIT_CARD,2245.7,SETTLED,2025-11-12 18:51:00,AUTH26138522
PAY0004321,ORD0004235,DEBIT_CARD,1196.55,DECLINED,2025-12-18 05:47:00,AUTH67761195
PAY0004322,ORD0004235,GIFT_CARD,906.98,SETTLED,2025-12-22 08:30:00,AUTH21569422
PAY0004323,ORD0004236,PAYPAL,1576.08,SETTLED,2025-09-29 18:58:00,AUTH22909623
PAY0004324,ORD0004237,GIFT_CARD,1955.66,SETTLED,2025-09-24 11:25:00,AUTH60812581
PAY0004325,ORD0004238,DEBIT_CARD,2033.89,DECLINED,2025-08-04 00:47:00,AUTH85465922
PAY0004326,ORD0004239,AFTERPAY,2029.86,SETTLED,2025-05-30 12:49:00,AUTH52357115
PAY0004327,ORD0004240,BANK_TRANSFER,2026.26,SETTLED,2025-05-25 17:56:00,AUTH11189078
PAY0004328,ORD0004241,DEBIT_CARD,1818.66,SETTLED,2025-07-03 15:51:00,AUTH30026247
PAY0004329,ORD0004242,GIFT_CARD,124.88,SETTLED,2025-12-18 01:37:00,AUTH90593168
PAY0004330,ORD0004243,DEBIT_CARD,1581.36,DECLINED,2025-10-27 03:22:00,AUTH45784492
PAY0004331,ORD0004244,AFTERPAY,1601.11,SETTLED,2025-11-08 18:00:00,AUTH35564573
PAY0004332,ORD0004245,GIFT_CARD,673.05,SETTLED,2025-05-31 12:03:00,AUTH95763814
PAY0004333,ORD0004246,DEBIT_CARD,1767.16,REFUNDED,2025-11-26 11:02:00,AUTH91887686
PAY0004334,ORD0004247,AFTERPAY,251.21,SETTLED,2025-06-17 22:21:00,AUTH95116991
PAY0004335,ORD0004248,DEBIT_CARD,1234.33,SETTLED,2025-10-31 18:31:00,AUTH10432556
PAY0004336,ORD0004249,DEBIT_CARD,872.11,SETTLED,2025-07-20 22:42:00,AUTH60055887
PAY0004337,ORD0004250,CREDIT_CARD,1270.97,SETTLED,2025-06-14 04:25:00,AUTH63990186
PAY0004338,ORD0004251,AFTERPAY,682.01,SETTLED,2025-08-21 04:02:00,AUTH33350867
PAY0004339,ORD0004252,PAYPAL,2268.56,REFUNDED,2025-10-16 05:24:00,AUTH72961665
PAY0004340,ORD0004253,BANK_TRANSFER,1407.82,SETTLED,2025-06-10 13:17:00,AUTH23527933
PAY0004341,ORD0004254,AFTERPAY,1517.03,SETTLED,2025-06-18 13:40:00,AUTH50014850
PAY0004342,ORD0004254,AFTERPAY,2389.21,SETTLED,2025-06-21 02:23:00,AUTH64839708
PAY0004343,ORD0004255,BANK_TRANSFER,1708.21,SETTLED,2025-05-29 23:10:00,AUTH49298555
PAY0004344,ORD0004256,PAYPAL,1133.53,SETTLED,2025-07-20 16:32:00,AUTH21232425
PAY0004345,ORD0004257,CREDIT_CARD,1527.55,SETTLED,2025-07-15 09:25:00,AUTH68090739
PAY0004346,ORD0004258,PAYPAL,806.33,REFUNDED,2025-12-23 12:38:00,AUTH81998450
PAY0004347,ORD0004259,DEBIT_CARD,882.61,SETTLED,2025-06-04 07:40:00,AUTH94644655
PAY0004348,ORD0004260,PAYPAL,2213.17,SETTLED,2025-12-26 09:19:00,AUTH25025609
PAY0004349,ORD0004261,PAYPAL,638.15,SETTLED,2025-12-20 14:15:00,AUTH30073519
PAY0004350,ORD0004262,GIFT_CARD,1687.72,SETTLED,2025-06-08 01:17:00,AUTH89290098
PAY0004351,ORD0004263,BANK_TRANSFER,1609.02,SETTLED,2025-09-10 22:00:00,AUTH71754696
PAY0004352,ORD0004264,CREDIT_CARD,557.86,SETTLED,2025-09-12 23:12:00,AUTH72782670
PAY0004353,ORD0004265,CREDIT_CARD,2240.29,SETTLED,2025-12-01 10:18:00,AUTH51077666
PAY0004354,ORD0004266,PAYPAL,1351.07,SETTLED,2025-06-11 09:38:00,AUTH26888872
PAY0004355,ORD0004267,DEBIT_CARD,1794.83,SETTLED,2025-05-08 01:53:00,AUTH55341307
PAY0004356,ORD0004268,BANK_TRANSFER,1217.02,DECLINED,2025-11-13 08:59:00,AUTH15196637
PAY0004357,ORD0004269,DEBIT_CARD,1113.36,SETTLED,2025-08-18 16:35:00,AUTH26172980
PAY0004358,ORD0004270,BANK_TRANSFER,2329.17,DECLINED,2025-11-01 14:35:00,AUTH79062643
PAY0004359,ORD0004271,CREDIT_CARD,448.95,REFUNDED,2025-06-30 09:12:00,AUTH13038335
PAY0004360,ORD0004272,AFTERPAY,316.77,SETTLED,2025-12-17 10:25:00,AUTH31087113
PAY0004361,ORD0004273,AFTERPAY,1453.27,SETTLED,2025-10-01 01:15:00,AUTH11942040
PAY0004362,ORD0004274,CREDIT_CARD,720.12,SETTLED,2025-05-22 15:34:00,AUTH88220648
PAY0004363,ORD0004275,CREDIT_CARD,1570.77,SETTLED,2025-08-22 18:14:00,AUTH10295623
PAY0004364,ORD0004276,CREDIT_CARD,1065.23,SETTLED,2025-11-07 20:20:00,AUTH33096384
PAY0004365,ORD0004277,AFTERPAY,324.24,SETTLED,2025-07-26 05:44:00,AUTH85621830
PAY0004366,ORD0004278,GIFT_CARD,387.69,SETTLED,2025-05-23 08:26:00,AUTH40730399
PAY0004367,ORD0004279,CREDIT_CARD,353.04,SETTLED,2025-06-17 06:41:00,AUTH19550131
PAY0004368,ORD0004280,DEBIT_CARD,1379.82,SETTLED,2025-09-11 18:47:00,AUTH78851284
PAY0004369,ORD0004281,DEBIT_CARD,1790.45,DECLINED,2025-10-09 23:05:00,AUTH50494837
PAY0004370,ORD0004282,AFTERPAY,638.52,SETTLED,2025-12-03 08:46:00,AUTH43617458
PAY0004371,ORD0004283,DEBIT_CARD,777.61,SETTLED,2025-07-12 14:57:00,AUTH75621812
PAY0004372,ORD0004284,GIFT_CARD,1958.04,SETTLED,2025-12-30 09:29:00,AUTH84083468
PAY0004373,ORD0004285,GIFT_CARD,79.66,SETTLED,2025-05-06 07:24:00,AUTH47848411
PAY0004374,ORD0004286,GIFT_CARD,1607.54,SETTLED,2025-12-10 06:21:00,AUTH92003028
PAY0004375,ORD0004287,BANK_TRANSFER,2177.44,SETTLED,2025-06-07 22:22:00,AUTH76709080
PAY0004376,ORD0004288,AFTERPAY,734.02,SETTLED,2025-12-15 12:23:00,AUTH92222676
PAY0004377,ORD0004289,DEBIT_CARD,1026.92,REFUNDED,2025-12-11 18:08:00,AUTH20417811
PAY0004378,ORD0004290,GIFT_CARD,609.31,SETTLED,2025-12-18 23:22:00,AUTH89448595
PAY0004379,ORD0004291,AFTERPAY,885.0,SETTLED,2025-05-06 12:52:00,AUTH54476188
PAY0004380,ORD0004292,AFTERPAY,44.74,REFUNDED,2025-11-27 22:48:00,AUTH26082084
PAY0004381,ORD0004293,DEBIT_CARD,338.65,SETTLED,2025-06-21 15:14:00,AUTH88595463
PAY0004382,ORD0004294,CREDIT_CARD,1219.1,REFUNDED,2025-11-12 19:00:00,AUTH59035078
PAY0004383,ORD0004295,DEBIT_CARD,1896.74,SETTLED,2025-09-28 16:44:00,AUTH21533379
PAY0004384,ORD0004296,PAYPAL,262.33,SETTLED,2025-12-19 00:19:00,AUTH75159495
PAY0004385,ORD0004297,PAYPAL,961.86,SETTLED,2025-06-19 11:43:00,AUTH18096807
PAY0004386,ORD0004298,CREDIT_CARD,123.2,SETTLED,2025-11-24 03:53:00,AUTH83732782
PAY0004387,ORD0004299,GIFT_CARD,619.53,SETTLED,2025-09-03 09:15:00,AUTH66676181
PAY0004388,ORD0004300,GIFT_CARD,194.06,SETTLED,2025-07-12 01:55:00,AUTH78375668
PAY0004389,ORD0004301,AFTERPAY,2330.25,SETTLED,2025-12-24 21:52:00,AUTH91945734
PAY0004390,ORD0004302,PAYPAL,2021.32,SETTLED,2025-05-08 23:22:00,AUTH41843599
PAY0004391,ORD0004303,DEBIT_CARD,74.6,SETTLED,2025-06-07 02:19:00,AUTH32193218
PAY0004392,ORD0004304,AFTERPAY,50.93,SETTLED,2025-07-20 11:15:00,AUTH26715819
PAY0004393,ORD0004305,GIFT_CARD,203.71,SETTLED,2025-09-21 06:29:00,AUTH60577221
PAY0004394,ORD0004306,BANK_TRANSFER,141.29,SETTLED,2025-11-25 21:11:00,AUTH15695083
PAY0004395,ORD0004307,AFTERPAY,544.06,SETTLED,2025-10-22 17:46:00,AUTH26836265
PAY0004396,ORD0004308,AFTERPAY,1310.01,DECLINED,2025-07-15 07:02:00,AUTH13630859
PAY0004397,ORD0004309,BANK_TRANSFER,1965.49,SETTLED,2025-10-17 12:19:00,AUTH62812029
PAY0004398,ORD0004310,AFTERPAY,2340.6,SETTLED,2025-09-19 02:20:00,AUTH14600795
PAY0004399,ORD0004311,CREDIT_CARD,1333.56,REFUNDED,2025-12-05 02:59:00,AUTH55700949
PAY0004400,ORD0004312,CREDIT_CARD,1047.79,SETTLED,2025-08-14 07:27:00,AUTH12907939
PAY0004401,ORD0004313,PAYPAL,1000.82,SETTLED,2025-11-18 15:10:00,AUTH72163162
PAY0004402,ORD0004314,AFTERPAY,2212.56,SETTLED,2025-06-24 21:07:00,AUTH38250585
PAY0004403,ORD0004315,DEBIT_CARD,2235.7,DECLINED,2025-08-17 21:15:00,AUTH12635993
PAY0004404,ORD0004316,PAYPAL,2268.4,SETTLED,2025-05-18 14:58:00,AUTH97763140
PAY0004405,ORD0004317,BANK_TRANSFER,2362.82,DECLINED,2025-11-30 08:55:00,AUTH45002354
PAY0004406,ORD0004318,GIFT_CARD,185.19,SETTLED,2025-08-18 00:43:00,AUTH10323814
PAY0004407,ORD0004318,CREDIT_CARD,314.14,SETTLED,2025-08-12 12:03:00,AUTH96674338
PAY0004408,ORD0004319,AFTERPAY,1268.58,SETTLED,2025-11-28 14:05:00,AUTH74491937
PAY0004409,ORD0004320,DEBIT_CARD,546.36,SETTLED,2025-06-11 01:19:00,AUTH51026326
PAY0004410,ORD0004321,PAYPAL,2185.46,SETTLED,2025-08-24 12:41:00,AUTH36594356
PAY0004411,ORD0004322,AFTERPAY,1404.81,SETTLED,2025-12-10 09:10:00,AUTH52496941
PAY0004412,ORD0004323,GIFT_CARD,1240.46,REFUNDED,2025-09-12 01:13:00,AUTH54696310
PAY0004413,ORD0004324,DEBIT_CARD,2257.55,REFUNDED,2025-12-20 05:11:00,AUTH32430308
PAY0004414,ORD0004324,AFTERPAY,2026.23,SETTLED,2025-06-09 01:10:00,AUTH14939125
PAY0004415,ORD0004325,BANK_TRANSFER,444.28,SETTLED,2025-05-11 14:14:00,AUTH61604008
PAY0004416,ORD0004326,PAYPAL,1201.72,SETTLED,2025-06-12 00:30:00,AUTH17016911
PAY0004417,ORD0004327,CREDIT_CARD,1097.55,DECLINED,2025-08-10 01:11:00,AUTH50065809
PAY0004418,ORD0004328,DEBIT_CARD,2130.23,SETTLED,2025-10-24 17:42:00,AUTH65355959
PAY0004419,ORD0004329,CREDIT_CARD,642.07,SETTLED,2025-06-17 07:38:00,AUTH60951524
PAY0004420,ORD0004330,CREDIT_CARD,2099.71,REFUNDED,2025-08-28 17:07:00,AUTH89838482
PAY0004421,ORD0004331,CREDIT_CARD,291.82,SETTLED,2025-08-09 05:22:00,AUTH93123760
PAY0004422,ORD0004332,CREDIT_CARD,336.57,SETTLED,2025-10-03 04:50:00,AUTH92927661
PAY0004423,ORD0004333,CREDIT_CARD,873.43,SETTLED,2025-08-03 15:23:00,AUTH56505127
PAY0004424,ORD0004334,PAYPAL,1287.47,SETTLED,2025-07-02 20:52:00,AUTH88913745
PAY0004425,ORD0004335,PAYPAL,464.72,SETTLED,2025-07-29 12:58:00,AUTH45637643
PAY0004426,ORD0004336,PAYPAL,883.05,SETTLED,2025-09-13 03:11:00,AUTH98436011
PAY0004427,ORD0004337,DEBIT_CARD,642.71,SETTLED,2025-12-05 12:19:00,AUTH27835152
PAY0004428,ORD0004338,AFTERPAY,2210.71,SETTLED,2025-12-24 11:02:00,AUTH62787246
PAY0004429,ORD0004339,PAYPAL,1107.3,SETTLED,2025-10-14 14:34:00,AUTH30934429
PAY0004430,ORD0004340,DEBIT_CARD,1113.34,SETTLED,2025-05-06 04:29:00,AUTH41169353
PAY0004431,ORD0004341,AFTERPAY,86.87,SETTLED,2025-08-10 05:23:00,AUTH31742369
PAY0004432,ORD0004342,AFTERPAY,871.9,SETTLED,2025-11-25 21:12:00,AUTH21609368
PAY0004433,ORD0004343,DEBIT_CARD,2255.86,SETTLED,2025-11-21 12:12:00,AUTH77959655
PAY0004434,ORD0004344,DEBIT_CARD,2204.33,SETTLED,2025-08-17 04:00:00,AUTH41947314
PAY0004435,ORD0004345,DEBIT_CARD,1290.26,REFUNDED,2025-12-27 00:07:00,AUTH86253275
PAY0004436,ORD0004346,DEBIT_CARD,468.76,DECLINED,2025-07-16 04:46:00,AUTH86736900
PAY0004437,ORD0004347,BANK_TRANSFER,1874.07,SETTLED,2025-06-10 11:26:00,AUTH92194564
PAY0004438,ORD0004348,AFTERPAY,1016.83,SETTLED,2025-10-28 03:17:00,AUTH73358450
PAY0004439,ORD0004349,DEBIT_CARD,571.59,SETTLED,2025-06-23 22:42:00,AUTH56397802
PAY0004440,ORD0004350,GIFT_CARD,1793.31,SETTLED,2025-06-30 11:09:00,AUTH35845589
PAY0004441,ORD0004351,GIFT_CARD,1385.93,SETTLED,2025-07-26 12:09:00,AUTH36112028
PAY0004442,ORD0004352,AFTERPAY,383.16,SETTLED,2025-08-08 07:03:00,AUTH90099109
PAY0004443,ORD0004353,GIFT_CARD,1580.07,SETTLED,2025-12-03 16:11:00,AUTH41295376
PAY0004444,ORD0004354,CREDIT_CARD,755.38,SETTLED,2025-12-09 19:48:00,AUTH85187111
PAY0004445,ORD0004355,BANK_TRANSFER,1286.77,SETTLED,2025-06-18 22:04:00,AUTH37573894
PAY0004446,ORD0004356,CREDIT_CARD,1363.2,SETTLED,2025-08-12 23:43:00,AUTH80609031
PAY0004447,ORD0004357,AFTERPAY,881.02,SETTLED,2025-08-17 20:56:00,AUTH36758997
PAY0004448,ORD0004358,DEBIT_CARD,1132.67,SETTLED,2025-08-05 20:47:00,AUTH75486087
PAY0004449,ORD0004359,DEBIT_CARD,1400.75,REFUNDED,2025-11-29 01:01:00,AUTH61327052
PAY0004450,ORD0004360,GIFT_CARD,1408.68,SETTLED,2025-08-21 13:14:00,AUTH40469235
PAY0004451,ORD0004361,BANK_TRANSFER,224.33,SETTLED,2025-05-17 07:57:00,AUTH63445858
PAY0004452,ORD0004362,AFTERPAY,1272.33,REFUNDED,2025-07-24 15:23:00,AUTH93394063
PAY0004453,ORD0004363,BANK_TRANSFER,1168.34,SETTLED,2025-09-12 04:23:00,AUTH94236497
PAY0004454,ORD0004364,PAYPAL,2031.29,REFUNDED,2025-09-19 10:02:00,AUTH47623924
PAY0004455,ORD0004364,GIFT_CARD,746.73,REFUNDED,2025-09-07 04:19:00,AUTH25080174
PAY0004456,ORD0004365,CREDIT_CARD,2084.51,SETTLED,2025-10-04 04:41:00,AUTH14230925
PAY0004457,ORD0004366,AFTERPAY,1471.29,DECLINED,2025-08-15 12:17:00,AUTH42946040
PAY0004458,ORD0004367,PAYPAL,1000.25,SETTLED,2025-06-28 11:53:00,AUTH61767053
PAY0004459,ORD0004368,PAYPAL,1474.16,SETTLED,2025-05-26 12:46:00,AUTH50836350
PAY0004460,ORD0004369,GIFT_CARD,493.67,SETTLED,2025-10-24 12:48:00,AUTH13265733
PAY0004461,ORD0004370,BANK_TRANSFER,602.62,SETTLED,2025-06-02 06:18:00,AUTH66007682
PAY0004462,ORD0004371,PAYPAL,918.29,SETTLED,2025-10-07 16:52:00,AUTH57060349
PAY0004463,ORD0004372,PAYPAL,1323.46,SETTLED,2025-11-23 00:59:00,AUTH39480179
PAY0004464,ORD0004373,BANK_TRANSFER,2397.12,SETTLED,2025-05-11 05:06:00,AUTH54573974
PAY0004465,ORD0004374,PAYPAL,301.97,SETTLED,2025-08-23 15:58:00,AUTH24639395
PAY0004466,ORD0004375,GIFT_CARD,1842.09,SETTLED,2025-06-23 23:25:00,AUTH65686642
PAY0004467,ORD0004376,PAYPAL,751.01,SETTLED,2025-08-29 14:20:00,AUTH44460780
PAY0004468,ORD0004377,DEBIT_CARD,1163.73,SETTLED,2025-08-18 13:20:00,AUTH55972617
PAY0004469,ORD0004378,GIFT_CARD,512.7,SETTLED,2025-11-08 15:36:00,AUTH28815728
PAY0004470,ORD0004379,GIFT_CARD,1663.64,DECLINED,2025-11-15 18:29:00,AUTH56107314
PAY0004471,ORD0004380,PAYPAL,660.49,SETTLED,2025-11-25 19:34:00,AUTH13581075
PAY0004472,ORD0004381,CREDIT_CARD,1081.1,SETTLED,2025-06-30 09:53:00,AUTH86890229
PAY0004473,ORD0004382,PAYPAL,2347.45,SETTLED,2025-07-07 18:44:00,AUTH74097819
PAY0004474,ORD0004383,PAYPAL,210.09,SETTLED,2025-11-29 16:19:00,AUTH34651555
PAY0004475,ORD0004384,AFTERPAY,1567.28,SETTLED,2025-09-19 09:40:00,AUTH17657737
PAY0004476,ORD0004385,DEBIT_CARD,2226.7,SETTLED,2025-05-20 06:47:00,AUTH70883891
PAY0004477,ORD0004386,AFTERPAY,740.82,SETTLED,2025-12-19 14:21:00,AUTH28390391
PAY0004478,ORD0004387,DEBIT_CARD,738.44,SETTLED,2025-11-11 10:29:00,AUTH16170218
PAY0004479,ORD0004388,AFTERPAY,187.19,SETTLED,2025-10-08 10:00:00,AUTH81344494
PAY0004480,ORD0004389,AFTERPAY,724.2,SETTLED,2025-08-25 21:50:00,AUTH75280230
PAY0004481,ORD0004390,GIFT_CARD,2047.92,SETTLED,2025-08-29 02:19:00,AUTH47984354
PAY0004482,ORD0004391,PAYPAL,1009.05,SETTLED,2025-08-29 08:26:00,AUTH34223288
PAY0004483,ORD0004392,CREDIT_CARD,2006.46,SETTLED,2025-11-03 06:17:00,AUTH74722929
PAY0004484,ORD0004393,DEBIT_CARD,492.13,SETTLED,2025-05-23 18:09:00,AUTH41274509
PAY0004485,ORD0004394,PAYPAL,860.07,SETTLED,2025-10-16 11:54:00,AUTH51068088
PAY0004486,ORD0004395,AFTERPAY,1844.14,REFUNDED,2025-05-10 22:40:00,AUTH59616260
PAY0004487,ORD0004396,PAYPAL,681.84,SETTLED,2025-08-16 19:52:00,AUTH92971340
PAY0004488,ORD0004397,CREDIT_CARD,1033.7,SETTLED,2025-09-13 20:17:00,AUTH16698800
PAY0004489,ORD0004398,CREDIT_CARD,871.06,SETTLED,2025-10-05 16:52:00,AUTH59818089
PAY0004490,ORD0004399,PAYPAL,1069.38,SETTLED,2025-12-24 23:06:00,AUTH90869640
PAY0004491,ORD0004400,CREDIT_CARD,11.19,SETTLED,2025-12-08 10:16:00,AUTH21005241
PAY0004492,ORD0004401,AFTERPAY,1100.85,SETTLED,2025-10-12 01:33:00,AUTH14073701
PAY0004493,ORD0004402,PAYPAL,1869.71,SETTLED,2025-09-08 02:58:00,AUTH67796253
PAY0004494,ORD0004403,CREDIT_CARD,1558.8,SETTLED,2025-07-30 22:34:00,AUTH41948719
PAY0004495,ORD0004404,AFTERPAY,1203.2,SETTLED,2025-09-14 04:07:00,AUTH30792757
PAY0004496,ORD0004405,BANK_TRANSFER,909.59,DECLINED,2025-08-19 18:07:00,AUTH83519760
PAY0004497,ORD0004406,DEBIT_CARD,1113.42,SETTLED,2025-10-12 17:56:00,AUTH30265522
PAY0004498,ORD0004407,AFTERPAY,2031.68,SETTLED,2025-10-05 12:46:00,AUTH58815154
PAY0004499,ORD0004408,CREDIT_CARD,788.63,SETTLED,2025-09-12 18:14:00,AUTH96793386
PAY0004500,ORD0004409,BANK_TRANSFER,1615.89,SETTLED,2025-12-25 12:13:00,AUTH83521988
PAY0004501,ORD0004410,CREDIT_CARD,2258.38,SETTLED,2025-11-08 21:06:00,AUTH58083370
PAY0004502,ORD0004411,PAYPAL,1974.56,SETTLED,2025-08-15 20:00:00,AUTH85578576
PAY0004503,ORD0004412,GIFT_CARD,1644.74,SETTLED,2025-05-15 14:54:00,AUTH69784704
PAY0004504,ORD0004413,DEBIT_CARD,785.15,SETTLED,2025-09-07 23:27:00,AUTH81634508
PAY0004505,ORD0004414,BANK_TRANSFER,1674.25,SETTLED,2025-07-23 18:18:00,AUTH74656278
PAY0004506,ORD0004415,GIFT_CARD,1985.7,REFUNDED,2025-07-31 08:03:00,AUTH44390202
PAY0004507,ORD0004416,CREDIT_CARD,51.46,REFUNDED,2025-05-16 15:12:00,AUTH68694902
PAY0004508,ORD0004417,PAYPAL,502.57,SETTLED,2025-06-11 07:50:00,AUTH45957847
PAY0004509,ORD0004418,BANK_TRANSFER,1496.56,DECLINED,2025-10-24 14:48:00,AUTH50479911
PAY0004510,ORD0004419,PAYPAL,1907.96,SETTLED,2025-05-14 01:33:00,AUTH36982016
PAY0004511,ORD0004420,PAYPAL,2135.03,SETTLED,2025-12-13 01:08:00,AUTH36414198
PAY0004512,ORD0004421,DEBIT_CARD,705.02,DECLINED,2025-08-06 03:09:00,AUTH49376616
PAY0004513,ORD0004422,BANK_TRANSFER,2047.37,REFUNDED,2025-08-12 02:07:00,AUTH71877609
PAY0004514,ORD0004423,CREDIT_CARD,1696.39,SETTLED,2025-10-09 19:38:00,AUTH79994570
PAY0004515,ORD0004424,CREDIT_CARD,307.82,SETTLED,2025-09-29 13:28:00,AUTH15484436
PAY0004516,ORD0004425,GIFT_CARD,2044.25,SETTLED,2025-05-29 17:50:00,AUTH79347301
PAY0004517,ORD0004426,GIFT_CARD,697.72,SETTLED,2025-12-18 07:08:00,AUTH50306416
PAY0004518,ORD0004427,GIFT_CARD,657.42,REFUNDED,2025-10-18 14:16:00,AUTH64657565
PAY0004519,ORD0004428,DEBIT_CARD,298.39,SETTLED,2025-05-18 11:41:00,AUTH55196333
PAY0004520,ORD0004429,BANK_TRANSFER,1164.1,SETTLED,2025-05-09 19:30:00,AUTH98441433
PAY0004521,ORD0004430,AFTERPAY,944.31,DECLINED,2025-08-01 11:41:00,AUTH22259370
PAY0004522,ORD0004431,BANK_TRANSFER,1759.47,SETTLED,2025-12-28 09:49:00,AUTH54856760
PAY0004523,ORD0004432,GIFT_CARD,1554.92,SETTLED,2025-07-22 23:32:00,AUTH85184530
PAY0004524,ORD0004433,PAYPAL,1823.12,SETTLED,2025-08-25 07:11:00,AUTH24963718
PAY0004525,ORD0004434,GIFT_CARD,2329.1,SETTLED,2025-09-08 13:00:00,AUTH24381830
PAY0004526,ORD0004435,DEBIT_CARD,1727.24,SETTLED,2025-10-04 17:41:00,AUTH90558756
PAY0004527,ORD0004436,BANK_TRANSFER,926.77,SETTLED,2025-06-23 05:31:00,AUTH63458032
PAY0004528,ORD0004437,CREDIT_CARD,1340.59,REFUNDED,2025-05-17 15:38:00,AUTH65569678
PAY0004529,ORD0004438,CREDIT_CARD,354.0,REFUNDED,2025-07-03 01:52:00,AUTH48482732
PAY0004530,ORD0004439,PAYPAL,1004.16,SETTLED,2025-08-06 16:29:00,AUTH47030647
PAY0004531,ORD0004440,AFTERPAY,1131.57,SETTLED,2025-10-15 14:32:00,AUTH35943886
PAY0004532,ORD0004441,DEBIT_CARD,2364.92,SETTLED,2025-07-29 14:41:00,AUTH70932915
PAY0004533,ORD0004442,AFTERPAY,1693.15,SETTLED,2025-07-16 00:39:00,AUTH23131097
PAY0004534,ORD0004443,BANK_TRANSFER,1532.73,SETTLED,2025-09-16 01:17:00,AUTH96098656
PAY0004535,ORD0004444,PAYPAL,1419.08,SETTLED,2025-05-27 23:20:00,AUTH60838463
PAY0004536,ORD0004445,PAYPAL,864.85,SETTLED,2025-06-26 02:24:00,AUTH81331297
PAY0004537,ORD0004446,AFTERPAY,714.8,DECLINED,2025-10-18 17:10:00,AUTH84863210
PAY0004538,ORD0004447,CREDIT_CARD,207.84,SETTLED,2025-12-17 17:50:00,AUTH54109853
PAY0004539,ORD0004448,PAYPAL,1173.23,DECLINED,2025-08-14 05:54:00,AUTH32433834
PAY0004540,ORD0004449,AFTERPAY,535.42,SETTLED,2025-11-18 23:26:00,AUTH87854287
PAY0004541,ORD0004450,DEBIT_CARD,1848.98,SETTLED,2025-11-04 23:49:00,AUTH23630289
PAY0004542,ORD0004451,AFTERPAY,2050.36,SETTLED,2025-05-10 06:13:00,AUTH99202795
PAY0004543,ORD0004452,GIFT_CARD,2211.59,SETTLED,2025-08-17 02:33:00,AUTH87944157
PAY0004544,ORD0004453,PAYPAL,1795.9,SETTLED,2025-11-30 13:53:00,AUTH78045983
PAY0004545,ORD0004454,GIFT_CARD,2272.48,SETTLED,2025-12-18 23:41:00,AUTH26395564
PAY0004546,ORD0004455,BANK_TRANSFER,1990.49,SETTLED,2025-05-08 02:55:00,AUTH55601256
PAY0004547,ORD0004456,DEBIT_CARD,1168.7,SETTLED,2025-07-25 23:47:00,AUTH27639001
PAY0004548,ORD0004457,AFTERPAY,1128.25,REFUNDED,2025-08-08 23:01:00,AUTH11709379
PAY0004549,ORD0004458,PAYPAL,1969.02,SETTLED,2025-06-27 10:17:00,AUTH12543223
PAY0004550,ORD0004459,PAYPAL,823.85,SETTLED,2025-10-03 00:21:00,AUTH48288613
PAY0004551,ORD0004460,PAYPAL,1847.7,SETTLED,2025-11-19 01:45:00,AUTH95162631
PAY0004552,ORD0004461,BANK_TRANSFER,2184.8,SETTLED,2025-12-02 02:36:00,AUTH69469328
PAY0004553,ORD0004461,BANK_TRANSFER,540.09,REFUNDED,2025-11-18 02:20:00,AUTH28297019
PAY0004554,ORD0004462,BANK_TRANSFER,38.23,SETTLED,2025-08-09 01:45:00,AUTH61398661
PAY0004555,ORD0004463,DEBIT_CARD,839.52,SETTLED,2025-09-10 18:37:00,AUTH89610049
PAY0004556,ORD0004464,AFTERPAY,1794.31,SETTLED,2025-07-02 20:06:00,AUTH59009160
PAY0004557,ORD0004465,GIFT_CARD,526.6,SETTLED,2025-12-02 09:07:00,AUTH51484991
PAY0004558,ORD0004466,BANK_TRANSFER,1403.44,SETTLED,2025-09-22 14:59:00,AUTH33268589
PAY0004559,ORD0004467,DEBIT_CARD,121.32,SETTLED,2025-07-01 00:23:00,AUTH83932365
PAY0004560,ORD0004468,CREDIT_CARD,1265.69,SETTLED,2025-12-11 00:42:00,AUTH75680693
PAY0004561,ORD0004469,GIFT_CARD,1820.78,SETTLED,2025-10-23 06:39:00,AUTH28382732
PAY0004562,ORD0004470,GIFT_CARD,1970.51,SETTLED,2025-07-01 19:27:00,AUTH70385082
PAY0004563,ORD0004471,PAYPAL,1956.81,SETTLED,2025-05-23 01:51:00,AUTH31275054
PAY0004564,ORD0004472,CREDIT_CARD,152.33,SETTLED,2025-08-09 06:05:00,AUTH55995675
PAY0004565,ORD0004473,AFTERPAY,2156.47,SETTLED,2025-12-02 02:46:00,AUTH15153192
PAY0004566,ORD0004474,GIFT_CARD,2014.7,SETTLED,2025-08-22 07:00:00,AUTH85510336
PAY0004567,ORD0004475,CREDIT_CARD,132.75,SETTLED,2025-12-04 19:38:00,AUTH24848779
PAY0004568,ORD0004476,CREDIT_CARD,2351.3,DECLINED,2025-07-07 20:54:00,AUTH10267356
PAY0004569,ORD0004477,BANK_TRANSFER,972.78,SETTLED,2025-07-31 22:21:00,AUTH98363226
PAY0004570,ORD0004478,AFTERPAY,212.16,REFUNDED,2025-12-12 14:37:00,AUTH75385941
PAY0004571,ORD0004479,GIFT_CARD,1106.5,SETTLED,2025-09-03 02:37:00,AUTH39483165
PAY0004572,ORD0004480,PAYPAL,2166.17,SETTLED,2025-12-30 10:34:00,AUTH40598508
PAY0004573,ORD0004481,DEBIT_CARD,2168.57,SETTLED,2025-12-11 11:41:00,AUTH32258511
PAY0004574,ORD0004482,DEBIT_CARD,2068.85,DECLINED,2025-07-09 09:41:00,AUTH61060608
PAY0004575,ORD0004483,GIFT_CARD,1833.4,SETTLED,2025-08-19 03:24:00,AUTH39342320
PAY0004576,ORD0004484,GIFT_CARD,927.65,SETTLED,2025-10-25 15:57:00,AUTH41847286
PAY0004577,ORD0004484,AFTERPAY,574.99,SETTLED,2025-12-08 02:30:00,AUTH19649794
PAY0004578,ORD0004485,CREDIT_CARD,722.18,SETTLED,2025-06-16 13:50:00,AUTH21121081
PAY0004579,ORD0004486,GIFT_CARD,503.44,SETTLED,2025-10-28 05:23:00,AUTH92327555
PAY0004580,ORD0004487,GIFT_CARD,1114.18,SETTLED,2025-05-19 09:05:00,AUTH10024324
PAY0004581,ORD0004488,DEBIT_CARD,1872.4,SETTLED,2025-07-28 12:14:00,AUTH22659991
PAY0004582,ORD0004489,GIFT_CARD,106.46,SETTLED,2025-07-12 15:46:00,AUTH85540025
PAY0004583,ORD0004490,DEBIT_CARD,2004.77,SETTLED,2025-05-15 13:57:00,AUTH13715867
PAY0004584,ORD0004491,DEBIT_CARD,1631.18,SETTLED,2025-08-22 05:14:00,AUTH13047576
PAY0004585,ORD0004492,AFTERPAY,1541.48,REFUNDED,2025-08-05 21:32:00,AUTH84214925
PAY0004586,ORD0004493,PAYPAL,2075.48,SETTLED,2025-06-30 01:32:00,AUTH20007176
PAY0004587,ORD0004494,DEBIT_CARD,2049.61,SETTLED,2025-11-05 11:30:00,AUTH85975395
PAY0004588,ORD0004495,DEBIT_CARD,829.66,SETTLED,2025-06-01 00:30:00,AUTH17029248
PAY0004589,ORD0004496,DEBIT_CARD,383.52,REFUNDED,2025-07-16 10:55:00,AUTH29723935
PAY0004590,ORD0004497,CREDIT_CARD,1754.86,SETTLED,2025-11-02 10:40:00,AUTH85709008
PAY0004591,ORD0004498,GIFT_CARD,1247.41,SETTLED,2025-10-23 23:11:00,AUTH84660437
PAY0004592,ORD0004499,PAYPAL,316.68,DECLINED,2025-09-23 00:10:00,AUTH27932846
PAY0004593,ORD0004500,DEBIT_CARD,1259.56,SETTLED,2025-09-25 12:42:00,AUTH45828225
PAY0004594,ORD0004501,DEBIT_CARD,928.53,SETTLED,2025-07-01 22:02:00,AUTH64936453
PAY0004595,ORD0004502,GIFT_CARD,1426.66,SETTLED,2025-10-26 22:47:00,AUTH85563106
PAY0004596,ORD0004503,CREDIT_CARD,1715.86,SETTLED,2025-06-16 04:55:00,AUTH24130114
PAY0004597,ORD0004504,AFTERPAY,1858.75,SETTLED,2025-06-07 12:59:00,AUTH23265247
PAY0004598,ORD0004505,BANK_TRANSFER,1774.36,SETTLED,2025-11-08 17:19:00,AUTH80352095
PAY0004599,ORD0004506,CREDIT_CARD,2259.72,SETTLED,2025-12-30 09:12:00,AUTH33757674
PAY0004600,ORD0004507,AFTERPAY,1232.96,SETTLED,2025-06-06 10:23:00,AUTH76579886
PAY0004601,ORD0004508,DEBIT_CARD,2348.88,SETTLED,2025-11-21 13:41:00,AUTH56784446
PAY0004602,ORD0004509,CREDIT_CARD,669.46,SETTLED,2025-10-14 23:15:00,AUTH14594744
PAY0004603,ORD0004510,AFTERPAY,862.95,SETTLED,2025-10-19 09:55:00,AUTH96972919
PAY0004604,ORD0004511,GIFT_CARD,871.05,SETTLED,2025-08-03 22:01:00,AUTH36778863
PAY0004605,ORD0004512,GIFT_CARD,1512.01,SETTLED,2025-05-13 09:01:00,AUTH34973376
PAY0004606,ORD0004513,DEBIT_CARD,1697.63,SETTLED,2025-06-21 14:33:00,AUTH31124122
PAY0004607,ORD0004514,AFTERPAY,1503.43,DECLINED,2025-07-09 01:28:00,AUTH95253059
PAY0004608,ORD0004515,BANK_TRANSFER,1964.34,DECLINED,2025-09-15 19:47:00,AUTH19873191
PAY0004609,ORD0004516,DEBIT_CARD,888.18,SETTLED,2025-09-29 04:02:00,AUTH28679320
PAY0004610,ORD0004517,CREDIT_CARD,1191.41,SETTLED,2025-10-08 08:50:00,AUTH21886072
PAY0004611,ORD0004518,DEBIT_CARD,2328.92,SETTLED,2025-08-18 20:47:00,AUTH21151918
PAY0004612,ORD0004519,DEBIT_CARD,1483.33,SETTLED,2025-09-22 18:34:00,AUTH98769998
PAY0004613,ORD0004520,PAYPAL,586.6,SETTLED,2025-05-22 23:09:00,AUTH58756096
PAY0004614,ORD0004521,CREDIT_CARD,131.95,SETTLED,2025-05-07 23:06:00,AUTH37750062
PAY0004615,ORD0004522,GIFT_CARD,863.31,SETTLED,2025-05-07 06:25:00,AUTH62894450
PAY0004616,ORD0004523,DEBIT_CARD,1514.45,REFUNDED,2025-11-08 20:50:00,AUTH90996544
PAY0004617,ORD0004524,AFTERPAY,2048.68,DECLINED,2025-09-08 09:07:00,AUTH89546745
PAY0004618,ORD0004525,DEBIT_CARD,507.62,SETTLED,2025-11-17 09:58:00,AUTH83594559
PAY0004619,ORD0004526,CREDIT_CARD,1222.16,SETTLED,2025-07-03 22:58:00,AUTH30897810
PAY0004620,ORD0004527,AFTERPAY,970.33,SETTLED,2025-06-01 02:31:00,AUTH20508580
PAY0004621,ORD0004528,PAYPAL,747.33,SETTLED,2025-07-01 02:54:00,AUTH51029684
PAY0004622,ORD0004529,AFTERPAY,901.44,SETTLED,2025-07-24 12:51:00,AUTH94787506
PAY0004623,ORD0004530,AFTERPAY,2193.87,SETTLED,2025-08-27 15:50:00,AUTH38719396
PAY0004624,ORD0004531,PAYPAL,381.19,SETTLED,2025-10-19 01:05:00,AUTH58182208
PAY0004625,ORD0004532,CREDIT_CARD,1019.85,SETTLED,2025-08-08 04:46:00,AUTH47350105
PAY0004626,ORD0004533,BANK_TRANSFER,1608.08,SETTLED,2025-08-22 22:39:00,AUTH72416594
PAY0004627,ORD0004534,CREDIT_CARD,1130.18,SETTLED,2025-05-31 15:15:00,AUTH67059121
PAY0004628,ORD0004535,DEBIT_CARD,1146.81,REFUNDED,2025-08-05 19:02:00,AUTH97740932
PAY0004629,ORD0004536,DEBIT_CARD,1079.04,SETTLED,2025-06-19 15:58:00,AUTH80722755
PAY0004630,ORD0004537,DEBIT_CARD,210.03,SETTLED,2025-05-22 10:18:00,AUTH73358520
PAY0004631,ORD0004538,PAYPAL,2301.14,SETTLED,2025-08-19 04:19:00,AUTH26245322
PAY0004632,ORD0004539,CREDIT_CARD,1330.12,SETTLED,2025-08-06 03:09:00,AUTH88280676
PAY0004633,ORD0004540,DEBIT_CARD,304.4,SETTLED,2025-06-08 18:20:00,AUTH40108581
PAY0004634,ORD0004541,DEBIT_CARD,2012.67,REFUNDED,2025-09-07 00:37:00,AUTH47339851
PAY0004635,ORD0004542,CREDIT_CARD,1013.6,SETTLED,2025-09-14 14:48:00,AUTH22102586
PAY0004636,ORD0004543,PAYPAL,1810.33,SETTLED,2025-07-31 01:11:00,AUTH64227400
PAY0004637,ORD0004544,BANK_TRANSFER,1309.76,SETTLED,2025-07-02 10:27:00,AUTH50580967
PAY0004638,ORD0004545,CREDIT_CARD,242.9,DECLINED,2025-08-13 20:23:00,AUTH25666090
PAY0004639,ORD0004546,CREDIT_CARD,1961.03,DECLINED,2025-08-26 02:07:00,AUTH42944419
PAY0004640,ORD0004547,BANK_TRANSFER,1561.58,SETTLED,2025-12-29 19:43:00,AUTH26955976
PAY0004641,ORD0004548,GIFT_CARD,474.2,SETTLED,2025-10-02 10:34:00,AUTH55904898
PAY0004642,ORD0004549,AFTERPAY,1825.9,SETTLED,2025-08-28 01:07:00,AUTH77232834
PAY0004643,ORD0004550,PAYPAL,1276.64,REFUNDED,2025-10-22 20:00:00,AUTH69347901
PAY0004644,ORD0004551,DEBIT_CARD,1889.36,DECLINED,2025-11-12 06:11:00,AUTH26895939
PAY0004645,ORD0004552,DEBIT_CARD,466.71,SETTLED,2025-10-06 01:42:00,AUTH22494143
PAY0004646,ORD0004553,PAYPAL,1876.4,SETTLED,2025-07-08 07:19:00,AUTH10674982
PAY0004647,ORD0004554,BANK_TRANSFER,1778.19,SETTLED,2025-06-01 20:21:00,AUTH28486825
PAY0004648,ORD0004555,PAYPAL,497.63,SETTLED,2025-05-18 11:51:00,AUTH68323957
PAY0004649,ORD0004556,DEBIT_CARD,174.75,SETTLED,2025-10-10 22:42:00,AUTH39443488
PAY0004650,ORD0004557,GIFT_CARD,69.31,SETTLED,2025-12-26 15:31:00,AUTH44789729
PAY0004651,ORD0004558,AFTERPAY,1009.11,SETTLED,2025-12-26 06:18:00,AUTH36757166
PAY0004652,ORD0004559,GIFT_CARD,2194.06,SETTLED,2025-08-13 19:22:00,AUTH56267834
PAY0004653,ORD0004560,DEBIT_CARD,548.71,SETTLED,2025-08-04 14:38:00,AUTH70141058
PAY0004654,ORD0004561,BANK_TRANSFER,2125.74,SETTLED,2025-06-27 15:04:00,AUTH71498407
PAY0004655,ORD0004562,GIFT_CARD,1606.08,REFUNDED,2025-06-07 11:51:00,AUTH84328047
PAY0004656,ORD0004563,PAYPAL,77.86,SETTLED,2025-09-12 03:29:00,AUTH59266948
PAY0004657,ORD0004564,BANK_TRANSFER,1646.29,SETTLED,2025-05-18 21:25:00,AUTH18116201
PAY0004658,ORD0004565,AFTERPAY,846.95,SETTLED,2025-07-17 15:54:00,AUTH72696917
PAY0004659,ORD0004566,GIFT_CARD,777.88,SETTLED,2025-12-29 01:39:00,AUTH95953704
PAY0004660,ORD0004567,GIFT_CARD,998.15,SETTLED,2025-09-29 19:15:00,AUTH55960802
PAY0004661,ORD0004568,CREDIT_CARD,45.76,SETTLED,2025-08-15 18:38:00,AUTH57249638
PAY0004662,ORD0004569,PAYPAL,117.09,SETTLED,2025-11-24 10:00:00,AUTH12489286
PAY0004663,ORD0004570,DEBIT_CARD,2092.93,DECLINED,2025-09-12 20:32:00,AUTH27023770
PAY0004664,ORD0004571,DEBIT_CARD,198.43,SETTLED,2025-10-29 11:21:00,AUTH72724044
PAY0004665,ORD0004572,AFTERPAY,600.93,REFUNDED,2025-11-08 14:03:00,AUTH78487933
PAY0004666,ORD0004573,CREDIT_CARD,1244.8,REFUNDED,2025-08-05 06:06:00,AUTH40021788
PAY0004667,ORD0004574,CREDIT_CARD,1518.56,SETTLED,2025-12-22 13:19:00,AUTH70026399
PAY0004668,ORD0004575,DEBIT_CARD,1629.28,SETTLED,2025-05-15 06:36:00,AUTH81592503
PAY0004669,ORD0004576,DEBIT_CARD,1127.39,SETTLED,2025-06-08 18:27:00,AUTH75069666
PAY0004670,ORD0004577,PAYPAL,2293.52,SETTLED,2025-07-26 15:53:00,AUTH36813819
PAY0004671,ORD0004578,DEBIT_CARD,280.33,REFUNDED,2025-11-18 09:27:00,AUTH79962464
PAY0004672,ORD0004579,AFTERPAY,783.48,SETTLED,2025-05-30 07:23:00,AUTH67969967
PAY0004673,ORD0004580,DEBIT_CARD,415.25,SETTLED,2025-07-19 07:02:00,AUTH30345446
PAY0004674,ORD0004581,BANK_TRANSFER,1603.21,SETTLED,2025-07-07 19:57:00,AUTH99842106
PAY0004675,ORD0004582,GIFT_CARD,286.91,SETTLED,2025-12-17 04:52:00,AUTH88406792
PAY0004676,ORD0004583,DEBIT_CARD,2031.11,SETTLED,2025-11-03 11:22:00,AUTH73945228
PAY0004677,ORD0004584,GIFT_CARD,229.48,SETTLED,2025-12-23 01:59:00,AUTH45701534
PAY0004678,ORD0004585,PAYPAL,252.75,SETTLED,2025-08-21 09:25:00,AUTH11414264
PAY0004679,ORD0004586,DEBIT_CARD,2029.21,SETTLED,2025-08-06 00:09:00,AUTH84099291
PAY0004680,ORD0004587,GIFT_CARD,2278.57,SETTLED,2025-06-25 16:52:00,AUTH47579204
PAY0004681,ORD0004588,PAYPAL,989.64,SETTLED,2025-06-22 15:25:00,AUTH35029695
PAY0004682,ORD0004589,PAYPAL,1868.66,SETTLED,2025-07-28 18:35:00,AUTH30875773
PAY0004683,ORD0004590,DEBIT_CARD,2297.59,DECLINED,2025-07-06 08:57:00,AUTH89862705
PAY0004684,ORD0004591,AFTERPAY,1631.26,SETTLED,2025-09-17 18:56:00,AUTH11819348
PAY0004685,ORD0004592,GIFT_CARD,841.13,SETTLED,2025-09-12 14:36:00,AUTH28488837
PAY0004686,ORD0004593,AFTERPAY,141.02,SETTLED,2025-07-30 10:58:00,AUTH63873005
PAY0004687,ORD0004594,CREDIT_CARD,358.75,SETTLED,2025-05-07 12:40:00,AUTH76608544
PAY0004688,ORD0004595,PAYPAL,486.12,SETTLED,2025-10-26 06:29:00,AUTH20735039
PAY0004689,ORD0004596,BANK_TRANSFER,2060.41,SETTLED,2025-06-29 21:06:00,AUTH83511687
PAY0004690,ORD0004597,PAYPAL,1684.93,SETTLED,2025-11-14 23:03:00,AUTH57846557
PAY0004691,ORD0004598,BANK_TRANSFER,1658.45,SETTLED,2025-06-25 20:29:00,AUTH15325047
PAY0004692,ORD0004599,GIFT_CARD,1217.69,SETTLED,2025-05-07 17:51:00,AUTH96832380
PAY0004693,ORD0004600,BANK_TRANSFER,2130.48,SETTLED,2025-07-11 21:07:00,AUTH15556703
PAY0004694,ORD0004601,BANK_TRANSFER,586.21,SETTLED,2025-11-21 22:49:00,AUTH85289012
PAY0004695,ORD0004602,BANK_TRANSFER,2398.87,SETTLED,2025-10-03 16:14:00,AUTH75708630
PAY0004696,ORD0004603,GIFT_CARD,1458.68,SETTLED,2025-12-27 00:20:00,AUTH47106462
PAY0004697,ORD0004604,CREDIT_CARD,1516.87,SETTLED,2025-07-22 08:22:00,AUTH57924224
PAY0004698,ORD0004605,DEBIT_CARD,1226.29,SETTLED,2025-09-17 20:56:00,AUTH17413788
PAY0004699,ORD0004606,AFTERPAY,956.37,SETTLED,2025-05-14 19:47:00,AUTH97295482
PAY0004700,ORD0004607,CREDIT_CARD,614.33,SETTLED,2025-05-14 17:45:00,AUTH51949082
PAY0004701,ORD0004608,PAYPAL,1000.05,SETTLED,2025-10-28 09:29:00,AUTH13977699
PAY0004702,ORD0004609,PAYPAL,165.67,SETTLED,2025-05-29 16:47:00,AUTH66171685
PAY0004703,ORD0004610,CREDIT_CARD,744.05,SETTLED,2025-07-24 20:30:00,AUTH54986533
PAY0004704,ORD0004611,PAYPAL,1033.54,SETTLED,2025-08-27 17:16:00,AUTH39948767
PAY0004705,ORD0004612,PAYPAL,1650.99,REFUNDED,2025-12-31 07:56:00,AUTH47907026
PAY0004706,ORD0004613,GIFT_CARD,1518.59,DECLINED,2025-07-21 17:38:00,AUTH54854728
PAY0004707,ORD0004614,DEBIT_CARD,1282.35,SETTLED,2025-07-15 03:48:00,AUTH63464564
PAY0004708,ORD0004615,AFTERPAY,1723.74,SETTLED,2025-05-28 14:06:00,AUTH87994651
PAY0004709,ORD0004616,AFTERPAY,112.07,DECLINED,2025-09-09 03:33:00,AUTH93546757
PAY0004710,ORD0004617,CREDIT_CARD,2371.39,SETTLED,2025-10-08 04:38:00,AUTH64300415
PAY0004711,ORD0004618,AFTERPAY,1010.88,SETTLED,2025-12-03 19:33:00,AUTH84831077
PAY0004712,ORD0004619,PAYPAL,772.17,SETTLED,2025-08-20 02:39:00,AUTH95298702
PAY0004713,ORD0004620,GIFT_CARD,2308.26,SETTLED,2025-08-18 04:21:00,AUTH97878842
PAY0004714,ORD0004621,PAYPAL,1041.99,SETTLED,2025-09-30 10:20:00,AUTH72484523
PAY0004715,ORD0004622,GIFT_CARD,1575.21,SETTLED,2025-05-10 20:34:00,AUTH19249987
PAY0004716,ORD0004623,CREDIT_CARD,426.24,SETTLED,2025-10-10 12:59:00,AUTH49350748
PAY0004717,ORD0004624,PAYPAL,1757.73,REFUNDED,2025-09-12 03:49:00,AUTH18752492
PAY0004718,ORD0004625,GIFT_CARD,565.16,SETTLED,2025-11-30 11:16:00,AUTH25385969
PAY0004719,ORD0004626,CREDIT_CARD,15.76,SETTLED,2025-09-18 08:58:00,AUTH53036282
PAY0004720,ORD0004627,AFTERPAY,2285.32,REFUNDED,2025-10-17 23:03:00,AUTH13624587
PAY0004721,ORD0004628,AFTERPAY,1539.07,REFUNDED,2025-08-11 15:35:00,AUTH17981485
PAY0004722,ORD0004629,CREDIT_CARD,851.6,REFUNDED,2025-09-28 20:47:00,AUTH32977063
PAY0004723,ORD0004630,PAYPAL,2284.18,SETTLED,2025-07-24 11:12:00,AUTH44689387
PAY0004724,ORD0004631,DEBIT_CARD,1064.65,SETTLED,2025-07-09 19:08:00,AUTH65174067
PAY0004725,ORD0004632,GIFT_CARD,263.52,DECLINED,2025-09-20 15:38:00,AUTH62725542
PAY0004726,ORD0004633,PAYPAL,1310.36,SETTLED,2025-11-15 00:03:00,AUTH99385468
PAY0004727,ORD0004634,BANK_TRANSFER,2095.98,SETTLED,2025-11-28 18:44:00,AUTH83928299
PAY0004728,ORD0004635,GIFT_CARD,33.66,SETTLED,2025-07-18 06:08:00,AUTH18436918
PAY0004729,ORD0004636,BANK_TRANSFER,694.46,SETTLED,2025-07-15 12:03:00,AUTH42406328
PAY0004730,ORD0004637,CREDIT_CARD,681.68,SETTLED,2025-06-06 06:28:00,AUTH92038156
PAY0004731,ORD0004638,PAYPAL,255.23,SETTLED,2025-05-19 02:38:00,AUTH24936035
PAY0004732,ORD0004639,PAYPAL,436.64,SETTLED,2025-12-02 01:43:00,AUTH73342947
PAY0004733,ORD0004640,DEBIT_CARD,1797.5,SETTLED,2025-11-15 20:21:00,AUTH54606789
PAY0004734,ORD0004641,CREDIT_CARD,2173.7,SETTLED,2025-11-17 21:18:00,AUTH94076253
PAY0004735,ORD0004642,DEBIT_CARD,1236.67,SETTLED,2026-01-01 00:57:00,AUTH42091029
PAY0004736,ORD0004643,BANK_TRANSFER,1920.38,SETTLED,2025-06-21 09:32:00,AUTH70650871
PAY0004737,ORD0004644,AFTERPAY,1380.06,SETTLED,2025-05-30 15:20:00,AUTH24110909
PAY0004738,ORD0004645,DEBIT_CARD,501.23,SETTLED,2025-05-11 04:11:00,AUTH51017448
PAY0004739,ORD0004646,PAYPAL,734.49,SETTLED,2025-08-23 01:46:00,AUTH79784120
PAY0004740,ORD0004647,BANK_TRANSFER,1641.97,SETTLED,2025-05-08 19:26:00,AUTH68385921
PAY0004741,ORD0004648,PAYPAL,699.79,DECLINED,2025-12-14 20:55:00,AUTH45827933
PAY0004742,ORD0004649,GIFT_CARD,53.36,SETTLED,2025-10-08 11:17:00,AUTH81275605
PAY0004743,ORD0004650,GIFT_CARD,1689.92,REFUNDED,2025-12-25 04:10:00,AUTH94369278
PAY0004744,ORD0004651,DEBIT_CARD,390.55,SETTLED,2025-10-23 09:33:00,AUTH36348319
PAY0004745,ORD0004652,CREDIT_CARD,1798.73,SETTLED,2025-09-06 02:06:00,AUTH78191083
PAY0004746,ORD0004653,PAYPAL,1984.75,SETTLED,2025-11-10 06:37:00,AUTH19191381
PAY0004747,ORD0004654,BANK_TRANSFER,1150.43,SETTLED,2025-12-14 15:33:00,AUTH98644745
PAY0004748,ORD0004655,DEBIT_CARD,848.02,REFUNDED,2025-05-27 23:18:00,AUTH78548043
PAY0004749,ORD0004656,GIFT_CARD,2013.15,SETTLED,2025-09-25 00:05:00,AUTH11028228
PAY0004750,ORD0004657,PAYPAL,2193.97,SETTLED,2025-07-31 00:19:00,AUTH29655549
PAY0004751,ORD0004658,CREDIT_CARD,1654.88,DECLINED,2025-05-23 22:30:00,AUTH97639843
PAY0004752,ORD0004659,PAYPAL,1278.14,DECLINED,2025-08-16 09:55:00,AUTH64321266
PAY0004753,ORD0004660,GIFT_CARD,391.68,SETTLED,2025-12-24 12:43:00,AUTH88000936
PAY0004754,ORD0004661,GIFT_CARD,1049.03,SETTLED,2025-07-20 12:15:00,AUTH13567089
PAY0004755,ORD0004662,PAYPAL,1660.74,SETTLED,2025-07-13 15:27:00,AUTH45078783
PAY0004756,ORD0004663,PAYPAL,1722.71,SETTLED,2025-10-29 08:52:00,AUTH87757306
PAY0004757,ORD0004664,AFTERPAY,1834.67,SETTLED,2025-07-14 08:41:00,AUTH12815443
PAY0004758,ORD0004665,CREDIT_CARD,2361.05,SETTLED,2025-10-27 00:35:00,AUTH71065106
PAY0004759,ORD0004666,BANK_TRANSFER,531.14,SETTLED,2025-11-14 12:07:00,AUTH43069197
PAY0004760,ORD0004667,GIFT_CARD,442.95,SETTLED,2025-08-04 21:31:00,AUTH10603097
PAY0004761,ORD0004668,BANK_TRANSFER,1614.39,SETTLED,2025-12-31 01:57:00,AUTH42498105
PAY0004762,ORD0004669,CREDIT_CARD,525.37,SETTLED,2025-07-19 19:25:00,AUTH98546838
PAY0004763,ORD0004670,BANK_TRANSFER,187.82,SETTLED,2025-05-22 00:57:00,AUTH22673403
PAY0004764,ORD0004671,PAYPAL,1756.93,SETTLED,2025-10-24 19:46:00,AUTH29397600
PAY0004765,ORD0004672,PAYPAL,2057.88,SETTLED,2025-08-12 20:19:00,AUTH20132764
PAY0004766,ORD0004673,AFTERPAY,2297.14,REFUNDED,2025-06-02 00:28:00,AUTH80660491
PAY0004767,ORD0004674,BANK_TRANSFER,117.86,SETTLED,2025-12-22 11:44:00,AUTH43333661
PAY0004768,ORD0004675,GIFT_CARD,908.81,SETTLED,2025-06-27 22:47:00,AUTH64027264
PAY0004769,ORD0004676,BANK_TRANSFER,1149.73,SETTLED,2025-12-08 13:54:00,AUTH44808982
PAY0004770,ORD0004677,GIFT_CARD,1902.02,SETTLED,2025-06-16 17:43:00,AUTH83326246
PAY0004771,ORD0004678,CREDIT_CARD,1124.78,SETTLED,2025-11-13 20:32:00,AUTH56180905
PAY0004772,ORD0004679,DEBIT_CARD,509.62,SETTLED,2025-08-07 04:45:00,AUTH41137991
PAY0004773,ORD0004680,GIFT_CARD,1593.68,SETTLED,2025-07-15 10:14:00,AUTH17132039
PAY0004774,ORD0004681,PAYPAL,1383.39,SETTLED,2025-12-18 08:46:00,AUTH21180303
PAY0004775,ORD0004682,CREDIT_CARD,1482.41,DECLINED,2025-10-03 06:53:00,AUTH67598864
PAY0004776,ORD0004683,AFTERPAY,389.07,SETTLED,2025-06-23 06:07:00,AUTH21038855
PAY0004777,ORD0004684,PAYPAL,1469.3,SETTLED,2025-09-19 12:15:00,AUTH69300309
PAY0004778,ORD0004685,DEBIT_CARD,1820.93,SETTLED,2025-07-22 16:45:00,AUTH27329855
PAY0004779,ORD0004686,DEBIT_CARD,2044.33,SETTLED,2025-07-07 11:21:00,AUTH39144141
PAY0004780,ORD0004687,DEBIT_CARD,445.23,REFUNDED,2025-12-01 05:28:00,AUTH49597745
PAY0004781,ORD0004688,PAYPAL,2232.41,SETTLED,2025-07-05 23:40:00,AUTH19641623
PAY0004782,ORD0004689,DEBIT_CARD,1721.65,DECLINED,2025-09-04 13:47:00,AUTH85939371
PAY0004783,ORD0004690,BANK_TRANSFER,2029.54,SETTLED,2025-05-21 13:59:00,AUTH65509850
PAY0004784,ORD0004691,AFTERPAY,1070.61,SETTLED,2025-08-12 09:55:00,AUTH72692468
PAY0004785,ORD0004692,AFTERPAY,302.86,SETTLED,2025-11-30 22:27:00,AUTH46081849
PAY0004786,ORD0004693,CREDIT_CARD,650.73,SETTLED,2025-05-15 03:31:00,AUTH10950770
PAY0004787,ORD0004694,GIFT_CARD,260.41,DECLINED,2025-08-18 04:53:00,AUTH85758001
PAY0004788,ORD0004695,BANK_TRANSFER,729.4,DECLINED,2025-09-06 17:34:00,AUTH22178554
PAY0004789,ORD0004696,CREDIT_CARD,480.02,SETTLED,2025-09-12 19:29:00,AUTH67180357
PAY0004790,ORD0004697,DEBIT_CARD,1479.18,SETTLED,2025-06-15 07:52:00,AUTH79054551
PAY0004791,ORD0004698,AFTERPAY,422.6,SETTLED,2025-07-22 07:11:00,AUTH53307490
PAY0004792,ORD0004699,BANK_TRANSFER,317.18,REFUNDED,2025-11-29 18:08:00,AUTH86560401
PAY0004793,ORD0004700,GIFT_CARD,1971.62,SETTLED,2025-12-10 20:31:00,AUTH99861656
PAY0004794,ORD0004701,AFTERPAY,629.28,SETTLED,2025-06-18 19:12:00,AUTH25508520
PAY0004795,ORD0004702,BANK_TRANSFER,2304.74,REFUNDED,2025-05-22 00:02:00,AUTH65561876
PAY0004796,ORD0004703,BANK_TRANSFER,1259.84,SETTLED,2025-05-25 11:09:00,AUTH98189285
PAY0004797,ORD0004704,CREDIT_CARD,2355.85,SETTLED,2025-07-27 01:40:00,AUTH54659623
PAY0004798,ORD0004705,AFTERPAY,21.84,SETTLED,2025-06-02 02:50:00,AUTH85560557
PAY0004799,ORD0004706,PAYPAL,1787.27,SETTLED,2025-11-22 04:34:00,AUTH26239638
PAY0004800,ORD0004707,DEBIT_CARD,1332.12,SETTLED,2025-05-25 22:34:00,AUTH44293125
PAY0004801,ORD0004708,AFTERPAY,2093.64,SETTLED,2025-07-07 18:01:00,AUTH54941715
PAY0004802,ORD0004709,AFTERPAY,584.38,SETTLED,2025-09-11 23:58:00,AUTH35129733
PAY0004803,ORD0004710,CREDIT_CARD,1928.14,SETTLED,2025-07-12 16:22:00,AUTH17375466
PAY0004804,ORD0004711,GIFT_CARD,1091.6,SETTLED,2025-06-08 15:33:00,AUTH54189965
PAY0004805,ORD0004712,BANK_TRANSFER,967.43,SETTLED,2025-06-01 03:16:00,AUTH85602879
PAY0004806,ORD0004713,GIFT_CARD,516.39,DECLINED,2025-11-23 13:30:00,AUTH11778155
PAY0004807,ORD0004714,PAYPAL,1076.15,SETTLED,2025-05-07 03:30:00,AUTH90707522
PAY0004808,ORD0004715,AFTERPAY,580.77,REFUNDED,2025-11-28 17:34:00,AUTH57364955
PAY0004809,ORD0004716,AFTERPAY,549.44,SETTLED,2025-12-31 06:58:00,AUTH82190536
PAY0004810,ORD0004717,PAYPAL,1637.4,SETTLED,2025-06-18 09:29:00,AUTH17770655
PAY0004811,ORD0004718,DEBIT_CARD,1709.36,SETTLED,2025-10-23 08:32:00,AUTH30525117
PAY0004812,ORD0004719,AFTERPAY,2381.04,SETTLED,2025-05-29 01:36:00,AUTH29906307
PAY0004813,ORD0004720,AFTERPAY,450.99,SETTLED,2025-09-19 16:15:00,AUTH57479381
PAY0004814,ORD0004721,DEBIT_CARD,1117.45,SETTLED,2025-09-11 08:18:00,AUTH29789649
PAY0004815,ORD0004722,AFTERPAY,2364.38,SETTLED,2025-06-05 17:56:00,AUTH87622749
PAY0004816,ORD0004723,BANK_TRANSFER,81.31,SETTLED,2025-08-08 15:09:00,AUTH74382589
PAY0004817,ORD0004724,CREDIT_CARD,320.68,SETTLED,2025-10-13 20:06:00,AUTH94992748
PAY0004818,ORD0004725,CREDIT_CARD,2251.42,SETTLED,2025-10-12 05:56:00,AUTH59497078
PAY0004819,ORD0004726,AFTERPAY,1068.52,SETTLED,2025-05-07 22:23:00,AUTH46090830
PAY0004820,ORD0004727,AFTERPAY,1160.58,SETTLED,2025-07-18 18:20:00,AUTH88245300
PAY0004821,ORD0004728,CREDIT_CARD,306.97,SETTLED,2025-08-31 19:34:00,AUTH84569961
PAY0004822,ORD0004729,PAYPAL,616.85,SETTLED,2025-08-26 20:59:00,AUTH10498159
PAY0004823,ORD0004730,CREDIT_CARD,1439.7,SETTLED,2025-08-27 01:26:00,AUTH21615515
PAY0004824,ORD0004731,GIFT_CARD,685.32,SETTLED,2025-09-22 19:58:00,AUTH56813740
PAY0004825,ORD0004732,PAYPAL,1262.65,REFUNDED,2025-07-08 14:43:00,AUTH88666298
PAY0004826,ORD0004733,CREDIT_CARD,1088.59,SETTLED,2025-07-26 18:17:00,AUTH55713043
PAY0004827,ORD0004734,AFTERPAY,1922.82,SETTLED,2025-12-07 14:41:00,AUTH33612108
PAY0004828,ORD0004735,AFTERPAY,247.84,DECLINED,2025-05-18 08:04:00,AUTH10414608
PAY0004829,ORD0004736,GIFT_CARD,2279.32,SETTLED,2025-05-30 22:06:00,AUTH29776159
PAY0004830,ORD0004737,PAYPAL,953.12,REFUNDED,2025-11-19 18:03:00,AUTH43235490
PAY0004831,ORD0004738,DEBIT_CARD,2138.29,SETTLED,2025-07-16 06:01:00,AUTH93975779
PAY0004832,ORD0004739,CREDIT_CARD,420.53,SETTLED,2025-07-11 10:56:00,AUTH24175055
PAY0004833,ORD0004740,DEBIT_CARD,2105.46,SETTLED,2025-10-02 05:34:00,AUTH10777201
PAY0004834,ORD0004741,AFTERPAY,1871.05,SETTLED,2025-05-21 02:44:00,AUTH38999378
PAY0004835,ORD0004742,BANK_TRANSFER,474.3,SETTLED,2025-12-14 19:22:00,AUTH85589265
PAY0004836,ORD0004743,DEBIT_CARD,370.83,SETTLED,2025-10-07 01:19:00,AUTH52345506
PAY0004837,ORD0004744,PAYPAL,1252.93,REFUNDED,2025-09-20 16:30:00,AUTH35162444
PAY0004838,ORD0004745,DEBIT_CARD,952.42,SETTLED,2025-12-06 13:41:00,AUTH81206137
PAY0004839,ORD0004746,CREDIT_CARD,39.66,SETTLED,2025-06-01 10:33:00,AUTH10329625
PAY0004840,ORD0004747,BANK_TRANSFER,13.81,SETTLED,2025-11-23 07:43:00,AUTH80316272
PAY0004841,ORD0004748,CREDIT_CARD,728.72,SETTLED,2025-09-26 15:58:00,AUTH47419130
PAY0004842,ORD0004749,DEBIT_CARD,1072.6,SETTLED,2025-08-30 04:07:00,AUTH38271057
PAY0004843,ORD0004750,DEBIT_CARD,1413.53,SETTLED,2025-12-15 00:53:00,AUTH89712546
PAY0004844,ORD0004751,BANK_TRANSFER,2143.36,SETTLED,2025-07-24 03:50:00,AUTH80510283
PAY0004845,ORD0004752,AFTERPAY,875.28,SETTLED,2025-06-16 14:21:00,AUTH44675881
PAY0004846,ORD0004753,AFTERPAY,634.43,SETTLED,2025-12-17 20:32:00,AUTH99418557
PAY0004847,ORD0004754,GIFT_CARD,1646.45,SETTLED,2025-07-11 17:20:00,AUTH36645054
PAY0004848,ORD0004755,PAYPAL,1562.06,SETTLED,2025-08-18 23:34:00,AUTH48701367
PAY0004849,ORD0004756,CREDIT_CARD,2358.08,SETTLED,2025-10-21 07:28:00,AUTH19846651
PAY0004850,ORD0004757,BANK_TRANSFER,567.18,DECLINED,2025-08-16 16:42:00,AUTH82461580
PAY0004851,ORD0004758,PAYPAL,1339.66,REFUNDED,2025-12-31 17:56:00,AUTH47841993
PAY0004852,ORD0004759,CREDIT_CARD,656.75,SETTLED,2025-11-26 03:50:00,AUTH35798256
PAY0004853,ORD0004760,GIFT_CARD,1449.67,SETTLED,2025-12-24 11:00:00,AUTH65375263
PAY0004854,ORD0004761,GIFT_CARD,573.42,SETTLED,2025-08-31 17:14:00,AUTH82537400
PAY0004855,ORD0004762,AFTERPAY,1780.12,SETTLED,2025-09-16 19:56:00,AUTH51221157
PAY0004856,ORD0004763,GIFT_CARD,1933.72,SETTLED,2025-07-09 01:39:00,AUTH31786328
PAY0004857,ORD0004764,AFTERPAY,1654.06,DECLINED,2025-12-29 21:41:00,AUTH30057012
PAY0004858,ORD0004765,BANK_TRANSFER,1064.44,SETTLED,2025-08-05 06:38:00,AUTH63030130
PAY0004859,ORD0004766,GIFT_CARD,1090.88,SETTLED,2025-10-04 07:17:00,AUTH29406822
PAY0004860,ORD0004767,GIFT_CARD,1358.28,SETTLED,2025-06-16 12:37:00,AUTH21487610
PAY0004861,ORD0004768,BANK_TRANSFER,1340.77,SETTLED,2025-05-19 08:39:00,AUTH97460041
PAY0004862,ORD0004769,AFTERPAY,1208.99,SETTLED,2025-12-23 18:58:00,AUTH68526494
PAY0004863,ORD0004770,CREDIT_CARD,588.92,SETTLED,2025-07-01 16:32:00,AUTH33017200
PAY0004864,ORD0004771,CREDIT_CARD,2169.62,SETTLED,2025-05-12 14:01:00,AUTH28065748
PAY0004865,ORD0004772,BANK_TRANSFER,2307.94,SETTLED,2025-09-10 14:36:00,AUTH32493263
PAY0004866,ORD0004773,GIFT_CARD,2334.92,DECLINED,2025-06-11 12:10:00,AUTH56784158
PAY0004867,ORD0004774,GIFT_CARD,1425.69,SETTLED,2025-11-25 05:29:00,AUTH84584702
PAY0004868,ORD0004775,PAYPAL,1666.73,SETTLED,2025-10-17 12:16:00,AUTH98535995
PAY0004869,ORD0004776,DEBIT_CARD,2089.58,SETTLED,2025-07-03 21:17:00,AUTH49230798
PAY0004870,ORD0004777,GIFT_CARD,1743.8,SETTLED,2025-11-03 18:18:00,AUTH14388964
PAY0004871,ORD0004778,GIFT_CARD,1850.15,SETTLED,2025-08-30 23:16:00,AUTH85816629
PAY0004872,ORD0004779,BANK_TRANSFER,278.16,SETTLED,2025-10-01 19:35:00,AUTH30311597
PAY0004873,ORD0004780,PAYPAL,1255.75,SETTLED,2025-09-14 15:48:00,AUTH46839462
PAY0004874,ORD0004781,GIFT_CARD,2368.54,SETTLED,2025-11-12 05:41:00,AUTH94886636
PAY0004875,ORD0004782,GIFT_CARD,2180.19,SETTLED,2025-06-26 09:04:00,AUTH12838129
PAY0004876,ORD0004783,BANK_TRANSFER,951.34,SETTLED,2025-12-28 02:05:00,AUTH91698589
PAY0004877,ORD0004784,CREDIT_CARD,1959.66,REFUNDED,2025-11-24 20:34:00,AUTH60393658
PAY0004878,ORD0004785,GIFT_CARD,1897.2,SETTLED,2025-12-01 22:06:00,AUTH85312974
PAY0004879,ORD0004786,PAYPAL,897.53,SETTLED,2025-09-25 04:47:00,AUTH85994456
PAY0004880,ORD0004787,DEBIT_CARD,700.55,SETTLED,2025-12-30 12:54:00,AUTH97755464
PAY0004881,ORD0004788,GIFT_CARD,1597.88,DECLINED,2025-08-25 00:40:00,AUTH88626258
PAY0004882,ORD0004788,AFTERPAY,2325.38,SETTLED,2025-08-21 09:40:00,AUTH80637060
PAY0004883,ORD0004789,CREDIT_CARD,2086.07,SETTLED,2025-11-09 19:13:00,AUTH81926530
PAY0004884,ORD0004790,DEBIT_CARD,2074.92,SETTLED,2025-07-12 03:47:00,AUTH57146444
PAY0004885,ORD0004791,PAYPAL,266.18,SETTLED,2025-12-18 05:41:00,AUTH49803845
PAY0004886,ORD0004792,PAYPAL,372.48,SETTLED,2025-09-06 23:05:00,AUTH63741559
PAY0004887,ORD0004793,GIFT_CARD,847.49,SETTLED,2025-08-20 22:43:00,AUTH82271259
PAY0004888,ORD0004794,PAYPAL,2344.16,SETTLED,2025-12-18 04:31:00,AUTH55696481
PAY0004889,ORD0004795,CREDIT_CARD,660.81,SETTLED,2025-07-04 21:28:00,AUTH19602859
PAY0004890,ORD0004796,GIFT_CARD,687.64,SETTLED,2025-10-25 20:13:00,AUTH37745244
PAY0004891,ORD0004797,GIFT_CARD,2115.42,SETTLED,2025-05-11 23:04:00,AUTH49484157
PAY0004892,ORD0004798,BANK_TRANSFER,1184.79,REFUNDED,2025-12-24 03:06:00,AUTH38716308
PAY0004893,ORD0004799,CREDIT_CARD,1530.12,SETTLED,2025-05-24 11:36:00,AUTH18738629
PAY0004894,ORD0004800,PAYPAL,2183.17,SETTLED,2025-09-07 22:10:00,AUTH11362287
PAY0004895,ORD0004801,BANK_TRANSFER,2354.64,SETTLED,2025-11-12 19:14:00,AUTH27388475
PAY0004896,ORD0004802,GIFT_CARD,1426.32,SETTLED,2025-05-22 09:28:00,AUTH17042782
PAY0004897,ORD0004803,AFTERPAY,1931.85,SETTLED,2025-05-09 09:20:00,AUTH56730214
PAY0004898,ORD0004804,AFTERPAY,2148.71,SETTLED,2025-10-30 09:11:00,AUTH21001177
PAY0004899,ORD0004805,GIFT_CARD,1339.86,SETTLED,2025-05-18 16:11:00,AUTH50755009
PAY0004900,ORD0004806,DEBIT_CARD,140.14,SETTLED,2025-09-02 12:42:00,AUTH16548914
PAY0004901,ORD0004807,CREDIT_CARD,1711.53,SETTLED,2025-08-11 12:28:00,AUTH66542634
PAY0004902,ORD0004808,GIFT_CARD,759.0,SETTLED,2025-11-08 07:34:00,AUTH56976415
PAY0004903,ORD0004809,PAYPAL,830.55,SETTLED,2025-09-20 22:26:00,AUTH66137044
PAY0004904,ORD0004810,AFTERPAY,1954.16,SETTLED,2025-06-29 19:18:00,AUTH72739517
PAY0004905,ORD0004811,PAYPAL,2269.78,SETTLED,2025-10-25 17:52:00,AUTH64611306
PAY0004906,ORD0004812,DEBIT_CARD,1415.67,SETTLED,2025-07-08 19:31:00,AUTH26021600
PAY0004907,ORD0004813,DEBIT_CARD,1694.42,SETTLED,2025-08-23 21:04:00,AUTH30317528
PAY0004908,ORD0004814,PAYPAL,1587.5,SETTLED,2025-09-01 19:47:00,AUTH32866470
PAY0004909,ORD0004815,DEBIT_CARD,1848.4,SETTLED,2025-10-27 16:26:00,AUTH18440331
PAY0004910,ORD0004816,PAYPAL,2280.51,SETTLED,2025-06-02 17:56:00,AUTH10574896
PAY0004911,ORD0004817,AFTERPAY,873.82,SETTLED,2025-09-29 18:12:00,AUTH41715464
PAY0004912,ORD0004818,DEBIT_CARD,659.99,SETTLED,2025-10-25 20:40:00,AUTH48866244
PAY0004913,ORD0004819,GIFT_CARD,2111.57,REFUNDED,2025-09-13 17:05:00,AUTH13442089
PAY0004914,ORD0004820,GIFT_CARD,1866.8,SETTLED,2025-12-05 02:26:00,AUTH42958341
PAY0004915,ORD0004821,CREDIT_CARD,2012.53,SETTLED,2025-05-27 01:26:00,AUTH82217104
PAY0004916,ORD0004822,CREDIT_CARD,1295.06,SETTLED,2025-12-01 14:33:00,AUTH52293585
PAY0004917,ORD0004823,BANK_TRANSFER,1438.28,REFUNDED,2025-07-22 09:33:00,AUTH76983732
PAY0004918,ORD0004824,DEBIT_CARD,1298.56,SETTLED,2025-12-03 10:58:00,AUTH28371689
PAY0004919,ORD0004825,BANK_TRANSFER,1809.84,REFUNDED,2025-05-27 03:54:00,AUTH83798117
PAY0004920,ORD0004826,PAYPAL,1904.42,DECLINED,2025-10-21 08:51:00,AUTH50049561
PAY0004921,ORD0004827,CREDIT_CARD,545.28,SETTLED,2025-05-24 18:36:00,AUTH91122863
PAY0004922,ORD0004828,PAYPAL,337.87,SETTLED,2025-10-12 16:49:00,AUTH33221082
PAY0004923,ORD0004829,DEBIT_CARD,2322.71,SETTLED,2025-11-22 14:00:00,AUTH76189525
PAY0004924,ORD0004830,PAYPAL,1498.47,REFUNDED,2025-11-03 22:15:00,AUTH93813163
PAY0004925,ORD0004831,AFTERPAY,472.2,SETTLED,2025-07-27 02:33:00,AUTH34741637
PAY0004926,ORD0004832,AFTERPAY,58.44,SETTLED,2025-12-22 16:29:00,AUTH44823317
PAY0004927,ORD0004833,GIFT_CARD,1106.54,DECLINED,2025-09-11 12:53:00,AUTH62759336
PAY0004928,ORD0004834,PAYPAL,1258.12,SETTLED,2025-09-29 18:41:00,AUTH69726127
PAY0004929,ORD0004835,CREDIT_CARD,1363.9,SETTLED,2025-08-16 15:59:00,AUTH34232706
PAY0004930,ORD0004836,DEBIT_CARD,1507.27,SETTLED,2025-06-28 13:22:00,AUTH28754132
PAY0004931,ORD0004837,DEBIT_CARD,1961.08,DECLINED,2025-10-13 18:31:00,AUTH32994919
PAY0004932,ORD0004838,DEBIT_CARD,1600.2,SETTLED,2025-07-30 03:06:00,AUTH94639887
PAY0004933,ORD0004839,GIFT_CARD,1279.29,SETTLED,2025-08-17 01:43:00,AUTH23955315
PAY0004934,ORD0004840,GIFT_CARD,1985.59,SETTLED,2025-11-16 01:00:00,AUTH68396079
PAY0004935,ORD0004841,CREDIT_CARD,1103.68,SETTLED,2025-06-27 17:22:00,AUTH47883375
PAY0004936,ORD0004842,DEBIT_CARD,778.29,SETTLED,2025-09-19 02:04:00,AUTH73870478
PAY0004937,ORD0004843,PAYPAL,441.83,SETTLED,2025-12-02 15:58:00,AUTH37963682
PAY0004938,ORD0004844,CREDIT_CARD,392.98,SETTLED,2025-10-24 07:55:00,AUTH10093497
PAY0004939,ORD0004845,AFTERPAY,464.23,SETTLED,2025-06-25 00:18:00,AUTH63222575
PAY0004940,ORD0004846,PAYPAL,1474.63,SETTLED,2025-11-27 23:06:00,AUTH86036536
PAY0004941,ORD0004847,GIFT_CARD,2358.62,REFUNDED,2025-09-18 22:41:00,AUTH63901608
PAY0004942,ORD0004848,CREDIT_CARD,295.86,SETTLED,2025-07-25 00:19:00,AUTH46509529
PAY0004943,ORD0004849,BANK_TRANSFER,491.25,SETTLED,2025-07-01 00:39:00,AUTH85965672
PAY0004944,ORD0004850,CREDIT_CARD,1057.65,SETTLED,2025-10-19 13:34:00,AUTH74554535
PAY0004945,ORD0004851,GIFT_CARD,1385.3,SETTLED,2025-07-03 15:36:00,AUTH10373487
PAY0004946,ORD0004852,AFTERPAY,793.11,DECLINED,2025-07-26 19:14:00,AUTH90293802
PAY0004947,ORD0004853,AFTERPAY,502.91,SETTLED,2025-05-14 00:55:00,AUTH66318713
PAY0004948,ORD0004854,CREDIT_CARD,1769.27,SETTLED,2025-11-19 02:07:00,AUTH93851655
PAY0004949,ORD0004855,CREDIT_CARD,1432.06,SETTLED,2025-07-08 00:01:00,AUTH54475165
PAY0004950,ORD0004856,GIFT_CARD,1659.63,REFUNDED,2025-10-08 17:46:00,AUTH57333870
PAY0004951,ORD0004857,CREDIT_CARD,829.2,SETTLED,2025-12-13 15:41:00,AUTH94294761
PAY0004952,ORD0004858,CREDIT_CARD,148.23,DECLINED,2025-10-22 02:18:00,AUTH23421024
PAY0004953,ORD0004859,CREDIT_CARD,1510.09,REFUNDED,2025-05-15 18:03:00,AUTH80585684
PAY0004954,ORD0004860,PAYPAL,1627.08,SETTLED,2025-11-01 21:47:00,AUTH80876936
PAY0004955,ORD0004861,PAYPAL,1206.31,REFUNDED,2025-06-06 09:33:00,AUTH88283213
PAY0004956,ORD0004862,GIFT_CARD,617.46,SETTLED,2025-06-23 12:48:00,AUTH29958276
PAY0004957,ORD0004863,BANK_TRANSFER,888.46,DECLINED,2025-05-09 06:52:00,AUTH80348426
PAY0004958,ORD0004864,AFTERPAY,1021.01,SETTLED,2025-12-22 05:44:00,AUTH87931443
PAY0004959,ORD0004865,PAYPAL,421.64,SETTLED,2025-12-04 09:08:00,AUTH75460947
PAY0004960,ORD0004866,GIFT_CARD,1919.93,SETTLED,2025-12-01 14:57:00,AUTH77156954
PAY0004961,ORD0004867,CREDIT_CARD,2222.4,SETTLED,2025-09-11 00:59:00,AUTH35403692
PAY0004962,ORD0004868,BANK_TRANSFER,1801.69,SETTLED,2025-06-29 20:08:00,AUTH61215243
PAY0004963,ORD0004869,CREDIT_CARD,1292.73,REFUNDED,2025-08-04 11:12:00,AUTH17941014
PAY0004964,ORD0004870,GIFT_CARD,1611.43,SETTLED,2025-07-26 17:41:00,AUTH60251952
PAY0004965,ORD0004871,AFTERPAY,345.97,SETTLED,2025-08-28 18:07:00,AUTH69507788
PAY0004966,ORD0004872,DEBIT_CARD,1975.43,DECLINED,2025-08-23 22:03:00,AUTH36003335
PAY0004967,ORD0004873,CREDIT_CARD,832.86,SETTLED,2025-09-11 23:51:00,AUTH58933863
PAY0004968,ORD0004874,GIFT_CARD,1157.96,SETTLED,2025-12-31 09:01:00,AUTH48799689
PAY0004969,ORD0004875,GIFT_CARD,1351.91,SETTLED,2025-06-02 02:55:00,AUTH71292366
PAY0004970,ORD0004876,BANK_TRANSFER,1593.62,SETTLED,2025-11-27 13:19:00,AUTH41964486
PAY0004971,ORD0004876,BANK_TRANSFER,97.26,SETTLED,2025-12-13 10:11:00,AUTH69511893
PAY0004972,ORD0004877,BANK_TRANSFER,1089.98,REFUNDED,2025-07-14 14:29:00,AUTH86470175
PAY0004973,ORD0004878,CREDIT_CARD,1330.08,SETTLED,2025-06-15 09:07:00,AUTH65678945
PAY0004974,ORD0004879,BANK_TRANSFER,29.5,SETTLED,2025-10-23 08:15:00,AUTH39228054
PAY0004975,ORD0004880,BANK_TRANSFER,1062.74,DECLINED,2025-08-07 22:30:00,AUTH14986747
PAY0004976,ORD0004881,CREDIT_CARD,2357.21,SETTLED,2025-07-03 21:55:00,AUTH22374336
PAY0004977,ORD0004882,AFTERPAY,264.83,DECLINED,2025-09-12 19:45:00,AUTH58689171
PAY0004978,ORD0004883,PAYPAL,413.53,SETTLED,2025-09-20 19:55:00,AUTH67332682
PAY0004979,ORD0004884,BANK_TRANSFER,1106.81,SETTLED,2025-10-27 05:43:00,AUTH12002215
PAY0004980,ORD0004885,AFTERPAY,2125.29,SETTLED,2025-10-18 02:19:00,AUTH19887309
PAY0004981,ORD0004886,CREDIT_CARD,1317.01,SETTLED,2025-12-10 23:01:00,AUTH47632939
PAY0004982,ORD0004887,AFTERPAY,56.96,SETTLED,2025-11-24 02:06:00,AUTH34467635
PAY0004983,ORD0004888,PAYPAL,2065.19,DECLINED,2025-11-16 17:46:00,AUTH40582235
PAY0004984,ORD0004889,CREDIT_CARD,1236.02,SETTLED,2025-10-08 05:51:00,AUTH12526960
PAY0004985,ORD0004890,PAYPAL,1019.1,SETTLED,2025-10-10 00:35:00,AUTH24141005
PAY0004986,ORD0004891,DEBIT_CARD,330.8,SETTLED,2025-05-13 23:27:00,AUTH89040655
PAY0004987,ORD0004892,BANK_TRANSFER,515.75,SETTLED,2025-05-22 11:21:00,AUTH96842741
PAY0004988,ORD0004893,PAYPAL,1571.95,DECLINED,2025-05-24 07:20:00,AUTH66133919
PAY0004989,ORD0004894,CREDIT_CARD,769.46,REFUNDED,2025-06-28 21:57:00,AUTH15142434
PAY0004990,ORD0004895,BANK_TRANSFER,1261.23,SETTLED,2025-06-28 06:44:00,AUTH58118117
PAY0004991,ORD0004896,AFTERPAY,1806.33,DECLINED,2025-05-20 20:16:00,AUTH73126224
PAY0004992,ORD0004897,GIFT_CARD,351.32,SETTLED,2025-11-29 20:08:00,AUTH49114966
PAY0004993,ORD0004898,DEBIT_CARD,1731.03,SETTLED,2025-08-15 10:13:00,AUTH78417542
PAY0004994,ORD0004899,PAYPAL,1707.13,SETTLED,2025-11-20 03:31:00,AUTH42771083
PAY0004995,ORD0004900,DEBIT_CARD,46.15,SETTLED,2025-06-20 16:55:00,AUTH30968850
PAY0004996,ORD0004901,BANK_TRANSFER,1571.95,DECLINED,2025-06-29 15:39:00,AUTH70811054
PAY0004997,ORD0004901,BANK_TRANSFER,441.1,SETTLED,2025-12-10 04:05:00,AUTH25159948
PAY0004998,ORD0004902,BANK_TRANSFER,1586.71,SETTLED,2025-12-25 07:57:00,AUTH31476693
PAY0004999,ORD0004903,PAYPAL,895.57,SETTLED,2025-05-11 05:30:00,AUTH76007326
PAY0005000,ORD0004904,PAYPAL,1048.68,SETTLED,2025-08-07 12:45:00,AUTH18288618
PAY0005001,ORD0004905,CREDIT_CARD,1316.36,SETTLED,2025-07-23 20:41:00,AUTH83586104
PAY0005002,ORD0004906,BANK_TRANSFER,1114.54,DECLINED,2025-05-22 14:25:00,AUTH62132965
PAY0005003,ORD0004907,AFTERPAY,1475.45,SETTLED,2025-09-13 19:37:00,AUTH48900867
PAY0005004,ORD0004908,BANK_TRANSFER,562.39,SETTLED,2025-05-13 11:12:00,AUTH51000009
PAY0005005,ORD0004909,BANK_TRANSFER,1798.54,SETTLED,2025-09-04 06:12:00,AUTH81514758
PAY0005006,ORD0004910,DEBIT_CARD,2300.96,SETTLED,2025-11-05 10:26:00,AUTH16316392
PAY0005007,ORD0004911,PAYPAL,451.36,SETTLED,2025-07-08 23:32:00,AUTH90819671
PAY0005008,ORD0004912,CREDIT_CARD,1072.23,SETTLED,2025-08-27 19:26:00,AUTH44946203
PAY0005009,ORD0004912,GIFT_CARD,2050.41,SETTLED,2025-07-07 02:37:00,AUTH58423712
PAY0005010,ORD0004913,GIFT_CARD,1586.24,SETTLED,2025-08-07 21:40:00,AUTH58089842
PAY0005011,ORD0004914,DEBIT_CARD,1055.98,SETTLED,2025-10-23 10:11:00,AUTH75271026
PAY0005012,ORD0004915,AFTERPAY,681.45,DECLINED,2025-08-26 17:46:00,AUTH58311928
PAY0005013,ORD0004916,GIFT_CARD,484.25,SETTLED,2025-07-24 17:21:00,AUTH60344883
PAY0005014,ORD0004917,AFTERPAY,1714.75,SETTLED,2025-05-21 21:37:00,AUTH54830548
PAY0005015,ORD0004918,PAYPAL,2121.28,SETTLED,2025-09-20 18:52:00,AUTH20879122
PAY0005016,ORD0004919,CREDIT_CARD,2241.99,SETTLED,2025-11-21 08:27:00,AUTH99411383
PAY0005017,ORD0004920,AFTERPAY,1618.17,SETTLED,2025-08-23 19:17:00,AUTH82990827
PAY0005018,ORD0004921,CREDIT_CARD,81.08,SETTLED,2025-10-12 10:35:00,AUTH23584088
PAY0005019,ORD0004922,DEBIT_CARD,1479.06,DECLINED,2025-05-14 14:41:00,AUTH73242765
PAY0005020,ORD0004923,GIFT_CARD,445.27,SETTLED,2025-05-07 23:31:00,AUTH49295799
PAY0005021,ORD0004924,DEBIT_CARD,1306.93,SETTLED,2025-08-28 14:30:00,AUTH87285910
PAY0005022,ORD0004925,DEBIT_CARD,1280.22,REFUNDED,2025-08-24 10:13:00,AUTH36463069
PAY0005023,ORD0004926,AFTERPAY,924.29,REFUNDED,2025-10-20 19:22:00,AUTH18026835
PAY0005024,ORD0004927,BANK_TRANSFER,127.61,SETTLED,2025-08-23 03:27:00,AUTH88366837
PAY0005025,ORD0004928,AFTERPAY,1594.66,SETTLED,2025-11-04 04:51:00,AUTH99608566
PAY0005026,ORD0004929,BANK_TRANSFER,1808.87,SETTLED,2025-11-16 10:44:00,AUTH32341133
PAY0005027,ORD0004930,GIFT_CARD,1202.24,SETTLED,2025-07-29 07:47:00,AUTH44539669
PAY0005028,ORD0004931,BANK_TRANSFER,1429.83,SETTLED,2025-09-11 15:46:00,AUTH99385738
PAY0005029,ORD0004932,BANK_TRANSFER,247.76,REFUNDED,2025-12-17 15:01:00,AUTH70497393
PAY0005030,ORD0004933,CREDIT_CARD,2350.47,SETTLED,2025-07-10 18:50:00,AUTH27777787
PAY0005031,ORD0004934,AFTERPAY,806.88,SETTLED,2025-07-06 22:25:00,AUTH21013645
PAY0005032,ORD0004935,PAYPAL,1937.8,SETTLED,2025-06-11 06:43:00,AUTH34267967
PAY0005033,ORD0004936,CREDIT_CARD,985.65,DECLINED,2025-07-07 05:02:00,AUTH90928921
PAY0005034,ORD0004937,BANK_TRANSFER,1079.02,SETTLED,2025-08-07 19:39:00,AUTH38176263
PAY0005035,ORD0004937,AFTERPAY,44.29,SETTLED,2025-10-16 06:00:00,AUTH69345282
PAY0005036,ORD0004938,CREDIT_CARD,2327.61,DECLINED,2025-06-01 13:12:00,AUTH73110569
PAY0005037,ORD0004939,BANK_TRANSFER,449.07,SETTLED,2025-06-10 15:35:00,AUTH93875755
PAY0005038,ORD0004940,BANK_TRANSFER,1275.06,SETTLED,2025-11-24 04:29:00,AUTH82965770
PAY0005039,ORD0004941,PAYPAL,1290.28,SETTLED,2025-06-02 07:39:00,AUTH96656254
PAY0005040,ORD0004942,PAYPAL,2278.54,SETTLED,2025-10-24 17:28:00,AUTH69139417
PAY0005041,ORD0004943,CREDIT_CARD,507.67,SETTLED,2025-09-03 11:10:00,AUTH67679053
PAY0005042,ORD0004944,DEBIT_CARD,417.35,DECLINED,2025-12-07 10:55:00,AUTH44535295
PAY0005043,ORD0004945,GIFT_CARD,1572.12,SETTLED,2025-10-05 07:17:00,AUTH53418333
PAY0005044,ORD0004946,CREDIT_CARD,1197.25,SETTLED,2025-07-16 12:07:00,AUTH68331806
PAY0005045,ORD0004947,PAYPAL,1997.18,SETTLED,2025-09-27 02:21:00,AUTH73114415
PAY0005046,ORD0004948,AFTERPAY,2046.36,SETTLED,2025-11-29 14:11:00,AUTH39459406
PAY0005047,ORD0004949,GIFT_CARD,1011.88,SETTLED,2025-07-04 06:54:00,AUTH26951021
PAY0005048,ORD0004950,AFTERPAY,1790.45,REFUNDED,2025-10-13 14:20:00,AUTH76178218
PAY0005049,ORD0004951,BANK_TRANSFER,661.51,SETTLED,2025-07-09 09:39:00,AUTH69233932
PAY0005050,ORD0004952,CREDIT_CARD,303.82,SETTLED,2025-09-17 00:39:00,AUTH59966486
PAY0005051,ORD0004953,BANK_TRANSFER,1538.14,REFUNDED,2025-11-12 23:52:00,AUTH86533568
PAY0005052,ORD0004954,CREDIT_CARD,888.69,REFUNDED,2025-08-07 22:08:00,AUTH47314440
PAY0005053,ORD0004955,PAYPAL,1778.0,SETTLED,2025-10-14 15:38:00,AUTH60808841
PAY0005054,ORD0004956,AFTERPAY,1223.2,SETTLED,2025-05-22 14:39:00,AUTH19357915
PAY0005055,ORD0004957,AFTERPAY,350.68,SETTLED,2025-06-30 12:28:00,AUTH58991542
PAY0005056,ORD0004958,BANK_TRANSFER,976.83,SETTLED,2025-05-13 12:57:00,AUTH37646546
PAY0005057,ORD0004959,CREDIT_CARD,916.31,SETTLED,2025-06-28 15:18:00,AUTH28963992
PAY0005058,ORD0004960,AFTERPAY,401.7,SETTLED,2025-11-24 02:34:00,AUTH73708477
PAY0005059,ORD0004961,AFTERPAY,1549.89,DECLINED,2025-09-01 22:33:00,AUTH29612184
PAY0005060,ORD0004962,DEBIT_CARD,1048.44,DECLINED,2025-09-15 17:34:00,AUTH90879300
PAY0005061,ORD0004963,BANK_TRANSFER,316.99,SETTLED,2025-05-10 01:05:00,AUTH35734132
PAY0005062,ORD0004964,PAYPAL,375.33,SETTLED,2025-11-13 20:20:00,AUTH10229048
PAY0005063,ORD0004965,PAYPAL,1574.86,DECLINED,2025-07-18 20:22:00,AUTH87373673
PAY0005064,ORD0004966,AFTERPAY,984.31,SETTLED,2025-08-01 17:44:00,AUTH32140385
PAY0005065,ORD0004967,AFTERPAY,1475.35,SETTLED,2025-07-08 08:00:00,AUTH46033905
PAY0005066,ORD0004968,PAYPAL,104.84,SETTLED,2025-09-07 12:16:00,AUTH63931243
PAY0005067,ORD0004969,PAYPAL,698.95,DECLINED,2025-09-23 03:05:00,AUTH88982511
PAY0005068,ORD0004970,AFTERPAY,1049.79,SETTLED,2025-07-09 22:09:00,AUTH88517532
PAY0005069,ORD0004971,GIFT_CARD,832.15,SETTLED,2025-07-24 10:01:00,AUTH68843034
PAY0005070,ORD0004972,CREDIT_CARD,1292.87,SETTLED,2026-01-01 07:02:00,AUTH17775752
PAY0005071,ORD0004973,GIFT_CARD,1041.33,SETTLED,2025-06-16 23:45:00,AUTH10669920
PAY0005072,ORD0004974,GIFT_CARD,1075.28,REFUNDED,2025-06-05 13:01:00,AUTH92129856
PAY0005073,ORD0004975,PAYPAL,2132.01,SETTLED,2025-11-22 21:19:00,AUTH17946318
PAY0005074,ORD0004976,GIFT_CARD,449.29,SETTLED,2025-10-27 16:42:00,AUTH58015704
PAY0005075,ORD0004977,GIFT_CARD,365.01,SETTLED,2025-07-30 11:03:00,AUTH24151707
PAY0005076,ORD0004978,BANK_TRANSFER,1172.01,SETTLED,2025-12-02 15:12:00,AUTH51708901
PAY0005077,ORD0004979,GIFT_CARD,240.11,SETTLED,2025-05-29 01:05:00,AUTH82035557
PAY0005078,ORD0004980,PAYPAL,1875.83,SETTLED,2025-06-09 07:25:00,AUTH77361730
PAY0005079,ORD0004981,AFTERPAY,2142.61,SETTLED,2025-08-12 00:48:00,AUTH80721406
PAY0005080,ORD0004982,DEBIT_CARD,2367.56,SETTLED,2025-10-09 21:42:00,AUTH27889857
PAY0005081,ORD0004983,DEBIT_CARD,499.26,SETTLED,2025-09-11 17:39:00,AUTH84580625
PAY0005082,ORD0004984,DEBIT_CARD,1079.55,SETTLED,2025-09-14 15:36:00,AUTH22851121
PAY0005083,ORD0004985,DEBIT_CARD,1483.52,SETTLED,2025-10-25 13:03:00,AUTH98019200
PAY0005084,ORD0004986,BANK_TRANSFER,1460.54,SETTLED,2025-11-17 17:52:00,AUTH84282711
PAY0005085,ORD0004987,PAYPAL,27.1,SETTLED,2025-10-01 05:43:00,AUTH90418915
PAY0005086,ORD0004988,BANK_TRANSFER,1321.31,SETTLED,2025-12-22 08:44:00,AUTH91006477
PAY0005087,ORD0004989,AFTERPAY,2216.07,SETTLED,2025-09-18 09:56:00,AUTH75494795
PAY0005088,ORD0004990,CREDIT_CARD,1707.22,SETTLED,2025-09-13 01:46:00,AUTH50049867
PAY0005089,ORD0004991,PAYPAL,197.73,SETTLED,2025-12-02 02:18:00,AUTH15756265
PAY0005090,ORD0004992,GIFT_CARD,432.13,DECLINED,2025-11-06 04:30:00,AUTH62994502
PAY0005091,ORD0004993,AFTERPAY,1538.03,SETTLED,2025-11-28 05:58:00,AUTH74677783
PAY0005092,ORD0004994,BANK_TRANSFER,308.58,SETTLED,2025-05-10 17:17:00,AUTH71384827
PAY0005093,ORD0004995,PAYPAL,660.49,REFUNDED,2025-05-17 04:39:00,AUTH75695372
PAY0005094,ORD0004996,AFTERPAY,1362.58,SETTLED,2025-09-25 20:09:00,AUTH95629380
PAY0005095,ORD0004997,CREDIT_CARD,1206.3,SETTLED,2025-06-29 15:09:00,AUTH95685522
PAY0005096,ORD0004998,AFTERPAY,514.67,SETTLED,2025-06-05 15:03:00,AUTH80508845
PAY0005097,ORD0004999,GIFT_CARD,1139.27,SETTLED,2025-12-04 04:50:00,AUTH73870620
PAY0005098,ORD0005000,DEBIT_CARD,2165.4,SETTLED,2025-08-21 02:38:00,AUTH25332229
