shipment_id,order_id,carrier,consignment_no,shipped_ts,delivered_ts,promised_transit_days,weight_kg,shipment_status
SHIP0000001,ORD0001349,TNT Road,CON8554183999,2025-10-09 05:57:00,2025-10-14 08:57:00,5,8.3,DELIVERED
SHIP0000002,ORD0003678,Toll Priority,CON9878407819,2025-07-19 15:59:00,2025-07-26 20:59:00,7,12.7,DELIVERED
SHIP0000003,ORD0000440,TNT Road,CON5164915241,2025-05-27 23:40:00,,8,19.4,DELAYED
SHIP0000004,ORD0000372,StarTrack Logistics,CON3782969740,2025-06-09 12:04:00,2025-06-17 21:04:00,8,18.9,DELIVERED
SHIP0000005,ORD0001456,StarTrack Logistics,CON6081659017,2025-12-15 00:33:00,2025-12-23 17:33:00,8,0.5,DELIVERED
SHIP0000006,ORD0003309,CouriersPlease,CON6323304032,2025-11-30 18:30:00,2025-12-03 08:30:00,2,40.0,DELIVERED
SHIP0000007,ORD0000757,StarTrack Logistics,CON3617915230,2025-09-19 10:19:00,2025-09-28 11:19:00,9,11.5,DELIVERED
SHIP0000008,ORD0003546,CouriersPlease,CON2808705898,2025-09-03 15:10:00,,7,3.4,DELAYED
SHIP0000009,ORD0003581,CouriersPlease,CON2917119095,2025-08-23 00:30:00,2025-08-26 06:30:00,3,23.0,DELIVERED
SHIP0000010,ORD0004679,TNT Road,CON4490158472,2025-12-05 19:46:00,2025-12-12 00:46:00,6,31.5,DELIVERED
SHIP0000011,ORD0002876,TNT Road,CON4478059207,2026-01-01 20:49:00,2026-01-07 16:49:00,5,30.4,DELIVERED
SHIP0000012,ORD0001760,AusFreight Express,CON8086043078,2025-12-04 17:28:00,,2,16.9,LOST
SHIP0000013,ORD0002434,TNT Road,CON3959149532,2025-12-28 17:07:00,,9,28.0,DELAYED
SHIP0000014,ORD0001809,CouriersPlease,CON1317591682,2025-05-19 22:13:00,2025-05-22 17:13:00,2,36.1,DELIVERED
SHIP0000015,ORD0001479,StarTrack Logistics,CON5564102310,2025-07-16 10:30:00,2025-07-21 14:30:00,5,41.9,DELIVERED
SHIP0000016,ORD0002784,StarTrack Logistics,CON4993888010,2025-10-31 15:28:00,2025-11-02 07:28:00,1,3.3,DELIVERED
SHIP0000017,ORD0000501,CouriersPlease,CON1302934796,2025-10-25 19:11:00,2025-11-04 11:11:00,9,41.0,DELIVERED
SHIP0000018,ORD0003190,AusFreight Express,CON7628450825,2025-11-18 01:14:00,2025-11-20 14:14:00,2,31.1,DELIVERED
SHIP0000019,ORD0002125,Toll Priority,CON8600803280,2025-09-21 13:13:00,2025-09-23 09:13:00,1,28.0,DELIVERED
SHIP0000020,ORD0003214,Linfox Direct,CON5455177509,2025-10-06 17:21:00,2025-10-14 12:21:00,7,21.3,DELIVERED
SHIP0000021,ORD0000195,StarTrack Logistics,CON4413616311,2025-08-07 17:26:00,,2,39.9,LOST
SHIP0000022,ORD0000239,StarTrack Logistics,CON1905220354,2025-06-24 18:12:00,,2,8.1,DELAYED
SHIP0000023,ORD0000746,StarTrack Logistics,CON6276078905,2025-10-16 18:57:00,2025-10-21 19:57:00,5,4.3,DELIVERED
SHIP0000024,ORD0003029,CouriersPlease,CON3947253318,2025-09-01 12:02:00,2025-09-05 20:02:00,4,32.3,DELIVERED
SHIP0000025,ORD0002904,Linfox Direct,CON2426071552,2025-08-04 21:33:00,2025-08-14 11:33:00,9,27.4,DELIVERED
SHIP0000026,ORD0000965,Toll Priority,CON9549523088,2025-06-20 06:18:00,,2,35.6,IN_TRANSIT
SHIP0000027,ORD0003264,AusFreight Express,CON8906200596,2025-12-24 00:52:00,2025-12-26 09:52:00,2,23.8,DELIVERED
SHIP0000028,ORD0003572,TNT Road,CON1336232123,2025-11-09 18:14:00,,1,8.5,IN_TRANSIT
SHIP0000029,ORD0000058,TNT Road,CON8813277264,2025-06-15 05:28:00,,6,35.5,LOST
SHIP0000030,ORD0003885,StarTrack Logistics,CON7261249564,2025-09-22 15:41:00,2025-09-27 07:41:00,4,27.1,DELIVERED
SHIP0000031,ORD0001466,AusFreight Express,CON4746251075,2025-10-27 02:53:00,,6,28.7,LOST
SHIP0000032,ORD0004413,TNT Road,CON7166686636,2025-07-06 15:27:00,2025-07-08 23:27:00,2,20.7,DELIVERED
SHIP0000033,ORD0004654,CouriersPlease,CON6960327440,2025-12-10 04:45:00,2025-12-11 21:45:00,1,24.3,DELIVERED
SHIP0000034,ORD0004396,StarTrack Logistics,CON1515416329,2025-11-07 15:57:00,,2,32.0,IN_TRANSIT
SHIP0000035,ORD0003175,Linfox Direct,CON3595858802,2025-05-28 18:20:00,2025-06-02 14:20:00,4,9.1,DELIVERED
SHIP0000036,ORD0002666,StarTrack Logistics,CON1859830707,2025-08-24 15:38:00,,5,16.5,IN_TRANSIT
SHIP0000037,ORD0004208,Toll Priority,CON9392120954,2025-12-23 02:40:00,2026-01-01 20:40:00,9,5.0,DELIVERED
SHIP0000038,ORD0001872,CouriersPlease,CON3567522115,2026-01-01 07:15:00,2026-01-04 21:15:00,3,30.1,DELIVERED
SHIP0000039,ORD0000388,TNT Road,CON2443696523,2025-09-25 06:46:00,,8,16.1,LOST
SHIP0000040,ORD0004829,TNT Road,CON2529671299,2025-10-20 04:41:00,2025-10-26 13:41:00,6,10.8,DELIVERED
SHIP0000041,ORD0004217,Toll Priority,CON5662953840,2025-08-21 02:24:00,,7,29.0,DELAYED
SHIP0000042,ORD0001836,AusFreight Express,CON2009836353,2025-08-05 20:04:00,,9,31.3,DELAYED
SHIP0000043,ORD0003573,Linfox Direct,CON4697917570,2025-09-03 14:41:00,2025-09-07 21:41:00,4,17.8,DELIVERED
SHIP0000044,ORD0003444,Linfox Direct,CON4828398985,2025-07-08 14:35:00,2025-07-12 03:35:00,3,20.7,DELIVERED
SHIP0000045,ORD0002491,TNT Road,CON1292394370,2025-10-12 15:07:00,2025-10-16 21:07:00,4,38.1,DELIVERED
SHIP0000046,ORD0000762,TNT Road,CON4184078011,2025-06-13 00:15:00,2025-06-17 15:15:00,4,32.4,DELIVERED
SHIP0000047,ORD0003401,AusFreight Express,CON5133823035,2025-06-07 18:04:00,2025-06-12 04:04:00,4,30.2,DELIVERED
SHIP0000048,ORD0003067,StarTrack Logistics,CON6777609483,2025-12-06 06:12:00,2025-12-16 00:12:00,9,2.4,DELIVERED
SHIP0000049,ORD0000134,Toll Priority,CON8732361409,2025-06-04 17:49:00,,6,40.6,DELAYED
SHIP0000050,ORD0003876,AusFreight Express,CON2827372037,2025-11-04 07:32:00,2025-11-07 18:32:00,3,4.3,DELIVERED
SHIP0000051,ORD0003193,AusFreight Express,CON7984002522,2025-06-28 13:46:00,2025-07-07 22:46:00,9,25.1,DELIVERED
SHIP0000052,ORD0002996,Toll Priority,CON3675848210,2025-05-19 13:50:00,2025-05-20 22:50:00,1,7.5,DELIVERED
SHIP0000053,ORD0003212,Toll Priority,CON5376509322,2025-07-04 13:30:00,2025-07-06 01:30:00,1,5.0,DELIVERED
SHIP0000054,ORD0003939,CouriersPlease,CON5136870701,2025-12-22 20:23:00,2025-12-25 03:23:00,2,38.7,DELIVERED
SHIP0000055,ORD0001957,TNT Road,CON5642550012,2025-11-15 04:33:00,2025-11-18 16:33:00,3,16.4,DELIVERED
SHIP0000056,ORD0004404,TNT Road,CON4962041913,2025-10-08 01:46:00,2025-10-15 04:46:00,7,40.6,DELIVERED
SHIP0000057,ORD0004990,StarTrack Logistics,CON5717160083,2025-11-17 19:51:00,2025-11-24 23:51:00,7,39.8,DELIVERED
SHIP0000058,ORD0003753,AusFreight Express,CON4864593042,2025-08-09 06:13:00,,8,33.5,LOST
SHIP0000059,ORD0003016,TNT Road,CON2875854015,2025-07-10 06:12:00,2025-07-16 00:12:00,5,2.8,DELIVERED
SHIP0000060,ORD0000535,CouriersPlease,CON7086599672,2025-09-01 01:54:00,2025-09-05 02:54:00,4,24.8,DELIVERED
SHIP0000061,ORD0003659,StarTrack Logistics,CON2133522147,2025-10-20 18:49:00,,3,27.2,LOST
SHIP0000062,ORD0000732,Linfox Direct,CON9816409163,2025-11-06 19:44:00,,9,39.7,DELAYED
SHIP0000063,ORD0002330,AusFreight Express,CON8423603044,2025-06-11 21:34:00,2025-06-17 06:34:00,5,16.2,DELIVERED
SHIP0000064,ORD0002934,TNT Road,CON6916690865,2025-06-17 19:06:00,2025-06-21 20:06:00,4,28.8,DELIVERED
SHIP0000065,ORD0001399,TNT Road,CON5534722864,2025-06-12 08:45:00,2025-06-20 14:45:00,8,10.9,DELIVERED
SHIP0000066,ORD0001375,CouriersPlease,CON4419356640,2025-06-23 00:39:00,,8,24.6,DELAYED
SHIP0000067,ORD0002539,TNT Road,CON4125587413,2025-12-20 00:12:00,,4,8.2,IN_TRANSIT
SHIP0000068,ORD0000573,Linfox Direct,CON6395848069,2025-11-07 11:47:00,2025-11-10 01:47:00,2,36.0,DELIVERED
SHIP0000069,ORD0002201,StarTrack Logistics,CON8916803343,2025-12-03 07:14:00,2025-12-05 20:14:00,2,27.3,DELIVERED
SHIP0000070,ORD0004831,TNT Road,CON1533643333,2025-07-07 22:06:00,2025-07-09 04:06:00,1,29.1,DELIVERED
SHIP0000071,ORD0000949,Toll Priority,CON9225780575,2025-12-01 06:57:00,,6,33.6,IN_TRANSIT
SHIP0000072,ORD0000457,AusFreight Express,CON7506635220,2025-11-12 02:11:00,2025-11-17 22:11:00,5,13.5,DELIVERED
SHIP0000073,ORD0004677,AusFreight Express,CON3407686851,2025-08-11 09:22:00,2025-08-17 10:22:00,6,2.1,DELIVERED
SHIP0000074,ORD0000177,CouriersPlease,CON8074330262,2025-11-03 15:52:00,2025-11-10 00:52:00,6,29.1,DELIVERED
SHIP0000075,ORD0002650,StarTrack Logistics,CON1667583404,2025-10-11 16:42:00,,4,24.3,DELAYED
SHIP0000076,ORD0001741,CouriersPlease,CON4419054420,2025-10-01 00:01:00,2025-10-05 15:01:00,4,10.2,DELIVERED
SHIP0000077,ORD0004697,StarTrack Logistics,CON6079911125,2025-11-28 17:42:00,2025-12-03 09:42:00,4,23.9,DELIVERED
SHIP0000078,ORD0000184,Linfox Direct,CON5489884451,2025-07-08 22:43:00,2025-07-13 04:43:00,4,25.5,DELIVERED
SHIP0000079,ORD0002323,Linfox Direct,CON8611779350,2025-06-02 01:01:00,2025-06-11 21:01:00,9,21.5,DELIVERED
SHIP0000080,ORD0000346,AusFreight Express,CON6951292559,2025-11-08 05:12:00,2025-11-09 23:12:00,1,38.1,DELIVERED
SHIP0000081,ORD0000463,CouriersPlease,CON6489516054,2025-11-09 04:28:00,2025-11-17 09:28:00,8,7.8,DELIVERED
SHIP0000082,ORD0002199,TNT Road,CON8214088627,2025-07-29 03:11:00,2025-08-06 04:11:00,8,28.0,DELIVERED
SHIP0000083,ORD0002378,Linfox Direct,CON1114743487,2025-12-05 14:54:00,2025-12-09 08:54:00,3,41.7,DELIVERED
SHIP0000084,ORD0002134,CouriersPlease,CON9855732305,2025-11-12 12:51:00,2025-11-20 16:51:00,8,12.3,DELIVERED
SHIP0000085,ORD0000864,Toll Priority,CON4962098984,2025-12-15 22:51:00,2025-12-25 18:51:00,9,37.1,DELIVERED
SHIP0000086,ORD0004541,CouriersPlease,CON5571603776,2025-08-25 08:54:00,2025-08-31 20:54:00,6,28.5,DELIVERED
SHIP0000087,ORD0000931,StarTrack Logistics,CON3660645755,2025-11-09 02:12:00,,4,29.3,DELAYED
SHIP0000088,ORD0003784,Toll Priority,CON1831568488,2025-10-23 02:40:00,2025-10-31 05:40:00,8,31.8,DELIVERED
SHIP0000089,ORD0003466,CouriersPlease,CON3413587437,2025-08-11 21:23:00,2025-08-17 01:23:00,5,20.8,DELIVERED
SHIP0000090,ORD0004624,CouriersPlease,CON2297672681,2025-07-24 13:17:00,2025-07-27 16:17:00,3,36.1,DELIVERED
SHIP0000091,ORD0001886,StarTrack Logistics,CON8955621908,2025-08-13 16:57:00,2025-08-23 09:57:00,9,42.0,DELIVERED
SHIP0000092,ORD0002814,StarTrack Logistics,CON1972140377,2025-11-05 01:47:00,2025-11-13 09:47:00,8,20.7,DELIVERED
SHIP0000093,ORD0000472,CouriersPlease,CON9808293284,2025-12-17 04:08:00,2025-12-20 06:08:00,3,22.4,DELIVERED
SHIP0000094,ORD0004915,Linfox Direct,CON8492383067,2025-11-20 14:24:00,2025-11-28 20:24:00,8,24.7,DELIVERED
SHIP0000095,ORD0001789,AusFreight Express,CON6205356190,2025-12-13 14:52:00,,3,31.4,DELAYED
SHIP0000096,ORD0003855,Linfox Direct,CON7269055869,2025-07-26 11:56:00,2025-08-05 00:56:00,9,1.3,DELIVERED
SHIP0000097,ORD0000259,Toll Priority,CON7265038853,2025-12-14 13:50:00,,2,26.4,DELAYED
SHIP0000098,ORD0000400,AusFreight Express,CON5971993465,2025-07-27 07:17:00,2025-08-04 01:17:00,7,3.8,DELIVERED
SHIP0000099,ORD0003202,Linfox Direct,CON7685972492,2025-07-22 06:16:00,2025-07-30 00:16:00,7,1.1,DELIVERED
SHIP0000100,ORD0002570,Linfox Direct,CON7683852850,2025-10-31 21:00:00,,5,4.0,IN_TRANSIT
SHIP0000101,ORD0004201,CouriersPlease,CON5427612509,2025-10-26 07:48:00,,8,33.4,DELAYED
SHIP0000102,ORD0003470,TNT Road,CON3065330309,2025-12-22 01:17:00,2025-12-28 03:17:00,6,39.6,DELIVERED
SHIP0000103,ORD0004163,StarTrack Logistics,CON7165862248,2025-07-05 05:54:00,2025-07-10 11:54:00,5,18.9,DELIVERED
SHIP0000104,ORD0004804,TNT Road,CON9324823308,2025-07-22 16:09:00,2025-07-23 19:09:00,1,20.2,DELIVERED
SHIP0000105,ORD0001480,Toll Priority,CON4027857015,2025-06-30 16:44:00,,6,23.4,IN_TRANSIT
SHIP0000106,ORD0001728,Toll Priority,CON2231486799,2025-11-13 02:42:00,2025-11-17 12:42:00,4,20.8,DELIVERED
SHIP0000107,ORD0001845,StarTrack Logistics,CON3716913390,2025-08-28 11:58:00,,8,33.9,LOST
SHIP0000108,ORD0003982,CouriersPlease,CON5869837563,2025-11-02 22:47:00,2025-11-08 08:47:00,5,22.8,DELIVERED
SHIP0000109,ORD0001163,Toll Priority,CON5984275055,2025-11-03 19:24:00,2025-11-13 03:24:00,9,16.0,DELIVERED
SHIP0000110,ORD0000140,Linfox Direct,CON4807510584,2025-12-24 17:49:00,2025-12-26 19:49:00,2,6.4,DELIVERED
SHIP0000111,ORD0003322,Linfox Direct,CON7045181221,2025-08-11 20:00:00,,8,4.6,LOST
SHIP0000112,ORD0001642,Toll Priority,CON5954705140,2025-12-05 17:51:00,2025-12-11 20:51:00,6,13.9,DELIVERED
SHIP0000113,ORD0004407,AusFreight Express,CON9257188661,2025-07-04 18:43:00,,5,7.7,IN_TRANSIT
SHIP0000114,ORD0000214,TNT Road,CON1697021097,2025-09-28 15:13:00,2025-09-29 18:13:00,1,6.2,DELIVERED
SHIP0000115,ORD0003907,CouriersPlease,CON5040980627,2025-10-26 20:52:00,2025-10-31 01:52:00,4,3.0,DELIVERED
SHIP0000116,ORD0003226,StarTrack Logistics,CON3838684221,2025-10-31 14:13:00,2025-11-10 08:13:00,9,41.1,DELIVERED
SHIP0000117,ORD0004793,StarTrack Logistics,CON3595444973,2025-12-04 15:32:00,2025-12-12 10:32:00,7,9.7,DELIVERED
SHIP0000118,ORD0003353,AusFreight Express,CON5970467388,2025-05-25 01:15:00,2025-05-27 21:15:00,2,41.4,DELIVERED
SHIP0000119,ORD0004076,Toll Priority,CON8604887343,2025-12-31 11:18:00,2026-01-03 14:18:00,3,4.5,DELIVERED
SHIP0000120,ORD0001275,StarTrack Logistics,CON3670257802,2025-10-30 08:30:00,2025-11-03 04:30:00,3,23.5,DELIVERED
SHIP0000121,ORD0004904,AusFreight Express,CON8632291908,2025-12-10 08:11:00,2025-12-17 18:11:00,7,28.8,DELIVERED
SHIP0000122,ORD0000465,Toll Priority,CON2568797135,2025-10-19 02:28:00,2025-10-24 08:28:00,5,34.3,DELIVERED
SHIP0000123,ORD0003073,TNT Road,CON4744043172,2025-08-20 23:48:00,2025-08-25 12:48:00,4,39.6,DELIVERED
SHIP0000124,ORD0002215,CouriersPlease,CON7076133866,2025-05-20 13:11:00,2025-05-22 21:11:00,2,7.0,DELIVERED
SHIP0000125,ORD0001962,TNT Road,CON1024895375,2025-10-14 00:26:00,,4,27.9,IN_TRANSIT
SHIP0000126,ORD0004587,Toll Priority,CON9249040282,2025-11-27 07:25:00,2025-12-01 19:25:00,4,32.9,DELIVERED
SHIP0000127,ORD0002545,StarTrack Logistics,CON3447516201,2025-07-25 05:51:00,,7,27.1,LOST
SHIP0000128,ORD0001271,TNT Road,CON4201537970,2025-06-01 07:08:00,2025-06-09 18:08:00,8,14.4,DELIVERED
SHIP0000129,ORD0004255,AusFreight Express,CON8313633449,2025-07-08 21:24:00,2025-07-10 23:24:00,2,2.2,DELIVERED
SHIP0000130,ORD0001226,AusFreight Express,CON7686443401,2025-09-26 09:19:00,2025-09-30 21:19:00,4,28.9,DELIVERED
SHIP0000131,ORD0002039,AusFreight Express,CON5390349052,2025-07-17 21:34:00,2025-07-24 15:34:00,6,14.9,DELIVERED
SHIP0000132,ORD0004860,StarTrack Logistics,CON7544698519,2025-05-27 02:21:00,,6,18.4,LOST
SHIP0000133,ORD0003491,Linfox Direct,CON3216752159,2025-12-15 01:38:00,2025-12-21 14:38:00,6,27.6,DELIVERED
SHIP0000134,ORD0001902,Toll Priority,CON6220561051,2025-11-21 18:49:00,2025-11-28 07:49:00,6,7.4,DELIVERED
SHIP0000135,ORD0004802,TNT Road,CON4889983910,2025-07-14 17:03:00,2025-07-21 10:03:00,6,18.9,DELIVERED
SHIP0000136,ORD0001021,StarTrack Logistics,CON8207000406,2025-09-04 11:40:00,,1,38.2,DELAYED
SHIP0000137,ORD0004995,TNT Road,CON3257092459,2025-07-20 17:12:00,2025-07-30 00:12:00,9,0.2,DELIVERED
SHIP0000138,ORD0001952,TNT Road,CON5074943386,2025-09-06 03:10:00,2025-09-12 21:10:00,6,20.6,DELIVERED
SHIP0000139,ORD0004432,StarTrack Logistics,CON3199632974,2025-12-30 08:11:00,,1,36.4,DELAYED
SHIP0000140,ORD0004168,CouriersPlease,CON2043613910,2025-11-17 01:32:00,2025-11-26 11:32:00,9,30.0,DELIVERED
SHIP0000141,ORD0004133,StarTrack Logistics,CON3798552359,2025-10-23 02:49:00,2025-10-27 07:49:00,4,24.3,DELIVERED
SHIP0000142,ORD0004212,TNT Road,CON9237122184,2025-06-02 00:40:00,2025-06-10 12:40:00,8,23.6,DELIVERED
SHIP0000143,ORD0003624,Toll Priority,CON9077380403,2025-11-24 12:09:00,2025-12-04 06:09:00,9,23.4,DELIVERED
SHIP0000144,ORD0000157,Toll Priority,CON9744669626,2025-10-18 08:09:00,2025-10-21 00:09:00,2,6.8,DELIVERED
SHIP0000145,ORD0002609,TNT Road,CON4189582550,2025-07-08 20:20:00,,2,29.0,LOST
SHIP0000146,ORD0001085,Linfox Direct,CON7048032315,2025-07-13 03:54:00,,1,29.5,DELAYED
SHIP0000147,ORD0003917,CouriersPlease,CON5293575484,2025-10-25 10:24:00,2025-10-28 01:24:00,2,9.2,DELIVERED
SHIP0000148,ORD0003262,TNT Road,CON7712395891,2025-06-28 15:13:00,2025-07-08 09:13:00,9,38.4,DELIVERED
SHIP0000149,ORD0004119,StarTrack Logistics,CON4547700116,2025-12-08 08:05:00,,4,26.5,IN_TRANSIT
SHIP0000150,ORD0001632,Toll Priority,CON5757832089,2025-09-20 15:00:00,2025-09-28 06:00:00,7,24.1,DELIVERED
SHIP0000151,ORD0003707,Linfox Direct,CON1573827930,2025-05-25 09:43:00,,9,3.1,DELAYED
SHIP0000152,ORD0002011,AusFreight Express,CON5549727911,2025-10-21 09:17:00,2025-10-25 21:17:00,4,6.9,DELIVERED
SHIP0000153,ORD0002712,CouriersPlease,CON5125442669,2025-06-07 20:44:00,,8,25.0,DELAYED
SHIP0000154,ORD0002169,TNT Road,CON9833378620,2025-12-09 19:24:00,2025-12-11 11:24:00,1,12.3,DELIVERED
SHIP0000155,ORD0004238,Toll Priority,CON8383959885,2025-10-29 11:26:00,2025-11-04 13:26:00,6,31.0,DELIVERED
SHIP0000156,ORD0004983,Toll Priority,CON3962212233,2025-07-18 02:39:00,2025-07-25 20:39:00,7,23.2,DELIVERED
SHIP0000157,ORD0003304,TNT Road,CON9018106539,2025-07-24 21:22:00,2025-07-26 14:22:00,1,33.8,DELIVERED
SHIP0000158,ORD0004681,Toll Priority,CON9061635215,2025-11-09 11:44:00,2025-11-13 17:44:00,4,22.9,DELIVERED
SHIP0000159,ORD0000775,StarTrack Logistics,CON9728622144,2025-12-17 18:36:00,,4,0.4,IN_TRANSIT
SHIP0000160,ORD0004922,Toll Priority,CON4747861827,2025-11-13 19:47:00,2025-11-16 03:47:00,2,2.3,DELIVERED
SHIP0000161,ORD0001092,Linfox Direct,CON4513379486,2025-07-13 13:39:00,2025-07-16 01:39:00,2,32.8,DELIVERED
SHIP0000162,ORD0002569,Linfox Direct,CON9961523999,2025-05-30 05:27:00,2025-06-07 18:27:00,8,27.8,DELIVERED
SHIP0000163,ORD0002696,StarTrack Logistics,CON6369013564,2025-10-12 07:15:00,2025-10-14 09:15:00,2,11.7,DELIVERED
SHIP0000164,ORD0002526,StarTrack Logistics,CON1396374158,2025-08-07 19:05:00,2025-08-11 22:05:00,4,35.9,DELIVERED
SHIP0000165,ORD0001168,CouriersPlease,CON9590442609,2025-11-01 17:26:00,,2,6.7,LOST
SHIP0000166,ORD0002658,Toll Priority,CON8723834044,2025-10-04 19:33:00,2025-10-11 04:33:00,6,32.3,DELIVERED
SHIP0000167,ORD0002629,CouriersPlease,CON9848253109,2025-10-14 17:39:00,2025-10-20 08:39:00,5,32.4,DELIVERED
SHIP0000168,ORD0002831,Toll Priority,CON7886826531,2025-08-15 09:16:00,,5,33.0,DELAYED
SHIP0000169,ORD0004798,Toll Priority,CON8536718769,2025-09-05 22:56:00,2025-09-12 10:56:00,6,31.9,DELIVERED
SHIP0000170,ORD0001261,AusFreight Express,CON3511840569,2025-10-18 08:08:00,,1,41.8,LOST
SHIP0000171,ORD0004265,Linfox Direct,CON5562269484,2025-10-21 11:36:00,2025-10-26 21:36:00,5,18.3,DELIVERED
SHIP0000172,ORD0002803,AusFreight Express,CON8853936811,2025-08-17 21:22:00,,2,4.1,IN_TRANSIT
SHIP0000173,ORD0001942,AusFreight Express,CON4721344017,2025-12-31 04:14:00,2026-01-02 11:14:00,2,31.0,DELIVERED
SHIP0000174,ORD0001637,Toll Priority,CON4348814324,2025-08-17 22:08:00,,8,7.3,DELAYED
SHIP0000175,ORD0004572,AusFreight Express,CON4855685294,2025-08-21 20:46:00,2025-08-31 08:46:00,9,20.5,DELIVERED
SHIP0000176,ORD0004065,TNT Road,CON9858333439,2025-06-18 07:55:00,,5,6.1,LOST
SHIP0000177,ORD0003287,CouriersPlease,CON3543827189,2025-11-02 04:06:00,,9,40.0,LOST
SHIP0000178,ORD0002643,Toll Priority,CON9443038060,2025-07-31 00:41:00,,8,28.3,DELAYED
SHIP0000179,ORD0003925,Linfox Direct,CON8954061192,2025-10-04 12:41:00,2025-10-09 02:41:00,4,37.9,DELIVERED
SHIP0000180,ORD0003059,Toll Priority,CON9670240133,2025-12-03 23:47:00,2025-12-11 15:47:00,7,26.3,DELIVERED
SHIP0000181,ORD0004553,StarTrack Logistics,CON6661059818,2025-08-27 08:30:00,2025-08-30 18:30:00,3,1.4,DELIVERED
SHIP0000182,ORD0001167,Toll Priority,CON8476048316,2025-11-08 18:03:00,2025-11-12 01:03:00,3,41.6,DELIVERED
SHIP0000183,ORD0002112,Linfox Direct,CON5931314699,2025-05-16 08:44:00,,2,2.3,DELAYED
SHIP0000184,ORD0000233,StarTrack Logistics,CON8948118294,2025-05-16 17:42:00,2025-05-25 05:42:00,8,14.6,DELIVERED
SHIP0000185,ORD0004539,StarTrack Logistics,CON8848980055,2025-10-05 19:46:00,2025-10-13 05:46:00,7,33.4,DELIVERED
SHIP0000186,ORD0001866,Toll Priority,CON6236424706,2025-05-29 02:57:00,2025-06-06 21:57:00,8,32.3,DELIVERED
SHIP0000187,ORD0002161,AusFreight Express,CON2750009761,2025-07-31 14:02:00,,5,24.7,DELAYED
SHIP0000188,ORD0000796,StarTrack Logistics,CON7023219840,2025-06-20 21:32:00,,3,32.5,DELAYED
SHIP0000189,ORD0002912,CouriersPlease,CON9218595912,2025-07-26 12:10:00,,2,34.4,LOST
SHIP0000190,ORD0004192,AusFreight Express,CON7034824868,2025-08-07 01:30:00,,9,25.6,LOST
SHIP0000191,ORD0002806,StarTrack Logistics,CON1261937002,2025-09-16 13:05:00,2025-09-19 17:05:00,3,33.0,DELIVERED
SHIP0000192,ORD0004607,TNT Road,CON7523692182,2025-09-21 23:54:00,2025-09-26 01:54:00,4,29.3,DELIVERED
SHIP0000193,ORD0001720,Toll Priority,CON2327658066,2025-11-08 07:32:00,,2,1.3,IN_TRANSIT
SHIP0000194,ORD0004797,Linfox Direct,CON1445282620,2025-10-23 16:33:00,2025-10-27 01:33:00,3,18.0,DELIVERED
SHIP0000195,ORD0001563,TNT Road,CON6401435650,2025-10-17 18:32:00,2025-10-26 13:32:00,8,30.2,DELIVERED
SHIP0000196,ORD0003200,CouriersPlease,CON4883173311,2025-09-02 09:52:00,2025-09-07 01:52:00,4,17.1,DELIVERED
SHIP0000197,ORD0003291,Toll Priority,CON7618870000,2025-07-27 15:40:00,,5,30.0,IN_TRANSIT
SHIP0000198,ORD0000406,TNT Road,CON9005794919,2025-06-06 09:50:00,2025-06-13 13:50:00,7,36.5,DELIVERED
SHIP0000199,ORD0002717,Toll Priority,CON3349835339,2025-12-08 12:22:00,,9,4.8,DELAYED
SHIP0000200,ORD0003024,TNT Road,CON2323223685,2025-10-23 22:07:00,2025-10-28 09:07:00,4,37.4,DELIVERED
SHIP0000201,ORD0001573,CouriersPlease,CON7335562154,2025-10-19 03:21:00,2025-10-24 10:21:00,5,35.8,DELIVERED
SHIP0000202,ORD0003613,AusFreight Express,CON3975818339,2025-11-21 22:01:00,,9,17.1,IN_TRANSIT
SHIP0000203,ORD0004194,Linfox Direct,CON5271909554,2025-06-03 21:32:00,2025-06-09 05:32:00,5,20.7,DELIVERED
SHIP0000204,ORD0001311,Toll Priority,CON4085670405,2025-11-02 05:36:00,,7,23.8,IN_TRANSIT
SHIP0000205,ORD0004700,StarTrack Logistics,CON8910323894,2025-10-03 23:57:00,2025-10-13 09:57:00,9,38.1,DELIVERED
SHIP0000206,ORD0000833,Toll Priority,CON9682093942,2025-08-21 04:29:00,,8,32.6,DELAYED
SHIP0000207,ORD0002678,StarTrack Logistics,CON9063999053,2025-07-09 04:10:00,,4,34.0,LOST
SHIP0000208,ORD0004668,AusFreight Express,CON4644220313,2025-06-12 06:09:00,2025-06-15 15:09:00,3,6.1,DELIVERED
SHIP0000209,ORD0002924,StarTrack Logistics,CON7561059835,2025-08-11 04:40:00,2025-08-18 15:40:00,7,1.5,DELIVERED
SHIP0000210,ORD0000136,CouriersPlease,CON6562318731,2025-10-05 14:27:00,2025-10-11 06:27:00,5,14.5,DELIVERED
SHIP0000211,ORD0003812,Toll Priority,CON8831753111,2025-12-02 11:36:00,2025-12-06 13:36:00,4,23.6,DELIVERED
SHIP0000212,ORD0000825,CouriersPlease,CON1494240029,2025-10-06 23:50:00,2025-10-15 03:50:00,8,41.0,DELIVERED
SHIP0000213,ORD0003482,Toll Priority,CON4149801665,2025-09-28 09:17:00,2025-10-01 16:17:00,3,21.6,DELIVERED
SHIP0000214,ORD0001028,TNT Road,CON5741984417,2025-08-18 07:16:00,2025-08-20 14:16:00,2,18.7,DELIVERED
SHIP0000215,ORD0003734,StarTrack Logistics,CON9903195775,2025-08-08 01:58:00,,8,22.1,LOST
SHIP0000216,ORD0004127,StarTrack Logistics,CON7564099416,2025-07-03 13:20:00,2025-07-06 01:20:00,2,2.3,DELIVERED
SHIP0000217,ORD0003049,Toll Priority,CON3440749818,2025-09-16 21:50:00,2025-09-18 04:50:00,1,39.7,DELIVERED
SHIP0000218,ORD0002371,CouriersPlease,CON8161233841,2025-11-04 08:44:00,2025-11-09 23:44:00,5,15.5,DELIVERED
SHIP0000219,ORD0003989,AusFreight Express,CON9145421429,2025-05-16 03:41:00,2025-05-25 21:41:00,9,10.6,DELIVERED
SHIP0000220,ORD0002212,Toll Priority,CON4605669915,2025-07-23 11:10:00,2025-07-29 23:10:00,6,23.7,DELIVERED
SHIP0000221,ORD0001211,AusFreight Express,CON4679790641,2025-10-13 06:29:00,2025-10-19 09:29:00,6,13.5,DELIVERED
SHIP0000222,ORD0004682,Linfox Direct,CON2148390019,2025-09-28 20:40:00,2025-10-07 02:40:00,8,9.5,DELIVERED
SHIP0000223,ORD0000349,TNT Road,CON2643126539,2025-11-18 16:46:00,2025-11-22 05:46:00,3,40.5,DELIVERED
SHIP0000224,ORD0003047,Linfox Direct,CON9820619048,2025-06-15 18:12:00,2025-06-18 19:12:00,3,29.4,DELIVERED
SHIP0000225,ORD0003906,Toll Priority,CON7633759128,2025-06-06 04:44:00,2025-06-08 15:44:00,2,31.3,DELIVERED
SHIP0000226,ORD0004298,TNT Road,CON2600071335,2025-10-06 05:44:00,,2,34.6,LOST
SHIP0000227,ORD0004759,Toll Priority,CON2731567394,2025-10-14 08:55:00,2025-10-17 13:55:00,3,36.5,DELIVERED
SHIP0000228,ORD0002927,Toll Priority,CON6712639595,2025-07-20 00:21:00,2025-07-23 17:21:00,3,31.3,DELIVERED
SHIP0000229,ORD0004230,CouriersPlease,CON5915616832,2025-05-27 21:59:00,,4,41.4,DELAYED
SHIP0000230,ORD0002165,TNT Road,CON5917739443,2025-09-22 09:25:00,,8,6.5,IN_TRANSIT
SHIP0000231,ORD0001264,AusFreight Express,CON5172691609,2025-10-17 23:31:00,2025-10-23 09:31:00,5,18.4,DELIVERED
SHIP0000232,ORD0002701,CouriersPlease,CON9607684336,2025-05-18 12:01:00,2025-05-25 23:01:00,7,31.7,DELIVERED
SHIP0000233,ORD0001463,AusFreight Express,CON1335893329,2025-10-09 20:50:00,2025-10-15 01:50:00,5,10.8,DELIVERED
SHIP0000234,ORD0002327,CouriersPlease,CON1334336475,2025-05-18 10:58:00,,8,9.3,DELAYED
SHIP0000235,ORD0003384,Toll Priority,CON8554753739,2025-12-29 13:11:00,2026-01-04 01:11:00,5,3.0,DELIVERED
SHIP0000236,ORD0003749,StarTrack Logistics,CON3231762321,2025-08-25 20:21:00,,1,36.9,IN_TRANSIT
SHIP0000237,ORD0001323,StarTrack Logistics,CON9223874935,2025-05-16 17:33:00,,4,29.8,LOST
SHIP0000238,ORD0003080,TNT Road,CON1648538669,2025-11-01 09:44:00,,8,8.6,LOST
SHIP0000239,ORD0003140,CouriersPlease,CON8909914374,2025-11-30 10:12:00,2025-12-07 19:12:00,7,3.8,DELIVERED
SHIP0000240,ORD0000731,Toll Priority,CON8535156153,2025-05-25 22:15:00,2025-05-29 04:15:00,3,21.8,DELIVERED
SHIP0000241,ORD0004789,Toll Priority,CON5006493140,2025-11-12 06:25:00,2025-11-21 15:25:00,9,29.0,DELIVERED
SHIP0000242,ORD0001444,Linfox Direct,CON8635604414,2025-07-28 01:25:00,,2,5.0,LOST
SHIP0000243,ORD0001587,Toll Priority,CON2430819972,2025-08-14 10:06:00,2025-08-23 02:06:00,8,34.0,DELIVERED
SHIP0000244,ORD0004465,AusFreight Express,CON3254213465,2025-08-14 03:21:00,2025-08-21 15:21:00,7,6.7,DELIVERED
SHIP0000245,ORD0000111,StarTrack Logistics,CON7134144428,2025-11-04 17:06:00,2025-11-06 09:06:00,1,8.1,DELIVERED
SHIP0000246,ORD0002728,TNT Road,CON4448248531,2025-07-13 06:38:00,2025-07-15 11:38:00,2,12.8,DELIVERED
SHIP0000247,ORD0000375,AusFreight Express,CON1002281964,2025-11-27 05:30:00,2025-11-29 23:30:00,2,36.4,DELIVERED
SHIP0000248,ORD0004240,CouriersPlease,CON5676371992,2025-12-05 20:56:00,,8,1.2,IN_TRANSIT
SHIP0000249,ORD0002043,Toll Priority,CON1092874541,2025-09-16 19:23:00,,4,30.5,DELAYED
SHIP0000250,ORD0001827,CouriersPlease,CON8036352758,2025-11-17 17:37:00,,8,19.9,IN_TRANSIT
SHIP0000251,ORD0002576,Linfox Direct,CON3998611194,2025-11-29 01:45:00,,6,26.9,IN_TRANSIT
SHIP0000252,ORD0004891,StarTrack Logistics,CON2657465900,2025-08-18 04:31:00,2025-08-23 15:31:00,5,29.9,DELIVERED
SHIP0000253,ORD0002558,Linfox Direct,CON2966787443,2025-07-05 05:18:00,2025-07-09 23:18:00,4,4.2,DELIVERED
SHIP0000254,ORD0001363,TNT Road,CON5182110294,2025-12-13 12:54:00,2025-12-18 04:54:00,4,24.2,DELIVERED
SHIP0000255,ORD0002855,TNT Road,CON5178167324,2025-08-13 08:57:00,2025-08-22 15:57:00,9,8.8,DELIVERED
SHIP0000256,ORD0004290,AusFreight Express,CON1302311557,2025-09-01 14:36:00,2025-09-03 08:36:00,1,18.6,DELIVERED
SHIP0000257,ORD0002925,Toll Priority,CON4256865611,2025-10-14 06:36:00,2025-10-19 10:36:00,5,18.9,DELIVERED
SHIP0000258,ORD0001702,TNT Road,CON4344715752,2025-05-27 05:35:00,2025-05-28 15:35:00,1,21.5,DELIVERED
SHIP0000259,ORD0004530,AusFreight Express,CON4420882774,2025-06-01 15:29:00,,9,28.7,IN_TRANSIT
SHIP0000260,ORD0003247,AusFreight Express,CON7104350746,2025-06-08 08:23:00,,2,40.1,LOST
SHIP0000261,ORD0004132,TNT Road,CON2723198516,2025-10-19 12:31:00,2025-10-21 20:31:00,2,33.5,DELIVERED
SHIP0000262,ORD0001575,AusFreight Express,CON5464413170,2025-06-22 22:33:00,,3,0.3,IN_TRANSIT
SHIP0000263,ORD0002785,Linfox Direct,CON3378805649,2025-10-17 20:54:00,2025-10-23 16:54:00,5,33.2,DELIVERED
SHIP0000264,ORD0000994,StarTrack Logistics,CON4789688449,2025-12-10 18:07:00,,9,2.2,IN_TRANSIT
SHIP0000265,ORD0000560,Linfox Direct,CON8121452909,2025-10-16 19:35:00,2025-10-18 10:35:00,1,31.4,DELIVERED
SHIP0000266,ORD0000475,Linfox Direct,CON4032212329,2025-08-29 13:01:00,2025-09-05 16:01:00,7,14.3,DELIVERED
SHIP0000267,ORD0001665,Toll Priority,CON2324186503,2025-09-21 14:24:00,2025-09-23 10:24:00,1,8.8,DELIVERED
SHIP0000268,ORD0002899,StarTrack Logistics,CON7729823148,2025-05-17 12:58:00,2025-05-23 21:58:00,6,0.8,DELIVERED
SHIP0000269,ORD0004618,StarTrack Logistics,CON2526928059,2025-11-07 19:57:00,2025-11-16 14:57:00,8,3.3,DELIVERED
SHIP0000270,ORD0001603,AusFreight Express,CON5031436909,2025-12-21 05:47:00,2025-12-29 22:47:00,8,13.4,DELIVERED
SHIP0000271,ORD0003656,CouriersPlease,CON8014051231,2025-05-16 01:46:00,2025-05-24 05:46:00,8,6.9,DELIVERED
SHIP0000272,ORD0002968,CouriersPlease,CON4636480987,2025-07-20 02:31:00,2025-07-24 15:31:00,4,14.4,DELIVERED
SHIP0000273,ORD0003289,CouriersPlease,CON1177625739,2025-11-06 22:51:00,2025-11-10 08:51:00,3,12.4,DELIVERED
SHIP0000274,ORD0004828,CouriersPlease,CON7622826189,2025-10-23 00:30:00,2025-10-29 16:30:00,6,4.8,DELIVERED
SHIP0000275,ORD0004203,StarTrack Logistics,CON5032493244,2025-12-29 13:45:00,2026-01-06 15:45:00,8,38.2,DELIVERED
SHIP0000276,ORD0004533,Linfox Direct,CON3178737211,2025-12-09 09:50:00,2025-12-17 01:50:00,7,33.4,DELIVERED
SHIP0000277,ORD0002847,CouriersPlease,CON6656178239,2025-09-12 18:36:00,,5,14.6,LOST
SHIP0000278,ORD0003189,TNT Road,CON2418301101,2025-07-28 16:51:00,2025-08-06 12:51:00,8,35.9,DELIVERED
SHIP0000279,ORD0004422,Toll Priority,CON2890157640,2025-06-08 09:04:00,2025-06-10 14:04:00,2,26.4,DELIVERED
SHIP0000280,ORD0002871,TNT Road,CON4241058090,2025-09-15 16:04:00,2025-09-18 02:04:00,2,4.0,DELIVERED
SHIP0000281,ORD0001969,StarTrack Logistics,CON4006398108,2025-06-15 16:54:00,2025-06-20 18:54:00,5,26.6,DELIVERED
SHIP0000282,ORD0000719,CouriersPlease,CON2497375508,2025-09-14 17:57:00,,7,26.5,IN_TRANSIT
SHIP0000283,ORD0001943,CouriersPlease,CON2004912055,2025-08-06 10:54:00,2025-08-14 11:54:00,8,25.4,DELIVERED
SHIP0000284,ORD0002843,AusFreight Express,CON6310898717,2025-05-18 18:12:00,2025-05-26 09:12:00,7,40.9,DELIVERED
SHIP0000285,ORD0002906,Toll Priority,CON3748505834,2025-11-24 05:39:00,2025-11-29 06:39:00,5,12.7,DELIVERED
SHIP0000286,ORD0003489,StarTrack Logistics,CON3904545661,2025-11-02 19:06:00,,7,23.3,IN_TRANSIT
SHIP0000287,ORD0002473,Toll Priority,CON3090733141,2025-11-06 02:58:00,,3,38.7,LOST
SHIP0000288,ORD0001388,AusFreight Express,CON2188266517,2025-08-14 04:28:00,2025-08-18 09:28:00,4,3.5,DELIVERED
SHIP0000289,ORD0001104,TNT Road,CON6525036520,2025-06-21 07:27:00,,4,33.1,DELAYED
SHIP0000290,ORD0003874,TNT Road,CON4107879179,2025-09-16 01:55:00,2025-09-23 06:55:00,7,28.9,DELIVERED
SHIP0000291,ORD0003716,StarTrack Logistics,CON3573306194,2025-07-17 12:44:00,2025-07-23 20:44:00,6,28.3,DELIVERED
SHIP0000292,ORD0004375,Linfox Direct,CON2851346103,2025-12-30 05:38:00,2026-01-06 17:38:00,7,41.2,DELIVERED
SHIP0000293,ORD0004970,Toll Priority,CON7732838803,2025-07-12 19:14:00,2025-07-20 01:14:00,7,22.1,DELIVERED
SHIP0000294,ORD0001627,TNT Road,CON5955625046,2025-08-05 20:25:00,2025-08-10 15:25:00,4,11.0,DELIVERED
SHIP0000295,ORD0003288,Toll Priority,CON4615426817,2025-12-07 05:17:00,2025-12-08 06:17:00,1,29.5,DELIVERED
SHIP0000296,ORD0004544,StarTrack Logistics,CON2983354984,2025-09-18 06:46:00,2025-09-27 01:46:00,8,41.5,DELIVERED
SHIP0000297,ORD0004933,AusFreight Express,CON4379193603,2025-10-22 10:04:00,,6,40.8,IN_TRANSIT
SHIP0000298,ORD0001959,CouriersPlease,CON7323126309,2025-05-19 14:59:00,2025-05-27 21:59:00,8,34.8,DELIVERED
SHIP0000299,ORD0000647,CouriersPlease,CON8945263618,2025-12-26 11:29:00,2026-01-02 13:29:00,7,23.4,DELIVERED
SHIP0000300,ORD0002225,Linfox Direct,CON8093451684,2025-11-05 20:53:00,2025-11-13 07:53:00,7,38.9,DELIVERED
SHIP0000301,ORD0001990,CouriersPlease,CON4342711302,2025-10-15 07:22:00,2025-10-17 02:22:00,1,4.7,DELIVERED
SHIP0000302,ORD0002554,CouriersPlease,CON8865842662,2025-12-03 08:28:00,2025-12-11 22:28:00,8,14.5,DELIVERED
SHIP0000303,ORD0001075,StarTrack Logistics,CON4045188745,2025-07-21 21:40:00,,3,3.6,IN_TRANSIT
SHIP0000304,ORD0000023,Linfox Direct,CON7404070465,2025-07-24 09:50:00,,4,28.0,IN_TRANSIT
SHIP0000305,ORD0002050,Toll Priority,CON3740405281,2025-06-07 12:54:00,2025-06-11 00:54:00,3,40.5,DELIVERED
SHIP0000306,ORD0001393,CouriersPlease,CON5721480450,2025-06-22 18:48:00,,4,24.8,DELAYED
SHIP0000307,ORD0004699,AusFreight Express,CON7839416706,2025-11-08 05:38:00,,3,41.5,IN_TRANSIT
SHIP0000308,ORD0001844,CouriersPlease,CON8491362311,2025-05-17 23:18:00,2025-05-20 14:18:00,2,4.7,DELIVERED
SHIP0000309,ORD0003722,CouriersPlease,CON8534414784,2025-06-01 14:02:00,2025-06-02 15:02:00,1,29.2,DELIVERED
SHIP0000310,ORD0003521,Linfox Direct,CON2324110873,2025-09-02 16:21:00,,6,33.5,DELAYED
SHIP0000311,ORD0004319,StarTrack Logistics,CON1562271703,2025-06-13 23:45:00,2025-06-21 15:45:00,7,39.1,DELIVERED
SHIP0000312,ORD0002135,Toll Priority,CON8216164748,2025-09-03 10:18:00,,9,26.4,DELAYED
SHIP0000313,ORD0004228,Toll Priority,CON5969661986,2025-08-11 17:05:00,2025-08-18 13:05:00,6,1.1,DELIVERED
SHIP0000314,ORD0002057,Linfox Direct,CON9547695741,2025-12-26 23:23:00,2026-01-03 05:23:00,7,19.7,DELIVERED
SHIP0000315,ORD0000217,StarTrack Logistics,CON6669774053,2025-09-08 22:43:00,,6,22.5,DELAYED
SHIP0000316,ORD0000347,TNT Road,CON3799738289,2025-05-18 12:26:00,,3,39.3,LOST
SHIP0000317,ORD0000114,Toll Priority,CON3435841117,2025-11-27 08:13:00,2025-11-29 01:13:00,1,12.9,DELIVERED
SHIP0000318,ORD0003079,Toll Priority,CON6018483385,2025-09-17 08:51:00,,3,36.7,LOST
SHIP0000319,ORD0000345,CouriersPlease,CON4340124531,2025-10-20 17:58:00,,7,12.3,IN_TRANSIT
SHIP0000320,ORD0001591,Linfox Direct,CON2219983472,2025-08-01 10:52:00,,8,35.4,IN_TRANSIT
SHIP0000321,ORD0001212,AusFreight Express,CON1480608411,2025-08-14 02:13:00,2025-08-16 04:13:00,2,0.8,DELIVERED
SHIP0000322,ORD0001516,AusFreight Express,CON1498794865,2025-12-04 03:26:00,2025-12-08 06:26:00,4,14.8,DELIVERED
SHIP0000323,ORD0003098,AusFreight Express,CON1984070941,2025-11-27 13:29:00,2025-12-06 05:29:00,8,41.5,DELIVERED
SHIP0000324,ORD0004578,AusFreight Express,CON2064888418,2025-06-18 01:16:00,,3,6.6,IN_TRANSIT
SHIP0000325,ORD0001714,Toll Priority,CON1658000000,2025-08-29 04:01:00,2025-09-04 09:01:00,6,39.7,DELIVERED
SHIP0000326,ORD0000941,TNT Road,CON7937853302,2025-10-10 12:21:00,2025-10-12 23:21:00,2,6.1,DELIVERED
SHIP0000327,ORD0002527,TNT Road,CON4318497909,2025-05-31 13:41:00,,2,16.3,LOST
SHIP0000328,ORD0002655,TNT Road,CON1250044590,2025-09-01 13:07:00,2025-09-05 07:07:00,3,23.8,DELIVERED
SHIP0000329,ORD0003119,StarTrack Logistics,CON8633411880,2025-05-25 13:09:00,,9,38.2,DELAYED
SHIP0000330,ORD0003512,CouriersPlease,CON7388919162,2025-05-24 08:09:00,2025-05-30 12:09:00,6,17.3,DELIVERED
SHIP0000331,ORD0001279,Linfox Direct,CON6337931210,2025-11-26 08:36:00,2025-12-04 19:36:00,8,12.0,DELIVERED
SHIP0000332,ORD0002638,AusFreight Express,CON6557624571,2025-08-08 04:23:00,2025-08-11 15:23:00,3,28.8,DELIVERED
SHIP0000333,ORD0001514,Toll Priority,CON6175730240,2025-05-16 15:41:00,,2,38.5,IN_TRANSIT
SHIP0000334,ORD0004346,Linfox Direct,CON6560235578,2025-08-20 03:35:00,2025-08-22 15:35:00,2,6.3,DELIVERED
SHIP0000335,ORD0001420,Linfox Direct,CON3908720796,2025-07-22 02:11:00,2025-07-28 19:11:00,6,1.0,DELIVERED
SHIP0000336,ORD0002941,Toll Priority,CON9149025330,2025-06-03 18:35:00,2025-06-08 07:35:00,4,34.3,DELIVERED
SHIP0000337,ORD0000839,Linfox Direct,CON9329456520,2025-12-26 01:21:00,2026-01-04 21:21:00,9,32.1,DELIVERED
SHIP0000338,ORD0003125,TNT Road,CON4192148635,2025-08-28 00:36:00,,2,40.8,IN_TRANSIT
SHIP0000339,ORD0002480,Linfox Direct,CON8468677754,2025-06-29 06:10:00,2025-07-08 21:10:00,9,15.0,DELIVERED
SHIP0000340,ORD0003126,TNT Road,CON2888643015,2025-09-16 03:31:00,2025-09-22 21:31:00,6,3.3,DELIVERED
SHIP0000341,ORD0004866,AusFreight Express,CON3485311768,2025-11-27 15:33:00,2025-12-06 19:33:00,9,29.9,DELIVERED
SHIP0000342,ORD0001839,AusFreight Express,CON9173225602,2025-05-19 21:19:00,,4,38.6,IN_TRANSIT
SHIP0000343,ORD0000005,StarTrack Logistics,CON5713531353,2025-12-13 19:55:00,,8,12.2,IN_TRANSIT
SHIP0000344,ORD0000706,Toll Priority,CON8771871030,2025-09-16 19:54:00,2025-09-21 03:54:00,4,3.9,DELIVERED
SHIP0000345,ORD0001546,TNT Road,CON8411308643,2025-11-05 15:37:00,2025-11-12 19:37:00,7,18.2,DELIVERED
SHIP0000346,ORD0004415,CouriersPlease,CON2973101732,2025-09-14 22:06:00,2025-09-21 14:06:00,6,23.7,DELIVERED
SHIP0000347,ORD0002443,StarTrack Logistics,CON7380032685,2025-06-21 01:07:00,,8,23.1,DELAYED
SHIP0000348,ORD0002104,AusFreight Express,CON1678255361,2025-08-07 09:20:00,,7,20.9,LOST
SHIP0000349,ORD0000220,CouriersPlease,CON2402994725,2025-10-16 07:19:00,2025-10-23 23:19:00,7,22.9,DELIVERED
SHIP0000350,ORD0002503,StarTrack Logistics,CON1333559906,2025-08-13 02:12:00,2025-08-20 10:12:00,7,20.7,DELIVERED
SHIP0000351,ORD0003650,Toll Priority,CON4375739302,2025-08-24 19:12:00,,2,34.3,IN_TRANSIT
SHIP0000352,ORD0003701,CouriersPlease,CON6396422239,2025-08-11 11:50:00,2025-08-18 19:50:00,7,29.7,DELIVERED
SHIP0000353,ORD0002915,TNT Road,CON1834417743,2025-10-09 21:59:00,2025-10-15 06:59:00,5,10.4,DELIVERED
SHIP0000354,ORD0004939,TNT Road,CON8973380663,2025-12-28 14:02:00,2026-01-01 03:02:00,3,16.7,DELIVERED
SHIP0000355,ORD0002951,AusFreight Express,CON3583039160,2025-05-31 07:20:00,2025-06-03 14:20:00,3,20.8,DELIVERED
SHIP0000356,ORD0001386,StarTrack Logistics,CON1097237534,2025-06-29 18:29:00,2025-06-30 22:29:00,1,20.1,DELIVERED
SHIP0000357,ORD0002561,AusFreight Express,CON2823629433,2025-08-26 02:00:00,2025-08-28 20:00:00,2,6.7,DELIVERED
SHIP0000358,ORD0003381,Linfox Direct,CON7673818388,2025-12-30 00:43:00,,9,4.7,LOST
SHIP0000359,ORD0003145,Linfox Direct,CON2432563254,2025-09-04 14:48:00,,7,9.2,IN_TRANSIT
SHIP0000360,ORD0004896,StarTrack Logistics,CON1949805265,2025-11-23 19:35:00,,6,8.9,DELAYED
SHIP0000361,ORD0004486,TNT Road,CON2726685968,2025-09-07 13:43:00,2025-09-16 21:43:00,9,5.3,DELIVERED
SHIP0000362,ORD0004233,TNT Road,CON1274635728,2025-10-10 23:57:00,2025-10-16 12:57:00,5,16.5,DELIVERED
SHIP0000363,ORD0002582,TNT Road,CON2967536452,2025-12-03 10:00:00,2025-12-12 16:00:00,9,28.5,DELIVERED
SHIP0000364,ORD0001253,Toll Priority,CON1011777110,2025-10-19 13:29:00,2025-10-27 23:29:00,8,33.0,DELIVERED
SHIP0000365,ORD0002942,Linfox Direct,CON3366653154,2025-11-20 20:13:00,2025-11-27 10:13:00,6,18.8,DELIVERED
SHIP0000366,ORD0001799,Toll Priority,CON7899636804,2025-10-22 23:23:00,2025-10-26 07:23:00,3,39.1,DELIVERED
SHIP0000367,ORD0000379,StarTrack Logistics,CON5243169172,2025-06-08 14:53:00,2025-06-14 02:53:00,5,36.1,DELIVERED
SHIP0000368,ORD0001453,Toll Priority,CON9176285281,2025-09-18 22:05:00,2025-09-27 13:05:00,8,40.9,DELIVERED
SHIP0000369,ORD0000736,StarTrack Logistics,CON5563188159,2025-06-09 12:55:00,2025-06-15 01:55:00,5,26.5,DELIVERED
SHIP0000370,ORD0003341,Toll Priority,CON4620473025,2025-12-17 03:22:00,2025-12-26 05:22:00,9,30.0,DELIVERED
SHIP0000371,ORD0003944,AusFreight Express,CON5920008154,2025-10-24 21:39:00,2025-10-29 00:39:00,4,34.0,DELIVERED
SHIP0000372,ORD0001596,TNT Road,CON8563636775,2025-07-19 06:06:00,2025-07-28 02:06:00,8,37.7,DELIVERED
SHIP0000373,ORD0004363,AusFreight Express,CON4757339313,2025-12-21 04:11:00,,3,40.6,LOST
SHIP0000374,ORD0000025,StarTrack Logistics,CON8801784911,2025-11-02 17:43:00,2025-11-07 19:43:00,5,6.4,DELIVERED
SHIP0000375,ORD0002493,Linfox Direct,CON2102795431,2025-09-19 08:52:00,2025-09-23 18:52:00,4,35.6,DELIVERED
SHIP0000376,ORD0003683,Toll Priority,CON3375210838,2025-08-15 12:13:00,,8,35.7,LOST
SHIP0000377,ORD0003361,TNT Road,CON7046782500,2025-08-14 05:35:00,,6,16.7,LOST
SHIP0000378,ORD0003710,StarTrack Logistics,CON8273679093,2025-08-21 10:07:00,2025-08-31 06:07:00,9,18.7,DELIVERED
SHIP0000379,ORD0003878,CouriersPlease,CON8852444981,2025-06-28 07:54:00,,3,41.9,DELAYED
SHIP0000380,ORD0004434,CouriersPlease,CON1575080450,2025-09-01 18:14:00,2025-09-10 20:14:00,9,9.2,DELIVERED
SHIP0000381,ORD0002015,AusFreight Express,CON3878292307,2025-08-17 10:04:00,,8,3.0,LOST
SHIP0000382,ORD0000449,AusFreight Express,CON7575174032,2025-08-23 09:38:00,,4,1.2,DELAYED
SHIP0000383,ORD0000697,TNT Road,CON5590915111,2025-10-16 01:52:00,,1,20.9,LOST
SHIP0000384,ORD0004123,CouriersPlease,CON4941747451,2025-06-21 03:39:00,2025-06-28 23:39:00,7,28.3,DELIVERED
SHIP0000385,ORD0001712,CouriersPlease,CON4852297509,2025-06-28 03:01:00,2025-07-01 15:01:00,3,20.1,DELIVERED
SHIP0000386,ORD0004324,Toll Priority,CON2166862751,2025-06-10 17:51:00,2025-06-17 11:51:00,6,32.4,DELIVERED
SHIP0000387,ORD0002305,StarTrack Logistics,CON9179125806,2025-09-16 05:05:00,,8,35.8,DELAYED
SHIP0000388,ORD0002295,TNT Road,CON5632128034,2025-09-11 10:59:00,2025-09-15 16:59:00,4,34.4,DELIVERED
SHIP0000389,ORD0000473,AusFreight Express,CON4637901127,2025-10-17 07:40:00,2025-10-25 14:40:00,8,30.4,DELIVERED
SHIP0000390,ORD0001861,StarTrack Logistics,CON2585661919,2025-12-20 11:29:00,2025-12-26 01:29:00,5,29.8,DELIVERED
SHIP0000391,ORD0000455,Linfox Direct,CON5492811859,2025-11-14 10:56:00,2025-11-19 05:56:00,4,28.0,DELIVERED
SHIP0000392,ORD0000788,StarTrack Logistics,CON3493051000,2025-09-22 00:18:00,,8,2.2,LOST
SHIP0000393,ORD0000417,Linfox Direct,CON1282164189,2025-10-12 19:28:00,,6,3.4,LOST
SHIP0000394,ORD0001635,StarTrack Logistics,CON6847296683,2025-06-28 16:25:00,2025-07-07 21:25:00,9,7.0,DELIVERED
SHIP0000395,ORD0002432,CouriersPlease,CON5048856090,2025-05-20 07:05:00,,6,3.8,IN_TRANSIT
SHIP0000396,ORD0000425,StarTrack Logistics,CON9928801335,2025-08-11 12:05:00,2025-08-18 21:05:00,7,22.9,DELIVERED
SHIP0000397,ORD0001535,StarTrack Logistics,CON8451340139,2025-09-21 21:02:00,,4,41.0,DELAYED
SHIP0000398,ORD0001471,CouriersPlease,CON9137709366,2025-06-17 15:31:00,2025-06-26 18:31:00,9,28.0,DELIVERED
SHIP0000399,ORD0002695,TNT Road,CON1435156483,2025-08-09 03:58:00,2025-08-16 21:58:00,7,36.2,DELIVERED
SHIP0000400,ORD0002734,StarTrack Logistics,CON6052689571,2025-07-30 12:22:00,2025-08-06 21:22:00,7,30.8,DELIVERED
SHIP0000401,ORD0000453,AusFreight Express,CON1352151099,2025-12-24 11:57:00,2025-12-29 22:57:00,5,33.6,DELIVERED
SHIP0000402,ORD0003327,Toll Priority,CON5902672744,2025-12-02 09:23:00,2025-12-07 15:23:00,5,4.9,DELIVERED
SHIP0000403,ORD0000552,CouriersPlease,CON9121504514,2025-12-20 07:09:00,,9,23.9,DELAYED
SHIP0000404,ORD0004307,Toll Priority,CON3014763188,2025-10-29 16:23:00,2025-10-31 18:23:00,2,5.3,DELIVERED
SHIP0000405,ORD0004560,CouriersPlease,CON6109594319,2025-09-03 14:09:00,,7,7.6,IN_TRANSIT
SHIP0000406,ORD0003875,TNT Road,CON6360807113,2025-11-14 23:06:00,,9,26.0,IN_TRANSIT
SHIP0000407,ORD0001143,Toll Priority,CON6532588583,2025-11-07 00:32:00,2025-11-12 20:32:00,5,16.1,DELIVERED
SHIP0000408,ORD0001033,CouriersPlease,CON6912978521,2025-08-27 01:07:00,2025-09-04 11:07:00,8,7.9,DELIVERED
SHIP0000409,ORD0001756,CouriersPlease,CON5781368058,2025-07-18 08:26:00,,3,5.1,IN_TRANSIT
SHIP0000410,ORD0004812,Toll Priority,CON8488673295,2025-11-17 08:12:00,2025-11-19 04:12:00,1,37.5,DELIVERED
SHIP0000411,ORD0001916,TNT Road,CON2832595767,2025-05-16 00:39:00,2025-05-20 20:39:00,4,20.9,DELIVERED
SHIP0000412,ORD0000398,CouriersPlease,CON6832700763,2025-11-29 13:06:00,2025-12-01 03:06:00,1,11.5,DELIVERED
SHIP0000413,ORD0004959,StarTrack Logistics,CON4350098149,2025-09-02 18:11:00,2025-09-07 11:11:00,4,11.2,DELIVERED
SHIP0000414,ORD0001810,AusFreight Express,CON7269495905,2025-11-19 03:18:00,2025-11-20 20:18:00,1,38.0,DELIVERED
SHIP0000415,ORD0003367,StarTrack Logistics,CON5229940625,2025-12-13 06:33:00,2025-12-17 20:33:00,4,9.4,DELIVERED
SHIP0000416,ORD0003937,StarTrack Logistics,CON5306098126,2025-09-10 20:18:00,,9,36.3,IN_TRANSIT
SHIP0000417,ORD0004487,StarTrack Logistics,CON6163671384,2025-11-13 07:30:00,2025-11-18 22:30:00,5,21.0,DELIVERED
SHIP0000418,ORD0002001,Linfox Direct,CON1092132798,2025-08-29 00:23:00,2025-09-03 02:23:00,5,15.5,DELIVERED
SHIP0000419,ORD0001406,TNT Road,CON8569088513,2025-10-15 08:54:00,,4,5.2,DELAYED
SHIP0000420,ORD0004174,Toll Priority,CON5540196831,2025-10-12 09:37:00,2025-10-18 23:37:00,6,12.0,DELIVERED
SHIP0000421,ORD0000815,TNT Road,CON2909093065,2025-08-17 02:22:00,2025-08-26 15:22:00,9,35.7,DELIVERED
SHIP0000422,ORD0003177,Linfox Direct,CON7177792270,2025-09-11 18:36:00,2025-09-21 06:36:00,9,6.3,DELIVERED
SHIP0000423,ORD0003424,AusFreight Express,CON2856374017,2025-06-28 05:35:00,2025-07-05 18:35:00,7,17.4,DELIVERED
SHIP0000424,ORD0000669,StarTrack Logistics,CON2678471415,2025-05-30 02:54:00,2025-06-03 04:54:00,4,8.1,DELIVERED
SHIP0000425,ORD0001072,StarTrack Logistics,CON5027801885,2025-07-25 16:08:00,2025-07-27 17:08:00,2,22.4,DELIVERED
SHIP0000426,ORD0003149,CouriersPlease,CON9648292262,2025-06-27 20:30:00,,8,34.2,IN_TRANSIT
SHIP0000427,ORD0004288,CouriersPlease,CON3602179476,2025-08-21 00:50:00,2025-08-25 05:50:00,4,41.9,DELIVERED
SHIP0000428,ORD0000884,Toll Priority,CON6431229686,2025-12-09 05:05:00,2025-12-16 00:05:00,6,39.9,DELIVERED
SHIP0000429,ORD0000897,Linfox Direct,CON1825828462,2025-12-14 21:37:00,,3,22.8,DELAYED
SHIP0000430,ORD0004361,Linfox Direct,CON4395762976,2025-12-12 05:11:00,2025-12-21 18:11:00,9,11.1,DELIVERED
SHIP0000431,ORD0001502,CouriersPlease,CON3937614748,2025-06-10 17:12:00,2025-06-16 06:12:00,5,21.4,DELIVERED
SHIP0000432,ORD0002516,Toll Priority,CON8545254412,2025-06-12 17:19:00,2025-06-17 06:19:00,4,8.1,DELIVERED
SHIP0000433,ORD0001577,StarTrack Logistics,CON2549125999,2025-05-24 19:12:00,2025-05-28 10:12:00,3,23.0,DELIVERED
SHIP0000434,ORD0001246,StarTrack Logistics,CON9802726805,2025-07-29 00:00:00,,4,22.8,DELAYED
SHIP0000435,ORD0004505,CouriersPlease,CON6378201003,2025-10-15 23:21:00,2025-10-23 04:21:00,7,32.2,DELIVERED
SHIP0000436,ORD0001731,CouriersPlease,CON5491625877,2025-11-10 10:52:00,2025-11-16 17:52:00,6,14.7,DELIVERED
SHIP0000437,ORD0001309,Linfox Direct,CON8369097065,2025-11-07 19:34:00,,2,10.8,DELAYED
SHIP0000438,ORD0004769,AusFreight Express,CON2996424431,2025-11-17 09:35:00,2025-11-24 05:35:00,6,20.1,DELIVERED
SHIP0000439,ORD0002635,Toll Priority,CON7783404393,2025-10-25 08:58:00,2025-11-01 03:58:00,6,0.6,DELIVERED
SHIP0000440,ORD0003732,Linfox Direct,CON9823678881,2025-09-22 09:06:00,2025-09-24 13:06:00,2,20.1,DELIVERED
SHIP0000441,ORD0002387,StarTrack Logistics,CON9914773861,2025-05-23 10:11:00,,3,41.3,IN_TRANSIT
SHIP0000442,ORD0002412,TNT Road,CON8372113002,2025-12-02 00:48:00,2025-12-03 01:48:00,1,14.1,DELIVERED
SHIP0000443,ORD0002519,CouriersPlease,CON5931697606,2025-12-06 22:36:00,2025-12-12 09:36:00,5,13.7,DELIVERED
SHIP0000444,ORD0002748,TNT Road,CON4389746031,2025-06-22 13:49:00,,3,7.9,IN_TRANSIT
SHIP0000445,ORD0003429,Linfox Direct,CON5723459963,2025-11-16 10:07:00,,4,32.8,LOST
SHIP0000446,ORD0001946,Toll Priority,CON5615060200,2025-08-05 18:26:00,2025-08-14 13:26:00,8,3.5,DELIVERED
SHIP0000447,ORD0003039,CouriersPlease,CON2031720616,2025-10-18 00:04:00,2025-10-19 05:04:00,1,38.7,DELIVERED
SHIP0000448,ORD0004385,CouriersPlease,CON4457269535,2025-07-25 17:13:00,2025-08-03 08:13:00,8,1.5,DELIVERED
SHIP0000449,ORD0001855,Linfox Direct,CON7019938256,2025-07-02 08:30:00,2025-07-04 23:30:00,2,22.6,DELIVERED
SHIP0000450,ORD0003062,StarTrack Logistics,CON5785107557,2025-12-14 01:33:00,2025-12-23 07:33:00,9,20.8,DELIVERED
SHIP0000451,ORD0002053,Toll Priority,CON6282756187,2025-05-28 18:55:00,,3,21.0,IN_TRANSIT
SHIP0000452,ORD0000637,TNT Road,CON3114550978,2025-12-27 16:38:00,2025-12-30 05:38:00,2,8.5,DELIVERED
SHIP0000453,ORD0000496,StarTrack Logistics,CON2351299999,2025-10-27 15:56:00,2025-10-30 08:56:00,2,22.2,DELIVERED
SHIP0000454,ORD0001620,Toll Priority,CON4816402711,2025-10-08 17:30:00,2025-10-16 12:30:00,7,16.3,DELIVERED
SHIP0000455,ORD0001357,Linfox Direct,CON1724379065,2025-06-29 14:38:00,2025-07-06 18:38:00,7,30.1,DELIVERED
SHIP0000456,ORD0004958,AusFreight Express,CON8172970098,2025-07-05 22:38:00,2025-07-09 01:38:00,3,3.9,DELIVERED
SHIP0000457,ORD0003787,CouriersPlease,CON6006618890,2025-09-21 02:56:00,2025-09-23 18:56:00,2,16.9,DELIVERED
SHIP0000458,ORD0004532,AusFreight Express,CON9265391115,2025-07-06 00:39:00,2025-07-13 12:39:00,7,32.4,DELIVERED
SHIP0000459,ORD0004499,AusFreight Express,CON8731573689,2025-06-12 02:27:00,,5,26.6,DELAYED
SHIP0000460,ORD0003721,CouriersPlease,CON5820081964,2025-10-21 14:52:00,2025-10-30 19:52:00,9,1.0,DELIVERED
SHIP0000461,ORD0003467,TNT Road,CON5946889419,2025-06-06 04:45:00,2025-06-10 07:45:00,4,39.0,DELIVERED
SHIP0000462,ORD0003446,CouriersPlease,CON7346818039,2025-12-20 22:15:00,,1,9.6,DELAYED
SHIP0000463,ORD0000963,Toll Priority,CON6707417431,2025-06-12 05:24:00,2025-06-18 06:24:00,6,1.9,DELIVERED
SHIP0000464,ORD0004865,Linfox Direct,CON7990304279,2025-11-16 07:06:00,2025-11-19 12:06:00,3,40.1,DELIVERED
SHIP0000465,ORD0004727,StarTrack Logistics,CON5721388584,2025-06-09 03:57:00,2025-06-17 09:57:00,8,28.1,DELIVERED
SHIP0000466,ORD0000017,TNT Road,CON9145909043,2025-11-10 14:08:00,2025-11-12 03:08:00,1,34.7,DELIVERED
SHIP0000467,ORD0000807,StarTrack Logistics,CON7466365871,2025-11-18 19:55:00,,5,8.4,IN_TRANSIT
SHIP0000468,ORD0002063,StarTrack Logistics,CON9018542601,2025-06-21 22:03:00,2025-06-25 12:03:00,3,20.1,DELIVERED
SHIP0000469,ORD0002326,StarTrack Logistics,CON7673711634,2025-10-30 22:09:00,,6,35.1,DELAYED
SHIP0000470,ORD0002454,TNT Road,CON8798306988,2025-11-26 22:02:00,2025-12-02 10:02:00,5,29.6,DELIVERED
SHIP0000471,ORD0004783,Toll Priority,CON2624300434,2025-12-03 09:49:00,2025-12-04 17:49:00,1,8.3,DELIVERED
SHIP0000472,ORD0004675,TNT Road,CON3563192389,2025-08-01 14:52:00,2025-08-08 10:52:00,6,8.9,DELIVERED
SHIP0000473,ORD0000397,StarTrack Logistics,CON5371385889,2025-06-02 13:38:00,2025-06-10 01:38:00,7,6.7,DELIVERED
SHIP0000474,ORD0002513,Toll Priority,CON2325837008,2025-12-31 01:00:00,2026-01-01 19:00:00,1,37.6,DELIVERED
SHIP0000475,ORD0003416,StarTrack Logistics,CON2490527466,2025-10-22 22:46:00,,5,36.5,DELAYED
SHIP0000476,ORD0004351,TNT Road,CON1536841057,2025-06-12 21:04:00,,1,1.9,DELAYED
SHIP0000477,ORD0000169,CouriersPlease,CON4396376760,2025-08-08 18:52:00,,4,29.3,IN_TRANSIT
SHIP0000478,ORD0003493,TNT Road,CON7253678930,2025-06-12 12:11:00,2025-06-22 05:11:00,9,11.7,DELIVERED
SHIP0000479,ORD0001819,TNT Road,CON8870770897,2025-09-30 23:13:00,2025-10-02 14:13:00,1,22.4,DELIVERED
SHIP0000480,ORD0003745,StarTrack Logistics,CON4130347502,2025-11-10 09:42:00,,9,5.2,LOST
SHIP0000481,ORD0003249,AusFreight Express,CON3098262095,2025-10-04 14:01:00,2025-10-09 20:01:00,5,30.0,DELIVERED
SHIP0000482,ORD0003242,StarTrack Logistics,CON3436236080,2025-12-25 14:33:00,2026-01-02 19:33:00,8,12.3,DELIVERED
SHIP0000483,ORD0000570,AusFreight Express,CON5402207537,2025-05-27 19:10:00,2025-06-04 07:10:00,7,15.3,DELIVERED
SHIP0000484,ORD0002170,StarTrack Logistics,CON1074753566,2025-06-08 10:45:00,2025-06-16 11:45:00,8,11.4,DELIVERED
SHIP0000485,ORD0002087,CouriersPlease,CON8595271903,2025-11-16 08:21:00,,7,15.0,DELAYED
SHIP0000486,ORD0004348,Toll Priority,CON4046765338,2025-08-25 09:00:00,2025-08-29 10:00:00,4,18.5,DELIVERED
SHIP0000487,ORD0000443,CouriersPlease,CON7602101390,2025-08-21 06:37:00,,8,10.4,LOST
SHIP0000488,ORD0003194,Linfox Direct,CON9764505919,2025-11-07 20:03:00,,7,28.8,LOST
SHIP0000489,ORD0002590,StarTrack Logistics,CON7254203621,2025-12-20 00:20:00,,9,28.1,IN_TRANSIT
SHIP0000490,ORD0001879,AusFreight Express,CON9606666850,2025-08-09 19:07:00,2025-08-12 21:07:00,3,38.8,DELIVERED
SHIP0000491,ORD0004907,Linfox Direct,CON7197623953,2025-07-26 19:04:00,,7,30.8,IN_TRANSIT
SHIP0000492,ORD0001852,TNT Road,CON7638327346,2025-10-12 05:09:00,2025-10-15 07:09:00,3,11.0,DELIVERED
SHIP0000493,ORD0000014,Toll Priority,CON9092648454,2025-06-09 12:35:00,2025-06-16 21:35:00,7,41.1,DELIVERED
SHIP0000494,ORD0000518,Linfox Direct,CON6851693339,2025-08-21 13:30:00,2025-08-25 08:30:00,3,21.5,DELIVERED
SHIP0000495,ORD0001743,Toll Priority,CON7232159877,2025-06-19 23:33:00,2025-06-23 09:33:00,3,31.5,DELIVERED
SHIP0000496,ORD0000831,TNT Road,CON2425915089,2025-08-28 14:38:00,,9,21.2,IN_TRANSIT
SHIP0000497,ORD0000493,Linfox Direct,CON7996750713,2025-06-19 08:24:00,2025-06-22 12:24:00,3,1.6,DELIVERED
SHIP0000498,ORD0002735,TNT Road,CON1983397107,2025-10-24 17:13:00,,2,20.0,DELAYED
SHIP0000499,ORD0003765,Linfox Direct,CON1483577335,2025-07-02 07:57:00,2025-07-04 23:57:00,2,12.0,DELIVERED
SHIP0000500,ORD0000889,TNT Road,CON9308187428,2025-06-28 15:25:00,,8,38.2,LOST
SHIP0000501,ORD0003530,Toll Priority,CON5032828815,2025-11-28 15:00:00,,8,25.0,LOST
SHIP0000502,ORD0002483,StarTrack Logistics,CON4630086455,2025-09-08 13:17:00,,1,16.6,DELAYED
SHIP0000503,ORD0004894,AusFreight Express,CON2582700384,2025-08-26 14:55:00,2025-08-28 22:55:00,2,37.5,DELIVERED
SHIP0000504,ORD0000712,StarTrack Logistics,CON4497136264,2025-06-21 13:17:00,,2,22.5,IN_TRANSIT
SHIP0000505,ORD0004310,AusFreight Express,CON4372488006,2025-10-15 12:44:00,2025-10-23 05:44:00,7,17.5,DELIVERED
SHIP0000506,ORD0002683,AusFreight Express,CON3391961863,2025-12-10 23:19:00,2025-12-14 06:19:00,3,23.2,DELIVERED
SHIP0000507,ORD0003191,AusFreight Express,CON7929933822,2025-10-28 23:07:00,,7,27.2,DELAYED
SHIP0000508,ORD0003566,CouriersPlease,CON3887367173,2025-08-03 21:33:00,2025-08-10 22:33:00,7,6.5,DELIVERED
SHIP0000509,ORD0003872,CouriersPlease,CON9644935726,2025-07-04 09:36:00,,8,32.6,IN_TRANSIT
SHIP0000510,ORD0002452,AusFreight Express,CON7614597387,2025-07-18 08:43:00,,8,39.3,DELAYED
SHIP0000511,ORD0004479,StarTrack Logistics,CON2247117108,2025-07-01 01:53:00,,4,10.5,LOST
SHIP0000512,ORD0002313,TNT Road,CON1603995830,2025-11-16 06:02:00,,6,26.8,DELAYED
SHIP0000513,ORD0003677,AusFreight Express,CON4865928694,2025-06-16 01:57:00,2025-06-19 08:57:00,3,21.1,DELIVERED
SHIP0000514,ORD0002714,Toll Priority,CON1521708383,2025-10-28 12:38:00,2025-10-31 08:38:00,2,40.0,DELIVERED
SHIP0000515,ORD0004254,StarTrack Logistics,CON9849753385,2025-07-04 23:24:00,2025-07-10 01:24:00,5,6.8,DELIVERED
SHIP0000516,ORD0003203,Toll Priority,CON5839418929,2025-09-17 19:05:00,2025-09-18 21:05:00,1,20.8,DELIVERED
SHIP0000517,ORD0001191,Linfox Direct,CON9215903203,2025-11-10 10:40:00,2025-11-14 23:40:00,4,21.4,DELIVERED
SHIP0000518,ORD0000767,CouriersPlease,CON3606887317,2025-08-25 03:10:00,2025-09-03 18:10:00,9,19.9,DELIVERED
SHIP0000519,ORD0004293,Linfox Direct,CON2111414300,2025-08-24 01:27:00,2025-08-31 08:27:00,7,1.3,DELIVERED
SHIP0000520,ORD0004026,CouriersPlease,CON1540118794,2025-06-10 03:30:00,,4,11.9,LOST
SHIP0000521,ORD0002708,StarTrack Logistics,CON3456953466,2025-12-23 03:05:00,,2,38.6,DELAYED
SHIP0000522,ORD0002321,StarTrack Logistics,CON5448271658,2025-07-10 09:10:00,2025-07-14 13:10:00,4,4.4,DELIVERED
SHIP0000523,ORD0000176,TNT Road,CON3870051349,2025-09-28 08:40:00,2025-10-02 14:40:00,4,2.3,DELIVERED
SHIP0000524,ORD0003522,Linfox Direct,CON8846195962,2025-08-01 16:29:00,2025-08-06 04:29:00,4,6.1,DELIVERED
SHIP0000525,ORD0002593,TNT Road,CON2353588560,2025-10-20 14:42:00,2025-10-25 15:42:00,5,20.7,DELIVERED
SHIP0000526,ORD0003978,StarTrack Logistics,CON3152492109,2025-06-16 09:44:00,2025-06-20 21:44:00,4,14.7,DELIVERED
SHIP0000527,ORD0000056,StarTrack Logistics,CON6763792552,2025-06-02 11:52:00,,5,9.2,DELAYED
SHIP0000528,ORD0001237,Linfox Direct,CON7383781351,2025-11-22 03:18:00,2025-11-28 07:18:00,6,19.2,DELIVERED
SHIP0000529,ORD0001263,AusFreight Express,CON5857389380,2025-09-03 16:17:00,,8,30.2,LOST
SHIP0000530,ORD0002406,AusFreight Express,CON9073153660,2025-06-03 09:23:00,,4,39.4,LOST
SHIP0000531,ORD0002751,AusFreight Express,CON9903856517,2025-11-05 17:32:00,2025-11-09 02:32:00,3,1.2,DELIVERED
SHIP0000532,ORD0004833,AusFreight Express,CON6660109733,2025-05-24 04:34:00,2025-06-02 12:34:00,9,37.1,DELIVERED
SHIP0000533,ORD0001259,CouriersPlease,CON3421298573,2025-07-12 22:24:00,2025-07-18 09:24:00,5,12.3,DELIVERED
SHIP0000534,ORD0003730,Toll Priority,CON6406964796,2025-06-10 09:49:00,,9,26.4,DELAYED
SHIP0000535,ORD0004060,AusFreight Express,CON5420337519,2025-11-05 02:42:00,2025-11-12 08:42:00,7,2.9,DELIVERED
SHIP0000536,ORD0001009,Linfox Direct,CON1704792567,2025-06-22 14:30:00,2025-06-27 18:30:00,5,5.1,DELIVERED
SHIP0000537,ORD0001933,AusFreight Express,CON3509852068,2025-06-11 21:03:00,2025-06-21 01:03:00,9,29.0,DELIVERED
SHIP0000538,ORD0000110,AusFreight Express,CON7154559337,2025-08-16 04:02:00,,1,32.0,LOST
SHIP0000539,ORD0002873,StarTrack Logistics,CON6611139611,2025-11-13 16:20:00,,5,36.2,DELAYED
SHIP0000540,ORD0003852,Toll Priority,CON9002950538,2025-09-24 23:38:00,2025-10-03 03:38:00,8,27.0,DELIVERED
SHIP0000541,ORD0003500,Toll Priority,CON7457712327,2025-09-12 05:30:00,2025-09-14 07:30:00,2,8.5,DELIVERED
SHIP0000542,ORD0000892,CouriersPlease,CON7464675739,2025-08-29 17:12:00,2025-09-05 20:12:00,7,39.2,DELIVERED
SHIP0000543,ORD0004439,CouriersPlease,CON7320387964,2025-12-19 04:11:00,2025-12-20 20:11:00,1,11.1,DELIVERED
SHIP0000544,ORD0000308,TNT Road,CON9181466423,2025-07-30 23:09:00,,1,7.6,LOST
SHIP0000545,ORD0000942,CouriersPlease,CON6481471036,2025-11-02 13:47:00,,6,19.7,IN_TRANSIT
SHIP0000546,ORD0003002,AusFreight Express,CON4585970346,2025-08-27 23:37:00,2025-08-30 07:37:00,2,6.3,DELIVERED
SHIP0000547,ORD0003057,AusFreight Express,CON1160013404,2025-06-09 00:36:00,2025-06-10 05:36:00,1,14.3,DELIVERED
SHIP0000548,ORD0001018,Linfox Direct,CON1163074715,2025-09-08 16:57:00,,9,18.6,DELAYED
SHIP0000549,ORD0001715,Toll Priority,CON1664643540,2025-11-01 00:36:00,,5,13.1,DELAYED
SHIP0000550,ORD0001557,CouriersPlease,CON6063315338,2025-11-24 12:45:00,2025-12-01 07:45:00,6,2.5,DELIVERED
SHIP0000551,ORD0002401,Toll Priority,CON3968591987,2025-08-27 01:49:00,2025-09-03 11:49:00,7,16.9,DELIVERED
SHIP0000552,ORD0000804,AusFreight Express,CON8562703615,2025-05-31 06:44:00,2025-06-09 01:44:00,8,34.6,DELIVERED
SHIP0000553,ORD0001390,CouriersPlease,CON5694665245,2025-08-17 06:36:00,2025-08-21 15:36:00,4,9.8,DELIVERED
SHIP0000554,ORD0001614,StarTrack Logistics,CON3275589106,2025-12-09 14:17:00,,2,7.5,IN_TRANSIT
SHIP0000555,ORD0000521,CouriersPlease,CON9171223357,2025-08-28 08:29:00,2025-09-06 23:29:00,9,15.9,DELIVERED
SHIP0000556,ORD0004636,Toll Priority,CON9312463523,2025-12-23 04:56:00,2025-12-28 09:56:00,5,33.6,DELIVERED
SHIP0000557,ORD0000414,Toll Priority,CON2840240465,2025-10-20 07:45:00,2025-10-30 01:45:00,9,3.0,DELIVERED
SHIP0000558,ORD0004743,Linfox Direct,CON9380311366,2025-05-16 03:10:00,2025-05-20 13:10:00,4,7.9,DELIVERED
SHIP0000559,ORD0002031,Toll Priority,CON6589294645,2025-12-30 19:22:00,2026-01-06 15:22:00,6,25.0,DELIVERED
SHIP0000560,ORD0003882,TNT Road,CON1476002217,2025-08-31 17:15:00,,4,38.2,IN_TRANSIT
SHIP0000561,ORD0003976,CouriersPlease,CON3365848074,2025-06-01 13:38:00,2025-06-03 21:38:00,2,39.0,DELIVERED
SHIP0000562,ORD0003963,Linfox Direct,CON5454776765,2025-08-29 11:39:00,,9,39.6,DELAYED
SHIP0000563,ORD0002095,Linfox Direct,CON8899312992,2025-06-03 01:49:00,2025-06-12 13:49:00,9,2.7,DELIVERED
SHIP0000564,ORD0003843,Linfox Direct,CON7595766689,2025-12-02 22:42:00,2025-12-11 07:42:00,8,19.4,DELIVERED
SHIP0000565,ORD0002436,AusFreight Express,CON2714748044,2025-06-02 17:12:00,2025-06-10 01:12:00,7,35.5,DELIVERED
SHIP0000566,ORD0003565,TNT Road,CON4730851278,2025-11-09 12:11:00,,3,26.9,IN_TRANSIT
SHIP0000567,ORD0004622,StarTrack Logistics,CON1395041973,2025-08-25 13:05:00,,9,18.6,DELAYED
SHIP0000568,ORD0004718,CouriersPlease,CON5856338136,2025-07-25 03:01:00,2025-07-30 10:01:00,5,1.3,DELIVERED
SHIP0000569,ORD0004246,CouriersPlease,CON8799909767,2025-08-28 05:09:00,,7,0.5,DELAYED
SHIP0000570,ORD0003393,Toll Priority,CON8642840426,2025-05-22 03:45:00,2025-05-23 21:45:00,1,1.6,DELIVERED
SHIP0000571,ORD0004524,StarTrack Logistics,CON3388911567,2025-12-26 00:23:00,,3,15.2,LOST
SHIP0000572,ORD0000068,AusFreight Express,CON9109780114,2025-05-28 19:00:00,2025-06-02 12:00:00,4,36.0,DELIVERED
SHIP0000573,ORD0000393,AusFreight Express,CON4960192695,2025-11-20 13:10:00,2025-11-26 17:10:00,6,7.2,DELIVERED
SHIP0000574,ORD0001595,TNT Road,CON5096405977,2025-12-29 21:57:00,,6,5.6,IN_TRANSIT
SHIP0000575,ORD0001031,Toll Priority,CON5704481899,2025-09-14 19:54:00,2025-09-16 11:54:00,1,33.2,DELIVERED
SHIP0000576,ORD0000258,StarTrack Logistics,CON6214525159,2025-11-17 20:59:00,2025-11-27 01:59:00,9,1.9,DELIVERED
SHIP0000577,ORD0003076,AusFreight Express,CON8228868743,2025-10-14 00:38:00,,6,34.3,DELAYED
SHIP0000578,ORD0003244,Linfox Direct,CON9123795735,2025-06-11 21:00:00,,2,23.9,LOST
SHIP0000579,ORD0001883,AusFreight Express,CON2172068528,2025-05-30 22:51:00,2025-06-04 13:51:00,4,21.9,DELIVERED
SHIP0000580,ORD0000621,Toll Priority,CON4174793500,2025-06-20 19:22:00,2025-06-26 09:22:00,5,37.0,DELIVERED
SHIP0000581,ORD0003895,AusFreight Express,CON6845357670,2025-11-29 14:47:00,2025-12-06 01:47:00,6,2.6,DELIVERED
SHIP0000582,ORD0003823,Toll Priority,CON3057511919,2025-10-29 05:28:00,2025-11-06 09:28:00,8,24.1,DELIVERED
SHIP0000583,ORD0000929,Linfox Direct,CON5205654132,2025-12-10 16:17:00,2025-12-16 19:17:00,6,9.5,DELIVERED
SHIP0000584,ORD0001087,StarTrack Logistics,CON3670821011,2025-09-04 06:13:00,,7,41.9,DELAYED
SHIP0000585,ORD0001249,Linfox Direct,CON8280037425,2025-11-08 12:42:00,2025-11-12 13:42:00,4,3.0,DELIVERED
SHIP0000586,ORD0000408,StarTrack Logistics,CON7269914331,2025-08-19 20:24:00,2025-08-24 12:24:00,4,1.9,DELIVERED
SHIP0000587,ORD0004988,CouriersPlease,CON7258490835,2025-08-07 07:32:00,2025-08-09 19:32:00,2,4.6,DELIVERED
SHIP0000588,ORD0002329,TNT Road,CON4701647864,2025-09-25 08:30:00,2025-09-30 21:30:00,5,18.5,DELIVERED
SHIP0000589,ORD0004426,CouriersPlease,CON6113673832,2025-05-17 10:01:00,2025-05-22 00:01:00,4,35.8,DELIVERED
SHIP0000590,ORD0002292,Linfox Direct,CON1135854137,2025-06-28 06:02:00,2025-06-30 22:02:00,2,37.0,DELIVERED
SHIP0000591,ORD0000969,StarTrack Logistics,CON1388674416,2025-06-30 16:40:00,,1,3.7,IN_TRANSIT
SHIP0000592,ORD0003124,Linfox Direct,CON1336174754,2025-12-19 04:30:00,2025-12-26 13:30:00,7,13.1,DELIVERED
SHIP0000593,ORD0003455,TNT Road,CON1476508638,2025-09-02 14:45:00,2025-09-07 09:45:00,4,40.7,DELIVERED
SHIP0000594,ORD0000358,Toll Priority,CON7137043612,2025-06-15 05:08:00,2025-06-20 18:08:00,5,4.0,DELIVERED
SHIP0000595,ORD0003991,CouriersPlease,CON7077179524,2025-12-15 13:00:00,2025-12-20 00:00:00,4,3.8,DELIVERED
SHIP0000596,ORD0001404,CouriersPlease,CON7588095648,2025-11-17 10:18:00,2025-11-24 15:18:00,7,29.0,DELIVERED
SHIP0000597,ORD0004960,TNT Road,CON5965399949,2025-06-16 09:57:00,,2,34.0,LOST
SHIP0000598,ORD0002893,CouriersPlease,CON8667090688,2025-08-17 12:23:00,2025-08-25 16:23:00,8,22.7,DELIVERED
SHIP0000599,ORD0002783,StarTrack Logistics,CON8008478990,2025-09-10 21:37:00,2025-09-12 00:37:00,1,26.9,DELIVERED
SHIP0000600,ORD0001578,StarTrack Logistics,CON8952407333,2025-08-26 15:32:00,2025-09-03 00:32:00,7,26.0,DELIVERED
SHIP0000601,ORD0002342,Toll Priority,CON3084094283,2025-07-06 22:23:00,,7,40.5,DELAYED
SHIP0000602,ORD0002692,Toll Priority,CON5574665073,2025-08-01 04:29:00,2025-08-09 12:29:00,8,20.0,DELIVERED
SHIP0000603,ORD0004004,Linfox Direct,CON6586000562,2025-06-17 13:38:00,2025-06-25 09:38:00,7,38.8,DELIVERED
SHIP0000604,ORD0002845,AusFreight Express,CON1353874511,2025-07-06 12:46:00,2025-07-08 13:46:00,2,4.5,DELIVERED
SHIP0000605,ORD0003257,Linfox Direct,CON9909679970,2025-08-09 23:22:00,2025-08-12 12:22:00,2,14.2,DELIVERED
SHIP0000606,ORD0004339,StarTrack Logistics,CON8296620076,2025-08-08 03:08:00,2025-08-12 13:08:00,4,11.6,DELIVERED
SHIP0000607,ORD0001851,AusFreight Express,CON2839454038,2025-10-01 19:10:00,2025-10-04 09:10:00,2,36.0,DELIVERED
SHIP0000608,ORD0002423,AusFreight Express,CON1760654107,2025-05-17 14:52:00,2025-05-22 17:52:00,5,22.1,DELIVERED
SHIP0000609,ORD0004323,CouriersPlease,CON7191828219,2025-12-29 20:37:00,2026-01-05 06:37:00,6,31.5,DELIVERED
SHIP0000610,ORD0001475,TNT Road,CON3766822342,2025-06-20 18:47:00,2025-06-24 19:47:00,4,21.0,DELIVERED
SHIP0000611,ORD0001169,StarTrack Logistics,CON5435989150,2025-11-12 02:00:00,2025-11-16 06:00:00,4,14.7,DELIVERED
SHIP0000612,ORD0003662,Linfox Direct,CON9819044880,2025-11-30 19:02:00,2025-12-05 15:02:00,4,10.2,DELIVERED
SHIP0000613,ORD0003912,TNT Road,CON6639617041,2025-09-30 09:18:00,2025-10-07 01:18:00,6,22.3,DELIVERED
SHIP0000614,ORD0004318,Toll Priority,CON7279290662,2025-11-01 19:47:00,2025-11-06 07:47:00,4,1.0,DELIVERED
SHIP0000615,ORD0004889,Toll Priority,CON2977176751,2025-07-28 11:58:00,2025-08-04 14:58:00,7,28.8,DELIVERED
SHIP0000616,ORD0002117,TNT Road,CON4479667765,2025-11-21 06:08:00,2025-11-27 02:08:00,5,40.2,DELIVERED
SHIP0000617,ORD0004301,TNT Road,CON9672553813,2025-09-25 21:47:00,2025-09-29 09:47:00,3,0.6,DELIVERED
SHIP0000618,ORD0002060,AusFreight Express,CON8245826721,2025-05-18 09:26:00,,4,14.3,IN_TRANSIT
SHIP0000619,ORD0001874,AusFreight Express,CON7127286765,2025-10-29 15:32:00,2025-11-05 23:32:00,7,20.2,DELIVERED
SHIP0000620,ORD0001639,Toll Priority,CON3604233502,2025-08-16 00:17:00,2025-08-18 14:17:00,2,38.1,DELIVERED
SHIP0000621,ORD0001778,CouriersPlease,CON9869698749,2025-06-26 22:20:00,,6,33.7,LOST
SHIP0000622,ORD0001593,AusFreight Express,CON1697563608,2025-05-18 01:30:00,2025-05-26 14:30:00,8,10.8,DELIVERED
SHIP0000623,ORD0003298,StarTrack Logistics,CON7217555727,2025-08-21 05:53:00,,9,40.9,IN_TRANSIT
SHIP0000624,ORD0004484,Toll Priority,CON5879941685,2025-08-24 16:44:00,,5,3.7,LOST
SHIP0000625,ORD0002191,AusFreight Express,CON3948874128,2025-07-02 02:33:00,2025-07-03 07:33:00,1,17.9,DELIVERED
SHIP0000626,ORD0004165,AusFreight Express,CON7850451404,2025-06-25 21:18:00,,4,25.5,IN_TRANSIT
SHIP0000627,ORD0000419,Toll Priority,CON3976047874,2025-06-17 17:07:00,2025-06-19 02:07:00,1,37.7,DELIVERED
SHIP0000628,ORD0000039,AusFreight Express,CON1626764250,2025-06-24 23:46:00,,9,5.3,LOST
SHIP0000629,ORD0000164,Toll Priority,CON8267995445,2025-10-09 19:56:00,,6,38.7,IN_TRANSIT
SHIP0000630,ORD0000809,Toll Priority,CON1979722387,2025-09-14 22:01:00,2025-09-18 06:01:00,3,42.0,DELIVERED
SHIP0000631,ORD0000237,AusFreight Express,CON3844823345,2025-06-29 07:21:00,2025-07-08 19:21:00,9,3.1,DELIVERED
SHIP0000632,ORD0001684,Linfox Direct,CON9672515465,2025-09-11 19:30:00,,6,15.6,IN_TRANSIT
SHIP0000633,ORD0003887,CouriersPlease,CON5759581230,2025-11-07 19:30:00,,4,20.2,DELAYED
SHIP0000634,ORD0003336,TNT Road,CON7953515515,2025-06-18 18:41:00,2025-06-27 21:41:00,9,1.8,DELIVERED
SHIP0000635,ORD0000687,Linfox Direct,CON1620707956,2025-08-09 07:22:00,2025-08-17 13:22:00,8,16.6,DELIVERED
SHIP0000636,ORD0004934,Linfox Direct,CON4791168575,2025-08-17 22:51:00,2025-08-26 23:51:00,9,1.7,DELIVERED
SHIP0000637,ORD0003806,CouriersPlease,CON8573164488,2025-11-06 08:47:00,,2,13.4,IN_TRANSIT
SHIP0000638,ORD0001566,CouriersPlease,CON2572184385,2025-09-12 13:00:00,2025-09-14 16:00:00,2,38.4,DELIVERED
SHIP0000639,ORD0001710,CouriersPlease,CON2322901882,2025-06-02 18:47:00,2025-06-08 07:47:00,5,40.3,DELIVERED
SHIP0000640,ORD0001496,TNT Road,CON6075748915,2025-06-21 23:04:00,2025-06-29 02:04:00,7,16.3,DELIVERED
SHIP0000641,ORD0001029,StarTrack Logistics,CON3899322889,2025-10-29 11:09:00,2025-11-05 07:09:00,6,20.9,DELIVERED
SHIP0000642,ORD0004984,CouriersPlease,CON4947379084,2025-06-14 12:31:00,2025-06-19 15:31:00,5,4.4,DELIVERED
SHIP0000643,ORD0003276,AusFreight Express,CON8859104399,2025-09-10 16:05:00,2025-09-16 21:05:00,6,13.3,DELIVERED
SHIP0000644,ORD0004381,AusFreight Express,CON5475072538,2025-10-18 01:02:00,,4,26.3,LOST
SHIP0000645,ORD0001837,Linfox Direct,CON5643398327,2025-12-13 09:16:00,,7,34.2,LOST
SHIP0000646,ORD0003064,TNT Road,CON1004484318,2025-10-24 14:34:00,2025-10-27 00:34:00,2,10.6,DELIVERED
SHIP0000647,ORD0001854,Linfox Direct,CON4088959883,2025-05-18 11:10:00,,2,6.0,LOST
SHIP0000648,ORD0002301,CouriersPlease,CON3837240424,2025-09-12 20:55:00,2025-09-21 11:55:00,8,3.2,DELIVERED
SHIP0000649,ORD0000862,Linfox Direct,CON3399420783,2025-06-19 11:31:00,2025-06-20 17:31:00,1,27.6,DELIVERED
SHIP0000650,ORD0004972,CouriersPlease,CON9174570402,2025-06-11 14:19:00,2025-06-21 04:19:00,9,22.1,DELIVERED
SHIP0000651,ORD0001931,Toll Priority,CON3459640655,2025-12-25 06:38:00,2026-01-03 08:38:00,9,33.1,DELIVERED
SHIP0000652,ORD0002121,Linfox Direct,CON4079767315,2025-07-19 17:07:00,,7,25.2,DELAYED
SHIP0000653,ORD0002918,StarTrack Logistics,CON9553565629,2025-06-22 07:36:00,2025-06-24 13:36:00,2,17.2,DELIVERED
SHIP0000654,ORD0002863,CouriersPlease,CON8812965026,2025-12-18 01:39:00,2025-12-26 13:39:00,8,25.0,DELIVERED
SHIP0000655,ORD0002828,Toll Priority,CON1989490595,2025-08-24 06:32:00,2025-08-25 19:32:00,1,35.8,DELIVERED
SHIP0000656,ORD0004929,StarTrack Logistics,CON1622972419,2025-10-09 02:07:00,2025-10-18 09:07:00,9,18.4,DELIVERED
SHIP0000657,ORD0000877,CouriersPlease,CON3169632527,2025-10-04 16:50:00,2025-10-08 19:50:00,4,28.1,DELIVERED
SHIP0000658,ORD0002157,AusFreight Express,CON6449946421,2025-11-05 18:52:00,2025-11-15 02:52:00,9,36.8,DELIVERED
SHIP0000659,ORD0002762,Toll Priority,CON6531164837,2025-05-24 16:52:00,2025-05-29 02:52:00,4,22.4,DELIVERED
SHIP0000660,ORD0001675,CouriersPlease,CON4359819777,2025-09-30 19:41:00,2025-10-08 13:41:00,7,16.5,DELIVERED
SHIP0000661,ORD0004920,CouriersPlease,CON8416469862,2025-12-29 15:07:00,,4,32.8,DELAYED
SHIP0000662,ORD0003979,StarTrack Logistics,CON3533560171,2025-09-26 22:49:00,2025-10-02 07:49:00,5,17.5,DELIVERED
SHIP0000663,ORD0004906,CouriersPlease,CON5384598021,2025-09-16 01:51:00,2025-09-17 08:51:00,1,39.9,DELIVERED
SHIP0000664,ORD0000423,Toll Priority,CON6006914030,2025-06-28 12:03:00,2025-07-04 14:03:00,6,3.7,DELIVERED
SHIP0000665,ORD0000244,AusFreight Express,CON4777535568,2025-08-28 16:17:00,2025-09-03 07:17:00,5,32.4,DELIVERED
SHIP0000666,ORD0001429,StarTrack Logistics,CON1746811014,2025-09-20 21:03:00,2025-09-28 08:03:00,7,1.2,DELIVERED
SHIP0000667,ORD0001101,TNT Road,CON4522384118,2025-09-09 09:57:00,2025-09-15 14:57:00,6,32.2,DELIVERED
SHIP0000668,ORD0000029,Linfox Direct,CON4314595030,2025-09-18 18:49:00,2025-09-20 12:49:00,1,33.7,DELIVERED
SHIP0000669,ORD0000448,AusFreight Express,CON2887981704,2025-06-20 21:02:00,,3,12.9,IN_TRANSIT
SHIP0000670,ORD0003611,TNT Road,CON3673188955,2025-06-24 04:15:00,2025-06-27 12:15:00,3,18.9,DELIVERED
SHIP0000671,ORD0003612,StarTrack Logistics,CON9834232214,2025-06-01 12:02:00,2025-06-03 00:02:00,1,0.9,DELIVERED
SHIP0000672,ORD0001987,StarTrack Logistics,CON9729789661,2025-08-11 21:25:00,2025-08-15 23:25:00,4,24.6,DELIVERED
SHIP0000673,ORD0003929,TNT Road,CON8668566192,2025-12-25 18:54:00,2025-12-26 21:54:00,1,24.6,DELIVERED
SHIP0000674,ORD0003552,AusFreight Express,CON2860278027,2025-12-18 13:43:00,,8,37.7,DELAYED
SHIP0000675,ORD0002686,TNT Road,CON2889483864,2025-12-25 05:36:00,,2,11.3,IN_TRANSIT
SHIP0000676,ORD0003058,Toll Priority,CON4300444572,2025-12-12 04:51:00,,1,10.6,IN_TRANSIT
SHIP0000677,ORD0003023,TNT Road,CON7060250299,2025-10-09 11:05:00,,8,39.0,IN_TRANSIT
SHIP0000678,ORD0000295,AusFreight Express,CON3860716726,2025-11-13 14:22:00,,6,38.2,IN_TRANSIT
SHIP0000679,ORD0002361,TNT Road,CON2911795163,2025-06-09 11:40:00,2025-06-16 18:40:00,7,28.3,DELIVERED
SHIP0000680,ORD0002507,Toll Priority,CON3554520458,2025-06-01 05:46:00,2025-06-08 19:46:00,7,20.4,DELIVERED
SHIP0000681,ORD0003223,TNT Road,CON8498841754,2025-06-28 12:49:00,2025-07-02 16:49:00,4,34.9,DELIVERED
SHIP0000682,ORD0001517,TNT Road,CON4198173763,2025-11-02 09:42:00,2025-11-07 18:42:00,5,18.6,DELIVERED
SHIP0000683,ORD0001416,StarTrack Logistics,CON7833158537,2025-10-23 13:57:00,,5,5.2,DELAYED
SHIP0000684,ORD0000101,StarTrack Logistics,CON8513645351,2025-08-13 03:25:00,2025-08-19 17:25:00,6,11.2,DELIVERED
SHIP0000685,ORD0001583,StarTrack Logistics,CON4815160927,2025-05-27 18:09:00,2025-05-31 19:09:00,4,29.6,DELIVERED
SHIP0000686,ORD0004358,AusFreight Express,CON4114798749,2025-11-14 15:00:00,2025-11-24 10:00:00,9,18.9,DELIVERED
SHIP0000687,ORD0002744,AusFreight Express,CON2999588120,2025-07-28 04:18:00,2025-08-02 19:18:00,5,30.3,DELIVERED
SHIP0000688,ORD0003883,Linfox Direct,CON8006572714,2025-08-05 17:26:00,2025-08-12 13:26:00,6,36.1,DELIVERED
SHIP0000689,ORD0002841,AusFreight Express,CON4990903730,2025-05-29 04:25:00,2025-05-30 23:25:00,1,3.8,DELIVERED
SHIP0000690,ORD0004849,Linfox Direct,CON9133921112,2025-07-04 06:16:00,,8,11.8,DELAYED
SHIP0000691,ORD0004772,Toll Priority,CON7222692378,2025-10-06 07:19:00,,2,32.8,DELAYED
SHIP0000692,ORD0000361,TNT Road,CON5179826825,2025-07-23 18:11:00,2025-07-31 09:11:00,7,7.7,DELIVERED
SHIP0000693,ORD0004708,Linfox Direct,CON3047970051,2025-05-28 16:36:00,2025-06-07 01:36:00,9,30.5,DELIVERED
SHIP0000694,ORD0000854,AusFreight Express,CON8633057512,2025-09-24 07:19:00,2025-09-27 17:19:00,3,23.2,DELIVERED
SHIP0000695,ORD0001523,StarTrack Logistics,CON7045071131,2025-10-01 17:11:00,,9,34.9,IN_TRANSIT
SHIP0000696,ORD0004927,CouriersPlease,CON1063212337,2025-10-03 09:43:00,2025-10-05 04:43:00,1,28.5,DELIVERED
SHIP0000697,ORD0001068,StarTrack Logistics,CON9568450122,2025-07-01 13:26:00,,1,2.7,DELAYED
SHIP0000698,ORD0004275,Linfox Direct,CON1124376007,2025-12-14 06:10:00,2025-12-20 09:10:00,6,2.6,DELIVERED
SHIP0000699,ORD0000424,StarTrack Logistics,CON1487137661,2025-05-23 21:23:00,2025-05-29 03:23:00,5,19.3,DELIVERED
SHIP0000700,ORD0001319,CouriersPlease,CON9702003500,2025-06-11 08:46:00,,2,39.7,IN_TRANSIT
SHIP0000701,ORD0000584,CouriersPlease,CON1773009909,2025-12-18 15:10:00,2025-12-27 19:10:00,9,10.5,DELIVERED
SHIP0000702,ORD0004511,StarTrack Logistics,CON2187408816,2025-12-05 05:30:00,2025-12-09 07:30:00,4,18.0,DELIVERED
SHIP0000703,ORD0001410,Linfox Direct,CON3324709437,2025-06-23 18:37:00,,1,4.3,LOST
SHIP0000704,ORD0003311,AusFreight Express,CON8816370014,2025-06-06 05:36:00,2025-06-14 19:36:00,8,5.6,DELIVERED
SHIP0000705,ORD0002246,Linfox Direct,CON1984961060,2025-05-27 20:21:00,,2,35.7,DELAYED
SHIP0000706,ORD0000057,Linfox Direct,CON9294091142,2025-12-26 21:20:00,,5,17.3,LOST
SHIP0000707,ORD0000656,AusFreight Express,CON1036299357,2025-10-03 17:51:00,2025-10-06 00:51:00,2,34.5,DELIVERED
SHIP0000708,ORD0000873,TNT Road,CON3426254959,2025-07-12 01:33:00,,7,37.2,LOST
SHIP0000709,ORD0003224,TNT Road,CON8601893988,2025-08-28 06:40:00,2025-09-05 07:40:00,8,32.9,DELIVERED
SHIP0000710,ORD0003418,CouriersPlease,CON6350194833,2025-06-08 13:09:00,2025-06-11 21:09:00,3,33.6,DELIVERED
SHIP0000711,ORD0001144,TNT Road,CON7417005975,2025-08-24 04:36:00,,4,36.8,LOST
SHIP0000712,ORD0004209,Linfox Direct,CON6050238256,2025-10-25 17:01:00,,3,12.6,DELAYED
SHIP0000713,ORD0001234,CouriersPlease,CON4740545916,2025-12-19 13:53:00,,9,31.3,IN_TRANSIT
SHIP0000714,ORD0004858,TNT Road,CON8670808972,2025-06-26 14:57:00,2025-07-05 15:57:00,9,33.8,DELIVERED
SHIP0000715,ORD0001982,Toll Priority,CON9580658414,2025-07-19 02:49:00,2025-07-28 17:49:00,9,18.4,DELIVERED
SHIP0000716,ORD0000512,StarTrack Logistics,CON8993003721,2025-12-14 07:19:00,2025-12-17 10:19:00,3,20.1,DELIVERED
SHIP0000717,ORD0000765,TNT Road,CON5407699821,2025-07-27 22:33:00,2025-08-05 02:33:00,8,20.3,DELIVERED
SHIP0000718,ORD0002929,StarTrack Logistics,CON1956617769,2025-07-16 00:46:00,,9,13.4,DELAYED
SHIP0000719,ORD0002687,StarTrack Logistics,CON3168020496,2025-11-06 16:59:00,2025-11-09 09:59:00,2,15.8,DELIVERED
SHIP0000720,ORD0002897,Linfox Direct,CON1480463555,2025-07-06 12:55:00,,6,20.1,IN_TRANSIT
SHIP0000721,ORD0004425,CouriersPlease,CON8890121113,2025-08-23 04:25:00,2025-08-26 09:25:00,3,6.7,DELIVERED
SHIP0000722,ORD0003837,AusFreight Express,CON6742977253,2025-10-15 04:11:00,2025-10-17 12:11:00,2,28.1,DELIVERED
SHIP0000723,ORD0004788,StarTrack Logistics,CON6290898935,2025-09-09 19:43:00,2025-09-13 11:43:00,3,26.6,DELIVERED
SHIP0000724,ORD0004609,StarTrack Logistics,CON4166268769,2025-10-22 10:12:00,2025-10-27 17:12:00,5,11.0,DELIVERED
SHIP0000725,ORD0002037,Toll Priority,CON3400044475,2025-08-28 07:39:00,2025-09-02 16:39:00,5,16.4,DELIVERED
SHIP0000726,ORD0004528,Toll Priority,CON3678450363,2025-06-14 16:26:00,2025-06-23 11:26:00,8,20.7,DELIVERED
SHIP0000727,ORD0004794,CouriersPlease,CON2633033951,2025-08-12 18:36:00,,9,3.6,LOST
SHIP0000728,ORD0004964,StarTrack Logistics,CON4160217530,2025-09-14 11:41:00,2025-09-21 01:41:00,6,29.5,DELIVERED
SHIP0000729,ORD0002957,CouriersPlease,CON3322574466,2025-06-03 09:27:00,2025-06-11 18:27:00,8,13.3,DELIVERED
SHIP0000730,ORD0000168,Linfox Direct,CON2739342603,2025-08-11 16:12:00,2025-08-21 12:12:00,9,4.3,DELIVERED
SHIP0000731,ORD0000441,Linfox Direct,CON7434625133,2025-09-23 19:18:00,,2,22.1,LOST
SHIP0000732,ORD0000945,CouriersPlease,CON5383619767,2025-10-26 03:35:00,2025-11-02 11:35:00,7,16.8,DELIVERED
SHIP0000733,ORD0004389,Toll Priority,CON1863598943,2025-10-27 18:39:00,2025-11-01 08:39:00,4,31.2,DELIVERED
SHIP0000734,ORD0003490,CouriersPlease,CON4493478876,2025-09-13 03:19:00,2025-09-19 21:19:00,6,22.8,DELIVERED
SHIP0000735,ORD0001395,Linfox Direct,CON6519257403,2025-11-01 14:14:00,2025-11-05 01:14:00,3,37.5,DELIVERED
SHIP0000736,ORD0000269,TNT Road,CON3620279198,2025-09-02 21:03:00,2025-09-11 11:03:00,8,9.5,DELIVERED
SHIP0000737,ORD0000366,Linfox Direct,CON7943083478,2025-09-13 18:52:00,,2,1.8,LOST
SHIP0000738,ORD0003793,StarTrack Logistics,CON1526437957,2025-05-22 09:49:00,,6,13.8,DELAYED
SHIP0000739,ORD0001293,TNT Road,CON6115682439,2025-11-02 09:43:00,,8,8.5,LOST
SHIP0000740,ORD0003761,TNT Road,CON6769594344,2025-08-02 18:55:00,2025-08-09 21:55:00,7,14.5,DELIVERED
SHIP0000741,ORD0000016,StarTrack Logistics,CON7597930995,2025-10-18 05:11:00,2025-10-20 15:11:00,2,34.2,DELIVERED
SHIP0000742,ORD0000105,Linfox Direct,CON3474689925,2025-11-09 03:59:00,2025-11-11 17:59:00,2,9.3,DELIVERED
SHIP0000743,ORD0004161,StarTrack Logistics,CON9929127475,2025-05-30 16:54:00,2025-06-03 22:54:00,4,17.4,DELIVERED
SHIP0000744,ORD0002970,Linfox Direct,CON6939770172,2025-08-22 21:56:00,,2,31.7,IN_TRANSIT
SHIP0000745,ORD0004892,AusFreight Express,CON4418293479,2025-07-09 19:50:00,2025-07-12 20:50:00,3,41.5,DELIVERED
SHIP0000746,ORD0002800,Toll Priority,CON3300426212,2025-07-23 21:44:00,2025-08-02 10:44:00,9,26.1,DELIVERED
SHIP0000747,ORD0002366,Linfox Direct,CON2401336275,2025-11-07 10:29:00,,9,19.3,IN_TRANSIT
SHIP0000748,ORD0003364,Linfox Direct,CON9759333225,2025-09-24 02:43:00,2025-09-25 08:43:00,1,12.7,DELIVERED
SHIP0000749,ORD0004547,Toll Priority,CON4362905868,2025-07-13 05:12:00,,5,20.7,LOST
SHIP0000750,ORD0000298,Toll Priority,CON4049978655,2025-08-13 20:58:00,2025-08-20 07:58:00,6,20.4,DELIVERED
SHIP0000751,ORD0003508,AusFreight Express,CON8488127075,2025-05-31 18:05:00,,7,40.3,IN_TRANSIT
SHIP0000752,ORD0002497,Toll Priority,CON8508793781,2025-09-04 00:38:00,2025-09-09 12:38:00,5,37.5,DELIVERED
SHIP0000753,ORD0004973,CouriersPlease,CON8955153530,2025-07-10 21:01:00,2025-07-13 04:01:00,2,37.2,DELIVERED
SHIP0000754,ORD0003089,AusFreight Express,CON4325310177,2025-05-26 14:43:00,2025-06-02 00:43:00,6,6.6,DELIVERED
SHIP0000755,ORD0001510,Linfox Direct,CON5338519384,2025-06-14 00:59:00,2025-06-17 09:59:00,3,9.6,DELIVERED
SHIP0000756,ORD0002367,CouriersPlease,CON9764509675,2025-10-19 16:52:00,2025-10-21 01:52:00,1,6.1,DELIVERED
SHIP0000757,ORD0001542,Linfox Direct,CON1342335188,2025-06-08 03:36:00,2025-06-09 08:36:00,1,41.6,DELIVERED
SHIP0000758,ORD0002271,CouriersPlease,CON7343397447,2025-11-12 02:26:00,2025-11-20 07:26:00,8,35.8,DELIVERED
SHIP0000759,ORD0000906,StarTrack Logistics,CON3714421191,2025-12-17 05:55:00,,1,12.4,DELAYED
SHIP0000760,ORD0001951,Toll Priority,CON3695311294,2025-10-01 06:22:00,2025-10-08 10:22:00,7,19.0,DELIVERED
SHIP0000761,ORD0002168,AusFreight Express,CON4290695458,2025-07-14 20:32:00,,8,21.4,LOST
SHIP0000762,ORD0004377,CouriersPlease,CON9536176523,2025-09-12 17:15:00,2025-09-16 23:15:00,4,33.7,DELIVERED
SHIP0000763,ORD0002752,TNT Road,CON6128575391,2025-09-08 14:15:00,2025-09-10 03:15:00,1,41.7,DELIVERED
SHIP0000764,ORD0004283,AusFreight Express,CON9178336483,2025-06-15 15:57:00,2025-06-19 08:57:00,3,18.9,DELIVERED
SHIP0000765,ORD0002395,StarTrack Logistics,CON9634130254,2025-12-30 07:58:00,2026-01-02 23:58:00,3,14.6,DELIVERED
SHIP0000766,ORD0002907,AusFreight Express,CON7992618736,2025-10-21 14:19:00,,1,2.7,DELAYED
SHIP0000767,ORD0003034,TNT Road,CON9466221627,2025-09-11 19:58:00,2025-09-14 15:58:00,2,15.2,DELIVERED
SHIP0000768,ORD0001442,Linfox Direct,CON4729103818,2025-07-21 10:17:00,,7,4.1,IN_TRANSIT
SHIP0000769,ORD0004670,Linfox Direct,CON3753556346,2025-09-28 05:50:00,2025-10-01 00:50:00,2,7.5,DELIVERED
SHIP0000770,ORD0000751,CouriersPlease,CON4275349055,2025-09-29 19:49:00,2025-10-07 11:49:00,7,17.2,DELIVERED
SHIP0000771,ORD0004691,CouriersPlease,CON8754786553,2026-01-01 18:07:00,,3,10.3,DELAYED
SHIP0000772,ORD0004009,Toll Priority,CON9697702911,2025-11-19 21:20:00,2025-11-24 02:20:00,4,23.2,DELIVERED
SHIP0000773,ORD0001105,TNT Road,CON9456567363,2025-12-13 11:32:00,2025-12-17 02:32:00,3,20.3,DELIVERED
SHIP0000774,ORD0001067,CouriersPlease,CON5201837594,2025-12-10 18:23:00,2025-12-13 13:23:00,2,40.8,DELIVERED
SHIP0000775,ORD0004620,AusFreight Express,CON8688730316,2025-12-11 18:39:00,,7,25.4,DELAYED
SHIP0000776,ORD0002490,Linfox Direct,CON6192874065,2025-09-19 15:32:00,2025-09-22 00:32:00,2,15.2,DELIVERED
SHIP0000777,ORD0000255,StarTrack Logistics,CON3232830549,2025-05-27 14:01:00,,1,24.8,DELAYED
SHIP0000778,ORD0001459,Linfox Direct,CON7068223613,2025-09-20 10:38:00,2025-09-23 17:38:00,3,37.5,DELIVERED
SHIP0000779,ORD0003755,StarTrack Logistics,CON1388325992,2025-12-29 17:32:00,,7,35.2,LOST
SHIP0000780,ORD0002954,TNT Road,CON9859675308,2025-10-01 14:42:00,,1,41.0,IN_TRANSIT
SHIP0000781,ORD0003754,AusFreight Express,CON3808034875,2025-09-11 19:55:00,2025-09-21 05:55:00,9,32.8,DELIVERED
SHIP0000782,ORD0001559,CouriersPlease,CON3204526082,2025-07-29 15:52:00,2025-08-03 09:52:00,4,23.6,DELIVERED
SHIP0000783,ORD0003481,Toll Priority,CON3426834373,2025-06-17 13:47:00,2025-06-20 06:47:00,2,36.1,DELIVERED
SHIP0000784,ORD0004703,TNT Road,CON1134888818,2025-09-05 14:19:00,2025-09-15 02:19:00,9,19.1,DELIVERED
SHIP0000785,ORD0003737,TNT Road,CON3355807782,2026-01-01 10:06:00,2026-01-09 01:06:00,7,12.5,DELIVERED
SHIP0000786,ORD0002565,CouriersPlease,CON1362896256,2025-06-17 12:59:00,2025-06-18 20:59:00,1,2.4,DELIVERED
SHIP0000787,ORD0002660,CouriersPlease,CON3165467033,2025-07-26 02:20:00,2025-07-29 03:20:00,3,24.0,DELIVERED
SHIP0000788,ORD0001806,StarTrack Logistics,CON1333792799,2025-06-25 13:21:00,2025-07-03 17:21:00,8,0.7,DELIVERED
SHIP0000789,ORD0001095,CouriersPlease,CON6541861851,2025-11-26 09:57:00,,1,25.1,DELAYED
SHIP0000790,ORD0002214,AusFreight Express,CON1744261632,2025-06-10 00:41:00,,6,37.7,LOST
SHIP0000791,ORD0003134,Linfox Direct,CON7170301482,2025-08-29 15:30:00,2025-09-02 07:30:00,3,14.5,DELIVERED
SHIP0000792,ORD0003150,StarTrack Logistics,CON6620627952,2025-11-09 04:00:00,,6,38.4,DELAYED
SHIP0000793,ORD0003295,Toll Priority,CON2081600902,2025-11-15 21:02:00,,7,15.8,IN_TRANSIT
SHIP0000794,ORD0004047,TNT Road,CON2069852142,2025-05-16 20:44:00,2025-05-22 05:44:00,5,30.9,DELIVERED
SHIP0000795,ORD0003121,Toll Priority,CON8088497103,2025-08-23 18:09:00,2025-08-26 05:09:00,2,33.5,DELIVERED
SHIP0000796,ORD0000596,AusFreight Express,CON6128062574,2025-08-02 21:06:00,2025-08-10 02:06:00,7,15.9,DELIVERED
SHIP0000797,ORD0001773,Linfox Direct,CON7432030774,2025-10-26 09:14:00,2025-11-05 04:14:00,9,30.4,DELIVERED
SHIP0000798,ORD0003332,AusFreight Express,CON6872430785,2025-10-28 12:49:00,,1,35.6,DELAYED
SHIP0000799,ORD0000681,Linfox Direct,CON6775382404,2025-12-29 07:20:00,2026-01-08 00:20:00,9,23.4,DELIVERED
SHIP0000800,ORD0003747,AusFreight Express,CON5860004768,2025-06-17 09:25:00,,2,5.7,IN_TRANSIT
SHIP0000801,ORD0001857,StarTrack Logistics,CON1456752092,2025-05-17 16:36:00,2025-05-21 11:36:00,3,15.3,DELIVERED
SHIP0000802,ORD0004726,CouriersPlease,CON3273790275,2025-11-28 17:41:00,2025-11-30 18:41:00,2,30.1,DELIVERED
SHIP0000803,ORD0003347,Toll Priority,CON6433401550,2025-06-28 20:22:00,,5,36.2,DELAYED
SHIP0000804,ORD0004342,TNT Road,CON9108826816,2025-10-19 09:56:00,2025-10-27 22:56:00,8,7.8,DELIVERED
SHIP0000805,ORD0002089,AusFreight Express,CON7770468456,2025-09-28 10:31:00,,4,14.8,IN_TRANSIT
SHIP0000806,ORD0000452,StarTrack Logistics,CON8821960762,2025-06-21 08:04:00,2025-06-30 04:04:00,8,14.1,DELIVERED
SHIP0000807,ORD0001644,CouriersPlease,CON2504999408,2025-10-13 04:02:00,2025-10-17 06:02:00,4,33.3,DELIVERED
SHIP0000808,ORD0002636,Linfox Direct,CON2969084671,2025-06-20 17:59:00,2025-06-26 18:59:00,6,15.4,DELIVERED
SHIP0000809,ORD0003525,Toll Priority,CON9695559423,2025-09-19 12:15:00,,7,23.3,DELAYED
SHIP0000810,ORD0004222,CouriersPlease,CON9379443068,2025-05-18 09:22:00,2025-05-20 03:22:00,1,34.8,DELIVERED
SHIP0000811,ORD0002450,StarTrack Logistics,CON1648200369,2025-07-01 01:29:00,2025-07-08 20:29:00,7,7.1,DELIVERED
SHIP0000812,ORD0001098,StarTrack Logistics,CON8908746089,2025-10-09 21:32:00,2025-10-18 14:32:00,8,41.4,DELIVERED
SHIP0000813,ORD0000635,TNT Road,CON1275646672,2025-09-15 01:14:00,2025-09-22 16:14:00,7,40.0,DELIVERED
SHIP0000814,ORD0001142,Toll Priority,CON7088223323,2025-06-29 17:43:00,2025-07-06 13:43:00,6,25.1,DELIVERED
SHIP0000815,ORD0004832,Linfox Direct,CON3063552167,2025-12-30 11:20:00,,1,12.6,LOST
SHIP0000816,ORD0004749,Linfox Direct,CON8684446572,2025-09-14 01:45:00,2025-09-18 11:45:00,4,3.1,DELIVERED
SHIP0000817,ORD0002389,StarTrack Logistics,CON7978564928,2025-06-13 09:59:00,,6,1.4,LOST
SHIP0000818,ORD0001622,AusFreight Express,CON8734226249,2025-09-30 05:41:00,,1,32.5,DELAYED
SHIP0000819,ORD0000707,StarTrack Logistics,CON1463557847,2025-07-09 12:59:00,2025-07-16 18:59:00,7,1.9,DELIVERED
SHIP0000820,ORD0000667,Linfox Direct,CON9220036728,2025-06-04 23:26:00,2025-06-11 05:26:00,6,16.2,DELIVERED
SHIP0000821,ORD0001896,CouriersPlease,CON5228430769,2025-09-29 15:14:00,2025-10-05 20:14:00,6,23.9,DELIVERED
SHIP0000822,ORD0000270,Linfox Direct,CON2191503175,2025-05-26 02:19:00,,9,4.7,IN_TRANSIT
SHIP0000823,ORD0000758,StarTrack Logistics,CON1927644249,2025-10-09 09:52:00,2025-10-17 20:52:00,8,9.6,DELIVERED
SHIP0000824,ORD0001193,AusFreight Express,CON5454341955,2025-08-27 19:37:00,,2,6.5,IN_TRANSIT
SHIP0000825,ORD0000589,StarTrack Logistics,CON1588964605,2025-08-28 08:23:00,,7,3.6,LOST
SHIP0000826,ORD0002914,Toll Priority,CON5895026385,2025-08-24 19:18:00,,4,2.4,LOST
SHIP0000827,ORD0002983,StarTrack Logistics,CON2913795508,2025-08-28 08:56:00,,9,13.7,DELAYED
SHIP0000828,ORD0004309,StarTrack Logistics,CON4934840117,2025-12-09 17:43:00,,7,38.8,DELAYED
SHIP0000829,ORD0000291,CouriersPlease,CON3324504026,2025-08-30 04:28:00,,8,6.6,DELAYED
SHIP0000830,ORD0000955,TNT Road,CON5647126890,2025-09-30 10:24:00,2025-10-03 18:24:00,3,15.8,DELIVERED
SHIP0000831,ORD0003879,Toll Priority,CON4386849790,2025-09-03 19:23:00,2025-09-05 00:23:00,1,19.0,DELIVERED
SHIP0000832,ORD0001337,Linfox Direct,CON7604286887,2025-06-03 12:46:00,,5,35.9,LOST
SHIP0000833,ORD0001132,TNT Road,CON7632598485,2025-06-07 05:20:00,2025-06-14 20:20:00,7,5.6,DELIVERED
SHIP0000834,ORD0002665,Linfox Direct,CON3646457438,2025-09-17 09:12:00,2025-09-24 00:12:00,6,23.9,DELIVERED
SHIP0000835,ORD0003518,StarTrack Logistics,CON5622538245,2025-11-04 20:26:00,,3,28.9,DELAYED
SHIP0000836,ORD0003392,CouriersPlease,CON9962025976,2025-08-22 02:44:00,2025-08-25 15:44:00,3,5.6,DELIVERED
SHIP0000837,ORD0002222,Toll Priority,CON3506773625,2025-10-19 05:58:00,,5,27.0,IN_TRANSIT
SHIP0000838,ORD0000627,Toll Priority,CON7641425748,2025-10-24 05:38:00,2025-10-27 07:38:00,3,21.0,DELIVERED
SHIP0000839,ORD0003920,StarTrack Logistics,CON6716159967,2025-08-16 19:41:00,2025-08-21 21:41:00,5,14.3,DELIVERED
SHIP0000840,ORD0002176,StarTrack Logistics,CON9561733367,2025-12-23 00:25:00,2025-12-25 03:25:00,2,34.6,DELIVERED
SHIP0000841,ORD0004567,TNT Road,CON6054896785,2025-07-23 18:50:00,2025-07-28 22:50:00,5,35.7,DELIVERED
SHIP0000842,ORD0004296,StarTrack Logistics,CON3263551603,2025-07-07 14:44:00,2025-07-11 04:44:00,3,7.0,DELIVERED
SHIP0000843,ORD0000263,Toll Priority,CON4725393641,2025-12-02 10:13:00,2025-12-06 00:13:00,3,37.8,DELIVERED
SHIP0000844,ORD0003110,AusFreight Express,CON7204731491,2025-07-02 01:50:00,,6,12.7,LOST
SHIP0000845,ORD0002300,Linfox Direct,CON6633717820,2025-08-23 21:28:00,2025-08-27 03:28:00,3,18.0,DELIVERED
SHIP0000846,ORD0000381,TNT Road,CON3993201305,2025-05-21 17:19:00,2025-05-31 01:19:00,9,8.4,DELIVERED
SHIP0000847,ORD0003220,Linfox Direct,CON9518751238,2025-06-05 08:09:00,2025-06-09 16:09:00,4,0.8,DELIVERED
SHIP0000848,ORD0004282,Linfox Direct,CON9140431006,2025-11-15 03:54:00,2025-11-16 11:54:00,1,4.2,DELIVERED
SHIP0000849,ORD0000077,TNT Road,CON6700917963,2025-12-16 07:14:00,2025-12-19 13:14:00,3,20.4,DELIVERED
SHIP0000850,ORD0004762,Toll Priority,CON9605333375,2025-10-05 06:13:00,2025-10-14 01:13:00,8,16.8,DELIVERED
SHIP0000851,ORD0004376,StarTrack Logistics,CON4138619139,2025-09-24 23:09:00,2025-10-04 17:09:00,9,3.9,DELIVERED
SHIP0000852,ORD0001937,Linfox Direct,CON2084839699,2025-06-09 06:11:00,2025-06-11 00:11:00,1,17.0,DELIVERED
SHIP0000853,ORD0002456,TNT Road,CON9378635644,2025-11-25 11:01:00,,1,10.0,LOST
SHIP0000854,ORD0004729,AusFreight Express,CON4005325734,2025-11-24 10:27:00,,2,30.1,DELAYED
SHIP0000855,ORD0003961,AusFreight Express,CON5205512386,2025-09-11 20:22:00,2025-09-17 11:22:00,5,29.8,DELIVERED
SHIP0000856,ORD0004716,StarTrack Logistics,CON5959404928,2025-05-28 11:41:00,2025-05-31 22:41:00,3,10.0,DELIVERED
SHIP0000857,ORD0001368,Toll Priority,CON3541636111,2025-12-19 01:56:00,2025-12-22 15:56:00,3,35.3,DELIVERED
SHIP0000858,ORD0001971,Toll Priority,CON2013406866,2025-08-21 17:54:00,,1,32.1,IN_TRANSIT
SHIP0000859,ORD0001231,StarTrack Logistics,CON2042999795,2025-07-12 05:31:00,2025-07-14 22:31:00,2,41.5,DELIVERED
SHIP0000860,ORD0002441,Toll Priority,CON5365792278,2025-08-12 22:00:00,,8,12.1,DELAYED
SHIP0000861,ORD0004461,Linfox Direct,CON2813171993,2025-06-27 19:29:00,2025-07-04 20:29:00,7,27.8,DELIVERED
SHIP0000862,ORD0000565,Linfox Direct,CON8089774551,2025-09-20 07:34:00,2025-09-27 14:34:00,7,37.5,DELIVERED
SHIP0000863,ORD0000759,AusFreight Express,CON2287528361,2025-07-06 03:22:00,2025-07-12 23:22:00,6,32.8,DELIVERED
SHIP0000864,ORD0002228,Toll Priority,CON9853928803,2025-08-22 02:49:00,2025-08-23 18:49:00,1,27.2,DELIVERED
SHIP0000865,ORD0003577,Toll Priority,CON1298982299,2025-12-31 10:03:00,2026-01-06 04:03:00,5,28.6,DELIVERED
SHIP0000866,ORD0001030,Linfox Direct,CON8048497343,2025-10-14 01:45:00,2025-10-21 09:45:00,7,36.5,DELIVERED
SHIP0000867,ORD0004268,TNT Road,CON9588028226,2025-06-02 09:14:00,2025-06-07 14:14:00,5,20.9,DELIVERED
SHIP0000868,ORD0003888,Linfox Direct,CON5272920513,2025-08-13 02:13:00,2025-08-22 08:13:00,9,10.7,DELIVERED
SHIP0000869,ORD0001184,TNT Road,CON9174635345,2025-12-10 10:16:00,2025-12-17 16:16:00,7,40.5,DELIVERED
SHIP0000870,ORD0000007,Toll Priority,CON4810873152,2025-12-04 15:20:00,2025-12-09 16:20:00,5,2.0,DELIVERED
SHIP0000871,ORD0000416,AusFreight Express,CON9472436634,2025-08-03 09:00:00,2025-08-07 11:00:00,4,25.4,DELIVERED
SHIP0000872,ORD0003752,Toll Priority,CON7787325237,2025-06-20 03:19:00,2025-06-22 04:19:00,2,40.6,DELIVERED
SHIP0000873,ORD0002437,AusFreight Express,CON2405908905,2025-07-04 04:03:00,2025-07-08 08:03:00,4,34.7,DELIVERED
SHIP0000874,ORD0004447,AusFreight Express,CON5058442183,2025-06-24 02:06:00,2025-06-28 08:06:00,4,13.0,DELIVERED
SHIP0000875,ORD0002617,Toll Priority,CON3499781009,2025-11-16 02:17:00,2025-11-18 17:17:00,2,26.6,DELIVERED
SHIP0000876,ORD0003027,StarTrack Logistics,CON2592051446,2025-07-16 20:38:00,,4,15.6,LOST
SHIP0000877,ORD0001584,StarTrack Logistics,CON4616124875,2025-11-25 17:06:00,,7,33.3,LOST
SHIP0000878,ORD0000644,Toll Priority,CON2532867871,2025-08-31 11:35:00,2025-09-05 15:35:00,5,22.0,DELIVERED
SHIP0000879,ORD0000121,Toll Priority,CON5771265488,2025-06-06 23:42:00,2025-06-09 13:42:00,2,3.8,DELIVERED
SHIP0000880,ORD0003236,TNT Road,CON5637931165,2025-07-11 04:55:00,2025-07-14 11:55:00,3,21.2,DELIVERED
SHIP0000881,ORD0003535,StarTrack Logistics,CON2997311651,2025-09-26 11:07:00,2025-09-29 00:07:00,2,15.5,DELIVERED
SHIP0000882,ORD0003245,AusFreight Express,CON1173355463,2025-11-04 19:08:00,2025-11-13 09:08:00,8,15.1,DELIVERED
SHIP0000883,ORD0004182,Linfox Direct,CON6573467902,2025-05-30 16:48:00,,7,5.9,IN_TRANSIT
SHIP0000884,ORD0004633,CouriersPlease,CON5101846904,2025-09-04 10:12:00,2025-09-07 12:12:00,3,28.0,DELIVERED
SHIP0000885,ORD0000857,Linfox Direct,CON2303985832,2025-08-11 08:01:00,2025-08-19 17:01:00,8,19.4,DELIVERED
SHIP0000886,ORD0004157,AusFreight Express,CON5173635995,2025-12-14 17:32:00,,1,3.1,IN_TRANSIT
SHIP0000887,ORD0002261,TNT Road,CON7587393610,2025-12-18 14:06:00,2025-12-24 10:06:00,5,27.7,DELIVERED
SHIP0000888,ORD0001002,AusFreight Express,CON4898010721,2025-11-17 08:09:00,,1,17.6,LOST
SHIP0000889,ORD0001817,CouriersPlease,CON4860857380,2025-11-30 19:20:00,2025-12-06 11:20:00,5,16.1,DELIVERED
SHIP0000890,ORD0001507,CouriersPlease,CON7260734206,2025-09-04 09:33:00,,2,9.6,DELAYED
SHIP0000891,ORD0000223,Linfox Direct,CON5217126578,2025-08-04 15:29:00,,3,31.7,DELAYED
SHIP0000892,ORD0003251,Toll Priority,CON7335671354,2025-07-05 05:38:00,2025-07-07 07:38:00,2,26.2,DELIVERED
SHIP0000893,ORD0001676,StarTrack Logistics,CON5542743572,2025-11-20 14:30:00,,8,24.4,IN_TRANSIT
SHIP0000894,ORD0002622,Toll Priority,CON9289274657,2025-11-29 04:58:00,2025-12-01 05:58:00,2,4.6,DELIVERED
SHIP0000895,ORD0003738,StarTrack Logistics,CON5987423065,2025-11-04 15:57:00,2025-11-08 05:57:00,3,5.7,DELIVERED
SHIP0000896,ORD0001250,AusFreight Express,CON3150461820,2025-05-24 10:33:00,2025-06-01 04:33:00,7,16.7,DELIVERED
SHIP0000897,ORD0000602,AusFreight Express,CON5676169283,2025-05-25 03:57:00,2025-05-31 15:57:00,6,29.3,DELIVERED
SHIP0000898,ORD0004390,TNT Road,CON3644448199,2025-08-06 06:32:00,2025-08-12 13:32:00,6,12.9,DELIVERED
SHIP0000899,ORD0002694,TNT Road,CON7948692918,2025-08-20 21:55:00,2025-08-26 13:55:00,5,28.8,DELIVERED
SHIP0000900,ORD0000717,AusFreight Express,CON3586717949,2025-12-16 08:45:00,2025-12-18 23:45:00,2,14.2,DELIVERED
SHIP0000901,ORD0003484,CouriersPlease,CON8821964686,2025-09-29 14:44:00,2025-10-02 15:44:00,3,21.2,DELIVERED
SHIP0000902,ORD0000115,AusFreight Express,CON7781259796,2025-06-26 12:16:00,2025-06-29 08:16:00,2,29.9,DELIVERED
SHIP0000903,ORD0001919,StarTrack Logistics,CON1307454076,2025-07-10 13:42:00,2025-07-14 04:42:00,3,39.0,DELIVERED
SHIP0000904,ORD0000224,StarTrack Logistics,CON6088913203,2025-06-11 09:23:00,2025-06-14 05:23:00,2,24.4,DELIVERED
SHIP0000905,ORD0002975,TNT Road,CON5140293207,2025-08-04 18:18:00,2025-08-07 07:18:00,2,7.3,DELIVERED
SHIP0000906,ORD0002634,AusFreight Express,CON9776960748,2025-12-27 02:45:00,,6,23.5,LOST
SHIP0000907,ORD0000679,TNT Road,CON9491450430,2025-06-10 21:05:00,2025-06-19 11:05:00,8,39.4,DELIVERED
SHIP0000908,ORD0004444,AusFreight Express,CON2265517532,2025-08-26 15:07:00,2025-08-29 10:07:00,2,30.0,DELIVERED
SHIP0000909,ORD0001385,Linfox Direct,CON6988941004,2025-08-01 10:56:00,2025-08-09 03:56:00,7,40.8,DELIVERED
SHIP0000910,ORD0004070,TNT Road,CON5932941172,2025-10-31 03:21:00,2025-11-03 20:21:00,3,12.1,DELIVERED
SHIP0000911,ORD0000547,Toll Priority,CON2280561163,2025-06-25 13:49:00,2025-06-28 19:49:00,3,1.6,DELIVERED
SHIP0000912,ORD0001524,StarTrack Logistics,CON6791838423,2025-06-02 08:59:00,2025-06-05 00:59:00,2,29.9,DELIVERED
SHIP0000913,ORD0002962,AusFreight Express,CON3488139526,2025-07-04 04:00:00,2025-07-06 23:00:00,2,25.0,DELIVERED
SHIP0000914,ORD0003590,Linfox Direct,CON3504496902,2025-07-25 10:56:00,2025-08-02 02:56:00,7,25.9,DELIVERED
SHIP0000915,ORD0001945,TNT Road,CON2682789734,2025-08-25 12:31:00,,2,25.5,LOST
SHIP0000916,ORD0003595,CouriersPlease,CON1526855433,2025-09-04 16:19:00,2025-09-11 08:19:00,6,29.4,DELIVERED
SHIP0000917,ORD0003510,TNT Road,CON5642021539,2025-06-13 21:29:00,,4,23.6,IN_TRANSIT
SHIP0000918,ORD0001215,StarTrack Logistics,CON9639394670,2025-11-17 11:14:00,2025-11-24 00:14:00,6,21.3,DELIVERED
SHIP0000919,ORD0000460,TNT Road,CON8547556346,2025-12-12 20:02:00,2025-12-14 02:02:00,1,37.6,DELIVERED
SHIP0000920,ORD0004321,CouriersPlease,CON8209177064,2025-06-08 17:02:00,2025-06-10 04:02:00,1,40.0,DELIVERED
SHIP0000921,ORD0000749,Toll Priority,CON3746913872,2025-12-08 20:22:00,,6,4.2,DELAYED
SHIP0000922,ORD0000617,StarTrack Logistics,CON8401896615,2025-09-09 14:57:00,,1,39.8,DELAYED
SHIP0000923,ORD0003631,TNT Road,CON8698169027,2025-10-12 00:01:00,2025-10-13 07:01:00,1,10.8,DELIVERED
SHIP0000924,ORD0003213,StarTrack Logistics,CON8283798799,2025-07-23 13:32:00,2025-07-26 16:32:00,3,17.9,DELIVERED
SHIP0000925,ORD0003158,Toll Priority,CON1179636604,2025-08-04 22:13:00,,1,39.2,IN_TRANSIT
SHIP0000926,ORD0003687,Linfox Direct,CON7158943486,2025-10-15 20:14:00,,5,7.2,IN_TRANSIT
SHIP0000927,ORD0002373,TNT Road,CON6788672392,2025-07-17 05:02:00,2025-07-26 07:02:00,9,5.2,DELIVERED
SHIP0000928,ORD0000335,Toll Priority,CON1334491550,2025-07-11 06:15:00,,7,11.7,IN_TRANSIT
SHIP0000929,ORD0001286,AusFreight Express,CON8765272307,2025-05-23 21:47:00,,6,27.6,IN_TRANSIT
SHIP0000930,ORD0004449,AusFreight Express,CON7502805865,2025-11-24 07:36:00,2025-11-27 14:36:00,3,22.8,DELIVERED
SHIP0000931,ORD0003256,CouriersPlease,CON4468483464,2025-11-22 14:17:00,2025-11-25 23:17:00,3,13.4,DELIVERED
SHIP0000932,ORD0001094,AusFreight Express,CON2884298882,2025-12-04 20:18:00,2025-12-07 10:18:00,2,27.3,DELIVERED
SHIP0000933,ORD0004644,StarTrack Logistics,CON6711624911,2025-07-12 15:16:00,2025-07-21 22:16:00,9,33.5,DELIVERED
SHIP0000934,ORD0001777,CouriersPlease,CON6597391217,2025-07-13 16:41:00,2025-07-14 17:41:00,1,16.1,DELIVERED
SHIP0000935,ORD0000348,TNT Road,CON2949752191,2025-09-17 21:00:00,2025-09-22 22:00:00,5,31.8,DELIVERED
SHIP0000936,ORD0002515,TNT Road,CON7136572760,2025-09-27 13:25:00,2025-10-07 09:25:00,9,39.2,DELIVERED
SHIP0000937,ORD0004888,StarTrack Logistics,CON3929896271,2025-10-17 10:05:00,2025-10-25 16:05:00,8,7.9,DELIVERED
SHIP0000938,ORD0004414,CouriersPlease,CON3305668596,2025-08-22 13:06:00,2025-08-24 19:06:00,2,33.5,DELIVERED
SHIP0000939,ORD0003255,Toll Priority,CON4984964944,2025-07-21 06:47:00,2025-07-22 12:47:00,1,4.1,DELIVERED
SHIP0000940,ORD0004919,StarTrack Logistics,CON6155063453,2025-12-25 21:46:00,,2,11.0,IN_TRANSIT
SHIP0000941,ORD0003441,StarTrack Logistics,CON3592614397,2025-12-18 05:09:00,2025-12-22 16:09:00,4,27.1,DELIVERED
SHIP0000942,ORD0001840,CouriersPlease,CON7334339980,2025-10-01 04:33:00,2025-10-10 11:33:00,9,40.8,DELIVERED
SHIP0000943,ORD0002158,CouriersPlease,CON1207529580,2025-12-13 07:08:00,,2,32.4,DELAYED
SHIP0000944,ORD0001873,StarTrack Logistics,CON6927425870,2025-07-26 04:47:00,2025-07-31 00:47:00,4,24.2,DELIVERED
SHIP0000945,ORD0003696,StarTrack Logistics,CON5931943240,2025-10-20 10:47:00,2025-10-27 03:47:00,6,34.2,DELIVERED
SHIP0000946,ORD0003693,AusFreight Express,CON3058225069,2025-07-13 07:49:00,,7,1.8,IN_TRANSIT
SHIP0000947,ORD0001348,Toll Priority,CON8335831321,2025-07-15 05:31:00,2025-07-19 13:31:00,4,31.2,DELIVERED
SHIP0000948,ORD0002288,Linfox Direct,CON4584133911,2025-06-05 23:34:00,2025-06-09 12:34:00,3,4.2,DELIVERED
SHIP0000949,ORD0000543,Toll Priority,CON6712268581,2025-05-27 06:33:00,,9,25.3,LOST
SHIP0000950,ORD0003839,AusFreight Express,CON5115638726,2025-09-08 13:48:00,2025-09-17 09:48:00,8,33.8,DELIVERED
SHIP0000951,ORD0004728,CouriersPlease,CON7283680752,2025-07-17 13:18:00,2025-07-24 15:18:00,7,19.4,DELIVERED
SHIP0000952,ORD0004751,CouriersPlease,CON7677374954,2025-07-15 21:22:00,2025-07-23 06:22:00,7,29.1,DELIVERED
SHIP0000953,ORD0004813,Toll Priority,CON1241537074,2025-10-02 19:37:00,,6,24.1,DELAYED
SHIP0000954,ORD0001371,TNT Road,CON8407341919,2025-12-23 20:28:00,2025-12-25 10:28:00,1,37.5,DELIVERED
SHIP0000955,ORD0002815,Linfox Direct,CON8820686809,2025-08-25 00:51:00,,7,40.8,DELAYED
SHIP0000956,ORD0001688,TNT Road,CON9833922664,2025-11-25 10:07:00,2025-12-02 00:07:00,6,29.9,DELIVERED
SHIP0000957,ORD0000734,Toll Priority,CON3765586794,2025-10-14 15:44:00,2025-10-23 02:44:00,8,22.5,DELIVERED
SHIP0000958,ORD0004664,CouriersPlease,CON1531660471,2025-07-04 11:43:00,,1,20.3,IN_TRANSIT
SHIP0000959,ORD0000711,TNT Road,CON7665510063,2025-12-01 15:42:00,2025-12-11 05:42:00,9,36.9,DELIVERED
SHIP0000960,ORD0004843,Toll Priority,CON9397327312,2025-06-02 00:02:00,,6,23.0,LOST
SHIP0000961,ORD0000459,Linfox Direct,CON4423105961,2025-12-20 08:47:00,2025-12-25 11:47:00,5,10.0,DELIVERED
SHIP0000962,ORD0000132,StarTrack Logistics,CON4690622048,2025-09-04 13:27:00,,2,11.8,IN_TRANSIT
SHIP0000963,ORD0000041,Toll Priority,CON3393992799,2025-10-20 15:26:00,,3,38.5,LOST
SHIP0000964,ORD0000745,StarTrack Logistics,CON5090217815,2026-01-01 20:04:00,2026-01-04 07:04:00,2,21.7,DELIVERED
SHIP0000965,ORD0001921,StarTrack Logistics,CON6169563029,2025-07-29 22:57:00,2025-08-06 13:57:00,7,33.4,DELIVERED
SHIP0000966,ORD0003487,TNT Road,CON7705993175,2025-07-30 08:03:00,2025-08-01 12:03:00,2,2.1,DELIVERED
SHIP0000967,ORD0004039,Linfox Direct,CON7208502807,2025-11-27 18:59:00,2025-12-05 13:59:00,7,1.2,DELIVERED
SHIP0000968,ORD0000823,Toll Priority,CON5587690728,2025-10-28 09:51:00,2025-11-01 03:51:00,3,22.6,DELIVERED
SHIP0000969,ORD0000498,Toll Priority,CON3373232383,2025-10-05 00:19:00,2025-10-07 08:19:00,2,4.9,DELIVERED
SHIP0000970,ORD0002830,CouriersPlease,CON8142041030,2025-07-03 22:23:00,2025-07-10 09:23:00,6,11.4,DELIVERED
SHIP0000971,ORD0003630,CouriersPlease,CON7584176949,2025-08-10 09:36:00,2025-08-16 14:36:00,6,12.3,DELIVERED
SHIP0000972,ORD0004105,CouriersPlease,CON3385322300,2025-10-12 22:43:00,2025-10-16 07:43:00,3,28.8,DELIVERED
SHIP0000973,ORD0003092,Toll Priority,CON8979827339,2025-06-18 22:08:00,2025-06-23 14:08:00,4,11.1,DELIVERED
SHIP0000974,ORD0004142,TNT Road,CON6086301946,2025-11-17 22:28:00,2025-11-24 00:28:00,6,24.0,DELIVERED
SHIP0000975,ORD0003071,CouriersPlease,CON7800017839,2025-06-13 08:02:00,2025-06-20 00:02:00,6,29.9,DELIVERED
SHIP0000976,ORD0000646,AusFreight Express,CON3274311295,2025-08-04 19:25:00,2025-08-10 23:25:00,6,38.4,DELIVERED
SHIP0000977,ORD0001411,StarTrack Logistics,CON7573130978,2025-11-15 11:46:00,2025-11-17 15:46:00,2,32.3,DELIVERED
SHIP0000978,ORD0003127,Toll Priority,CON8957544117,2025-08-24 01:12:00,2025-09-02 11:12:00,9,11.7,DELIVERED
SHIP0000979,ORD0002894,Linfox Direct,CON7922664985,2025-10-25 03:37:00,2025-10-28 12:37:00,3,2.8,DELIVERED
SHIP0000980,ORD0000451,StarTrack Logistics,CON9854336946,2025-06-04 16:04:00,2025-06-07 21:04:00,3,14.5,DELIVERED
SHIP0000981,ORD0004817,CouriersPlease,CON8629063545,2025-08-18 01:10:00,2025-08-21 16:10:00,3,32.4,DELIVERED
SHIP0000982,ORD0003028,StarTrack Logistics,CON7240490133,2025-12-02 13:41:00,2025-12-04 09:41:00,1,10.6,DELIVERED
SHIP0000983,ORD0004619,TNT Road,CON9410073767,2025-06-29 16:26:00,,5,7.5,DELAYED
SHIP0000984,ORD0002764,CouriersPlease,CON2107933548,2025-10-07 23:41:00,2025-10-16 02:41:00,8,13.9,DELIVERED
SHIP0000985,ORD0003554,TNT Road,CON8476740960,2025-08-19 10:16:00,2025-08-22 18:16:00,3,6.7,DELIVERED
SHIP0000986,ORD0004064,Toll Priority,CON1485563591,2025-10-17 15:00:00,,3,27.8,DELAYED
SHIP0000987,ORD0000182,Linfox Direct,CON5041038537,2025-07-13 03:49:00,2025-07-20 06:49:00,7,30.3,DELIVERED
SHIP0000988,ORD0003333,AusFreight Express,CON6668831208,2025-12-25 17:58:00,,8,21.2,IN_TRANSIT
SHIP0000989,ORD0002464,AusFreight Express,CON6095305619,2025-12-29 18:48:00,2026-01-02 06:48:00,3,12.0,DELIVERED
SHIP0000990,ORD0003096,Linfox Direct,CON4822127141,2025-06-21 14:52:00,2025-06-24 07:52:00,2,12.0,DELIVERED
SHIP0000991,ORD0004373,Toll Priority,CON7561627030,2025-08-17 07:48:00,2025-08-25 14:48:00,8,2.2,DELIVERED
SHIP0000992,ORD0003162,AusFreight Express,CON6313752180,2025-05-24 22:16:00,2025-05-26 03:16:00,1,40.6,DELIVERED
SHIP0000993,ORD0000013,CouriersPlease,CON7484134702,2025-09-12 22:37:00,,7,4.6,DELAYED
SHIP0000994,ORD0003580,AusFreight Express,CON6436880093,2025-10-18 03:39:00,2025-10-23 07:39:00,5,0.8,DELIVERED
SHIP0000995,ORD0001495,Toll Priority,CON7895508014,2025-06-06 12:51:00,2025-06-08 23:51:00,2,2.8,DELIVERED
SHIP0000996,ORD0000848,TNT Road,CON3207854387,2025-08-30 03:17:00,2025-09-04 23:17:00,5,6.3,DELIVERED
SHIP0000997,ORD0002563,TNT Road,CON9725863318,2025-06-24 15:29:00,2025-07-01 00:29:00,6,24.3,DELIVERED
SHIP0000998,ORD0003703,Toll Priority,CON4661282387,2026-01-01 10:33:00,2026-01-07 15:33:00,6,35.4,DELIVERED
SHIP0000999,ORD0001801,TNT Road,CON3212642437,2025-07-19 15:04:00,2025-07-22 18:04:00,3,26.6,DELIVERED
SHIP0001000,ORD0000200,StarTrack Logistics,CON4638025274,2025-09-28 21:21:00,2025-10-07 00:21:00,8,2.0,DELIVERED
SHIP0001001,ORD0003290,TNT Road,CON3096804199,2025-05-20 03:02:00,,4,9.4,LOST
SHIP0001002,ORD0003940,CouriersPlease,CON8707483362,2025-08-08 03:58:00,,6,9.9,IN_TRANSIT
SHIP0001003,ORD0002704,TNT Road,CON1284695545,2025-12-05 12:16:00,2025-12-08 15:16:00,3,30.6,DELIVERED
SHIP0001004,ORD0003063,AusFreight Express,CON2108156727,2025-08-04 12:37:00,2025-08-12 15:37:00,8,18.8,DELIVERED
SHIP0001005,ORD0004489,StarTrack Logistics,CON7176082870,2025-08-31 19:29:00,,2,16.7,DELAYED
SHIP0001006,ORD0004516,Toll Priority,CON1615845613,2025-12-04 09:15:00,2025-12-13 10:15:00,9,2.8,DELIVERED
SHIP0001007,ORD0002737,TNT Road,CON4445227118,2025-09-12 19:06:00,2025-09-19 04:06:00,6,17.4,DELIVERED
SHIP0001008,ORD0001564,Toll Priority,CON1673345756,2025-05-17 03:21:00,2025-05-22 20:21:00,5,0.6,DELIVERED
SHIP0001009,ORD0002767,CouriersPlease,CON3572869635,2025-09-03 21:39:00,,8,32.1,IN_TRANSIT
SHIP0001010,ORD0003817,Toll Priority,CON2532923517,2025-10-31 21:34:00,2025-11-08 06:34:00,7,23.2,DELIVERED
SHIP0001011,ORD0002693,TNT Road,CON2338733313,2025-09-10 10:18:00,2025-09-13 11:18:00,3,33.1,DELIVERED
SHIP0001012,ORD0000492,Toll Priority,CON6252611932,2025-11-29 13:36:00,2025-12-09 07:36:00,9,5.4,DELIVERED
SHIP0001013,ORD0003143,Linfox Direct,CON5408014767,2025-10-05 03:55:00,2025-10-09 23:55:00,4,41.7,DELIVERED
SHIP0001014,ORD0001963,TNT Road,CON8685551743,2025-07-25 11:27:00,2025-08-03 15:27:00,9,26.1,DELIVERED
SHIP0001015,ORD0000526,AusFreight Express,CON9445113845,2025-07-22 01:07:00,,9,9.0,DELAYED
SHIP0001016,ORD0004665,StarTrack Logistics,CON6193848877,2025-11-05 23:32:00,,3,3.6,IN_TRANSIT
SHIP0001017,ORD0002469,Linfox Direct,CON1402999140,2025-10-03 10:29:00,,8,41.8,LOST
SHIP0001018,ORD0004044,StarTrack Logistics,CON1765522172,2025-07-30 02:30:00,2025-08-08 11:30:00,9,27.3,DELIVERED
SHIP0001019,ORD0003714,StarTrack Logistics,CON2555417715,2025-05-25 09:45:00,2025-05-28 04:45:00,2,30.0,DELIVERED
SHIP0001020,ORD0003172,StarTrack Logistics,CON8029001514,2025-11-27 23:54:00,2025-12-05 08:54:00,7,5.3,DELIVERED
SHIP0001021,ORD0002232,AusFreight Express,CON7389418992,2025-10-04 14:02:00,2025-10-08 07:02:00,3,40.5,DELIVERED
SHIP0001022,ORD0002113,CouriersPlease,CON3661134430,2025-11-04 23:02:00,2025-11-08 04:02:00,3,10.9,DELIVERED
SHIP0001023,ORD0004344,StarTrack Logistics,CON4501628769,2025-08-24 01:29:00,2025-08-31 07:29:00,7,19.0,DELIVERED
SHIP0001024,ORD0004139,StarTrack Logistics,CON7608238312,2025-10-08 04:47:00,2025-10-14 17:47:00,6,10.0,DELIVERED
SHIP0001025,ORD0000537,AusFreight Express,CON9763500707,2025-07-17 06:07:00,2025-07-19 14:07:00,2,5.7,DELIVERED
SHIP0001026,ORD0002676,AusFreight Express,CON8163937269,2025-12-30 23:45:00,2026-01-06 17:45:00,6,15.9,DELIVERED
SHIP0001027,ORD0004074,TNT Road,CON2816833901,2025-07-14 17:05:00,2025-07-19 06:05:00,4,17.9,DELIVERED
SHIP0001028,ORD0003923,Toll Priority,CON4417909931,2025-09-28 10:29:00,2025-10-05 15:29:00,7,29.6,DELIVERED
SHIP0001029,ORD0004847,AusFreight Express,CON5664686672,2025-09-14 22:21:00,,9,32.6,LOST
SHIP0001030,ORD0001023,AusFreight Express,CON9807606950,2025-09-25 10:50:00,2025-09-26 11:50:00,1,6.8,DELIVERED
SHIP0001031,ORD0003107,AusFreight Express,CON7429451119,2025-11-22 14:15:00,2025-11-25 03:15:00,2,15.6,DELIVERED
SHIP0001032,ORD0002002,StarTrack Logistics,CON2216770568,2025-08-20 06:19:00,2025-08-21 07:19:00,1,38.0,DELIVERED
SHIP0001033,ORD0004680,CouriersPlease,CON2888699514,2025-07-23 16:32:00,,5,3.6,DELAYED
SHIP0001034,ORD0001722,StarTrack Logistics,CON6773979135,2025-09-13 16:32:00,2025-09-22 10:32:00,8,33.6,DELIVERED
SHIP0001035,ORD0000318,Linfox Direct,CON8256023443,2025-07-02 07:28:00,,2,16.6,IN_TRANSIT
SHIP0001036,ORD0000705,AusFreight Express,CON1401915798,2025-10-28 18:23:00,2025-11-01 23:23:00,4,1.6,DELIVERED
SHIP0001037,ORD0000695,CouriersPlease,CON7773729152,2025-06-21 15:19:00,2025-06-29 04:19:00,7,25.8,DELIVERED
SHIP0001038,ORD0000100,AusFreight Express,CON2127285184,2025-08-05 13:09:00,2025-08-15 04:09:00,9,11.9,DELIVERED
SHIP0001039,ORD0001890,StarTrack Logistics,CON4194830158,2025-09-24 23:27:00,,7,0.6,LOST
SHIP0001040,ORD0000219,StarTrack Logistics,CON3631520184,2025-06-29 19:46:00,2025-07-06 11:46:00,6,13.8,DELIVERED
SHIP0001041,ORD0004354,StarTrack Logistics,CON2209413623,2025-07-06 06:45:00,2025-07-13 07:45:00,7,0.4,DELIVERED
SHIP0001042,ORD0004043,Linfox Direct,CON2369659049,2025-06-19 20:48:00,2025-06-24 14:48:00,4,13.0,DELIVERED
SHIP0001043,ORD0000299,TNT Road,CON3442160861,2025-06-01 17:52:00,,2,28.4,IN_TRANSIT
SHIP0001044,ORD0003798,AusFreight Express,CON1224684150,2025-06-18 03:27:00,,1,38.6,LOST
SHIP0001045,ORD0002550,Toll Priority,CON1286788616,2025-07-09 14:31:00,,4,11.6,DELAYED
SHIP0001046,ORD0003969,CouriersPlease,CON8184541911,2025-06-02 05:23:00,2025-06-06 23:23:00,4,11.9,DELIVERED
SHIP0001047,ORD0000265,Toll Priority,CON9459193593,2025-11-18 18:23:00,2025-11-25 23:23:00,7,41.3,DELIVERED
SHIP0001048,ORD0004945,Linfox Direct,CON6321446806,2025-09-28 04:10:00,2025-09-29 13:10:00,1,11.3,DELIVERED
SHIP0001049,ORD0001326,CouriersPlease,CON9759746210,2025-07-12 00:42:00,2025-07-15 10:42:00,3,28.0,DELIVERED
SHIP0001050,ORD0002889,Linfox Direct,CON4435098266,2025-05-20 11:48:00,2025-05-24 02:48:00,3,21.1,DELIVERED
SHIP0001051,ORD0001910,CouriersPlease,CON4993887339,2025-05-23 05:08:00,2025-05-28 23:08:00,5,20.5,DELIVERED
SHIP0001052,ORD0001626,StarTrack Logistics,CON9719567280,2025-05-23 14:51:00,2025-05-31 23:51:00,8,11.7,DELIVERED
SHIP0001053,ORD0004080,AusFreight Express,CON9192924928,2025-07-29 08:02:00,2025-08-02 23:02:00,4,34.9,DELIVERED
SHIP0001054,ORD0002109,StarTrack Logistics,CON8555365801,2025-10-31 05:34:00,,3,8.1,IN_TRANSIT
SHIP0001055,ORD0004573,AusFreight Express,CON8801933845,2025-07-22 23:56:00,2025-07-29 16:56:00,6,17.5,DELIVERED
SHIP0001056,ORD0001800,CouriersPlease,CON1510939623,2025-08-09 14:39:00,2025-08-13 06:39:00,3,16.1,DELIVERED
SHIP0001057,ORD0002475,TNT Road,CON6282304337,2025-07-14 18:20:00,2025-07-20 22:20:00,6,18.3,DELIVERED
SHIP0001058,ORD0004327,Linfox Direct,CON9733378095,2025-11-09 05:14:00,2025-11-17 14:14:00,8,17.0,DELIVERED
SHIP0001059,ORD0001550,AusFreight Express,CON8617016679,2025-10-28 09:20:00,,8,1.0,IN_TRANSIT
SHIP0001060,ORD0002028,StarTrack Logistics,CON2478769967,2025-12-07 20:43:00,,1,19.4,LOST
SHIP0001061,ORD0001478,AusFreight Express,CON5191865484,2025-11-20 03:11:00,2025-11-27 21:11:00,7,34.2,DELIVERED
SHIP0001062,ORD0003778,TNT Road,CON1876395390,2025-07-16 21:38:00,2025-07-23 01:38:00,6,23.5,DELIVERED
SHIP0001063,ORD0003666,Linfox Direct,CON2916750612,2025-08-11 15:28:00,2025-08-17 18:28:00,6,21.2,DELIVERED
SHIP0001064,ORD0001562,StarTrack Logistics,CON3859225592,2025-10-30 21:08:00,2025-11-05 15:08:00,5,21.0,DELIVERED
SHIP0001065,ORD0001638,Linfox Direct,CON5022979761,2025-07-13 02:41:00,2025-07-21 14:41:00,8,33.6,DELIVERED
SHIP0001066,ORD0000903,CouriersPlease,CON6585020612,2025-06-12 21:55:00,2025-06-16 14:55:00,3,24.7,DELIVERED
SHIP0001067,ORD0004462,Linfox Direct,CON9872208690,2025-07-11 21:52:00,2025-07-17 02:52:00,5,20.8,DELIVERED
SHIP0001068,ORD0001862,Toll Priority,CON2033741995,2025-09-28 10:55:00,2025-10-01 23:55:00,3,6.2,DELIVERED
SHIP0001069,ORD0001618,StarTrack Logistics,CON1833677836,2025-08-09 10:59:00,,4,13.5,IN_TRANSIT
SHIP0001070,ORD0000966,Linfox Direct,CON4318024608,2025-12-31 01:11:00,2026-01-09 10:11:00,9,24.0,DELIVERED
SHIP0001071,ORD0003009,StarTrack Logistics,CON3100088676,2025-11-22 04:26:00,2025-11-24 08:26:00,2,24.4,DELIVERED
SHIP0001072,ORD0003513,Linfox Direct,CON4266260284,2025-06-21 00:06:00,2025-06-28 01:06:00,7,12.6,DELIVERED
SHIP0001073,ORD0004869,Toll Priority,CON4764480261,2025-07-12 01:16:00,,5,8.7,IN_TRANSIT
SHIP0001074,ORD0001848,CouriersPlease,CON5570675288,2025-11-10 04:13:00,2025-11-13 17:13:00,3,10.2,DELIVERED
SHIP0001075,ORD0000819,Linfox Direct,CON9585095898,2025-06-14 01:48:00,,9,2.8,LOST
SHIP0001076,ORD0003199,TNT Road,CON6546235234,2025-08-19 08:35:00,,3,26.5,IN_TRANSIT
SHIP0001077,ORD0000798,AusFreight Express,CON1254971180,2025-08-19 10:55:00,2025-08-24 01:55:00,4,0.5,DELIVERED
SHIP0001078,ORD0003576,TNT Road,CON5902511331,2025-11-17 20:42:00,2025-11-20 03:42:00,2,26.7,DELIVERED
SHIP0001079,ORD0004706,Toll Priority,CON4414870615,2025-08-19 19:22:00,,8,32.0,LOST
SHIP0001080,ORD0004035,StarTrack Logistics,CON2272223424,2025-08-08 09:42:00,2025-08-09 17:42:00,1,22.6,DELIVERED
SHIP0001081,ORD0001370,StarTrack Logistics,CON8694722473,2025-09-01 22:49:00,2025-09-05 06:49:00,3,41.8,DELIVERED
SHIP0001082,ORD0001040,AusFreight Express,CON9752492083,2025-12-26 02:59:00,2025-12-31 10:59:00,5,5.9,DELIVERED
SHIP0001083,ORD0004510,CouriersPlease,CON1400410970,2025-06-23 08:22:00,2025-06-24 14:22:00,1,24.4,DELIVERED
SHIP0001084,ORD0001905,Linfox Direct,CON5636425007,2025-09-14 22:13:00,2025-09-24 07:13:00,9,25.3,DELIVERED
SHIP0001085,ORD0000580,Toll Priority,CON5670166962,2025-12-28 07:06:00,2026-01-07 00:06:00,9,30.4,DELIVERED
SHIP0001086,ORD0004663,Linfox Direct,CON2229829497,2025-10-16 21:30:00,2025-10-19 03:30:00,2,9.5,DELIVERED
SHIP0001087,ORD0003014,StarTrack Logistics,CON8124664208,2025-06-19 16:21:00,,5,7.9,DELAYED
SHIP0001088,ORD0001141,TNT Road,CON2744910590,2025-06-04 10:34:00,,9,31.9,LOST
SHIP0001089,ORD0000126,Toll Priority,CON8994995682,2025-06-08 16:22:00,2025-06-09 22:22:00,1,2.7,DELIVERED
SHIP0001090,ORD0000272,Linfox Direct,CON2227889919,2025-12-04 07:03:00,2025-12-10 16:03:00,6,16.9,DELIVERED
SHIP0001091,ORD0002156,TNT Road,CON6585045641,2025-08-19 03:08:00,2025-08-25 21:08:00,6,14.4,DELIVERED
SHIP0001092,ORD0004531,TNT Road,CON2306770580,2025-06-22 05:03:00,2025-06-26 15:03:00,4,5.4,DELIVERED
SHIP0001093,ORD0000273,Toll Priority,CON2688543880,2025-10-23 06:48:00,,5,37.3,LOST
SHIP0001094,ORD0004986,CouriersPlease,CON4661268061,2025-07-20 11:55:00,,7,27.7,IN_TRANSIT
SHIP0001095,ORD0004694,Toll Priority,CON4991443278,2025-11-08 00:20:00,2025-11-13 01:20:00,5,22.2,DELIVERED
SHIP0001096,ORD0002909,TNT Road,CON8991280223,2025-12-26 00:13:00,2026-01-03 11:13:00,8,20.3,DELIVERED
SHIP0001097,ORD0002533,TNT Road,CON1418371136,2025-06-27 15:58:00,,1,24.1,DELAYED
SHIP0001098,ORD0004655,TNT Road,CON1041371789,2025-06-14 14:54:00,2025-06-21 19:54:00,7,4.2,DELIVERED
SHIP0001099,ORD0000036,StarTrack Logistics,CON2403251270,2025-05-19 19:05:00,,5,10.2,LOST
SHIP0001100,ORD0002282,CouriersPlease,CON6621097097,2025-10-17 17:10:00,2025-10-26 00:10:00,8,41.6,DELIVERED
SHIP0001101,ORD0002812,Linfox Direct,CON3255574512,2025-12-06 21:16:00,,4,34.2,LOST
SHIP0001102,ORD0001381,Linfox Direct,CON8877359480,2025-10-02 02:54:00,2025-10-03 22:54:00,1,14.6,DELIVERED
SHIP0001103,ORD0001703,CouriersPlease,CON8490768983,2025-08-20 07:26:00,,5,17.3,LOST
SHIP0001104,ORD0004454,TNT Road,CON6255958550,2025-12-30 09:57:00,2026-01-05 21:57:00,6,40.1,DELIVERED
SHIP0001105,ORD0003069,AusFreight Express,CON5824626311,2025-12-19 15:07:00,,1,18.9,IN_TRANSIT
SHIP0001106,ORD0003918,TNT Road,CON7084654882,2025-06-05 16:06:00,2025-06-09 00:06:00,3,14.1,DELIVERED
SHIP0001107,ORD0002603,AusFreight Express,CON7832983812,2025-10-10 02:11:00,,4,8.0,IN_TRANSIT
SHIP0001108,ORD0002190,Linfox Direct,CON4743081496,2025-08-25 19:29:00,,7,28.0,DELAYED
SHIP0001109,ORD0004579,AusFreight Express,CON1967872783,2025-12-06 07:07:00,2025-12-12 20:07:00,6,11.9,DELIVERED
SHIP0001110,ORD0004395,TNT Road,CON5470265425,2025-09-29 09:25:00,2025-10-04 00:25:00,4,29.1,DELIVERED
SHIP0001111,ORD0004806,TNT Road,CON9653571103,2025-11-12 13:17:00,,2,41.9,DELAYED
SHIP0001112,ORD0003768,TNT Road,CON1723614761,2025-12-26 11:24:00,,5,4.6,LOST
SHIP0001113,ORD0000464,AusFreight Express,CON5517501743,2025-07-02 03:13:00,,4,20.6,LOST
SHIP0001114,ORD0001351,CouriersPlease,CON5297853802,2025-09-06 08:24:00,2025-09-15 10:24:00,9,27.0,DELIVERED
SHIP0001115,ORD0003422,CouriersPlease,CON3474306582,2025-08-13 13:58:00,2025-08-15 16:58:00,2,28.1,DELIVERED
SHIP0001116,ORD0004419,Toll Priority,CON9369646446,2025-11-02 09:47:00,2025-11-03 23:47:00,1,38.4,DELIVERED
SHIP0001117,ORD0001518,Linfox Direct,CON6533990246,2025-11-27 18:05:00,2025-12-06 03:05:00,8,21.7,DELIVERED
SHIP0001118,ORD0004884,CouriersPlease,CON5993236267,2025-12-02 10:38:00,2025-12-09 01:38:00,6,21.6,DELIVERED
SHIP0001119,ORD0003263,TNT Road,CON7788402010,2025-08-31 21:24:00,2025-09-04 23:24:00,4,33.3,DELIVERED
SHIP0001120,ORD0000792,StarTrack Logistics,CON4969820360,2025-08-22 23:06:00,2025-09-01 01:06:00,9,34.3,DELIVERED
SHIP0001121,ORD0001295,AusFreight Express,CON7447878979,2025-07-09 23:03:00,,7,21.3,LOST
SHIP0001122,ORD0003828,CouriersPlease,CON1175728329,2025-11-20 14:36:00,2025-11-25 17:36:00,5,21.8,DELIVERED
SHIP0001123,ORD0000310,Toll Priority,CON7100839461,2025-05-23 04:46:00,,5,35.4,DELAYED
SHIP0001124,ORD0003065,CouriersPlease,CON1908685432,2025-06-08 02:14:00,,3,9.4,DELAYED
SHIP0001125,ORD0000972,AusFreight Express,CON9075585333,2025-09-02 03:26:00,2025-09-10 22:26:00,8,39.8,DELIVERED
SHIP0001126,ORD0003952,TNT Road,CON3189879837,2025-10-23 23:04:00,,2,36.3,IN_TRANSIT
SHIP0001127,ORD0002770,Linfox Direct,CON5345517203,2025-12-11 23:06:00,2025-12-21 16:06:00,9,24.5,DELIVERED
SHIP0001128,ORD0002991,CouriersPlease,CON3957841987,2025-12-16 11:50:00,2025-12-18 18:50:00,2,38.4,DELIVERED
SHIP0001129,ORD0002339,AusFreight Express,CON1972974230,2025-09-18 12:38:00,2025-09-22 16:38:00,4,37.4,DELIVERED
SHIP0001130,ORD0000672,CouriersPlease,CON6158003804,2025-05-19 00:10:00,,7,29.2,LOST
SHIP0001131,ORD0003582,AusFreight Express,CON7795212329,2025-05-24 03:42:00,2025-06-01 17:42:00,8,40.0,DELIVERED
SHIP0001132,ORD0003593,TNT Road,CON2625156575,2025-06-03 06:33:00,2025-06-11 01:33:00,7,5.1,DELIVERED
SHIP0001133,ORD0000245,CouriersPlease,CON3294326993,2025-12-08 09:10:00,2025-12-09 22:10:00,1,10.8,DELIVERED
SHIP0001134,ORD0001885,StarTrack Logistics,CON6782600574,2025-08-06 02:02:00,2025-08-12 21:02:00,6,27.9,DELIVERED
SHIP0001135,ORD0001624,AusFreight Express,CON7485790962,2025-10-11 00:35:00,2025-10-19 18:35:00,8,41.7,DELIVERED
SHIP0001136,ORD0001698,CouriersPlease,CON4870769762,2025-05-21 03:16:00,2025-05-22 20:16:00,1,5.9,DELIVERED
SHIP0001137,ORD0001996,Linfox Direct,CON5533742248,2025-08-08 00:14:00,2025-08-16 11:14:00,8,23.1,DELIVERED
SHIP0001138,ORD0002433,TNT Road,CON6639858993,2025-11-03 17:03:00,2025-11-06 04:03:00,2,26.8,DELIVERED
SHIP0001139,ORD0002132,CouriersPlease,CON6540314352,2025-07-19 19:03:00,,4,19.3,IN_TRANSIT
SHIP0001140,ORD0004312,StarTrack Logistics,CON6508951017,2025-07-26 12:14:00,2025-08-04 04:14:00,8,32.5,DELIVERED
SHIP0001141,ORD0002137,StarTrack Logistics,CON5148118659,2025-12-04 02:41:00,2025-12-12 17:41:00,8,40.7,DELIVERED
SHIP0001142,ORD0004748,AusFreight Express,CON2089333408,2025-10-18 07:04:00,2025-10-24 14:04:00,6,5.8,DELIVERED
SHIP0001143,ORD0003649,TNT Road,CON6227549423,2025-07-17 07:07:00,,8,26.4,DELAYED
SHIP0001144,ORD0002424,AusFreight Express,CON2360883661,2025-12-21 04:40:00,2025-12-30 15:40:00,9,27.6,DELIVERED
SHIP0001145,ORD0003607,StarTrack Logistics,CON4697591415,2025-05-30 13:12:00,,4,23.2,IN_TRANSIT
SHIP0001146,ORD0001671,AusFreight Express,CON8837910504,2025-12-27 18:12:00,,4,41.8,DELAYED
SHIP0001147,ORD0002081,StarTrack Logistics,CON1280249465,2025-12-17 06:35:00,2025-12-21 20:35:00,4,19.0,DELIVERED
SHIP0001148,ORD0001051,Toll Priority,CON7289710726,2025-12-17 19:00:00,2025-12-27 10:00:00,9,13.1,DELIVERED
SHIP0001149,ORD0000545,AusFreight Express,CON4941666012,2025-06-28 20:00:00,,7,0.4,LOST
SHIP0001150,ORD0003319,AusFreight Express,CON3466352942,2025-05-30 19:37:00,2025-06-06 13:37:00,6,29.8,DELIVERED
SHIP0001151,ORD0003608,Toll Priority,CON3803606591,2025-08-07 21:12:00,,3,8.9,IN_TRANSIT
SHIP0001152,ORD0002025,AusFreight Express,CON6420022727,2025-10-03 08:28:00,2025-10-13 01:28:00,9,7.5,DELIVERED
SHIP0001153,ORD0001347,StarTrack Logistics,CON8008825714,2025-11-14 08:59:00,2025-11-21 00:59:00,6,20.8,DELIVERED
SHIP0001154,ORD0003066,AusFreight Express,CON1230706942,2025-06-28 16:00:00,2025-07-06 22:00:00,8,14.7,DELIVERED
SHIP0001155,ORD0003763,CouriersPlease,CON7629220729,2025-07-26 13:24:00,,9,7.6,IN_TRANSIT
SHIP0001156,ORD0002287,Toll Priority,CON9494876830,2025-08-16 10:13:00,2025-08-23 13:13:00,7,35.4,DELIVERED
SHIP0001157,ORD0003228,Linfox Direct,CON3041417517,2025-09-05 22:32:00,2025-09-07 08:32:00,1,37.0,DELIVERED
SHIP0001158,ORD0001199,Linfox Direct,CON4820638986,2025-12-01 20:21:00,,9,25.1,IN_TRANSIT
SHIP0001159,ORD0002768,Toll Priority,CON2098442139,2025-10-24 08:21:00,2025-10-29 00:21:00,4,36.8,DELIVERED
SHIP0001160,ORD0002586,TNT Road,CON2027219570,2025-08-21 02:02:00,2025-08-27 20:02:00,6,15.5,DELIVERED
SHIP0001161,ORD0001590,Toll Priority,CON4788394144,2025-07-15 18:35:00,2025-07-18 13:35:00,2,20.2,DELIVERED
SHIP0001162,ORD0003179,TNT Road,CON6590321992,2025-10-22 22:36:00,2025-10-26 14:36:00,3,32.6,DELIVERED
SHIP0001163,ORD0001609,TNT Road,CON5215926611,2025-11-28 18:12:00,2025-12-04 04:12:00,5,16.6,DELIVERED
SHIP0001164,ORD0002599,StarTrack Logistics,CON6332840079,2025-08-29 11:45:00,2025-09-03 17:45:00,5,3.0,DELIVERED
SHIP0001165,ORD0000523,TNT Road,CON5676331285,2025-11-04 14:52:00,2025-11-14 10:52:00,9,3.5,DELIVERED
SHIP0001166,ORD0000808,Linfox Direct,CON5227064596,2025-07-25 09:27:00,2025-08-01 19:27:00,7,41.1,DELIVERED
SHIP0001167,ORD0001245,StarTrack Logistics,CON2508457483,2025-09-09 00:41:00,2025-09-17 12:41:00,8,24.2,DELIVERED
SHIP0001168,ORD0004840,Toll Priority,CON9706042386,2025-11-25 05:01:00,2025-12-02 16:01:00,7,7.0,DELIVERED
SHIP0001169,ORD0004491,CouriersPlease,CON1392188171,2025-07-17 15:51:00,2025-07-24 18:51:00,7,23.9,DELIVERED
SHIP0001170,ORD0001617,TNT Road,CON2902678035,2025-09-16 19:49:00,2025-09-26 14:49:00,9,20.9,DELIVERED
SHIP0001171,ORD0003294,Toll Priority,CON5696433428,2025-08-29 05:58:00,,2,32.2,DELAYED
SHIP0001172,ORD0003858,TNT Road,CON5348994998,2025-06-01 01:08:00,2025-06-02 04:08:00,1,37.6,DELIVERED
SHIP0001173,ORD0000747,CouriersPlease,CON1562676059,2025-11-24 22:17:00,,3,11.5,DELAYED
SHIP0001174,ORD0004090,StarTrack Logistics,CON7259846758,2025-08-17 11:32:00,2025-08-22 15:32:00,5,39.3,DELIVERED
SHIP0001175,ORD0003867,CouriersPlease,CON8307851870,2025-12-27 00:42:00,2026-01-02 19:42:00,6,36.4,DELIVERED
SHIP0001176,ORD0002231,Toll Priority,CON7605331355,2025-08-03 02:28:00,2025-08-09 03:28:00,6,19.4,DELIVERED
SHIP0001177,ORD0001930,AusFreight Express,CON4930013927,2025-06-08 09:08:00,2025-06-11 10:08:00,3,27.7,DELIVERED
SHIP0001178,ORD0001588,AusFreight Express,CON2747409954,2025-10-09 21:03:00,2025-10-18 08:03:00,8,17.4,DELIVERED
SHIP0001179,ORD0003520,CouriersPlease,CON5078507145,2025-11-11 14:30:00,2025-11-13 19:30:00,2,35.9,DELIVERED
SHIP0001180,ORD0000337,CouriersPlease,CON9088524124,2025-11-19 15:58:00,2025-11-20 17:58:00,1,33.2,DELIVERED
SHIP0001181,ORD0003165,CouriersPlease,CON2718923711,2025-10-26 16:08:00,2025-10-30 22:08:00,4,37.1,DELIVERED
SHIP0001182,ORD0002133,AusFreight Express,CON8924317037,2025-10-10 00:15:00,,4,33.0,IN_TRANSIT
SHIP0001183,ORD0002861,Linfox Direct,CON1880753893,2025-09-02 12:17:00,2025-09-05 02:17:00,2,26.4,DELIVERED
SHIP0001184,ORD0001972,Linfox Direct,CON3321966773,2025-09-08 16:07:00,2025-09-11 11:07:00,2,22.8,DELIVERED
SHIP0001185,ORD0004333,TNT Road,CON1436306289,2025-11-06 15:14:00,2025-11-13 18:14:00,7,30.4,DELIVERED
SHIP0001186,ORD0001438,Linfox Direct,CON5546682473,2025-12-06 06:36:00,2025-12-15 13:36:00,9,34.8,DELIVERED
SHIP0001187,ORD0001955,Toll Priority,CON6725466295,2025-10-17 07:24:00,,8,35.0,IN_TRANSIT
SHIP0001188,ORD0000124,Toll Priority,CON5591065170,2025-06-18 13:09:00,2025-06-25 15:09:00,7,5.1,DELIVERED
SHIP0001189,ORD0002150,AusFreight Express,CON8018725686,2025-10-20 04:14:00,2025-10-25 07:14:00,5,30.0,DELIVERED
SHIP0001190,ORD0004940,StarTrack Logistics,CON2431478936,2025-06-27 18:44:00,2025-07-01 11:44:00,3,22.0,DELIVERED
SHIP0001191,ORD0004782,TNT Road,CON1490920827,2025-09-16 13:14:00,,8,10.2,LOST
SHIP0001192,ORD0000250,Toll Priority,CON7484114332,2025-07-11 16:36:00,2025-07-15 10:36:00,3,40.9,DELIVERED
SHIP0001193,ORD0002374,TNT Road,CON9892127364,2025-10-22 14:05:00,2025-10-23 19:05:00,1,40.1,DELIVERED
SHIP0001194,ORD0004457,CouriersPlease,CON4057197298,2025-06-13 15:14:00,2025-06-17 18:14:00,4,19.5,DELIVERED
SHIP0001195,ORD0000851,TNT Road,CON3633973800,2025-10-09 17:59:00,,9,36.3,IN_TRANSIT
SHIP0001196,ORD0001242,TNT Road,CON5441826972,2025-11-26 02:45:00,2025-12-05 08:45:00,9,19.1,DELIVERED
SHIP0001197,ORD0003234,TNT Road,CON1097689202,2025-11-13 10:13:00,2025-11-17 23:13:00,4,24.1,DELIVERED
SHIP0001198,ORD0000816,Toll Priority,CON7289920673,2025-10-21 13:23:00,2025-10-29 19:23:00,8,27.8,DELIVERED
SHIP0001199,ORD0003310,TNT Road,CON2863353974,2025-08-21 16:53:00,2025-08-31 04:53:00,9,27.5,DELIVERED
SHIP0001200,ORD0001243,StarTrack Logistics,CON4034683432,2025-06-02 21:17:00,2025-06-12 01:17:00,9,10.6,DELIVERED
SHIP0001201,ORD0000587,Toll Priority,CON9799963299,2025-09-25 01:11:00,2025-09-28 12:11:00,3,41.3,DELIVERED
SHIP0001202,ORD0002396,TNT Road,CON7429444831,2025-06-30 04:05:00,2025-07-06 05:05:00,6,33.1,DELIVERED
SHIP0001203,ORD0004452,CouriersPlease,CON2621282139,2025-07-23 10:21:00,,1,33.2,LOST
SHIP0001204,ORD0004808,Linfox Direct,CON9310319703,2025-10-15 02:35:00,2025-10-24 04:35:00,9,38.2,DELIVERED
SHIP0001205,ORD0001268,Linfox Direct,CON6685621520,2025-08-09 14:29:00,2025-08-18 10:29:00,8,25.7,DELIVERED
SHIP0001206,ORD0000868,CouriersPlease,CON5969063219,2025-05-24 03:20:00,,6,37.9,DELAYED
SHIP0001207,ORD0000386,Linfox Direct,CON4319672339,2025-05-24 11:53:00,,9,9.8,IN_TRANSIT
SHIP0001208,ORD0000629,CouriersPlease,CON7608328393,2025-07-04 11:44:00,2025-07-11 22:44:00,7,20.5,DELIVERED
SHIP0001209,ORD0000479,TNT Road,CON3917974639,2025-08-08 11:47:00,2025-08-13 15:47:00,5,35.5,DELIVERED
SHIP0001210,ORD0002062,StarTrack Logistics,CON8595894097,2025-12-11 00:52:00,2025-12-16 20:52:00,5,6.6,DELIVERED
SHIP0001211,ORD0002621,TNT Road,CON2513511615,2025-06-22 07:03:00,2025-06-28 20:03:00,6,20.6,DELIVERED
SHIP0001212,ORD0004137,StarTrack Logistics,CON2104552016,2025-09-17 14:13:00,2025-09-26 20:13:00,9,19.7,DELIVERED
SHIP0001213,ORD0001327,AusFreight Express,CON7561634110,2025-12-11 13:54:00,,6,29.5,DELAYED
SHIP0001214,ORD0000461,AusFreight Express,CON4763532729,2025-11-09 14:10:00,2025-11-10 16:10:00,1,8.7,DELIVERED
SHIP0001215,ORD0002160,StarTrack Logistics,CON6156765510,2025-12-09 23:18:00,2025-12-12 09:18:00,2,9.2,DELIVERED
SHIP0001216,ORD0000624,AusFreight Express,CON9135002053,2025-12-19 11:22:00,2025-12-27 23:22:00,8,31.2,DELIVERED
SHIP0001217,ORD0000357,StarTrack Logistics,CON6271013531,2025-11-15 00:50:00,,4,25.2,DELAYED
SHIP0001218,ORD0003035,TNT Road,CON8326885822,2025-09-23 08:24:00,2025-09-25 03:24:00,1,13.3,DELIVERED
SHIP0001219,ORD0002690,Toll Priority,CON7785922279,2025-11-23 16:43:00,,5,3.6,IN_TRANSIT
SHIP0001220,ORD0001655,Linfox Direct,CON1463270181,2025-12-10 10:35:00,2025-12-18 01:35:00,7,26.4,DELIVERED
SHIP0001221,ORD0001084,StarTrack Logistics,CON3140999541,2025-10-25 15:04:00,2025-10-28 09:04:00,2,16.1,DELIVERED
SHIP0001222,ORD0004151,CouriersPlease,CON4611032318,2025-07-26 11:52:00,2025-08-01 23:52:00,6,29.3,DELIVERED
SHIP0001223,ORD0004104,TNT Road,CON9385275783,2025-07-27 07:08:00,2025-07-30 13:08:00,3,19.1,DELIVERED
SHIP0001224,ORD0004001,CouriersPlease,CON4455029377,2025-08-12 09:25:00,2025-08-16 04:25:00,3,34.4,DELIVERED
SHIP0001225,ORD0003386,Linfox Direct,CON1633858490,2025-09-08 05:05:00,,6,10.8,DELAYED
SHIP0001226,ORD0000047,TNT Road,CON4935207770,2025-06-03 01:49:00,,1,13.8,IN_TRANSIT
SHIP0001227,ORD0000211,StarTrack Logistics,CON1034204463,2025-05-19 01:02:00,2025-05-26 08:02:00,7,34.6,DELIVERED
SHIP0001228,ORD0002478,AusFreight Express,CON7692015522,2025-05-26 15:52:00,2025-05-27 18:52:00,1,34.3,DELIVERED
SHIP0001229,ORD0000008,Linfox Direct,CON2767596688,2025-12-05 01:17:00,2025-12-11 06:17:00,6,22.9,DELIVERED
SHIP0001230,ORD0002409,AusFreight Express,CON6817939712,2025-10-24 21:18:00,2025-10-27 15:18:00,2,21.1,DELIVERED
SHIP0001231,ORD0002208,Toll Priority,CON2499655381,2025-08-22 16:16:00,2025-08-31 00:16:00,8,37.6,DELIVERED
SHIP0001232,ORD0004049,Linfox Direct,CON1876664483,2025-10-22 16:55:00,2025-10-30 19:55:00,8,7.3,DELIVERED
SHIP0001233,ORD0002753,TNT Road,CON1646525463,2025-11-20 14:51:00,,5,31.4,IN_TRANSIT
SHIP0001234,ORD0002760,CouriersPlease,CON1270043530,2025-07-12 09:32:00,,3,29.1,LOST
SHIP0001235,ORD0002207,CouriersPlease,CON9549276773,2025-11-04 17:51:00,2025-11-08 09:51:00,3,40.6,DELIVERED
SHIP0001236,ORD0004219,AusFreight Express,CON3540921714,2025-06-29 05:53:00,2025-07-04 19:53:00,5,34.5,DELIVERED
SHIP0001237,ORD0003261,Linfox Direct,CON2597716890,2025-10-06 08:16:00,,8,32.5,LOST
SHIP0001238,ORD0004148,Toll Priority,CON7636959452,2025-12-12 10:14:00,2025-12-19 14:14:00,7,7.1,DELIVERED
SHIP0001239,ORD0001807,AusFreight Express,CON4305687349,2025-07-09 23:34:00,2025-07-19 17:34:00,9,41.5,DELIVERED
SHIP0001240,ORD0000649,Linfox Direct,CON5872399039,2025-07-30 07:14:00,2025-08-04 22:14:00,5,9.5,DELIVERED
SHIP0001241,ORD0002202,Toll Priority,CON1950923324,2025-08-08 21:10:00,,3,2.9,DELAYED
SHIP0001242,ORD0003277,TNT Road,CON3351952762,2025-12-13 16:21:00,2025-12-16 00:21:00,2,11.1,DELIVERED
SHIP0001243,ORD0004535,Linfox Direct,CON6359989014,2025-11-28 06:43:00,2025-12-06 23:43:00,8,12.7,DELIVERED
SHIP0001244,ORD0002500,StarTrack Logistics,CON2765805742,2025-09-28 06:49:00,,5,26.0,DELAYED
SHIP0001245,ORD0003863,AusFreight Express,CON8796983138,2025-11-17 00:15:00,2025-11-26 15:15:00,9,40.6,DELIVERED
SHIP0001246,ORD0004862,CouriersPlease,CON7900068321,2025-06-23 03:03:00,,3,33.6,LOST
SHIP0001247,ORD0001849,Linfox Direct,CON9156807303,2025-05-17 12:30:00,2025-05-23 23:30:00,6,18.1,DELIVERED
SHIP0001248,ORD0002164,Linfox Direct,CON6966725548,2025-12-11 10:15:00,2025-12-16 20:15:00,5,10.7,DELIVERED
SHIP0001249,ORD0002805,Linfox Direct,CON8970715241,2025-09-28 20:02:00,2025-10-02 02:02:00,3,27.1,DELIVERED
SHIP0001250,ORD0004879,TNT Road,CON7504953789,2025-08-10 12:05:00,2025-08-16 04:05:00,5,34.6,DELIVERED
SHIP0001251,ORD0003185,Toll Priority,CON7373432213,2025-06-21 08:36:00,2025-06-30 14:36:00,9,9.0,DELIVERED
SHIP0001252,ORD0003015,TNT Road,CON6483099938,2025-07-05 18:12:00,2025-07-06 19:12:00,1,11.5,DELIVERED
SHIP0001253,ORD0003280,Linfox Direct,CON8188761440,2025-12-04 19:07:00,2025-12-07 05:07:00,2,10.7,DELIVERED
SHIP0001254,ORD0000088,Toll Priority,CON5728911922,2025-10-23 08:02:00,2025-10-24 09:02:00,1,4.7,DELIVERED
SHIP0001255,ORD0003903,TNT Road,CON5523767877,2025-07-28 12:18:00,2025-08-07 03:18:00,9,23.1,DELIVERED
SHIP0001256,ORD0004007,StarTrack Logistics,CON1665353549,2025-10-09 13:50:00,2025-10-11 06:50:00,1,5.5,DELIVERED
SHIP0001257,ORD0004131,TNT Road,CON3679149329,2025-09-02 20:11:00,2025-09-07 05:11:00,4,0.7,DELIVERED
SHIP0001258,ORD0000973,TNT Road,CON5416338823,2025-08-26 05:13:00,2025-09-04 22:13:00,9,14.9,DELIVERED
SHIP0001259,ORD0004313,Toll Priority,CON4916351878,2025-05-26 19:18:00,2025-05-30 22:18:00,4,11.7,DELIVERED
SHIP0001260,ORD0001017,StarTrack Logistics,CON8616147554,2025-08-27 18:12:00,2025-09-03 10:12:00,6,19.4,DELIVERED
SHIP0001261,ORD0004730,AusFreight Express,CON6423240534,2025-10-31 12:18:00,2025-11-08 07:18:00,7,23.2,DELIVERED
SHIP0001262,ORD0004224,CouriersPlease,CON7110223907,2025-10-08 18:07:00,2025-10-11 01:07:00,2,6.0,DELIVERED
SHIP0001263,ORD0001074,AusFreight Express,CON2890536236,2025-11-03 00:37:00,2025-11-07 07:37:00,4,17.0,DELIVERED
SHIP0001264,ORD0004343,Toll Priority,CON9955300202,2025-12-08 05:13:00,,8,33.5,DELAYED
SHIP0001265,ORD0001057,TNT Road,CON2250440754,2025-12-01 15:08:00,,3,30.2,LOST
SHIP0001266,ORD0001967,Linfox Direct,CON7034523107,2025-12-03 07:33:00,2025-12-06 14:33:00,3,28.2,DELIVERED
SHIP0001267,ORD0001678,TNT Road,CON6140603314,2025-08-07 09:15:00,2025-08-08 10:15:00,1,22.3,DELIVERED
SHIP0001268,ORD0002428,TNT Road,CON9065333670,2025-11-29 23:16:00,2025-12-06 03:16:00,6,19.0,DELIVERED
SHIP0001269,ORD0002042,Linfox Direct,CON7365717876,2025-07-29 16:14:00,,1,14.7,IN_TRANSIT
SHIP0001270,ORD0003338,StarTrack Logistics,CON5636945549,2025-10-23 08:05:00,2025-10-26 11:05:00,3,36.4,DELIVERED
SHIP0001271,ORD0003886,AusFreight Express,CON8299373683,2025-05-27 06:28:00,,3,16.6,LOST
SHIP0001272,ORD0002908,Linfox Direct,CON4653354471,2025-06-04 10:27:00,2025-06-11 03:27:00,6,11.9,DELIVERED
SHIP0001273,ORD0000778,CouriersPlease,CON4392427710,2025-10-15 07:41:00,,3,23.0,LOST
SHIP0001274,ORD0002460,Linfox Direct,CON3209031931,2025-07-14 12:32:00,2025-07-18 20:32:00,4,21.9,DELIVERED
SHIP0001275,ORD0001975,StarTrack Logistics,CON2704596862,2025-09-17 11:18:00,,1,19.1,IN_TRANSIT
SHIP0001276,ORD0000510,TNT Road,CON1472475267,2025-11-10 05:53:00,2025-11-18 13:53:00,8,18.6,DELIVERED
SHIP0001277,ORD0003503,Linfox Direct,CON1973393704,2025-10-09 10:39:00,2025-10-16 23:39:00,7,31.2,DELIVERED
SHIP0001278,ORD0001657,Toll Priority,CON8047380976,2025-11-11 08:19:00,2025-11-18 03:19:00,6,4.9,DELIVERED
SHIP0001279,ORD0001196,StarTrack Logistics,CON9186568903,2025-12-13 13:53:00,2025-12-16 01:53:00,2,29.8,DELIVERED
SHIP0001280,ORD0001988,Linfox Direct,CON9220462303,2025-11-17 03:55:00,2025-11-25 08:55:00,8,19.5,DELIVERED
SHIP0001281,ORD0002542,AusFreight Express,CON5747999123,2025-06-14 00:24:00,2025-06-23 04:24:00,9,21.7,DELIVERED
SHIP0001282,ORD0003252,Toll Priority,CON5522352274,2025-10-21 00:28:00,2025-10-22 19:28:00,1,29.1,DELIVERED
SHIP0001283,ORD0004272,AusFreight Express,CON3371266040,2025-07-25 09:31:00,2025-07-30 23:31:00,5,22.4,DELIVERED
SHIP0001284,ORD0002521,Toll Priority,CON3565938486,2025-10-23 00:33:00,2025-10-25 01:33:00,2,27.7,DELIVERED
SHIP0001285,ORD0000037,AusFreight Express,CON4294074871,2025-11-16 13:39:00,2025-11-20 09:39:00,3,0.8,DELIVERED
SHIP0001286,ORD0002552,StarTrack Logistics,CON3939233012,2025-12-25 00:11:00,2026-01-03 10:11:00,9,31.3,DELIVERED
SHIP0001287,ORD0002019,TNT Road,CON6051141322,2025-05-26 09:56:00,2025-06-03 13:56:00,8,39.2,DELIVERED
SHIP0001288,ORD0004836,Linfox Direct,CON7320610523,2025-10-16 07:47:00,2025-10-23 15:47:00,7,32.9,DELIVERED
SHIP0001289,ORD0000582,Linfox Direct,CON4185044112,2025-10-10 04:28:00,2025-10-11 17:28:00,1,27.1,DELIVERED
SHIP0001290,ORD0002880,AusFreight Express,CON7263583378,2025-08-22 02:10:00,,1,40.0,IN_TRANSIT
SHIP0001291,ORD0003905,Linfox Direct,CON6747786246,2025-09-05 00:12:00,2025-09-09 20:12:00,4,2.1,DELIVERED
SHIP0001292,ORD0000577,Toll Priority,CON3299936591,2025-12-26 06:30:00,,3,3.3,LOST
SHIP0001293,ORD0001003,CouriersPlease,CON3293566570,2025-10-01 00:06:00,,5,18.2,DELAYED
SHIP0001294,ORD0003592,TNT Road,CON3375568680,2025-07-12 17:07:00,2025-07-18 22:07:00,6,35.0,DELIVERED
SHIP0001295,ORD0004641,StarTrack Logistics,CON3148398781,2025-07-25 20:39:00,2025-08-03 12:39:00,8,5.3,DELIVERED
SHIP0001296,ORD0000148,TNT Road,CON8330511294,2025-08-27 16:16:00,,7,5.0,DELAYED
SHIP0001297,ORD0004094,Linfox Direct,CON9968767485,2025-08-25 19:08:00,2025-08-29 10:08:00,3,40.1,DELIVERED
SHIP0001298,ORD0002331,CouriersPlease,CON5232512669,2025-11-21 18:05:00,2025-11-24 13:05:00,2,18.6,DELIVERED
SHIP0001299,ORD0003810,TNT Road,CON5464868996,2025-11-05 03:25:00,,1,5.1,IN_TRANSIT
SHIP0001300,ORD0000795,StarTrack Logistics,CON7585659394,2025-08-03 18:24:00,,1,24.7,DELAYED
SHIP0001301,ORD0002573,Linfox Direct,CON4500257532,2025-10-07 14:45:00,2025-10-16 20:45:00,9,6.4,DELIVERED
SHIP0001302,ORD0002557,Linfox Direct,CON4760842336,2025-08-03 19:09:00,2025-08-10 10:09:00,6,37.0,DELIVERED
SHIP0001303,ORD0000922,Linfox Direct,CON8302339891,2025-08-09 23:59:00,2025-08-11 08:59:00,1,17.0,DELIVERED
SHIP0001304,ORD0002673,Toll Priority,CON3118039585,2025-09-18 07:39:00,,5,9.7,LOST
SHIP0001305,ORD0002797,Toll Priority,CON9428075398,2025-06-18 15:09:00,2025-06-26 18:09:00,8,25.2,DELIVERED
SHIP0001306,ORD0000256,AusFreight Express,CON4910702726,2025-08-12 03:48:00,,8,3.9,IN_TRANSIT
SHIP0001307,ORD0004284,Toll Priority,CON6930591582,2025-05-29 14:36:00,2025-06-01 00:36:00,2,34.8,DELIVERED
SHIP0001308,ORD0003269,AusFreight Express,CON5742336639,2025-09-23 08:48:00,,6,24.5,DELAYED
SHIP0001309,ORD0003168,AusFreight Express,CON1193810360,2025-11-06 14:49:00,2025-11-14 05:49:00,7,4.5,DELIVERED
SHIP0001310,ORD0000890,CouriersPlease,CON4412999337,2025-09-02 04:01:00,2025-09-09 16:01:00,7,34.2,DELIVERED
SHIP0001311,ORD0004742,Linfox Direct,CON5465471738,2025-11-03 16:32:00,2025-11-09 12:32:00,5,11.2,DELIVERED
SHIP0001312,ORD0000658,CouriersPlease,CON7065312157,2025-06-16 11:52:00,,1,29.8,DELAYED
SHIP0001313,ORD0004976,TNT Road,CON9125011618,2025-10-13 02:31:00,2025-10-21 09:31:00,8,10.4,DELIVERED
SHIP0001314,ORD0004367,StarTrack Logistics,CON1617904436,2025-08-28 04:59:00,2025-09-05 14:59:00,8,3.1,DELIVERED
SHIP0001315,ORD0002332,Linfox Direct,CON1301985415,2025-11-10 22:17:00,2025-11-17 05:17:00,6,31.2,DELIVERED
SHIP0001316,ORD0000282,TNT Road,CON9562503945,2025-08-06 09:13:00,2025-08-13 19:13:00,7,23.3,DELIVERED
SHIP0001317,ORD0001218,Linfox Direct,CON2048264252,2025-10-18 03:08:00,,5,39.2,DELAYED
SHIP0001318,ORD0004543,Linfox Direct,CON7883209054,2025-05-18 18:42:00,2025-05-22 07:42:00,3,16.4,DELIVERED
SHIP0001319,ORD0001755,Toll Priority,CON4400763311,2025-06-05 03:00:00,2025-06-10 17:00:00,5,40.6,DELIVERED
SHIP0001320,ORD0001900,TNT Road,CON8905023481,2025-05-22 05:00:00,2025-05-31 01:00:00,8,26.1,DELIVERED
SHIP0001321,ORD0000964,StarTrack Logistics,CON4669976585,2025-06-10 08:50:00,2025-06-19 23:50:00,9,29.6,DELIVERED
SHIP0001322,ORD0000879,TNT Road,CON3574290472,2025-12-03 12:20:00,2025-12-06 14:20:00,3,11.0,DELIVERED
SHIP0001323,ORD0000360,TNT Road,CON7140109193,2025-12-19 23:38:00,2025-12-21 14:38:00,1,1.2,DELIVERED
SHIP0001324,ORD0000170,Toll Priority,CON3184422142,2025-06-24 12:17:00,2025-07-02 14:17:00,8,16.5,DELIVERED
SHIP0001325,ORD0001650,TNT Road,CON2210037901,2025-07-26 20:01:00,2025-07-28 02:01:00,1,9.0,DELIVERED
SHIP0001326,ORD0000092,Linfox Direct,CON2107820187,2025-07-27 22:23:00,2025-08-03 11:23:00,6,6.9,DELIVERED
SHIP0001327,ORD0000053,AusFreight Express,CON6595892101,2025-08-14 23:51:00,2025-08-16 13:51:00,1,4.1,DELIVERED
SHIP0001328,ORD0003369,CouriersPlease,CON9267186105,2025-08-27 14:59:00,2025-08-31 07:59:00,3,14.4,DELIVERED
SHIP0001329,ORD0002385,TNT Road,CON1426380744,2025-12-03 11:41:00,2025-12-06 22:41:00,3,34.0,DELIVERED
SHIP0001330,ORD0003719,CouriersPlease,CON9095494379,2025-07-14 12:38:00,2025-07-17 01:38:00,2,14.6,DELIVERED
SHIP0001331,ORD0003346,Toll Priority,CON1600770033,2025-11-01 16:53:00,2025-11-09 04:53:00,7,26.5,DELIVERED
SHIP0001332,ORD0001625,StarTrack Logistics,CON4586577975,2025-12-06 23:51:00,2025-12-15 11:51:00,8,0.3,DELIVERED
SHIP0001333,ORD0000639,CouriersPlease,CON6962962140,2025-10-17 15:16:00,2025-10-22 05:16:00,4,20.8,DELIVERED
SHIP0001334,ORD0000364,StarTrack Logistics,CON2331636034,2025-07-07 02:21:00,2025-07-14 20:21:00,7,36.3,DELIVERED
SHIP0001335,ORD0001484,Linfox Direct,CON5676476074,2025-06-22 02:35:00,2025-06-24 09:35:00,2,5.1,DELIVERED
SHIP0001336,ORD0004596,CouriersPlease,CON1514218251,2025-10-08 08:31:00,,5,40.2,DELAYED
SHIP0001337,ORD0002679,StarTrack Logistics,CON1207730390,2025-05-26 13:15:00,,4,7.3,LOST
SHIP0001338,ORD0002624,StarTrack Logistics,CON4238576622,2025-10-29 15:30:00,2025-11-05 17:30:00,7,28.8,DELIVERED
SHIP0001339,ORD0001112,AusFreight Express,CON5017273292,2025-08-12 14:21:00,2025-08-18 02:21:00,5,11.6,DELIVERED
SHIP0001340,ORD0003099,Toll Priority,CON3744441784,2025-07-08 12:55:00,2025-07-10 01:55:00,1,8.8,DELIVERED
SHIP0001341,ORD0002213,StarTrack Logistics,CON5834127807,2025-07-13 02:16:00,2025-07-17 18:16:00,4,34.7,DELIVERED
SHIP0001342,ORD0000138,TNT Road,CON8114535983,2025-11-21 07:48:00,2025-11-25 22:48:00,4,18.1,DELIVERED
SHIP0001343,ORD0001314,AusFreight Express,CON1951546144,2025-08-14 00:13:00,2025-08-16 11:13:00,2,35.7,DELIVERED
SHIP0001344,ORD0002122,AusFreight Express,CON2994396187,2025-11-22 15:26:00,2025-11-30 20:26:00,8,6.1,DELIVERED
SHIP0001345,ORD0001782,StarTrack Logistics,CON7953285228,2025-06-29 07:46:00,2025-07-04 12:46:00,5,26.9,DELIVERED
SHIP0001346,ORD0003248,Toll Priority,CON2135300596,2025-06-19 09:29:00,2025-06-24 12:29:00,5,16.9,DELIVERED
SHIP0001347,ORD0004515,CouriersPlease,CON7443751937,2025-10-23 08:11:00,,7,14.3,LOST
SHIP0001348,ORD0002809,TNT Road,CON7195587850,2025-12-30 17:58:00,2026-01-04 08:58:00,4,26.1,DELIVERED
SHIP0001349,ORD0002407,StarTrack Logistics,CON6569255961,2025-10-07 11:59:00,,7,11.2,LOST
SHIP0001350,ORD0000435,StarTrack Logistics,CON1007872266,2025-05-26 03:01:00,2025-05-27 12:01:00,1,5.2,DELIVERED
SHIP0001351,ORD0002674,Linfox Direct,CON2078834859,2025-09-24 11:49:00,2025-09-29 01:49:00,4,14.1,DELIVERED
SHIP0001352,ORD0002524,CouriersPlease,CON2270693178,2025-12-20 18:10:00,2025-12-28 06:10:00,7,6.1,DELIVERED
SHIP0001353,ORD0004384,CouriersPlease,CON2969282294,2025-07-11 08:06:00,2025-07-19 17:06:00,8,5.1,DELIVERED
SHIP0001354,ORD0001551,StarTrack Logistics,CON6224162784,2025-09-04 21:04:00,2025-09-07 07:04:00,2,36.9,DELIVERED
SHIP0001355,ORD0000986,Linfox Direct,CON2271512506,2025-10-12 21:32:00,,4,17.7,DELAYED
SHIP0001356,ORD0002348,Linfox Direct,CON4147365520,2025-05-24 02:23:00,,8,13.8,LOST
SHIP0001357,ORD0003123,StarTrack Logistics,CON8058251006,2025-10-07 23:53:00,2025-10-15 19:53:00,7,3.0,DELIVERED
SHIP0001358,ORD0003275,CouriersPlease,CON2313869160,2025-11-19 18:50:00,2025-11-21 10:50:00,1,5.9,DELIVERED
SHIP0001359,ORD0004954,Toll Priority,CON1201060627,2025-07-04 12:07:00,2025-07-06 16:07:00,2,31.4,DELIVERED
SHIP0001360,ORD0000821,Linfox Direct,CON7321681216,2025-12-01 11:57:00,2025-12-04 22:57:00,3,20.2,DELIVERED
SHIP0001361,ORD0004599,StarTrack Logistics,CON4502763711,2025-11-25 16:32:00,2025-12-02 01:32:00,6,8.5,DELIVERED
SHIP0001362,ORD0002605,StarTrack Logistics,CON6954464609,2025-09-09 01:23:00,2025-09-18 20:23:00,9,31.7,DELIVERED
SHIP0001363,ORD0003363,AusFreight Express,CON1240263362,2025-08-15 15:28:00,2025-08-22 20:28:00,7,2.7,DELIVERED
SHIP0001364,ORD0002058,AusFreight Express,CON4958654746,2025-12-10 03:03:00,2025-12-11 05:03:00,1,13.5,DELIVERED
SHIP0001365,ORD0002688,Toll Priority,CON4592416393,2025-06-30 11:34:00,,2,39.0,LOST
SHIP0001366,ORD0001682,StarTrack Logistics,CON1393496576,2025-07-12 03:30:00,2025-07-20 17:30:00,8,26.4,DELIVERED
SHIP0001367,ORD0004936,StarTrack Logistics,CON9984877779,2025-11-23 03:42:00,,5,0.5,DELAYED
SHIP0001368,ORD0000439,AusFreight Express,CON2652407877,2025-12-18 11:18:00,2025-12-24 05:18:00,5,29.9,DELIVERED
SHIP0001369,ORD0001601,AusFreight Express,CON2592751109,2025-06-04 14:15:00,2025-06-07 20:15:00,3,20.2,DELIVERED
SHIP0001370,ORD0000143,Toll Priority,CON5575540948,2025-09-10 18:11:00,2025-09-15 22:11:00,5,11.0,DELIVERED
SHIP0001371,ORD0001052,StarTrack Logistics,CON9855364414,2025-12-03 15:48:00,2025-12-06 00:48:00,2,10.6,DELIVERED
SHIP0001372,ORD0003403,Linfox Direct,CON9772733858,2025-06-10 18:14:00,2025-06-15 21:14:00,5,33.8,DELIVERED
SHIP0001373,ORD0003921,CouriersPlease,CON9160257036,2025-09-10 12:16:00,,8,11.1,IN_TRANSIT
SHIP0001374,ORD0002184,CouriersPlease,CON8066039886,2025-08-10 18:40:00,,2,39.4,LOST
SHIP0001375,ORD0002583,TNT Road,CON1992258008,2025-08-18 20:20:00,2025-08-25 02:20:00,6,39.0,DELIVERED
SHIP0001376,ORD0001654,StarTrack Logistics,CON3718753827,2025-08-02 04:23:00,2025-08-06 10:23:00,4,39.2,DELIVERED
SHIP0001377,ORD0002368,Toll Priority,CON7563102426,2025-12-05 04:03:00,2025-12-12 23:03:00,7,33.9,DELIVERED
SHIP0001378,ORD0003091,AusFreight Express,CON4465129399,2025-05-30 16:49:00,,6,28.2,LOST
SHIP0001379,ORD0003751,StarTrack Logistics,CON2267336381,2025-06-12 17:55:00,2025-06-19 22:55:00,7,22.6,DELIVERED
SHIP0001380,ORD0000661,CouriersPlease,CON7584346120,2025-08-15 08:08:00,2025-08-24 12:08:00,9,6.0,DELIVERED
SHIP0001381,ORD0002510,StarTrack Logistics,CON6990579893,2025-10-21 19:10:00,,8,24.0,IN_TRANSIT
SHIP0001382,ORD0000212,Toll Priority,CON7789078252,2025-07-30 01:56:00,2025-08-08 19:56:00,9,16.3,DELIVERED
SHIP0001383,ORD0004592,AusFreight Express,CON9953393635,2025-07-12 15:41:00,2025-07-15 00:41:00,2,39.6,DELIVERED
SHIP0001384,ORD0001350,CouriersPlease,CON2031561787,2025-12-02 18:57:00,2025-12-09 08:57:00,6,29.3,DELIVERED
SHIP0001385,ORD0004347,Linfox Direct,CON8053443842,2025-08-18 05:46:00,,4,10.2,DELAYED
SHIP0001386,ORD0003766,Linfox Direct,CON3295135940,2025-12-29 19:59:00,2026-01-06 03:59:00,7,36.9,DELIVERED
SHIP0001387,ORD0004761,Linfox Direct,CON8847829815,2025-07-23 02:55:00,2025-07-30 18:55:00,7,22.5,DELIVERED
SHIP0001388,ORD0002217,Toll Priority,CON6455342125,2025-07-23 01:38:00,,8,5.4,IN_TRANSIT
SHIP0001389,ORD0000739,TNT Road,CON5994311338,2025-11-20 09:51:00,,3,11.0,IN_TRANSIT
SHIP0001390,ORD0004082,StarTrack Logistics,CON4477284408,2025-10-14 03:05:00,2025-10-23 09:05:00,9,41.8,DELIVERED
SHIP0001391,ORD0000405,CouriersPlease,CON6580939076,2025-09-22 03:55:00,2025-09-26 16:55:00,4,33.8,DELIVERED
SHIP0001392,ORD0000909,TNT Road,CON9061580197,2025-09-10 22:21:00,,8,40.3,LOST
SHIP0001393,ORD0001445,Linfox Direct,CON5809715998,2025-12-13 18:41:00,2025-12-17 10:41:00,3,34.7,DELIVERED
SHIP0001394,ORD0004776,StarTrack Logistics,CON5556431619,2025-11-16 14:49:00,2025-11-19 04:49:00,2,25.2,DELIVERED
SHIP0001395,ORD0000502,TNT Road,CON6471242800,2025-09-16 01:40:00,2025-09-17 06:40:00,1,25.3,DELIVERED
SHIP0001396,ORD0002579,AusFreight Express,CON8351721111,2025-12-04 18:18:00,2025-12-13 12:18:00,8,31.9,DELIVERED
SHIP0001397,ORD0004851,CouriersPlease,CON1987005692,2025-06-12 21:22:00,2025-06-22 10:22:00,9,29.5,DELIVERED
SHIP0001398,ORD0000432,TNT Road,CON6436305819,2025-07-10 02:37:00,2025-07-12 15:37:00,2,20.3,DELIVERED
SHIP0001399,ORD0000794,StarTrack Logistics,CON2076461199,2025-12-11 15:25:00,,9,16.4,LOST
SHIP0001400,ORD0001660,AusFreight Express,CON2352541939,2025-12-25 20:18:00,2025-12-29 00:18:00,3,9.2,DELIVERED
SHIP0001401,ORD0003642,TNT Road,CON5976595698,2025-09-29 00:12:00,2025-10-02 09:12:00,3,13.0,DELIVERED
SHIP0001402,ORD0003153,CouriersPlease,CON3367826063,2025-12-05 20:26:00,,7,4.8,LOST
SHIP0001403,ORD0001418,Linfox Direct,CON5316610015,2025-08-20 13:50:00,2025-08-23 19:50:00,3,21.8,DELIVERED
SHIP0001404,ORD0002005,AusFreight Express,CON2262711421,2025-08-07 23:31:00,2025-08-16 17:31:00,8,39.8,DELIVERED
SHIP0001405,ORD0000064,StarTrack Logistics,CON6849700671,2025-06-14 02:52:00,,1,32.3,LOST
SHIP0001406,ORD0004764,TNT Road,CON9735261623,2025-11-19 18:52:00,,3,26.4,IN_TRANSIT
SHIP0001407,ORD0003644,Linfox Direct,CON8369523521,2025-11-21 17:26:00,2025-11-28 18:26:00,7,38.8,DELIVERED
SHIP0001408,ORD0002390,Toll Priority,CON1406785072,2026-01-01 15:23:00,2026-01-10 05:23:00,8,7.2,DELIVERED
SHIP0001409,ORD0001188,AusFreight Express,CON7438100526,2025-09-03 18:10:00,2025-09-07 00:10:00,3,6.3,DELIVERED
SHIP0001410,ORD0002851,CouriersPlease,CON7345071221,2025-06-20 10:31:00,,8,26.6,LOST
SHIP0001411,ORD0002247,CouriersPlease,CON5613318907,2025-09-18 01:28:00,2025-09-23 03:28:00,5,10.7,DELIVERED
SHIP0001412,ORD0000699,StarTrack Logistics,CON6615754831,2025-11-29 12:14:00,2025-12-08 23:14:00,9,36.3,DELIVERED
SHIP0001413,ORD0002818,Toll Priority,CON3886281342,2025-08-01 03:17:00,,2,37.6,IN_TRANSIT
SHIP0001414,ORD0004485,CouriersPlease,CON6686730112,2025-10-14 02:45:00,2025-10-18 16:45:00,4,29.5,DELIVERED
SHIP0001415,ORD0002455,AusFreight Express,CON2369835388,2025-06-30 00:05:00,2025-07-09 14:05:00,9,31.4,DELIVERED
SHIP0001416,ORD0000682,Linfox Direct,CON2611238585,2025-08-22 15:08:00,2025-08-29 20:08:00,7,18.0,DELIVERED
SHIP0001417,ORD0002508,AusFreight Express,CON2121948476,2025-08-04 01:11:00,2025-08-08 06:11:00,4,6.6,DELIVERED
SHIP0001418,ORD0002144,CouriersPlease,CON2731426398,2025-08-13 09:34:00,2025-08-14 12:34:00,1,24.8,DELIVERED
SHIP0001419,ORD0003853,Linfox Direct,CON9050543686,2025-06-10 21:19:00,,5,2.9,DELAYED
SHIP0001420,ORD0001858,Linfox Direct,CON7677776304,2025-06-04 07:14:00,2025-06-08 01:14:00,3,4.8,DELIVERED
SHIP0001421,ORD0002255,Linfox Direct,CON1073561061,2025-10-11 06:55:00,,7,38.0,DELAYED
SHIP0001422,ORD0004048,StarTrack Logistics,CON9204479091,2025-09-30 11:26:00,2025-10-06 20:26:00,6,6.9,DELIVERED
SHIP0001423,ORD0001402,TNT Road,CON8030029232,2025-06-24 20:23:00,2025-07-02 21:23:00,8,39.4,DELIVERED
SHIP0001424,ORD0000038,Toll Priority,CON5256502475,2025-06-24 20:34:00,2025-06-28 05:34:00,3,3.3,DELIVERED
SHIP0001425,ORD0003603,Toll Priority,CON2005951326,2025-11-20 04:40:00,2025-11-22 07:40:00,2,11.6,DELIVERED
SHIP0001426,ORD0004905,TNT Road,CON1404498674,2025-11-06 04:49:00,2025-11-14 20:49:00,8,36.1,DELIVERED
SHIP0001427,ORD0004450,StarTrack Logistics,CON9420347650,2025-12-25 07:19:00,2025-12-28 10:19:00,3,33.2,DELIVERED
SHIP0001428,ORD0000928,CouriersPlease,CON5648989894,2025-09-03 21:29:00,2025-09-08 07:29:00,4,28.8,DELIVERED
SHIP0001429,ORD0002472,AusFreight Express,CON1660537766,2026-01-01 10:39:00,2026-01-05 14:39:00,4,25.8,DELIVERED
SHIP0001430,ORD0002761,Linfox Direct,CON4657708797,2025-09-29 07:49:00,2025-10-06 08:49:00,7,23.0,DELIVERED
SHIP0001431,ORD0004460,Linfox Direct,CON9383763073,2025-07-18 07:33:00,2025-07-21 13:33:00,3,39.3,DELIVERED
SHIP0001432,ORD0000990,Linfox Direct,CON9240593537,2025-11-23 05:18:00,,2,38.9,DELAYED
SHIP0001433,ORD0000829,Toll Priority,CON8929184487,2025-12-19 13:58:00,2025-12-24 05:58:00,4,27.4,DELIVERED
SHIP0001434,ORD0004897,TNT Road,CON1279513188,2025-07-01 03:52:00,2025-07-05 17:52:00,4,39.6,DELIVERED
SHIP0001435,ORD0002654,Linfox Direct,CON6470224385,2025-09-18 17:59:00,2025-09-26 03:59:00,7,31.1,DELIVERED
SHIP0001436,ORD0001766,TNT Road,CON4036140993,2025-06-23 17:40:00,2025-07-02 12:40:00,8,23.3,DELIVERED
SHIP0001437,ORD0004130,TNT Road,CON9645735204,2025-07-12 12:12:00,2025-07-21 07:12:00,8,5.4,DELIVERED
SHIP0001438,ORD0003648,CouriersPlease,CON5035955016,2025-12-04 14:27:00,2025-12-14 08:27:00,9,6.6,DELIVERED
SHIP0001439,ORD0002316,StarTrack Logistics,CON6566728466,2025-12-19 05:22:00,2025-12-23 15:22:00,4,41.6,DELIVERED
SHIP0001440,ORD0000189,TNT Road,CON6362841095,2025-11-28 00:41:00,2025-11-30 03:41:00,2,35.3,DELIVERED
SHIP0001441,ORD0001884,StarTrack Logistics,CON4135236278,2025-05-21 05:05:00,2025-05-25 17:05:00,4,7.5,DELIVERED
SHIP0001442,ORD0000740,Toll Priority,CON4454945336,2025-09-09 20:14:00,2025-09-17 11:14:00,7,37.2,DELIVERED
SHIP0001443,ORD0001792,Toll Priority,CON1260303225,2025-10-26 13:36:00,2025-10-31 19:36:00,5,27.0,DELIVERED
SHIP0001444,ORD0001734,StarTrack Logistics,CON1022192833,2025-06-21 16:30:00,2025-06-23 17:30:00,2,40.2,DELIVERED
SHIP0001445,ORD0002645,TNT Road,CON4252370449,2025-06-08 12:21:00,2025-06-13 08:21:00,4,41.9,DELIVERED
SHIP0001446,ORD0002656,StarTrack Logistics,CON2536389121,2025-11-28 05:05:00,2025-12-06 00:05:00,7,8.0,DELIVERED
SHIP0001447,ORD0002910,Toll Priority,CON6522704848,2025-05-21 16:33:00,2025-05-31 01:33:00,9,2.5,DELIVERED
SHIP0001448,ORD0002733,CouriersPlease,CON8746751183,2025-09-05 00:22:00,2025-09-06 01:22:00,1,29.3,DELIVERED
SHIP0001449,ORD0003036,AusFreight Express,CON3533435135,2025-06-29 14:14:00,2025-07-08 01:14:00,8,17.6,DELIVERED
SHIP0001450,ORD0002947,TNT Road,CON8770634862,2025-07-21 02:15:00,,7,14.0,LOST
SHIP0001451,ORD0001961,CouriersPlease,CON2146574251,2025-08-01 01:55:00,2025-08-07 08:55:00,6,26.0,DELIVERED
SHIP0001452,ORD0000288,CouriersPlease,CON6242192474,2025-09-11 18:57:00,2025-09-17 14:57:00,5,21.5,DELIVERED
SHIP0001453,ORD0004045,AusFreight Express,CON3280640954,2025-06-21 08:41:00,2025-06-25 18:41:00,4,7.6,DELIVERED
SHIP0001454,ORD0004736,Linfox Direct,CON7145558808,2025-11-13 21:12:00,2025-11-15 16:12:00,1,38.5,DELIVERED
SHIP0001455,ORD0004557,TNT Road,CON6492204301,2025-12-21 20:24:00,,4,10.3,IN_TRANSIT
SHIP0001456,ORD0003439,StarTrack Logistics,CON8913981411,2025-11-04 13:02:00,2025-11-12 20:02:00,8,9.9,DELIVERED
SHIP0001457,ORD0001290,CouriersPlease,CON2659801121,2025-10-07 11:37:00,,2,22.3,DELAYED
SHIP0001458,ORD0001582,StarTrack Logistics,CON4942559077,2025-10-02 06:13:00,,3,20.8,LOST
SHIP0001459,ORD0000628,StarTrack Logistics,CON6239222928,2025-07-03 01:03:00,2025-07-10 14:03:00,7,16.5,DELIVERED
SHIP0001460,ORD0001548,StarTrack Logistics,CON3484271684,2025-09-14 04:10:00,,5,40.0,DELAYED
SHIP0001461,ORD0001776,AusFreight Express,CON3653199925,2025-05-29 18:07:00,2025-05-31 22:07:00,2,37.2,DELIVERED
SHIP0001462,ORD0003997,StarTrack Logistics,CON9993669772,2025-08-12 06:00:00,2025-08-19 18:00:00,7,19.1,DELIVERED
SHIP0001463,ORD0001460,Toll Priority,CON5078581390,2025-07-14 22:02:00,,6,35.7,IN_TRANSIT
SHIP0001464,ORD0001966,Linfox Direct,CON1104311528,2025-10-30 01:44:00,2025-10-31 16:44:00,1,19.9,DELIVERED
SHIP0001465,ORD0003893,Toll Priority,CON9088775674,2025-05-29 03:40:00,2025-06-01 11:40:00,3,40.1,DELIVERED
SHIP0001466,ORD0000422,StarTrack Logistics,CON8546999652,2025-08-01 18:09:00,,8,41.2,DELAYED
SHIP0001467,ORD0003543,Toll Priority,CON7746092148,2025-08-22 13:05:00,,8,16.2,DELAYED
SHIP0001468,ORD0001511,Toll Priority,CON4118611437,2025-06-28 18:56:00,2025-06-30 04:56:00,1,2.6,DELIVERED
SHIP0001469,ORD0004910,CouriersPlease,CON9549078637,2025-06-06 14:53:00,,6,36.3,LOST
SHIP0001470,ORD0003211,StarTrack Logistics,CON2334065033,2025-11-17 06:25:00,,8,8.1,IN_TRANSIT
SHIP0001471,ORD0001155,Toll Priority,CON2773578151,2025-12-17 06:19:00,2025-12-22 17:19:00,5,19.9,DELIVERED
SHIP0001472,ORD0003267,CouriersPlease,CON1761335683,2025-08-08 10:50:00,2025-08-15 15:50:00,7,20.1,DELIVERED
SHIP0001473,ORD0001536,Linfox Direct,CON3015729321,2025-10-29 05:28:00,,8,18.3,IN_TRANSIT
SHIP0001474,ORD0004315,AusFreight Express,CON6239684385,2025-12-01 09:38:00,2025-12-03 17:38:00,2,29.9,DELIVERED
SHIP0001475,ORD0002100,Toll Priority,CON7260879715,2025-12-16 10:40:00,,6,0.8,IN_TRANSIT
SHIP0001476,ORD0000090,StarTrack Logistics,CON9896542195,2025-09-07 05:40:00,,2,21.1,DELAYED
SHIP0001477,ORD0000599,Linfox Direct,CON7216348425,2025-10-20 13:50:00,2025-10-23 16:50:00,3,18.9,DELIVERED
SHIP0001478,ORD0004383,TNT Road,CON9935317268,2025-08-25 20:05:00,2025-08-28 13:05:00,2,36.3,DELIVERED
SHIP0001479,ORD0002625,Linfox Direct,CON4822543120,2025-05-17 21:21:00,2025-05-26 14:21:00,8,34.7,DELIVERED
SHIP0001480,ORD0000533,Linfox Direct,CON8619549495,2025-11-18 23:10:00,2025-11-25 10:10:00,6,32.9,DELIVERED
SHIP0001481,ORD0003400,Linfox Direct,CON4441528658,2025-06-05 20:27:00,2025-06-11 22:27:00,6,7.5,DELIVERED
SHIP0001482,ORD0001135,Linfox Direct,CON6321073051,2025-06-20 00:19:00,,6,4.2,LOST
SHIP0001483,ORD0003561,CouriersPlease,CON9230558415,2025-06-23 18:24:00,,8,14.8,IN_TRANSIT
SHIP0001484,ORD0002990,Linfox Direct,CON9354902478,2025-10-24 08:38:00,2025-10-29 04:38:00,4,20.2,DELIVERED
SHIP0001485,ORD0003425,CouriersPlease,CON9120851232,2025-07-20 07:13:00,2025-07-26 16:13:00,6,40.3,DELIVERED
SHIP0001486,ORD0004279,Toll Priority,CON2511354466,2025-11-24 04:14:00,,1,17.5,DELAYED
SHIP0001487,ORD0000562,Linfox Direct,CON3120315405,2025-09-15 07:27:00,,9,10.6,LOST
SHIP0001488,ORD0002816,Toll Priority,CON3345587582,2025-12-08 01:14:00,,4,27.6,LOST
SHIP0001489,ORD0003000,Linfox Direct,CON2993086606,2025-12-14 16:16:00,2025-12-18 08:16:00,3,21.7,DELIVERED
SHIP0001490,ORD0003564,CouriersPlease,CON3600990325,2025-12-12 19:24:00,2025-12-15 21:24:00,3,14.1,DELIVERED
SHIP0001491,ORD0004034,Linfox Direct,CON7621493242,2025-10-02 07:16:00,2025-10-10 02:16:00,7,3.9,DELIVERED
SHIP0001492,ORD0000338,TNT Road,CON2642200426,2025-07-03 18:14:00,,1,5.9,IN_TRANSIT
SHIP0001493,ORD0002426,Toll Priority,CON4014365787,2025-12-21 15:12:00,2025-12-23 02:12:00,1,25.3,DELIVERED
SHIP0001494,ORD0003152,CouriersPlease,CON4363659988,2025-10-17 17:38:00,2025-10-20 07:38:00,2,15.1,DELIVERED
SHIP0001495,ORD0004985,Toll Priority,CON2146750047,2025-06-16 03:12:00,,4,1.1,LOST
SHIP0001496,ORD0004719,TNT Road,CON1268667548,2025-05-27 08:14:00,,2,40.6,LOST
SHIP0001497,ORD0000781,StarTrack Logistics,CON9187903794,2025-11-09 00:48:00,,1,1.4,DELAYED
SHIP0001498,ORD0002971,AusFreight Express,CON7271820646,2025-11-18 12:12:00,,6,13.3,IN_TRANSIT
SHIP0001499,ORD0001907,TNT Road,CON3015630755,2025-06-11 06:57:00,,7,32.9,IN_TRANSIT
SHIP0001500,ORD0004980,TNT Road,CON2887934711,2026-01-01 08:34:00,2026-01-08 19:34:00,7,17.9,DELIVERED
SHIP0001501,ORD0004079,StarTrack Logistics,CON2378991344,2025-08-31 03:40:00,,5,39.1,IN_TRANSIT
SHIP0001502,ORD0003967,Linfox Direct,CON5678382116,2025-12-09 08:52:00,2025-12-11 02:52:00,1,23.8,DELIVERED
SHIP0001503,ORD0004731,StarTrack Logistics,CON7677320015,2025-08-06 03:48:00,2025-08-12 11:48:00,6,39.2,DELIVERED
SHIP0001504,ORD0002345,TNT Road,CON8426925517,2025-07-30 15:19:00,,2,3.9,DELAYED
SHIP0001505,ORD0003571,Linfox Direct,CON8549580222,2025-10-29 15:17:00,,2,38.1,DELAYED
SHIP0001506,ORD0000429,Linfox Direct,CON1686730950,2025-10-01 05:18:00,,9,25.9,IN_TRANSIT
SHIP0001507,ORD0002451,Toll Priority,CON3347961281,2025-11-28 01:00:00,,8,41.1,LOST
SHIP0001508,ORD0003372,Toll Priority,CON2901976919,2025-07-30 15:07:00,2025-08-09 03:07:00,9,13.1,DELIVERED
SHIP0001509,ORD0004612,StarTrack Logistics,CON3925685747,2025-05-29 04:43:00,2025-06-04 06:43:00,6,19.7,DELIVERED
SHIP0001510,ORD0001497,TNT Road,CON6403427650,2025-08-22 16:23:00,2025-08-27 17:23:00,5,15.3,DELIVERED
SHIP0001511,ORD0001994,StarTrack Logistics,CON7913644020,2025-09-08 06:05:00,2025-09-12 13:05:00,4,3.6,DELIVERED
SHIP0001512,ORD0000694,TNT Road,CON3717284447,2025-06-25 19:34:00,2025-07-04 09:34:00,8,14.0,DELIVERED
SHIP0001513,ORD0001600,TNT Road,CON3378025069,2025-09-20 08:32:00,,9,4.0,IN_TRANSIT
SHIP0001514,ORD0001394,TNT Road,CON4818042892,2025-10-30 15:30:00,2025-11-06 20:30:00,7,15.3,DELIVERED
SHIP0001515,ORD0000650,Toll Priority,CON1275065938,2025-06-02 21:04:00,,2,20.2,IN_TRANSIT
SHIP0001516,ORD0002720,StarTrack Logistics,CON3881808668,2025-10-13 11:29:00,2025-10-15 21:29:00,2,37.0,DELIVERED
SHIP0001517,ORD0002620,TNT Road,CON1558652858,2025-12-06 02:35:00,2025-12-14 21:35:00,8,22.6,DELIVERED
SHIP0001518,ORD0004646,TNT Road,CON8292691799,2025-11-06 10:01:00,2025-11-08 12:01:00,2,28.4,DELIVERED
SHIP0001519,ORD0003229,TNT Road,CON9475429212,2025-11-25 06:38:00,2025-11-27 17:38:00,2,31.5,DELIVERED
SHIP0001520,ORD0003473,TNT Road,CON6667398617,2025-09-09 18:46:00,2025-09-18 10:46:00,8,14.4,DELIVERED
SHIP0001521,ORD0000395,CouriersPlease,CON6193960850,2025-05-18 03:29:00,2025-05-19 18:29:00,1,28.0,DELIVERED
SHIP0001522,ORD0002826,Toll Priority,CON9205300300,2025-08-03 20:24:00,,9,40.6,IN_TRANSIT
SHIP0001523,ORD0000850,AusFreight Express,CON9165452785,2025-07-21 11:44:00,2025-07-24 04:44:00,2,39.8,DELIVERED
SHIP0001524,ORD0001784,TNT Road,CON6606797194,2025-07-13 12:22:00,,2,18.2,IN_TRANSIT
SHIP0001525,ORD0004024,TNT Road,CON6188977596,2025-11-03 04:44:00,2025-11-09 16:44:00,6,18.3,DELIVERED
SHIP0001526,ORD0002798,Linfox Direct,CON4938666065,2025-08-15 17:09:00,2025-08-21 00:09:00,5,33.2,DELIVERED
SHIP0001527,ORD0002856,StarTrack Logistics,CON1968446446,2025-12-30 19:45:00,2026-01-07 11:45:00,7,22.0,DELIVERED
SHIP0001528,ORD0004540,Linfox Direct,CON3586066636,2025-08-22 04:05:00,2025-08-24 07:05:00,2,33.7,DELIVERED
SHIP0001529,ORD0004294,AusFreight Express,CON1829133366,2025-07-07 09:16:00,,5,13.8,IN_TRANSIT
SHIP0001530,ORD0003914,CouriersPlease,CON5271359322,2025-06-25 04:20:00,2025-06-28 12:20:00,3,10.2,DELIVERED
SHIP0001531,ORD0001080,StarTrack Logistics,CON5163155560,2025-05-22 21:58:00,,6,36.5,DELAYED
SHIP0001532,ORD0000856,Toll Priority,CON1794009513,2025-06-22 17:08:00,2025-06-24 08:08:00,1,28.1,DELIVERED
SHIP0001533,ORD0004767,AusFreight Express,CON9709039763,2025-05-20 14:35:00,2025-05-23 03:35:00,2,25.7,DELIVERED
SHIP0001534,ORD0001220,CouriersPlease,CON2343310562,2025-08-01 17:13:00,2025-08-09 18:13:00,8,4.9,DELIVERED
SHIP0001535,ORD0000840,TNT Road,CON5641205630,2025-06-30 20:06:00,2025-07-07 16:06:00,6,16.5,DELIVERED
SHIP0001536,ORD0003218,StarTrack Logistics,CON2943123317,2025-12-13 11:33:00,2025-12-17 01:33:00,3,9.5,DELIVERED
SHIP0001537,ORD0004747,CouriersPlease,CON5855133344,2025-07-14 04:50:00,2025-07-23 09:50:00,9,1.0,DELIVERED
SHIP0001538,ORD0001752,AusFreight Express,CON3482706937,2025-11-30 16:21:00,2025-12-03 01:21:00,2,10.4,DELIVERED
SHIP0001539,ORD0002642,CouriersPlease,CON8560855460,2025-12-01 22:18:00,2025-12-06 23:18:00,5,8.4,DELIVERED
SHIP0001540,ORD0002220,Toll Priority,CON9316794904,2025-06-14 22:32:00,,7,21.1,DELAYED
SHIP0001541,ORD0002682,AusFreight Express,CON9506323769,2025-07-18 09:17:00,,6,18.7,DELAYED
SHIP0001542,ORD0001038,Toll Priority,CON7522245634,2025-07-21 03:59:00,,3,3.1,IN_TRANSIT
SHIP0001543,ORD0002896,AusFreight Express,CON7378607412,2025-12-30 06:39:00,,2,41.7,LOST
SHIP0001544,ORD0000082,Toll Priority,CON9513740843,2025-06-20 19:40:00,2025-06-26 08:40:00,5,19.9,DELIVERED
SHIP0001545,ORD0000158,CouriersPlease,CON9076138398,2025-09-10 05:08:00,2025-09-13 19:08:00,3,37.6,DELIVERED
SHIP0001546,ORD0001649,Toll Priority,CON9407492719,2025-07-09 00:57:00,2025-07-18 12:57:00,9,6.6,DELIVERED
SHIP0001547,ORD0003132,AusFreight Express,CON6141818480,2025-05-25 18:03:00,,2,12.4,LOST
SHIP0001548,ORD0002891,AusFreight Express,CON3796731760,2025-10-12 18:10:00,2025-10-18 11:10:00,5,0.5,DELIVERED
SHIP0001549,ORD0003671,TNT Road,CON8315596396,2025-09-08 16:28:00,2025-09-10 02:28:00,1,28.0,DELIVERED
SHIP0001550,ORD0003139,Linfox Direct,CON1835583744,2025-12-13 06:15:00,,4,32.7,IN_TRANSIT
SHIP0001551,ORD0001409,Linfox Direct,CON2769031758,2025-07-09 02:23:00,2025-07-18 12:23:00,9,36.5,DELIVERED
SHIP0001552,ORD0004403,AusFreight Express,CON4711504025,2025-07-21 04:48:00,2025-07-25 22:48:00,4,13.4,DELIVERED
SHIP0001553,ORD0003770,AusFreight Express,CON3261033169,2025-10-15 23:11:00,2025-10-21 15:11:00,5,29.5,DELIVERED
SHIP0001554,ORD0001558,Toll Priority,CON2334451064,2025-10-29 14:11:00,2025-11-08 01:11:00,9,1.2,DELIVERED
SHIP0001555,ORD0000314,AusFreight Express,CON1993556970,2025-10-17 15:31:00,,3,30.7,IN_TRANSIT
SHIP0001556,ORD0001379,TNT Road,CON5230455460,2025-11-14 12:41:00,,7,7.4,IN_TRANSIT
SHIP0001557,ORD0003397,CouriersPlease,CON4694541120,2025-11-28 13:30:00,,6,26.2,LOST
SHIP0001558,ORD0002076,Toll Priority,CON7228483029,2025-12-07 20:05:00,,7,41.5,DELAYED
SHIP0001559,ORD0001026,Toll Priority,CON9875078351,2025-09-04 10:43:00,2025-09-10 03:43:00,5,4.2,DELIVERED
SHIP0001560,ORD0004642,StarTrack Logistics,CON2250518532,2025-11-11 17:45:00,,3,25.3,LOST
SHIP0001561,ORD0000944,CouriersPlease,CON9737189825,2025-11-09 07:20:00,2025-11-14 10:20:00,5,8.8,DELIVERED
SHIP0001562,ORD0003634,Toll Priority,CON8183069999,2025-10-23 15:31:00,2025-11-01 02:31:00,8,41.3,DELIVERED
SHIP0001563,ORD0002293,StarTrack Logistics,CON6247583808,2025-09-23 07:50:00,,4,9.7,LOST
SHIP0001564,ORD0003352,AusFreight Express,CON8145047229,2025-10-09 20:24:00,,2,27.3,LOST
SHIP0001565,ORD0003697,TNT Road,CON1990805523,2025-08-14 21:13:00,2025-08-19 13:13:00,4,27.4,DELIVERED
SHIP0001566,ORD0002813,Toll Priority,CON9877979861,2025-06-29 15:26:00,2025-07-04 18:26:00,5,13.5,DELIVERED
SHIP0001567,ORD0000481,CouriersPlease,CON9423362527,2025-09-09 22:22:00,,3,26.6,LOST
SHIP0001568,ORD0004468,StarTrack Logistics,CON2614655637,2025-05-30 05:31:00,2025-05-31 11:31:00,1,6.1,DELIVERED
SHIP0001569,ORD0002534,AusFreight Express,CON7624582077,2025-06-06 01:15:00,,2,5.3,IN_TRANSIT
SHIP0001570,ORD0000257,Toll Priority,CON7613502196,2025-09-26 19:03:00,,8,22.8,IN_TRANSIT
SHIP0001571,ORD0002786,TNT Road,CON6395199753,2025-12-21 13:41:00,2025-12-28 16:41:00,7,15.0,DELIVERED
SHIP0001572,ORD0002065,AusFreight Express,CON9435208170,2025-08-04 19:56:00,2025-08-11 06:56:00,6,18.2,DELIVERED
SHIP0001573,ORD0003764,TNT Road,CON8424543183,2025-09-19 16:44:00,2025-09-25 12:44:00,5,21.6,DELIVERED
SHIP0001574,ORD0003972,Linfox Direct,CON6937468544,2025-06-27 16:29:00,,9,32.5,IN_TRANSIT
SHIP0001575,ORD0002602,CouriersPlease,CON2126965141,2025-11-02 00:54:00,,8,14.1,DELAYED
SHIP0001576,ORD0000588,AusFreight Express,CON5688587345,2025-12-23 15:26:00,,5,3.1,IN_TRANSIT
SHIP0001577,ORD0001206,Linfox Direct,CON6026462130,2026-01-01 06:23:00,,5,13.9,IN_TRANSIT
SHIP0001578,ORD0000842,TNT Road,CON9196160688,2025-06-21 16:56:00,2025-06-30 03:56:00,8,21.6,DELIVERED
SHIP0001579,ORD0001787,StarTrack Logistics,CON2530800496,2025-07-25 15:12:00,2025-07-29 04:12:00,3,12.8,DELIVERED
SHIP0001580,ORD0004441,AusFreight Express,CON2378995132,2025-09-18 02:51:00,,4,28.1,LOST
SHIP0001581,ORD0004801,AusFreight Express,CON3115816313,2025-07-01 09:25:00,2025-07-05 21:25:00,4,28.6,DELIVERED
SHIP0001582,ORD0002887,CouriersPlease,CON1265108819,2025-07-01 20:18:00,,4,4.7,IN_TRANSIT
SHIP0001583,ORD0001986,AusFreight Express,CON7118699355,2025-07-08 16:05:00,2025-07-15 12:05:00,6,23.0,DELIVERED
SHIP0001584,ORD0004996,Toll Priority,CON3632110479,2025-07-28 22:51:00,2025-08-07 01:51:00,9,18.9,DELIVERED
SHIP0001585,ORD0004667,Toll Priority,CON8768330242,2025-12-04 04:02:00,2025-12-07 23:02:00,3,1.9,DELIVERED
SHIP0001586,ORD0002758,TNT Road,CON8645471272,2025-07-28 11:03:00,,4,8.0,LOST
SHIP0001587,ORD0002274,TNT Road,CON2193245037,2025-09-06 23:32:00,2025-09-09 04:32:00,2,34.8,DELIVERED
SHIP0001588,ORD0004078,CouriersPlease,CON3617568755,2025-07-06 11:30:00,2025-07-07 22:30:00,1,13.6,DELIVERED
SHIP0001589,ORD0000180,StarTrack Logistics,CON9139604633,2025-09-11 18:10:00,,4,34.0,LOST
SHIP0001590,ORD0004427,CouriersPlease,CON1331055065,2025-07-01 18:01:00,2025-07-09 20:01:00,8,27.8,DELIVERED
SHIP0001591,ORD0001689,TNT Road,CON3454290686,2025-09-02 20:19:00,2025-09-05 14:19:00,2,30.8,DELIVERED
SHIP0001592,ORD0004617,AusFreight Express,CON1775348626,2025-11-23 21:59:00,2025-11-28 04:59:00,4,19.9,DELIVERED
SHIP0001593,ORD0000683,StarTrack Logistics,CON4218465414,2025-12-22 13:15:00,2025-12-23 17:15:00,1,26.5,DELIVERED
SHIP0001594,ORD0002000,TNT Road,CON6716575331,2025-09-16 15:45:00,,4,1.0,DELAYED
SHIP0001595,ORD0004442,Linfox Direct,CON1289225567,2025-09-23 00:31:00,2025-09-25 11:31:00,2,42.0,DELIVERED
SHIP0001596,ORD0000352,TNT Road,CON1481184017,2025-05-28 08:58:00,2025-06-05 17:58:00,8,19.3,DELIVERED
SHIP0001597,ORD0002827,CouriersPlease,CON5507224718,2025-08-10 00:36:00,2025-08-13 01:36:00,3,15.8,DELIVERED
SHIP0001598,ORD0000636,AusFreight Express,CON3432098403,2025-09-05 14:57:00,2025-09-12 19:57:00,7,33.7,DELIVERED
SHIP0001599,ORD0000438,Toll Priority,CON8540928693,2025-07-17 12:27:00,2025-07-26 14:27:00,9,26.9,DELIVERED
SHIP0001600,ORD0000044,Toll Priority,CON5922808297,2025-08-23 08:18:00,,2,38.8,IN_TRANSIT
SHIP0001601,ORD0003704,Linfox Direct,CON9119583736,2025-11-28 13:06:00,,9,30.7,DELAYED
SHIP0001602,ORD0003777,CouriersPlease,CON8857303721,2025-07-15 15:51:00,,7,38.0,DELAYED
SHIP0001603,ORD0003555,TNT Road,CON6550764293,2025-10-22 03:05:00,2025-10-25 07:05:00,3,19.4,DELIVERED
SHIP0001604,ORD0002003,TNT Road,CON9358199277,2025-06-26 21:03:00,2025-07-02 12:03:00,5,2.4,DELIVERED
SHIP0001605,ORD0001247,TNT Road,CON7530851530,2025-07-02 09:08:00,2025-07-09 19:08:00,7,39.5,DELIVERED
SHIP0001606,ORD0003708,Toll Priority,CON6210803273,2025-12-21 13:55:00,,7,5.9,IN_TRANSIT
SHIP0001607,ORD0002884,Linfox Direct,CON7152829924,2025-08-31 09:05:00,2025-09-05 12:05:00,5,16.0,DELIVERED
SHIP0001608,ORD0000519,CouriersPlease,CON3667987831,2025-08-11 07:22:00,2025-08-21 02:22:00,9,29.7,DELIVERED
SHIP0001609,ORD0003204,StarTrack Logistics,CON8912149577,2025-08-19 22:46:00,2025-08-25 00:46:00,5,23.3,DELIVERED
SHIP0001610,ORD0000368,AusFreight Express,CON3881542349,2025-10-09 09:11:00,2025-10-11 00:11:00,1,17.1,DELIVERED
SHIP0001611,ORD0000228,Toll Priority,CON5033366831,2025-08-23 15:17:00,2025-08-30 03:17:00,6,36.4,DELIVERED
SHIP0001612,ORD0001401,StarTrack Logistics,CON1318096112,2025-11-26 16:42:00,2025-11-28 04:42:00,1,10.7,DELIVERED
SHIP0001613,ORD0001775,Linfox Direct,CON3622076060,2025-11-23 07:38:00,2025-12-01 13:38:00,8,17.1,DELIVERED
SHIP0001614,ORD0004527,CouriersPlease,CON5132701874,2025-12-31 12:39:00,2026-01-08 17:39:00,8,35.5,DELIVERED
SHIP0001615,ORD0002888,CouriersPlease,CON6873153591,2025-09-11 07:51:00,2025-09-16 08:51:00,5,3.1,DELIVERED
SHIP0001616,ORD0000129,CouriersPlease,CON1549761147,2025-08-18 01:38:00,2025-08-20 08:38:00,2,22.1,DELIVERED
SHIP0001617,ORD0000487,Linfox Direct,CON6747047502,2025-11-25 06:58:00,2025-12-04 07:58:00,9,6.2,DELIVERED
SHIP0001618,ORD0004723,TNT Road,CON8498789064,2025-09-02 19:22:00,2025-09-11 06:22:00,8,20.3,DELIVERED
SHIP0001619,ORD0001815,TNT Road,CON4992518110,2025-08-08 18:24:00,2025-08-14 13:24:00,5,3.3,DELIVERED
SHIP0001620,ORD0000430,StarTrack Logistics,CON2666363237,2025-09-30 10:49:00,,4,19.3,IN_TRANSIT
SHIP0001621,ORD0004809,StarTrack Logistics,CON2250381027,2025-09-19 10:32:00,2025-09-27 17:32:00,8,25.7,DELIVERED
SHIP0001622,ORD0001093,CouriersPlease,CON6217796843,2025-12-27 15:51:00,2025-12-29 11:51:00,1,7.3,DELIVERED
SHIP0001623,ORD0001515,Linfox Direct,CON5972595944,2025-12-25 15:23:00,2025-12-30 22:23:00,5,20.6,DELIVERED
SHIP0001624,ORD0001115,StarTrack Logistics,CON4947440152,2025-11-16 18:56:00,,6,16.6,DELAYED
SHIP0001625,ORD0004239,CouriersPlease,CON6563348992,2025-12-24 18:17:00,,7,36.0,IN_TRANSIT
SHIP0001626,ORD0000485,AusFreight Express,CON9089447266,2025-09-08 01:29:00,2025-09-12 04:29:00,4,33.8,DELIVERED
SHIP0001627,ORD0003794,StarTrack Logistics,CON5949060973,2025-09-22 04:00:00,,1,34.8,LOST
SHIP0001628,ORD0004016,StarTrack Logistics,CON3137590433,2025-09-11 17:41:00,,2,29.5,IN_TRANSIT
SHIP0001629,ORD0000733,TNT Road,CON3212906866,2025-12-28 22:43:00,,3,21.9,DELAYED
SHIP0001630,ORD0003120,AusFreight Express,CON2484941646,2025-07-24 12:50:00,,2,33.9,LOST
SHIP0001631,ORD0003445,TNT Road,CON7401796320,2025-11-18 13:25:00,,5,34.4,IN_TRANSIT
SHIP0001632,ORD0000290,CouriersPlease,CON7827792101,2025-06-26 02:57:00,2025-07-02 07:57:00,6,19.2,DELIVERED
SHIP0001633,ORD0004588,StarTrack Logistics,CON1408386609,2025-06-01 12:03:00,2025-06-04 05:03:00,2,22.5,DELIVERED
SHIP0001634,ORD0000880,TNT Road,CON1934770845,2025-06-16 07:20:00,2025-06-22 00:20:00,5,40.0,DELIVERED
SHIP0001635,ORD0003208,CouriersPlease,CON3190146585,2025-06-10 18:25:00,2025-06-15 23:25:00,5,33.7,DELIVERED
SHIP0001636,ORD0004878,Toll Priority,CON6749134350,2025-10-16 09:10:00,2025-10-25 01:10:00,8,2.0,DELIVERED
SHIP0001637,ORD0002926,Linfox Direct,CON6616008724,2025-09-26 04:17:00,2025-10-03 12:17:00,7,17.5,DELIVERED
SHIP0001638,ORD0003155,CouriersPlease,CON6976412026,2025-12-14 02:19:00,2025-12-21 19:19:00,7,39.4,DELIVERED
SHIP0001639,ORD0004820,Linfox Direct,CON3803475907,2025-09-28 11:44:00,2025-10-02 18:44:00,4,7.8,DELIVERED
SHIP0001640,ORD0002644,TNT Road,CON6201556973,2025-09-20 14:39:00,,2,30.1,LOST
SHIP0001641,ORD0001139,TNT Road,CON7152797391,2025-09-30 21:25:00,2025-10-05 23:25:00,5,38.8,DELIVERED
SHIP0001642,ORD0004066,Linfox Direct,CON9976788519,2025-09-29 10:59:00,,9,3.7,LOST
SHIP0001643,ORD0004911,CouriersPlease,CON8226314901,2025-11-13 10:08:00,2025-11-21 18:08:00,8,8.3,DELIVERED
SHIP0001644,ORD0002010,StarTrack Logistics,CON1404914784,2025-12-30 07:40:00,2026-01-04 19:40:00,5,18.1,DELIVERED
SHIP0001645,ORD0004604,Toll Priority,CON2002021967,2025-07-22 13:34:00,2025-07-25 03:34:00,2,25.0,DELIVERED
SHIP0001646,ORD0000122,CouriersPlease,CON2458953368,2025-06-01 21:08:00,,7,14.3,IN_TRANSIT
SHIP0001647,ORD0004602,AusFreight Express,CON4394069394,2025-10-27 03:10:00,2025-11-01 04:10:00,5,20.8,DELIVERED
SHIP0001648,ORD0004483,CouriersPlease,CON2871359011,2025-12-18 09:53:00,2025-12-28 01:53:00,9,22.2,DELIVERED
SHIP0001649,ORD0003279,CouriersPlease,CON7500496672,2025-07-14 14:55:00,,8,13.1,LOST
SHIP0001650,ORD0000586,CouriersPlease,CON5273871766,2025-06-27 07:07:00,,3,33.3,LOST
SHIP0001651,ORD0001978,Toll Priority,CON4990126160,2025-09-07 11:26:00,2025-09-15 18:26:00,8,19.3,DELIVERED
SHIP0001652,ORD0003825,CouriersPlease,CON1444874176,2025-06-12 08:03:00,,2,29.9,IN_TRANSIT
SHIP0001653,ORD0000917,StarTrack Logistics,CON6211325383,2025-12-31 12:29:00,2026-01-07 00:29:00,6,2.9,DELIVERED
SHIP0001654,ORD0002724,StarTrack Logistics,CON4359672458,2025-06-01 07:08:00,2025-06-05 20:08:00,4,34.5,DELIVERED
SHIP0001655,ORD0004605,TNT Road,CON7021180097,2025-10-24 14:41:00,2025-10-28 00:41:00,3,24.0,DELIVERED
SHIP0001656,ORD0000497,StarTrack Logistics,CON3735191215,2025-12-26 14:25:00,,5,34.1,IN_TRANSIT
SHIP0001657,ORD0001594,TNT Road,CON3247556800,2025-09-08 02:57:00,2025-09-11 13:57:00,3,28.1,DELIVERED
SHIP0001658,ORD0002354,TNT Road,CON2676923215,2025-10-15 18:35:00,,9,30.5,IN_TRANSIT
SHIP0001659,ORD0003545,StarTrack Logistics,CON5261119074,2025-07-31 07:05:00,,4,33.0,IN_TRANSIT
SHIP0001660,ORD0000600,CouriersPlease,CON1385818223,2025-09-14 14:07:00,2025-09-20 16:07:00,6,0.8,DELIVERED
SHIP0001661,ORD0004453,Linfox Direct,CON8078574905,2025-06-03 18:12:00,,9,8.0,LOST
SHIP0001662,ORD0004571,Linfox Direct,CON6725803960,2025-07-06 21:33:00,2025-07-14 13:33:00,7,38.2,DELIVERED
SHIP0001663,ORD0003001,AusFreight Express,CON3720167019,2025-05-29 20:59:00,2025-06-06 11:59:00,7,34.9,DELIVERED
SHIP0001664,ORD0002900,Toll Priority,CON4518769186,2025-05-21 14:15:00,,8,6.8,LOST
SHIP0001665,ORD0002471,CouriersPlease,CON7560377714,2025-08-08 23:39:00,,7,7.0,LOST
SHIP0001666,ORD0004455,CouriersPlease,CON3461181734,2025-09-11 18:23:00,2025-09-19 02:23:00,7,14.6,DELIVERED
SHIP0001667,ORD0004623,Linfox Direct,CON4436156059,2025-12-21 16:04:00,2025-12-24 19:04:00,3,11.8,DELIVERED
SHIP0001668,ORD0003579,CouriersPlease,CON7988093246,2025-10-21 23:39:00,2025-10-31 02:39:00,9,12.4,DELIVERED
SHIP0001669,ORD0002308,StarTrack Logistics,CON5302097359,2025-06-28 21:53:00,,9,6.3,IN_TRANSIT
SHIP0001670,ORD0000700,Linfox Direct,CON6442884216,2025-07-27 21:10:00,,6,40.9,IN_TRANSIT
SHIP0001671,ORD0004153,Linfox Direct,CON8469802706,2025-08-21 07:27:00,2025-08-31 02:27:00,9,14.0,DELIVERED
SHIP0001672,ORD0000698,Linfox Direct,CON1947548134,2025-08-28 15:32:00,2025-09-07 10:32:00,9,12.9,DELIVERED
SHIP0001673,ORD0000226,AusFreight Express,CON5222232273,2025-06-26 10:15:00,2025-06-29 12:15:00,3,0.7,DELIVERED
SHIP0001674,ORD0002379,TNT Road,CON6537836237,2025-11-17 05:19:00,2025-11-18 14:19:00,1,25.3,DELIVERED
SHIP0001675,ORD0000230,TNT Road,CON8709067012,2025-09-30 05:35:00,,9,14.9,DELAYED
SHIP0001676,ORD0000924,TNT Road,CON3348760832,2025-09-21 22:30:00,,5,4.8,LOST
SHIP0001677,ORD0000663,StarTrack Logistics,CON3657910466,2025-07-20 17:49:00,,2,29.2,IN_TRANSIT
SHIP0001678,ORD0001134,StarTrack Logistics,CON3128904424,2025-10-07 01:02:00,2025-10-15 06:02:00,8,28.2,DELIVERED
SHIP0001679,ORD0003739,Toll Priority,CON2109273390,2025-07-04 03:12:00,2025-07-13 07:12:00,9,36.9,DELIVERED
SHIP0001680,ORD0004615,TNT Road,CON9154757966,2025-08-13 22:40:00,2025-08-16 16:40:00,2,32.2,DELIVERED
SHIP0001681,ORD0004684,CouriersPlease,CON1702807839,2025-11-11 08:33:00,2025-11-19 17:33:00,8,21.3,DELIVERED
SHIP0001682,ORD0001853,StarTrack Logistics,CON6095191940,2025-07-07 10:35:00,2025-07-10 06:35:00,2,38.8,DELIVERED
SHIP0001683,ORD0000676,Linfox Direct,CON2629298977,2025-10-05 16:01:00,,9,16.7,DELAYED
SHIP0001684,ORD0002807,TNT Road,CON2032145839,2025-08-22 08:49:00,2025-08-25 16:49:00,3,33.1,DELIVERED
SHIP0001685,ORD0004115,Linfox Direct,CON2116530947,2025-08-04 16:56:00,2025-08-12 05:56:00,7,5.3,DELIVERED
SHIP0001686,ORD0002727,Toll Priority,CON7392996753,2025-06-04 16:06:00,,6,17.0,LOST
SHIP0001687,ORD0004270,Toll Priority,CON4236143378,2025-08-31 08:07:00,,4,17.6,IN_TRANSIT
SHIP0001688,ORD0004140,StarTrack Logistics,CON9367133310,2025-09-29 05:50:00,,4,1.9,IN_TRANSIT
SHIP0001689,ORD0004374,CouriersPlease,CON8463437329,2025-12-13 21:50:00,2025-12-21 08:50:00,7,5.7,DELIVERED
SHIP0001690,ORD0002124,CouriersPlease,CON6827951246,2025-08-27 18:05:00,,3,7.6,LOST
SHIP0001691,ORD0004220,Toll Priority,CON7838433999,2025-12-24 01:37:00,2026-01-02 18:37:00,9,22.0,DELIVERED
SHIP0001692,ORD0002251,StarTrack Logistics,CON1861489014,2025-08-10 08:22:00,,6,34.1,LOST
SHIP0001693,ORD0004953,TNT Road,CON1184634338,2025-08-20 07:26:00,2025-08-21 17:26:00,1,33.4,DELIVERED
SHIP0001694,ORD0002913,CouriersPlease,CON2439147334,2025-08-01 07:47:00,2025-08-07 23:47:00,6,29.4,DELIVERED
SHIP0001695,ORD0001318,Toll Priority,CON7613669461,2025-10-27 20:13:00,,3,22.6,DELAYED
SHIP0001696,ORD0004692,AusFreight Express,CON4820492680,2025-07-12 08:38:00,2025-07-18 01:38:00,5,13.4,DELIVERED
SHIP0001697,ORD0003556,Toll Priority,CON7285978722,2025-10-13 13:26:00,2025-10-18 16:26:00,5,41.7,DELIVERED
SHIP0001698,ORD0000713,CouriersPlease,CON5776616271,2025-06-12 03:34:00,2025-06-14 15:34:00,2,27.9,DELIVERED
SHIP0001699,ORD0001960,CouriersPlease,CON6661778795,2025-08-02 20:16:00,2025-08-05 06:16:00,2,18.6,DELIVERED
SHIP0001700,ORD0004658,Linfox Direct,CON9944825846,2025-10-01 08:02:00,2025-10-06 00:02:00,4,29.8,DELIVERED
SHIP0001701,ORD0000720,Linfox Direct,CON7460435980,2025-12-24 23:31:00,2025-12-26 15:31:00,1,6.2,DELIVERED
SHIP0001702,ORD0004811,AusFreight Express,CON9026152220,2025-07-05 21:34:00,,9,2.7,IN_TRANSIT
SHIP0001703,ORD0002413,StarTrack Logistics,CON4638753599,2025-06-01 00:44:00,,3,20.7,DELAYED
SHIP0001704,ORD0001228,TNT Road,CON9255010527,2025-09-16 21:27:00,2025-09-23 11:27:00,6,29.2,DELIVERED
SHIP0001705,ORD0001330,StarTrack Logistics,CON6889777780,2025-11-02 19:12:00,2025-11-10 20:12:00,8,30.7,DELIVERED
SHIP0001706,ORD0003389,AusFreight Express,CON8715904008,2025-08-29 01:26:00,2025-09-03 03:26:00,5,9.2,DELIVERED
SHIP0001707,ORD0004992,AusFreight Express,CON3842358680,2025-08-14 20:38:00,,1,15.5,LOST
SHIP0001708,ORD0001037,Toll Priority,CON7193781020,2025-06-25 10:46:00,,2,29.2,LOST
SHIP0001709,ORD0002857,AusFreight Express,CON6320776394,2025-09-15 18:08:00,2025-09-22 21:08:00,7,3.7,DELIVERED
SHIP0001710,ORD0001740,Linfox Direct,CON3728672047,2025-11-29 18:52:00,,2,11.4,IN_TRANSIT
SHIP0001711,ORD0004534,CouriersPlease,CON3069005271,2025-09-12 11:02:00,,3,6.5,LOST
SHIP0001712,ORD0003904,StarTrack Logistics,CON6443625783,2025-09-23 10:33:00,,3,13.3,LOST
SHIP0001713,ORD0002324,StarTrack Logistics,CON5682379826,2025-12-15 21:27:00,2025-12-21 00:27:00,5,14.9,DELIVERED
SHIP0001714,ORD0000086,Toll Priority,CON7448854248,2025-07-14 13:12:00,2025-07-16 09:12:00,1,10.9,DELIVERED
SHIP0001715,ORD0003128,StarTrack Logistics,CON3481738950,2025-06-11 07:33:00,2025-06-20 23:33:00,9,31.4,DELIVERED
SHIP0001716,ORD0004177,Linfox Direct,CON1048970107,2025-11-20 02:53:00,,1,41.5,LOST
SHIP0001717,ORD0003915,Toll Priority,CON4212978770,2025-10-28 08:34:00,2025-10-29 10:34:00,1,28.0,DELIVERED
SHIP0001718,ORD0003569,Toll Priority,CON1822850752,2025-11-22 13:05:00,,3,33.7,LOST
SHIP0001719,ORD0002952,Toll Priority,CON9114159901,2025-06-01 14:17:00,2025-06-03 04:17:00,1,17.7,DELIVERED
SHIP0001720,ORD0004545,TNT Road,CON4860270230,2025-08-27 15:13:00,,3,29.3,IN_TRANSIT
SHIP0001721,ORD0003928,StarTrack Logistics,CON1050471761,2025-08-07 09:32:00,2025-08-12 13:32:00,5,34.4,DELIVERED
SHIP0001722,ORD0002756,TNT Road,CON4034300723,2025-07-17 04:38:00,2025-07-23 23:38:00,6,26.1,DELIVERED
SHIP0001723,ORD0001744,Linfox Direct,CON5706499300,2025-06-16 10:20:00,2025-06-19 06:20:00,2,5.3,DELIVERED
SHIP0001724,ORD0003901,StarTrack Logistics,CON6039495253,2025-08-29 14:36:00,,6,5.9,IN_TRANSIT
SHIP0001725,ORD0000595,AusFreight Express,CON7919833550,2025-09-13 22:47:00,2025-09-18 02:47:00,4,13.8,DELIVERED
SHIP0001726,ORD0004099,StarTrack Logistics,CON3154578927,2025-05-25 06:59:00,2025-05-31 02:59:00,5,25.1,DELIVERED
SHIP0001727,ORD0004057,TNT Road,CON2845053041,2025-08-04 13:28:00,2025-08-09 03:28:00,4,20.2,DELIVERED
SHIP0001728,ORD0001805,Toll Priority,CON7983394139,2025-10-26 18:12:00,2025-10-29 05:12:00,2,13.0,DELIVERED
SHIP0001729,ORD0002140,Toll Priority,CON8207439779,2025-08-23 08:05:00,2025-08-27 15:05:00,4,7.8,DELIVERED
SHIP0001730,ORD0004191,AusFreight Express,CON3819164324,2025-09-17 22:18:00,2025-09-22 10:18:00,4,37.9,DELIVERED
SHIP0001731,ORD0000674,AusFreight Express,CON2186480663,2025-05-22 22:27:00,2025-05-26 07:27:00,3,27.1,DELIVERED
SHIP0001732,ORD0001846,Toll Priority,CON5521697044,2025-07-12 17:06:00,2025-07-21 10:06:00,8,11.9,DELIVERED
SHIP0001733,ORD0001361,CouriersPlease,CON1053960439,2025-06-21 20:06:00,2025-06-22 23:06:00,1,23.4,DELIVERED
SHIP0001734,ORD0001019,Toll Priority,CON8812113125,2025-12-07 00:45:00,2025-12-14 14:45:00,7,35.3,DELIVERED
SHIP0001735,ORD0000549,TNT Road,CON8783002905,2025-11-06 00:33:00,2025-11-15 09:33:00,9,4.3,DELIVERED
SHIP0001736,ORD0003044,AusFreight Express,CON2143245856,2025-08-15 19:56:00,,1,4.3,DELAYED
SHIP0001737,ORD0000153,CouriersPlease,CON7069691494,2025-08-11 03:20:00,2025-08-20 23:20:00,9,24.1,DELIVERED
SHIP0001738,ORD0001605,TNT Road,CON5978415556,2025-12-04 10:03:00,,7,5.8,IN_TRANSIT
SHIP0001739,ORD0002632,AusFreight Express,CON8886718527,2025-09-16 12:38:00,2025-09-24 18:38:00,8,11.8,DELIVERED
SHIP0001740,ORD0000407,Linfox Direct,CON9047068772,2025-09-04 05:48:00,2025-09-09 21:48:00,5,1.4,DELIVERED
SHIP0001741,ORD0000799,CouriersPlease,CON5248009254,2025-12-30 03:57:00,2025-12-31 11:57:00,1,11.3,DELIVERED
SHIP0001742,ORD0001225,TNT Road,CON3894536627,2025-06-20 22:14:00,2025-06-25 10:14:00,4,23.8,DELIVERED
SHIP0001743,ORD0004504,StarTrack Logistics,CON5648019947,2025-09-03 17:30:00,2025-09-08 05:30:00,4,15.2,DELIVERED
SHIP0001744,ORD0003104,Toll Priority,CON5539796899,2025-12-06 10:19:00,,6,12.5,IN_TRANSIT
SHIP0001745,ORD0002482,TNT Road,CON1593419291,2025-12-10 14:36:00,,9,14.8,LOST
SHIP0001746,ORD0000673,AusFreight Express,CON6931276775,2025-11-06 11:23:00,,4,25.4,LOST
SHIP0001747,ORD0003776,CouriersPlease,CON2876371829,2025-12-12 00:49:00,2025-12-14 06:49:00,2,13.8,DELIVERED
SHIP0001748,ORD0001875,Linfox Direct,CON7004698307,2025-08-15 20:53:00,,5,36.4,IN_TRANSIT
SHIP0001749,ORD0004514,Toll Priority,CON4780180786,2025-12-20 23:58:00,2025-12-30 17:58:00,9,11.4,DELIVERED
SHIP0001750,ORD0000784,CouriersPlease,CON5907640274,2025-12-20 21:11:00,,1,26.3,IN_TRANSIT
SHIP0001751,ORD0003935,StarTrack Logistics,CON1171502903,2025-05-30 09:44:00,,4,7.3,LOST
SHIP0001752,ORD0002320,CouriersPlease,CON6307736478,2025-09-30 00:36:00,2025-10-07 09:36:00,7,19.0,DELIVERED
SHIP0001753,ORD0001860,Linfox Direct,CON8723292346,2025-07-07 14:56:00,2025-07-16 09:56:00,8,23.0,DELIVERED
SHIP0001754,ORD0002711,TNT Road,CON1499767415,2025-07-18 00:31:00,2025-07-19 20:31:00,1,11.3,DELIVERED
SHIP0001755,ORD0001063,TNT Road,CON4338508451,2025-06-24 20:33:00,,1,5.3,DELAYED
SHIP0001756,ORD0004713,AusFreight Express,CON8600608279,2025-10-14 14:36:00,2025-10-17 20:36:00,3,14.3,DELIVERED
SHIP0001757,ORD0004084,TNT Road,CON3234873222,2025-12-05 13:21:00,2025-12-14 18:21:00,9,18.0,DELIVERED
SHIP0001758,ORD0000666,StarTrack Logistics,CON1646465676,2025-07-27 21:10:00,2025-07-29 07:10:00,1,4.5,DELIVERED
SHIP0001759,ORD0000483,CouriersPlease,CON6260900103,2025-10-19 23:18:00,,1,5.4,LOST
SHIP0001760,ORD0004850,CouriersPlease,CON4266637889,2025-05-22 21:56:00,2025-05-31 15:56:00,8,36.0,DELIVERED
SHIP0001761,ORD0004391,TNT Road,CON2475004084,2025-05-25 07:10:00,2025-05-27 16:10:00,2,25.8,DELIVERED
SHIP0001762,ORD0000970,Toll Priority,CON4826225410,2025-06-19 04:04:00,2025-06-26 20:04:00,7,39.9,DELIVERED
SHIP0001763,ORD0000437,AusFreight Express,CON3083651920,2025-06-23 10:03:00,2025-06-27 16:03:00,4,41.6,DELIVERED
SHIP0001764,ORD0000371,Linfox Direct,CON7818511424,2025-09-17 02:33:00,,1,38.9,DELAYED
SHIP0001765,ORD0001509,StarTrack Logistics,CON6706607339,2025-07-06 19:34:00,2025-07-10 12:34:00,3,5.8,DELIVERED
SHIP0001766,ORD0002325,CouriersPlease,CON8195713792,2025-08-26 04:14:00,2025-09-03 17:14:00,8,35.0,DELIVERED
SHIP0001767,ORD0001941,TNT Road,CON4597485580,2025-12-09 10:33:00,2025-12-12 02:33:00,2,39.1,DELIVERED
SHIP0001768,ORD0003684,Toll Priority,CON6610317416,2025-11-20 08:07:00,,7,31.4,DELAYED
SHIP0001769,ORD0003387,TNT Road,CON6025320667,2025-09-18 23:34:00,2025-09-23 05:34:00,4,25.4,DELIVERED
SHIP0001770,ORD0001929,Linfox Direct,CON4516852746,2025-06-01 09:16:00,2025-06-05 11:16:00,4,23.4,DELIVERED
SHIP0001771,ORD0002276,Toll Priority,CON3467918673,2025-12-19 13:14:00,,7,14.0,IN_TRANSIT
SHIP0001772,ORD0002615,TNT Road,CON4095360412,2025-08-03 20:40:00,,5,8.2,LOST
SHIP0001773,ORD0003477,AusFreight Express,CON3607516976,2025-07-09 07:27:00,,5,19.3,LOST
SHIP0001774,ORD0002820,Toll Priority,CON4945273867,2025-07-18 00:22:00,2025-07-19 03:22:00,1,4.3,DELIVERED
SHIP0001775,ORD0002613,Toll Priority,CON5710694658,2025-09-30 19:21:00,,2,21.4,LOST
SHIP0001776,ORD0001701,Toll Priority,CON5059393529,2025-07-27 14:08:00,2025-07-29 08:08:00,1,5.9,DELIVERED
SHIP0001777,ORD0001159,Toll Priority,CON2301348464,2025-06-27 06:05:00,,6,8.6,DELAYED
SHIP0001778,ORD0003803,StarTrack Logistics,CON4391294645,2025-12-15 04:34:00,,2,34.5,DELAYED
SHIP0001779,ORD0004081,StarTrack Logistics,CON8644707123,2025-07-22 09:20:00,2025-07-30 04:20:00,7,32.8,DELIVERED
SHIP0001780,ORD0003973,Toll Priority,CON5065650836,2025-07-01 04:42:00,,7,28.3,LOST
SHIP0001781,ORD0000875,Toll Priority,CON3730754037,2025-12-04 14:05:00,2025-12-09 20:05:00,5,31.7,DELIVERED
SHIP0001782,ORD0004138,TNT Road,CON2212610024,2025-10-29 03:52:00,2025-11-04 08:52:00,6,34.1,DELIVERED
SHIP0001783,ORD0004386,Toll Priority,CON1610760029,2025-10-04 02:32:00,,5,21.5,DELAYED
SHIP0001784,ORD0000289,CouriersPlease,CON6045792883,2025-05-23 06:22:00,2025-05-27 08:22:00,4,20.3,DELIVERED
SHIP0001785,ORD0001179,CouriersPlease,CON3990317815,2025-07-12 06:27:00,,6,4.9,DELAYED
SHIP0001786,ORD0001501,Linfox Direct,CON7932570454,2025-05-23 02:07:00,,5,42.0,IN_TRANSIT
SHIP0001787,ORD0003899,CouriersPlease,CON3827208181,2025-11-17 15:25:00,2025-11-18 21:25:00,1,22.8,DELIVERED
SHIP0001788,ORD0003390,Toll Priority,CON9272555880,2025-09-25 19:39:00,2025-09-27 13:39:00,1,11.9,DELIVERED
SHIP0001789,ORD0002457,AusFreight Express,CON7497762404,2025-05-24 09:36:00,2025-05-26 21:36:00,2,7.6,DELIVERED
SHIP0001790,ORD0000704,AusFreight Express,CON3769186692,2025-09-17 11:22:00,2025-09-18 20:22:00,1,33.7,DELIVERED
SHIP0001791,ORD0001284,CouriersPlease,CON8494412296,2025-12-23 10:11:00,,5,27.4,IN_TRANSIT
SHIP0001792,ORD0001133,TNT Road,CON7761805052,2025-12-13 09:52:00,2025-12-19 17:52:00,6,7.6,DELIVERED
SHIP0001793,ORD0004508,Linfox Direct,CON8918752183,2025-10-07 04:30:00,,8,5.9,LOST
SHIP0001794,ORD0003910,Linfox Direct,CON1694443925,2025-06-21 11:49:00,2025-06-27 07:49:00,5,6.8,DELIVERED
SHIP0001795,ORD0004930,StarTrack Logistics,CON5206029091,2025-08-07 11:00:00,2025-08-15 22:00:00,8,12.5,DELIVERED
SHIP0001796,ORD0004574,TNT Road,CON2805832935,2025-12-08 23:40:00,2025-12-14 04:40:00,5,13.8,DELIVERED
SHIP0001797,ORD0001428,Linfox Direct,CON4735002089,2025-12-16 15:40:00,2025-12-21 02:40:00,4,8.9,DELIVERED
SHIP0001798,ORD0000309,Toll Priority,CON6910438223,2025-10-25 02:46:00,,6,18.6,DELAYED
SHIP0001799,ORD0000605,TNT Road,CON5207014538,2025-09-04 19:04:00,2025-09-12 08:04:00,7,5.8,DELIVERED
SHIP0001800,ORD0002306,CouriersPlease,CON2313171739,2025-09-23 16:44:00,2025-09-30 21:44:00,7,27.8,DELIVERED
SHIP0001801,ORD0000387,Linfox Direct,CON1588566151,2025-12-02 05:12:00,2025-12-07 10:12:00,5,29.6,DELIVERED
SHIP0001802,ORD0002671,Linfox Direct,CON1110594954,2025-11-29 19:06:00,2025-12-08 00:06:00,8,38.0,DELIVERED
SHIP0001803,ORD0002548,StarTrack Logistics,CON8414937304,2025-12-29 23:31:00,2026-01-02 04:31:00,3,36.5,DELIVERED
SHIP0001804,ORD0001315,TNT Road,CON5012632680,2025-07-11 20:00:00,,5,15.6,LOST
SHIP0001805,ORD0002216,StarTrack Logistics,CON6445115057,2025-11-27 23:18:00,2025-12-06 17:18:00,8,39.3,DELIVERED
SHIP0001806,ORD0002619,CouriersPlease,CON9249490381,2025-06-03 17:21:00,2025-06-11 22:21:00,8,7.5,DELIVERED
SHIP0001807,ORD0001935,StarTrack Logistics,CON1118719277,2025-10-22 17:20:00,2025-10-31 13:20:00,8,17.2,DELIVERED
SHIP0001808,ORD0000191,Toll Priority,CON2536996956,2025-06-14 11:37:00,2025-06-16 13:37:00,2,28.8,DELIVERED
SHIP0001809,ORD0002486,CouriersPlease,CON9557531910,2025-09-30 02:25:00,2025-10-08 14:25:00,8,20.2,DELIVERED
SHIP0001810,ORD0004695,AusFreight Express,CON5555547761,2025-09-23 19:44:00,2025-09-29 07:44:00,5,31.9,DELIVERED
SHIP0001811,ORD0003965,TNT Road,CON1057145074,2025-07-29 14:06:00,,7,12.1,IN_TRANSIT
SHIP0001812,ORD0004435,CouriersPlease,CON4752190721,2025-06-01 09:08:00,,5,28.3,LOST
SHIP0001813,ORD0004116,Toll Priority,CON7391915364,2025-11-27 11:58:00,,7,36.1,LOST
SHIP0001814,ORD0001549,StarTrack Logistics,CON9668222930,2025-10-19 22:16:00,2025-10-26 16:16:00,6,34.4,DELIVERED
SHIP0001815,ORD0004669,Linfox Direct,CON6156637124,2025-07-23 07:14:00,,2,19.9,IN_TRANSIT
SHIP0001816,ORD0000755,Linfox Direct,CON8477168878,2025-06-27 05:26:00,2025-07-05 22:26:00,8,8.1,DELIVERED
SHIP0001817,ORD0003382,Toll Priority,CON4962317492,2025-09-07 00:42:00,2025-09-14 15:42:00,7,38.3,DELIVERED
SHIP0001818,ORD0001118,AusFreight Express,CON5706273364,2025-10-19 10:55:00,2025-10-27 04:55:00,7,19.5,DELIVERED
SHIP0001819,ORD0000725,StarTrack Logistics,CON4734709696,2025-08-11 00:57:00,2025-08-19 16:57:00,8,14.0,DELIVERED
SHIP0001820,ORD0000568,Linfox Direct,CON9651687928,2025-12-12 13:28:00,,4,7.2,DELAYED
SHIP0001821,ORD0001321,TNT Road,CON6031257053,2025-05-22 22:03:00,2025-05-31 08:03:00,8,11.2,DELIVERED
SHIP0001822,ORD0002304,StarTrack Logistics,CON6414696578,2025-11-08 12:06:00,2025-11-13 17:06:00,5,17.4,DELIVERED
SHIP0001823,ORD0001291,TNT Road,CON6041975414,2025-12-04 03:51:00,2025-12-13 21:51:00,9,3.1,DELIVERED
SHIP0001824,ORD0003946,AusFreight Express,CON7980168707,2025-10-26 22:29:00,2025-11-03 17:29:00,7,5.5,DELIVERED
SHIP0001825,ORD0004322,CouriersPlease,CON8170880654,2025-06-24 10:16:00,2025-06-27 01:16:00,2,32.6,DELIVERED
SHIP0001826,ORD0001706,Linfox Direct,CON4770198521,2025-10-06 08:12:00,,3,3.2,IN_TRANSIT
SHIP0001827,ORD0000989,AusFreight Express,CON4066755308,2025-08-11 06:59:00,2025-08-14 02:59:00,2,17.7,DELIVERED
SHIP0001828,ORD0003342,AusFreight Express,CON2937957654,2025-08-03 05:59:00,,7,33.5,DELAYED
SHIP0001829,ORD0004259,TNT Road,CON1921251999,2025-10-14 15:28:00,2025-10-23 17:28:00,9,11.1,DELIVERED
SHIP0001830,ORD0000638,AusFreight Express,CON4232169434,2025-12-18 07:59:00,2025-12-19 08:59:00,1,24.0,DELIVERED
SHIP0001831,ORD0003640,Toll Priority,CON2392290430,2025-08-07 13:38:00,2025-08-14 06:38:00,6,17.5,DELIVERED
SHIP0001832,ORD0002364,TNT Road,CON2313044870,2025-07-24 18:31:00,2025-07-31 20:31:00,7,41.7,DELIVERED
SHIP0001833,ORD0002172,AusFreight Express,CON5387621364,2025-11-25 12:27:00,2025-12-03 17:27:00,8,36.0,DELIVERED
SHIP0001834,ORD0003892,StarTrack Logistics,CON1361471663,2025-12-02 13:44:00,,1,36.9,IN_TRANSIT
SHIP0001835,ORD0002789,AusFreight Express,CON2882663809,2025-12-14 22:32:00,2025-12-21 12:32:00,6,9.9,DELIVERED
SHIP0001836,ORD0002726,TNT Road,CON2332639375,2025-08-28 17:11:00,2025-09-04 10:11:00,6,37.9,DELIVERED
SHIP0001837,ORD0004852,StarTrack Logistics,CON5476153967,2025-11-11 22:42:00,,7,26.5,IN_TRANSIT
SHIP0001838,ORD0004368,AusFreight Express,CON7348435640,2025-10-14 06:55:00,2025-10-23 07:55:00,9,4.1,DELIVERED
SHIP0001839,ORD0003537,Toll Priority,CON6783006522,2025-12-27 12:58:00,,2,18.2,IN_TRANSIT
SHIP0001840,ORD0000009,CouriersPlease,CON8597150481,2025-12-07 00:17:00,2025-12-12 17:17:00,5,21.0,DELIVERED
SHIP0001841,ORD0003626,CouriersPlease,CON3519487695,2025-12-11 00:04:00,2025-12-13 11:04:00,2,26.9,DELIVERED
SHIP0001842,ORD0004814,Toll Priority,CON3360467330,2025-09-29 20:35:00,2025-10-02 07:35:00,2,41.3,DELIVERED
SHIP0001843,ORD0002746,Linfox Direct,CON7153480652,2025-07-03 06:19:00,2025-07-06 23:19:00,3,29.5,DELIVERED
SHIP0001844,ORD0003769,AusFreight Express,CON2352450462,2025-11-28 12:17:00,2025-11-30 08:17:00,1,8.0,DELIVERED
SHIP0001845,ORD0001078,CouriersPlease,CON5883168896,2025-12-18 21:09:00,2025-12-24 10:09:00,5,7.6,DELIVERED
SHIP0001846,ORD0003960,TNT Road,CON2690911057,2025-09-14 11:13:00,2025-09-20 07:13:00,5,3.2,DELIVERED
SHIP0001847,ORD0003548,AusFreight Express,CON9982137047,2025-12-09 15:19:00,,3,26.2,IN_TRANSIT
SHIP0001848,ORD0001339,CouriersPlease,CON3937980600,2025-12-03 14:06:00,2025-12-05 05:06:00,1,39.6,DELIVERED
SHIP0001849,ORD0000567,Linfox Direct,CON2378904120,2025-05-27 17:16:00,2025-06-01 06:16:00,4,19.0,DELIVERED
SHIP0001850,ORD0002152,Toll Priority,CON9173842568,2025-07-10 23:10:00,,9,36.0,DELAYED
SHIP0001851,ORD0001633,StarTrack Logistics,CON3176924728,2025-09-10 06:07:00,2025-09-13 21:07:00,3,33.9,DELIVERED
SHIP0001852,ORD0002273,AusFreight Express,CON7973431344,2025-05-26 23:03:00,2025-06-01 01:03:00,5,9.2,DELIVERED
SHIP0001853,ORD0003188,CouriersPlease,CON6001902030,2025-05-29 02:50:00,,2,16.4,DELAYED
SHIP0001854,ORD0004961,StarTrack Logistics,CON3681137911,2025-11-29 18:02:00,2025-12-02 01:02:00,2,9.1,DELIVERED
SHIP0001855,ORD0002235,StarTrack Logistics,CON8360335695,2025-08-05 23:42:00,2025-08-10 09:42:00,4,10.8,DELIVERED
SHIP0001856,ORD0003246,StarTrack Logistics,CON9179581516,2025-12-06 03:12:00,2025-12-09 20:12:00,3,10.7,DELIVERED
SHIP0001857,ORD0000828,Toll Priority,CON1579571207,2025-05-29 00:37:00,,6,41.6,LOST
SHIP0001858,ORD0004261,Linfox Direct,CON3385460341,2025-10-11 04:55:00,2025-10-19 15:55:00,8,8.9,DELIVERED
SHIP0001859,ORD0001122,Linfox Direct,CON8459394490,2025-08-01 23:00:00,2025-08-07 16:00:00,5,14.8,DELIVERED
SHIP0001860,ORD0003550,AusFreight Express,CON1109902381,2025-11-17 00:43:00,,3,41.6,IN_TRANSIT
SHIP0001861,ORD0004477,Linfox Direct,CON7815803618,2025-07-26 12:09:00,2025-07-28 22:09:00,2,24.7,DELIVERED
SHIP0001862,ORD0001730,Linfox Direct,CON4180717067,2025-06-01 10:47:00,2025-06-03 20:47:00,2,39.6,DELIVERED
SHIP0001863,ORD0004997,AusFreight Express,CON5555783287,2025-10-06 12:40:00,2025-10-15 07:40:00,8,7.0,DELIVERED
SHIP0001864,ORD0000276,StarTrack Logistics,CON9872995024,2025-07-25 11:08:00,2025-07-31 19:08:00,6,9.8,DELIVERED
SHIP0001865,ORD0001273,StarTrack Logistics,CON1363962552,2025-06-04 18:39:00,2025-06-12 03:39:00,7,21.2,DELIVERED
SHIP0001866,ORD0003281,Linfox Direct,CON9162314724,2025-08-20 18:47:00,2025-08-22 04:47:00,1,34.0,DELIVERED
SHIP0001867,ORD0001079,AusFreight Express,CON6451760340,2025-11-10 05:54:00,,1,29.2,DELAYED
SHIP0001868,ORD0004242,Linfox Direct,CON2091850343,2025-09-07 23:18:00,,5,0.4,DELAYED
SHIP0001869,ORD0002094,Toll Priority,CON3279402796,2025-08-24 17:26:00,,1,34.4,LOST
SHIP0001870,ORD0000900,StarTrack Logistics,CON5471028230,2025-08-22 23:24:00,2025-08-30 13:24:00,7,16.4,DELIVERED
SHIP0001871,ORD0000975,Toll Priority,CON5986451825,2025-10-14 11:49:00,2025-10-22 07:49:00,7,35.2,DELIVERED
SHIP0001872,ORD0004089,Linfox Direct,CON3346838530,2025-07-12 16:13:00,2025-07-20 00:13:00,7,16.2,DELIVERED
SHIP0001873,ORD0000108,Toll Priority,CON4052650836,2025-08-23 22:42:00,2025-08-31 18:42:00,7,30.3,DELIVERED
SHIP0001874,ORD0001669,StarTrack Logistics,CON2440136192,2025-05-18 00:57:00,2025-05-20 15:57:00,2,16.0,DELIVERED
SHIP0001875,ORD0002149,Linfox Direct,CON7437367572,2025-11-14 00:31:00,,3,40.2,IN_TRANSIT
SHIP0001876,ORD0002328,StarTrack Logistics,CON7847672127,2025-11-03 17:14:00,2025-11-05 03:14:00,1,40.3,DELIVERED
SHIP0001877,ORD0004229,StarTrack Logistics,CON1571936295,2025-07-27 22:05:00,2025-08-03 01:05:00,6,24.8,DELIVERED
SHIP0001878,ORD0002765,TNT Road,CON5649250523,2025-10-15 07:18:00,2025-10-20 12:18:00,5,31.6,DELIVERED
SHIP0001879,ORD0003330,Toll Priority,CON3814902039,2025-11-04 08:08:00,2025-11-14 01:08:00,9,40.2,DELIVERED
SHIP0001880,ORD0001152,TNT Road,CON1051533964,2025-06-06 23:29:00,,6,26.6,LOST
SHIP0001881,ORD0001209,TNT Road,CON2074908584,2025-05-24 00:21:00,2025-05-25 02:21:00,1,10.5,DELIVERED
SHIP0001882,ORD0003767,AusFreight Express,CON8461368029,2025-07-03 05:11:00,,6,36.0,IN_TRANSIT
SHIP0001883,ORD0001036,Linfox Direct,CON6629737380,2025-05-17 19:50:00,,5,25.5,LOST
SHIP0001884,ORD0001737,TNT Road,CON1978887408,2025-10-30 21:25:00,,5,8.3,DELAYED
SHIP0001885,ORD0004613,CouriersPlease,CON5716443104,2025-08-24 02:56:00,2025-08-27 14:56:00,3,13.6,DELIVERED
SHIP0001886,ORD0002742,StarTrack Logistics,CON7922954290,2025-08-26 08:43:00,2025-08-30 12:43:00,4,37.3,DELIVERED
SHIP0001887,ORD0003253,StarTrack Logistics,CON6254428068,2025-06-30 06:57:00,2025-07-09 11:57:00,9,32.4,DELIVERED
SHIP0001888,ORD0000508,Linfox Direct,CON3452913110,2025-12-23 07:39:00,2025-12-26 17:39:00,3,31.5,DELIVERED
SHIP0001889,ORD0001838,StarTrack Logistics,CON8783104877,2025-07-17 19:39:00,,4,33.8,LOST
SHIP0001890,ORD0004861,AusFreight Express,CON9097406104,2025-09-30 16:29:00,2025-10-01 20:29:00,1,10.1,DELIVERED
SHIP0001891,ORD0004542,TNT Road,CON8975106422,2025-11-11 14:49:00,,9,33.0,LOST
SHIP0001892,ORD0000032,Toll Priority,CON5614322381,2025-07-16 22:52:00,2025-07-19 13:52:00,2,21.9,DELIVERED
SHIP0001893,ORD0002518,AusFreight Express,CON6592164547,2025-10-09 19:27:00,,1,4.3,IN_TRANSIT
SHIP0001894,ORD0004470,Toll Priority,CON9135757106,2025-12-01 06:09:00,,7,17.4,DELAYED
SHIP0001895,ORD0001332,TNT Road,CON6035134702,2025-11-01 21:44:00,2025-11-07 16:44:00,5,26.5,DELIVERED
SHIP0001896,ORD0004262,Toll Priority,CON8181814495,2025-11-02 09:16:00,2025-11-06 15:16:00,4,12.5,DELIVERED
SHIP0001897,ORD0003988,Toll Priority,CON9104211446,2025-09-13 00:54:00,,3,37.6,DELAYED
SHIP0001898,ORD0002509,TNT Road,CON8096143506,2025-09-24 00:03:00,2025-09-26 09:03:00,2,39.8,DELIVERED
SHIP0001899,ORD0002226,CouriersPlease,CON6259541378,2025-06-27 20:11:00,2025-07-02 14:11:00,4,25.3,DELIVERED
SHIP0001900,ORD0000026,AusFreight Express,CON4318140045,2025-08-15 00:52:00,,9,26.1,DELAYED
SHIP0001901,ORD0001842,AusFreight Express,CON2675973669,2025-08-14 17:48:00,,5,6.8,LOST
SHIP0001902,ORD0004754,StarTrack Logistics,CON8852420082,2025-08-11 09:01:00,,7,27.1,DELAYED
SHIP0001903,ORD0004583,StarTrack Logistics,CON2898748804,2025-07-09 23:58:00,2025-07-18 06:58:00,8,26.6,DELIVERED
SHIP0001904,ORD0003720,Linfox Direct,CON6888980395,2025-07-06 07:57:00,2025-07-11 23:57:00,5,35.6,DELIVERED
SHIP0001905,ORD0001729,CouriersPlease,CON5352050734,2025-05-25 23:15:00,2025-05-27 04:15:00,1,16.9,DELIVERED
SHIP0001906,ORD0003254,Toll Priority,CON5110318275,2025-05-25 04:33:00,2025-05-31 11:33:00,6,19.0,DELIVERED
SHIP0001907,ORD0003938,Linfox Direct,CON5431026054,2025-08-02 09:18:00,,2,33.2,DELAYED
SHIP0001908,ORD0004912,AusFreight Express,CON6508347664,2025-12-23 13:46:00,,2,5.3,DELAYED
SHIP0001909,ORD0000741,Toll Priority,CON5023186683,2025-10-25 16:54:00,2025-11-01 20:54:00,7,29.9,DELIVERED
SHIP0001910,ORD0000264,AusFreight Express,CON8896268541,2025-12-04 08:16:00,2025-12-07 19:16:00,3,2.3,DELIVERED
SHIP0001911,ORD0001796,TNT Road,CON4307223352,2025-07-16 23:49:00,2025-07-25 17:49:00,8,37.4,DELIVERED
SHIP0001912,ORD0003790,TNT Road,CON1815400168,2025-12-17 03:51:00,,8,39.5,IN_TRANSIT
SHIP0001913,ORD0003366,TNT Road,CON5900665823,2025-10-10 00:25:00,,8,26.9,LOST
SHIP0001914,ORD0002415,Linfox Direct,CON3987506538,2025-12-26 12:57:00,2026-01-03 03:57:00,7,25.4,DELIVERED
SHIP0001915,ORD0000471,CouriersPlease,CON5563888539,2025-11-25 01:01:00,,5,27.9,IN_TRANSIT
SHIP0001916,ORD0000444,CouriersPlease,CON7331155602,2025-10-14 22:24:00,,8,19.3,IN_TRANSIT
SHIP0001917,ORD0002024,TNT Road,CON7969218038,2025-10-18 22:42:00,,8,18.2,IN_TRANSIT
SHIP0001918,ORD0004149,TNT Road,CON2943353126,2025-09-22 03:40:00,2025-09-27 10:40:00,5,40.2,DELIVERED
SHIP0001919,ORD0004493,CouriersPlease,CON3416754974,2025-07-17 06:14:00,2025-07-21 16:14:00,4,1.2,DELIVERED
SHIP0001920,ORD0002238,Toll Priority,CON3084651040,2025-06-03 09:46:00,,5,4.1,LOST
SHIP0001921,ORD0001667,Toll Priority,CON8857757475,2025-11-27 09:03:00,2025-11-28 10:03:00,1,13.1,DELIVERED
SHIP0001922,ORD0004551,AusFreight Express,CON7590570526,2025-11-28 21:56:00,2025-12-08 13:56:00,9,15.7,DELIVERED
SHIP0001923,ORD0004993,CouriersPlease,CON6950757612,2025-10-24 17:16:00,2025-11-01 05:16:00,7,4.6,DELIVERED
SHIP0001924,ORD0001183,Linfox Direct,CON8089869647,2025-10-06 09:55:00,2025-10-09 04:55:00,2,29.8,DELIVERED
SHIP0001925,ORD0004075,StarTrack Logistics,CON9795054497,2025-09-11 04:00:00,2025-09-13 11:00:00,2,2.7,DELIVERED
SHIP0001926,ORD0002833,CouriersPlease,CON6501372456,2025-09-07 03:15:00,2025-09-09 11:15:00,2,25.6,DELIVERED
SHIP0001927,ORD0003985,AusFreight Express,CON1568750302,2025-08-27 19:41:00,2025-09-04 01:41:00,7,5.9,DELIVERED
SHIP0001928,ORD0001616,TNT Road,CON3724253747,2025-12-10 04:22:00,2025-12-11 08:22:00,1,13.3,DELIVERED
SHIP0001929,ORD0001272,StarTrack Logistics,CON8926806596,2025-10-17 19:46:00,,7,32.7,IN_TRANSIT
SHIP0001930,ORD0002993,Linfox Direct,CON1357209523,2025-11-24 04:00:00,2025-12-01 19:00:00,7,28.4,DELIVERED
SHIP0001931,ORD0001554,Toll Priority,CON6292539775,2025-09-10 13:44:00,,2,3.0,DELAYED
SHIP0001932,ORD0003026,Linfox Direct,CON4885575893,2025-10-30 03:40:00,2025-11-04 05:40:00,5,23.9,DELIVERED
SHIP0001933,ORD0001334,Linfox Direct,CON6880871485,2025-07-02 16:57:00,2025-07-07 03:57:00,4,10.6,DELIVERED
SHIP0001934,ORD0002139,Toll Priority,CON2070315479,2025-08-19 11:12:00,,7,33.3,IN_TRANSIT
SHIP0001935,ORD0004584,StarTrack Logistics,CON8085383372,2025-08-23 09:05:00,,9,33.7,DELAYED
SHIP0001936,ORD0002102,Linfox Direct,CON4225075386,2025-05-25 00:08:00,,6,41.7,LOST
SHIP0001937,ORD0004825,Toll Priority,CON8659311333,2025-10-24 17:39:00,,6,7.3,DELAYED
SHIP0001938,ORD0002958,Toll Priority,CON1111695884,2025-08-03 05:34:00,2025-08-12 15:34:00,9,16.0,DELIVERED
SHIP0001939,ORD0001239,AusFreight Express,CON2903860302,2025-09-24 15:41:00,2025-10-01 19:41:00,7,15.8,DELIVERED
SHIP0001940,ORD0002476,TNT Road,CON5307449995,2025-12-22 19:50:00,2025-12-31 11:50:00,8,29.9,DELIVERED
SHIP0001941,ORD0000581,AusFreight Express,CON1933002109,2025-10-13 23:27:00,,9,3.9,IN_TRANSIT
SHIP0001942,ORD0000307,TNT Road,CON8474214509,2025-06-10 07:00:00,2025-06-13 01:00:00,2,3.1,DELIVERED
SHIP0001943,ORD0004672,Toll Priority,CON3623444070,2025-11-06 06:00:00,,2,32.2,DELAYED
SHIP0001944,ORD0001278,StarTrack Logistics,CON8170578850,2025-09-15 12:54:00,2025-09-17 21:54:00,2,32.4,DELIVERED
SHIP0001945,ORD0002027,AusFreight Express,CON3221596631,2025-11-06 01:17:00,2025-11-09 10:17:00,3,17.1,DELIVERED
SHIP0001946,ORD0001528,CouriersPlease,CON8848859374,2025-11-05 19:25:00,2025-11-07 01:25:00,1,16.7,DELIVERED
SHIP0001947,ORD0003615,StarTrack Logistics,CON7351114284,2025-09-02 23:46:00,2025-09-10 14:46:00,7,19.3,DELIVERED
SHIP0001948,ORD0003658,StarTrack Logistics,CON6999533747,2025-09-25 08:56:00,,4,0.8,IN_TRANSIT
SHIP0001949,ORD0004522,StarTrack Logistics,CON9615224078,2025-06-13 11:39:00,2025-06-23 06:39:00,9,5.1,DELIVERED
SHIP0001950,ORD0000241,CouriersPlease,CON8190804221,2025-10-28 13:53:00,,6,25.0,DELAYED
SHIP0001951,ORD0002980,CouriersPlease,CON7807205986,2025-11-06 10:36:00,2025-11-13 18:36:00,7,18.5,DELIVERED
SHIP0001952,ORD0004135,Linfox Direct,CON1733259423,2025-10-04 14:04:00,2025-10-09 02:04:00,4,20.4,DELIVERED
SHIP0001953,ORD0000119,StarTrack Logistics,CON4003502935,2025-07-06 00:01:00,,6,30.4,DELAYED
SHIP0001954,ORD0002359,StarTrack Logistics,CON2649746700,2025-12-02 22:03:00,2025-12-09 03:03:00,6,15.2,DELIVERED
SHIP0001955,ORD0004128,AusFreight Express,CON5630519411,2025-07-29 09:15:00,,4,3.3,IN_TRANSIT
SHIP0001956,ORD0002731,StarTrack Logistics,CON1338416418,2025-12-05 08:33:00,2025-12-07 13:33:00,2,19.1,DELIVERED
SHIP0001957,ORD0003943,TNT Road,CON3504320094,2025-11-17 11:41:00,2025-11-25 23:41:00,8,35.4,DELIVERED
SHIP0001958,ORD0002979,Toll Priority,CON1432111978,2025-11-08 15:58:00,2025-11-10 04:58:00,1,26.2,DELIVERED
SHIP0001959,ORD0003486,CouriersPlease,CON2123055459,2025-11-16 14:36:00,,9,9.3,LOST
SHIP0001960,ORD0003866,CouriersPlease,CON7120572872,2025-08-16 08:22:00,,6,26.9,IN_TRANSIT
SHIP0001961,ORD0001129,AusFreight Express,CON4565492973,2025-11-25 02:18:00,,5,0.6,DELAYED
SHIP0001962,ORD0003195,AusFreight Express,CON3503234692,2025-09-03 14:19:00,,6,9.0,IN_TRANSIT
SHIP0001963,ORD0000859,CouriersPlease,CON7579016190,2025-07-06 02:42:00,2025-07-15 10:42:00,9,38.9,DELIVERED
SHIP0001964,ORD0003604,AusFreight Express,CON2370413612,2025-08-21 12:14:00,,9,8.7,DELAYED
SHIP0001965,ORD0004674,StarTrack Logistics,CON6883638531,2025-11-27 17:21:00,,9,9.0,IN_TRANSIT
SHIP0001966,ORD0003436,StarTrack Logistics,CON4289679143,2025-05-29 11:54:00,2025-06-06 01:54:00,7,6.1,DELIVERED
SHIP0001967,ORD0000150,AusFreight Express,CON9875257337,2025-09-11 08:04:00,2025-09-19 21:04:00,8,42.0,DELIVERED
SHIP0001968,ORD0000528,Linfox Direct,CON2315424345,2025-06-26 00:43:00,,6,7.3,DELAYED
SHIP0001969,ORD0004937,AusFreight Express,CON5267806648,2025-06-18 09:55:00,2025-06-21 21:55:00,3,12.9,DELIVERED
SHIP0001970,ORD0001521,CouriersPlease,CON2463560349,2025-09-29 15:26:00,2025-10-03 21:26:00,4,1.9,DELIVERED
SHIP0001971,ORD0002114,CouriersPlease,CON8657697882,2025-08-02 03:15:00,,9,2.3,IN_TRANSIT
SHIP0001972,ORD0001281,Linfox Direct,CON9753333008,2025-10-29 00:56:00,2025-11-04 04:56:00,6,13.2,DELIVERED
SHIP0001973,ORD0003848,Linfox Direct,CON4074637294,2025-11-07 18:30:00,2025-11-15 23:30:00,8,6.2,DELIVERED
SHIP0001974,ORD0004028,StarTrack Logistics,CON5152150457,2025-12-20 18:56:00,,9,33.9,LOST
SHIP0001975,ORD0001439,Linfox Direct,CON3614939378,2025-07-17 05:02:00,2025-07-22 09:02:00,5,1.1,DELIVERED
SHIP0001976,ORD0003431,Linfox Direct,CON6192955883,2025-12-02 14:16:00,,9,36.1,IN_TRANSIT
SHIP0001977,ORD0003154,CouriersPlease,CON5406034586,2025-08-20 19:24:00,,7,25.0,DELAYED
SHIP0001978,ORD0003434,CouriersPlease,CON4949933997,2025-09-21 07:05:00,,4,33.8,LOST
SHIP0001979,ORD0000590,StarTrack Logistics,CON7920058507,2025-07-03 00:56:00,2025-07-05 16:56:00,2,9.7,DELIVERED
SHIP0001980,ORD0002384,Toll Priority,CON8042217289,2025-07-29 20:10:00,2025-08-01 02:10:00,2,35.8,DELIVERED
SHIP0001981,ORD0001313,StarTrack Logistics,CON5842230418,2025-08-13 05:32:00,,1,3.6,DELAYED
SHIP0001982,ORD0001158,TNT Road,CON6441516755,2025-05-31 18:44:00,2025-06-02 05:44:00,1,28.1,DELIVERED
SHIP0001983,ORD0000116,CouriersPlease,CON3224742522,2025-10-13 03:17:00,,2,19.3,IN_TRANSIT
SHIP0001984,ORD0003667,TNT Road,CON2372032098,2025-06-19 14:39:00,2025-06-22 01:39:00,2,39.2,DELIVERED
SHIP0001985,ORD0001850,Toll Priority,CON8651205311,2025-05-31 06:13:00,,5,38.7,LOST
SHIP0001986,ORD0002488,TNT Road,CON6062571768,2025-11-13 17:31:00,2025-11-20 06:31:00,6,41.0,DELIVERED
SHIP0001987,ORD0002885,Linfox Direct,CON3609032817,2025-09-03 02:32:00,2025-09-04 07:32:00,1,11.3,DELIVERED
SHIP0001988,ORD0003742,CouriersPlease,CON1880185856,2025-08-04 19:45:00,,3,31.9,DELAYED
SHIP0001989,ORD0001483,Toll Priority,CON2179639562,2025-12-18 00:10:00,,5,34.4,DELAYED
SHIP0001990,ORD0003922,Linfox Direct,CON5096158396,2025-06-01 13:45:00,2025-06-10 08:45:00,8,29.4,DELIVERED
SHIP0001991,ORD0004689,Toll Priority,CON7178400198,2025-08-20 10:54:00,2025-08-25 17:54:00,5,1.4,DELIVERED
SHIP0001992,ORD0002618,StarTrack Logistics,CON1766398799,2025-06-05 06:17:00,,3,7.9,IN_TRANSIT
SHIP0001993,ORD0004091,CouriersPlease,CON3538036854,2025-06-28 13:04:00,2025-06-30 18:04:00,2,3.5,DELIVERED
SHIP0001994,ORD0002303,StarTrack Logistics,CON2137886639,2025-11-02 15:16:00,2025-11-11 10:16:00,8,35.5,DELIVERED
SHIP0001995,ORD0000981,Toll Priority,CON7300623559,2025-06-29 22:44:00,,4,41.4,DELAYED
SHIP0001996,ORD0001045,CouriersPlease,CON9528372842,2025-11-16 08:28:00,2025-11-22 03:28:00,5,0.3,DELIVERED
SHIP0001997,ORD0000791,CouriersPlease,CON5523480789,2025-07-07 13:00:00,2025-07-15 06:00:00,7,36.0,DELIVERED
SHIP0001998,ORD0004409,Toll Priority,CON5334185106,2025-07-01 04:27:00,,6,40.7,IN_TRANSIT
SHIP0001999,ORD0004014,Toll Priority,CON4493421555,2025-10-08 23:59:00,,7,12.8,DELAYED
SHIP0002000,ORD0003331,Linfox Direct,CON9924317669,2025-06-27 19:06:00,,4,24.4,LOST
SHIP0002001,ORD0001177,TNT Road,CON6765482982,2025-06-24 17:33:00,2025-07-02 18:33:00,8,20.7,DELIVERED
SHIP0002002,ORD0000281,Toll Priority,CON5578869349,2025-10-20 03:30:00,,5,26.9,LOST
SHIP0002003,ORD0004923,StarTrack Logistics,CON6562510119,2025-07-20 11:02:00,,4,14.9,IN_TRANSIT
SHIP0002004,ORD0001437,AusFreight Express,CON8272690748,2025-09-28 16:39:00,2025-10-01 17:39:00,3,33.1,DELIVERED
SHIP0002005,ORD0000692,Toll Priority,CON7469171209,2025-06-23 09:03:00,2025-07-01 19:03:00,8,15.5,DELIVERED
SHIP0002006,ORD0003443,TNT Road,CON3086554176,2025-09-01 09:27:00,2025-09-06 01:27:00,4,16.3,DELIVERED
SHIP0002007,ORD0003743,Toll Priority,CON4398640402,2025-09-05 17:33:00,2025-09-13 19:33:00,8,32.4,DELIVERED
SHIP0002008,ORD0001494,TNT Road,CON2841257506,2025-05-16 07:50:00,2025-05-20 09:50:00,4,31.4,DELIVERED
SHIP0002009,ORD0002512,Linfox Direct,CON8696181161,2025-09-09 08:57:00,,8,12.5,DELAYED
SHIP0002010,ORD0001695,CouriersPlease,CON2648416747,2025-06-06 20:07:00,2025-06-08 02:07:00,1,8.7,DELIVERED
SHIP0002011,ORD0003539,Linfox Direct,CON6046066673,2025-12-11 16:15:00,,4,1.6,LOST
SHIP0002012,ORD0000993,Linfox Direct,CON9250437500,2025-05-31 06:40:00,2025-06-04 21:40:00,4,1.5,DELIVERED
SHIP0002013,ORD0003568,AusFreight Express,CON3808164644,2025-05-20 04:25:00,2025-05-24 22:25:00,4,10.1,DELIVERED
SHIP0002014,ORD0000243,AusFreight Express,CON4972270659,2025-05-30 17:02:00,,8,31.7,DELAYED
SHIP0002015,ORD0000197,AusFreight Express,CON2807935369,2025-05-30 03:18:00,2025-06-02 12:18:00,3,11.2,DELIVERED
SHIP0002016,ORD0000943,Linfox Direct,CON4846285393,2025-10-06 18:57:00,,2,21.3,IN_TRANSIT
SHIP0002017,ORD0004213,AusFreight Express,CON6376313776,2025-09-12 20:17:00,2025-09-18 13:17:00,5,40.0,DELIVERED
SHIP0002018,ORD0001077,StarTrack Logistics,CON3208855756,2025-11-16 23:32:00,2025-11-22 02:32:00,5,11.7,DELIVERED
SHIP0002019,ORD0004519,AusFreight Express,CON9919179179,2025-07-01 23:28:00,2025-07-05 01:28:00,3,11.8,DELIVERED
SHIP0002020,ORD0002044,StarTrack Logistics,CON7121407475,2025-06-20 04:14:00,2025-06-27 08:14:00,7,33.0,DELIVERED
SHIP0002021,ORD0003505,StarTrack Logistics,CON1785165653,2025-08-07 03:23:00,,4,4.4,LOST
SHIP0002022,ORD0004876,Toll Priority,CON9320400549,2025-08-05 05:54:00,2025-08-06 22:54:00,1,33.3,DELIVERED
SHIP0002023,ORD0004816,TNT Road,CON4169902149,2025-09-24 02:03:00,2025-09-29 12:03:00,5,25.6,DELIVERED
SHIP0002024,ORD0001027,CouriersPlease,CON6422673839,2025-09-14 16:18:00,,6,5.9,LOST
SHIP0002025,ORD0004143,CouriersPlease,CON1475296414,2025-12-30 16:17:00,2026-01-03 08:17:00,3,20.2,DELIVERED
SHIP0002026,ORD0003826,CouriersPlease,CON7004230911,2025-12-29 02:20:00,,4,41.5,DELAYED
SHIP0002027,ORD0002254,TNT Road,CON2640069250,2025-12-23 13:55:00,2025-12-30 21:55:00,7,33.2,DELIVERED
SHIP0002028,ORD0003048,AusFreight Express,CON7671749754,2025-10-03 11:15:00,2025-10-08 13:15:00,5,36.7,DELIVERED
SHIP0002029,ORD0002529,TNT Road,CON1555528377,2025-07-16 15:27:00,2025-07-21 02:27:00,4,18.8,DELIVERED
SHIP0002030,ORD0001604,Toll Priority,CON6523697966,2025-09-19 20:50:00,2025-09-29 02:50:00,9,8.9,DELIVERED
SHIP0002031,ORD0000050,TNT Road,CON4368066683,2025-12-07 03:17:00,2025-12-13 11:17:00,6,15.1,DELIVERED
SHIP0002032,ORD0000763,StarTrack Logistics,CON1225497584,2025-05-26 17:05:00,2025-06-01 11:05:00,5,40.0,DELIVERED
SHIP0002033,ORD0002859,Toll Priority,CON9679512593,2025-08-21 19:30:00,2025-08-31 05:30:00,9,1.7,DELIVERED
SHIP0002034,ORD0000203,Toll Priority,CON7211149150,2025-06-25 00:05:00,2025-06-29 07:05:00,4,2.7,DELIVERED
SHIP0002035,ORD0004821,Toll Priority,CON3501823134,2025-11-06 02:25:00,2025-11-11 21:25:00,5,24.2,DELIVERED
SHIP0002036,ORD0004223,TNT Road,CON3807619461,2025-11-18 05:50:00,2025-11-25 23:50:00,7,8.7,DELIVERED
SHIP0002037,ORD0003116,StarTrack Logistics,CON3804826672,2025-07-18 21:03:00,,1,21.4,IN_TRANSIT
SHIP0002038,ORD0004332,CouriersPlease,CON6357121911,2025-09-12 04:52:00,2025-09-20 07:52:00,8,2.2,DELIVERED
SHIP0002039,ORD0004955,Toll Priority,CON8001053898,2025-06-23 19:54:00,2025-07-01 22:54:00,8,33.5,DELIVERED
SHIP0002040,ORD0002588,AusFreight Express,CON9168997892,2025-11-10 23:23:00,2025-11-12 11:23:00,1,0.8,DELIVERED
SHIP0002041,ORD0003891,Toll Priority,CON3795388426,2025-11-06 20:43:00,2025-11-14 05:43:00,7,21.3,DELIVERED
SHIP0002042,ORD0003231,Toll Priority,CON5206844274,2025-08-20 14:02:00,2025-08-22 03:02:00,1,37.8,DELIVERED
SHIP0002043,ORD0004887,TNT Road,CON8336943464,2025-08-22 01:06:00,,4,12.8,LOST
SHIP0002044,ORD0001202,StarTrack Logistics,CON5899663988,2025-08-27 14:35:00,2025-09-06 06:35:00,9,7.3,DELIVERED
SHIP0002045,ORD0001828,Toll Priority,CON8032680852,2025-12-05 05:22:00,,4,23.2,DELAYED
SHIP0002046,ORD0004640,AusFreight Express,CON8001878333,2025-06-12 17:30:00,,6,19.9,DELAYED
SHIP0002047,ORD0003419,StarTrack Logistics,CON6054646065,2025-12-06 19:42:00,2025-12-12 23:42:00,6,40.6,DELIVERED
SHIP0002048,ORD0002775,TNT Road,CON5148381704,2025-08-07 06:39:00,2025-08-13 13:39:00,6,4.0,DELIVERED
SHIP0002049,ORD0000783,CouriersPlease,CON2459282654,2025-10-20 23:07:00,2025-10-30 02:07:00,9,15.0,DELIVERED
SHIP0002050,ORD0000524,Toll Priority,CON7060207211,2025-12-29 11:04:00,2026-01-01 01:04:00,2,20.2,DELIVERED
SHIP0002051,ORD0000087,CouriersPlease,CON2545812011,2025-09-07 06:15:00,2025-09-10 14:15:00,3,30.3,DELIVERED
SHIP0002052,ORD0004724,AusFreight Express,CON4422276547,2025-06-06 13:18:00,2025-06-09 14:18:00,3,28.4,DELIVERED
SHIP0002053,ORD0000065,TNT Road,CON3352282152,2025-06-01 01:17:00,2025-06-06 17:17:00,5,41.4,DELIVERED
SHIP0002054,ORD0000539,StarTrack Logistics,CON3047935597,2025-08-07 18:03:00,2025-08-12 02:03:00,4,1.1,DELIVERED
SHIP0002055,ORD0001151,AusFreight Express,CON2963154407,2025-05-28 18:02:00,,9,8.7,IN_TRANSIT
SHIP0002056,ORD0004549,Linfox Direct,CON5982921215,2025-08-08 13:45:00,2025-08-12 05:45:00,3,27.8,DELIVERED
SHIP0002057,ORD0001749,TNT Road,CON4420487567,2025-06-03 12:15:00,2025-06-06 23:15:00,3,12.1,DELIVERED
SHIP0002058,ORD0003894,StarTrack Logistics,CON2962953945,2025-10-24 12:23:00,2025-10-26 16:23:00,2,3.1,DELIVERED
SHIP0002059,ORD0004721,AusFreight Express,CON7064253280,2025-11-15 00:11:00,2025-11-20 08:11:00,5,19.0,DELIVERED
SHIP0002060,ORD0003423,Linfox Direct,CON9988366730,2025-11-27 19:54:00,2025-11-30 13:54:00,2,3.2,DELIVERED
SHIP0002061,ORD0003932,TNT Road,CON1793292088,2025-11-01 11:48:00,2025-11-03 03:48:00,1,31.4,DELIVERED
SHIP0002062,ORD0001005,Linfox Direct,CON1555164394,2025-06-03 08:05:00,2025-06-13 03:05:00,9,38.5,DELIVERED
SHIP0002063,ORD0003559,Toll Priority,CON2677861669,2025-11-14 19:24:00,2025-11-18 20:24:00,4,26.6,DELIVERED
SHIP0002064,ORD0003037,AusFreight Express,CON7316211434,2025-10-22 17:20:00,2025-11-01 01:20:00,9,16.1,DELIVERED
SHIP0002065,ORD0000293,Toll Priority,CON2306886752,2025-08-23 03:54:00,2025-08-27 07:54:00,4,7.9,DELIVERED
SHIP0002066,ORD0003030,CouriersPlease,CON2678887741,2025-08-27 01:03:00,2025-08-31 10:03:00,4,11.1,DELIVERED
SHIP0002067,ORD0004187,CouriersPlease,CON7779697456,2025-06-27 18:04:00,2025-07-06 06:04:00,8,24.8,DELIVERED
SHIP0002068,ORD0003532,StarTrack Logistics,CON7648841971,2025-06-06 23:40:00,2025-06-16 11:40:00,9,0.8,DELIVERED
SHIP0002069,ORD0001788,StarTrack Logistics,CON7060106551,2025-12-26 06:54:00,2026-01-03 13:54:00,8,6.3,DELIVERED
SHIP0002070,ORD0000043,Toll Priority,CON1197984698,2025-11-17 11:57:00,,5,8.6,LOST
SHIP0002071,ORD0004585,StarTrack Logistics,CON7511881208,2025-06-10 08:03:00,2025-06-15 18:03:00,5,4.5,DELIVERED
SHIP0002072,ORD0002440,Toll Priority,CON4570186523,2025-06-29 07:18:00,2025-07-04 01:18:00,4,30.5,DELIVERED
SHIP0002073,ORD0002697,TNT Road,CON6257230868,2025-09-12 10:50:00,2025-09-15 21:50:00,3,21.0,DELIVERED
SHIP0002074,ORD0003006,StarTrack Logistics,CON6908357094,2025-08-28 10:34:00,2025-09-03 11:34:00,6,16.9,DELIVERED
SHIP0002075,ORD0002033,TNT Road,CON5637183614,2025-07-07 17:17:00,2025-07-12 23:17:00,5,40.4,DELIVERED
SHIP0002076,ORD0000420,AusFreight Express,CON3099729111,2025-07-18 17:21:00,2025-07-22 19:21:00,4,5.3,DELIVERED
SHIP0002077,ORD0004469,TNT Road,CON1741950575,2025-11-01 14:45:00,2025-11-02 20:45:00,1,23.2,DELIVERED
SHIP0002078,ORD0003045,Toll Priority,CON5967672253,2025-07-10 15:44:00,2025-07-11 23:44:00,1,33.3,DELIVERED
SHIP0002079,ORD0000693,AusFreight Express,CON5486528716,2025-11-07 21:48:00,,3,39.7,DELAYED
SHIP0002080,ORD0000421,Toll Priority,CON1892211313,2025-10-09 06:33:00,2025-10-14 02:33:00,4,40.7,DELIVERED
SHIP0002081,ORD0002243,CouriersPlease,CON3783751896,2025-05-19 21:59:00,2025-05-24 15:59:00,4,39.4,DELIVERED
SHIP0002082,ORD0000904,AusFreight Express,CON6266404942,2025-08-21 00:38:00,,4,24.5,DELAYED
SHIP0002083,ORD0001300,Toll Priority,CON7165704526,2025-09-21 10:50:00,2025-09-24 12:50:00,3,41.3,DELIVERED
SHIP0002084,ORD0004795,StarTrack Logistics,CON1649576170,2025-09-13 02:22:00,,1,11.0,IN_TRANSIT
SHIP0002085,ORD0004781,AusFreight Express,CON7536618042,2025-05-28 22:39:00,,5,21.6,DELAYED
SHIP0002086,ORD0003032,CouriersPlease,CON5049542465,2025-12-23 10:15:00,,5,38.7,DELAYED
SHIP0002087,ORD0000469,StarTrack Logistics,CON3181938660,2025-07-20 14:35:00,,5,33.7,LOST
SHIP0002088,ORD0003303,Toll Priority,CON7044258722,2025-09-09 13:10:00,2025-09-17 01:10:00,7,25.8,DELIVERED
SHIP0002089,ORD0004002,AusFreight Express,CON9143488314,2025-10-12 15:51:00,,3,0.5,LOST
SHIP0002090,ORD0003250,Linfox Direct,CON5760618350,2025-11-30 18:58:00,2025-12-06 11:58:00,5,25.8,DELIVERED
SHIP0002091,ORD0000499,TNT Road,CON1901046378,2025-06-11 12:32:00,,8,10.7,DELAYED
SHIP0002092,ORD0000109,StarTrack Logistics,CON4721365693,2025-07-22 20:39:00,,6,23.8,DELAYED
SHIP0002093,ORD0003865,StarTrack Logistics,CON7867994149,2025-06-18 18:08:00,2025-06-27 01:08:00,8,14.5,DELIVERED
SHIP0002094,ORD0003602,Linfox Direct,CON4751974164,2025-10-02 09:39:00,,4,35.5,LOST
SHIP0002095,ORD0004156,TNT Road,CON4262241143,2025-11-18 12:22:00,2025-11-22 16:22:00,4,25.1,DELIVERED
SHIP0002096,ORD0000385,TNT Road,CON7309286351,2025-05-20 01:01:00,2025-05-29 04:01:00,9,36.5,DELIVERED
SHIP0002097,ORD0001353,Linfox Direct,CON9243624978,2025-08-13 01:28:00,,2,34.7,IN_TRANSIT
SHIP0002098,ORD0004285,AusFreight Express,CON7331101935,2025-06-26 18:17:00,2025-06-30 13:17:00,3,33.2,DELIVERED
SHIP0002099,ORD0004349,CouriersPlease,CON9043949149,2025-05-27 06:44:00,2025-05-28 10:44:00,1,33.4,DELIVERED
SHIP0002100,ORD0003816,TNT Road,CON8220946928,2025-06-02 04:32:00,2025-06-07 15:32:00,5,10.4,DELIVERED
SHIP0002101,ORD0003360,Linfox Direct,CON2030004982,2025-06-19 13:12:00,2025-06-28 05:12:00,8,32.7,DELIVERED
SHIP0002102,ORD0004559,Toll Priority,CON8822608314,2025-07-05 10:18:00,2025-07-10 19:18:00,5,30.2,DELIVERED
SHIP0002103,ORD0002772,Toll Priority,CON8940579161,2025-11-13 11:18:00,2025-11-18 03:18:00,4,14.9,DELIVERED
SHIP0002104,ORD0003383,Linfox Direct,CON9035826971,2025-10-14 22:21:00,2025-10-22 01:21:00,7,26.3,DELIVERED
SHIP0002105,ORD0003167,Toll Priority,CON1009799264,2025-12-30 20:38:00,2026-01-05 21:38:00,6,31.3,DELIVERED
SHIP0002106,ORD0001938,Toll Priority,CON9052483807,2025-12-29 05:08:00,2026-01-04 23:08:00,6,11.3,DELIVERED
SHIP0002107,ORD0004720,Toll Priority,CON3107454703,2025-08-29 00:55:00,,4,13.6,DELAYED
SHIP0002108,ORD0004488,CouriersPlease,CON8289905713,2025-08-30 20:59:00,2025-09-05 08:59:00,5,28.1,DELIVERED
SHIP0002109,ORD0002923,CouriersPlease,CON9345997818,2025-11-14 16:52:00,,3,27.8,LOST
SHIP0002110,ORD0000690,Linfox Direct,CON3277917294,2025-07-30 17:53:00,2025-08-08 20:53:00,9,19.5,DELIVERED
SHIP0002111,ORD0004276,AusFreight Express,CON5845132526,2025-07-18 09:57:00,2025-07-24 13:57:00,6,17.2,DELIVERED
SHIP0002112,ORD0000194,StarTrack Logistics,CON7869895293,2025-08-26 01:33:00,,4,36.9,LOST
SHIP0002113,ORD0000120,CouriersPlease,CON6386509952,2025-07-21 01:38:00,,8,39.3,IN_TRANSIT
SHIP0002114,ORD0004512,StarTrack Logistics,CON3879880750,2025-10-04 22:58:00,2025-10-10 18:58:00,5,2.8,DELIVERED
SHIP0002115,ORD0000716,StarTrack Logistics,CON5793577562,2025-11-30 01:20:00,,1,10.1,DELAYED
SHIP0002116,ORD0000482,TNT Road,CON7440578176,2025-10-18 07:08:00,,3,13.7,IN_TRANSIT
SHIP0002117,ORD0000022,CouriersPlease,CON1398700870,2025-08-27 23:14:00,2025-09-04 00:14:00,7,24.7,DELIVERED
SHIP0002118,ORD0003320,TNT Road,CON7947856397,2025-12-06 13:06:00,,4,11.9,IN_TRANSIT
SHIP0002119,ORD0002706,StarTrack Logistics,CON6860321040,2025-12-21 20:46:00,2025-12-23 09:46:00,1,19.1,DELIVERED
SHIP0002120,ORD0001396,Linfox Direct,CON5197566147,2025-08-17 00:55:00,,4,7.8,LOST
SHIP0002121,ORD0002249,TNT Road,CON7546536238,2025-06-07 01:09:00,,6,19.7,DELAYED
SHIP0002122,ORD0003813,CouriersPlease,CON9344580710,2025-08-06 04:48:00,2025-08-09 19:48:00,3,35.7,DELIVERED
SHIP0002123,ORD0002392,Toll Priority,CON6402625497,2025-11-19 15:07:00,2025-11-24 19:07:00,5,10.5,DELIVERED
SHIP0002124,ORD0002489,StarTrack Logistics,CON5762301132,2025-07-13 03:08:00,2025-07-17 04:08:00,4,40.4,DELIVERED
SHIP0002125,ORD0002174,CouriersPlease,CON9106366631,2025-06-14 14:22:00,2025-06-16 22:22:00,2,17.1,DELIVERED
SHIP0002126,ORD0003589,Linfox Direct,CON5189605354,2025-12-16 17:06:00,,3,1.2,LOST
SHIP0002127,ORD0004379,Linfox Direct,CON8105261325,2025-10-13 21:51:00,,2,21.2,DELAYED
SHIP0002128,ORD0000670,CouriersPlease,CON3112184191,2025-10-11 13:57:00,2025-10-18 00:57:00,6,10.1,DELIVERED
SHIP0002129,ORD0001754,Linfox Direct,CON9510344726,2025-08-23 03:14:00,2025-08-25 06:14:00,2,9.2,DELIVERED
SHIP0002130,ORD0001668,StarTrack Logistics,CON2843922023,2025-08-22 10:51:00,2025-08-30 11:51:00,8,38.3,DELIVERED
SHIP0002131,ORD0003210,CouriersPlease,CON8261595938,2025-09-21 19:02:00,2025-09-29 10:02:00,7,37.7,DELIVERED
SHIP0002132,ORD0003898,CouriersPlease,CON5421261700,2025-10-11 07:11:00,2025-10-19 03:11:00,7,41.1,DELIVERED
SHIP0002133,ORD0002275,TNT Road,CON8697430952,2025-06-28 04:39:00,2025-07-07 08:39:00,9,29.8,DELIVERED
SHIP0002134,ORD0000145,Linfox Direct,CON2814497924,2025-11-09 20:33:00,2025-11-15 06:33:00,5,10.7,DELIVERED
SHIP0002135,ORD0004819,StarTrack Logistics,CON7867783639,2025-09-24 10:50:00,,6,9.6,IN_TRANSIT
SHIP0002136,ORD0000594,AusFreight Express,CON4305736232,2025-09-08 08:48:00,2025-09-15 17:48:00,7,8.3,DELIVERED
SHIP0002137,ORD0003980,CouriersPlease,CON6890391715,2025-12-03 06:39:00,2025-12-11 13:39:00,8,19.7,DELIVERED
SHIP0002138,ORD0001467,TNT Road,CON3353531918,2025-11-21 08:08:00,2025-11-23 23:08:00,2,17.7,DELIVERED
SHIP0002139,ORD0000052,TNT Road,CON3880901979,2025-08-29 09:02:00,2025-09-02 20:02:00,4,2.1,DELIVERED
SHIP0002140,ORD0004760,Toll Priority,CON2604978481,2025-09-15 15:12:00,,3,30.1,IN_TRANSIT
SHIP0002141,ORD0003627,AusFreight Express,CON2772177608,2025-08-05 06:54:00,2025-08-14 20:54:00,9,33.1,DELIVERED
SHIP0002142,ORD0004164,AusFreight Express,CON2978680277,2025-08-18 07:40:00,2025-08-21 11:40:00,3,33.3,DELIVERED
SHIP0002143,ORD0003533,Linfox Direct,CON5908895162,2025-12-20 23:29:00,,2,28.8,IN_TRANSIT
SHIP0002144,ORD0000921,AusFreight Express,CON5945842480,2025-07-15 12:58:00,,4,40.3,DELAYED
SHIP0002145,ORD0001781,Linfox Direct,CON4504682254,2025-09-06 04:59:00,,3,22.7,DELAYED
SHIP0002146,ORD0004464,CouriersPlease,CON8699177775,2025-10-18 18:19:00,,4,5.5,IN_TRANSIT
SHIP0002147,ORD0004172,TNT Road,CON4716557401,2025-09-18 14:44:00,,2,39.8,IN_TRANSIT
SHIP0002148,ORD0001868,TNT Road,CON9548181335,2025-06-24 23:12:00,2025-06-28 03:12:00,3,31.7,DELIVERED
SHIP0002149,ORD0004629,TNT Road,CON5339312501,2025-11-25 14:25:00,2025-11-26 20:25:00,1,11.4,DELIVERED
SHIP0002150,ORD0001305,CouriersPlease,CON9254980645,2025-11-30 10:18:00,2025-12-02 20:18:00,2,18.2,DELIVERED
SHIP0002151,ORD0004916,StarTrack Logistics,CON9855289277,2025-11-08 15:08:00,,1,3.6,LOST
SHIP0002152,ORD0001113,TNT Road,CON5356201965,2025-08-17 16:49:00,2025-08-21 05:49:00,3,29.0,DELIVERED
SHIP0002153,ORD0004086,Toll Priority,CON1920638362,2025-08-26 12:09:00,2025-09-04 20:09:00,9,21.8,DELIVERED
SHIP0002154,ORD0000934,TNT Road,CON3916068741,2025-07-21 14:47:00,2025-07-28 07:47:00,6,17.8,DELIVERED
SHIP0002155,ORD0002119,StarTrack Logistics,CON3700704605,2025-12-19 17:08:00,,6,13.9,DELAYED
SHIP0002156,ORD0000997,Linfox Direct,CON9176983359,2025-12-03 17:53:00,2025-12-07 21:53:00,4,33.3,DELIVERED
SHIP0002157,ORD0001493,CouriersPlease,CON2112738179,2025-07-16 17:22:00,2025-07-20 21:22:00,4,20.4,DELIVERED
SHIP0002158,ORD0000728,Linfox Direct,CON1720414121,2025-12-07 20:38:00,2025-12-09 03:38:00,1,28.1,DELIVERED
SHIP0002159,ORD0002685,AusFreight Express,CON5728019610,2025-12-29 09:34:00,,9,39.3,LOST
SHIP0002160,ORD0000434,CouriersPlease,CON3138318483,2025-06-11 09:56:00,2025-06-16 03:56:00,4,14.9,DELIVERED
SHIP0002161,ORD0003968,TNT Road,CON1497868556,2025-09-24 21:24:00,2025-10-04 07:24:00,9,35.8,DELIVERED
SHIP0002162,ORD0002606,CouriersPlease,CON6337429388,2025-08-02 06:05:00,,9,15.8,LOST
SHIP0002163,ORD0000274,StarTrack Logistics,CON8740239429,2025-11-01 17:33:00,2025-11-08 05:33:00,6,27.5,DELIVERED
SHIP0002164,ORD0003207,StarTrack Logistics,CON8105945290,2025-07-06 12:53:00,2025-07-09 06:53:00,2,41.5,DELIVERED
SHIP0002165,ORD0002626,StarTrack Logistics,CON4930738955,2025-06-20 19:38:00,,1,4.5,IN_TRANSIT
SHIP0002166,ORD0003385,CouriersPlease,CON6844651806,2025-07-09 21:50:00,2025-07-12 01:50:00,2,6.0,DELIVERED
SHIP0002167,ORD0003122,AusFreight Express,CON7522818164,2025-11-29 13:23:00,2025-12-03 01:23:00,3,28.6,DELIVERED
SHIP0002168,ORD0001061,CouriersPlease,CON1874338569,2025-09-19 07:38:00,2025-09-24 10:38:00,5,34.1,DELIVERED
SHIP0002169,ORD0001895,StarTrack Logistics,CON7415267269,2025-06-05 05:48:00,2025-06-09 00:48:00,3,33.7,DELIVERED
SHIP0002170,ORD0000436,Toll Priority,CON6789575526,2025-08-18 20:09:00,,2,14.6,LOST
SHIP0002171,ORD0002107,CouriersPlease,CON2233731661,2025-10-05 12:13:00,,8,3.6,IN_TRANSIT
SHIP0002172,ORD0003196,CouriersPlease,CON9996506166,2025-07-07 19:50:00,2025-07-12 14:50:00,4,8.8,DELIVERED
SHIP0002173,ORD0000939,TNT Road,CON4364562547,2025-05-21 05:54:00,,3,6.5,IN_TRANSIT
SHIP0002174,ORD0004458,AusFreight Express,CON7617638953,2025-11-26 01:01:00,2025-12-02 09:01:00,6,7.2,DELIVERED
SHIP0002175,ORD0000954,AusFreight Express,CON1592928605,2025-06-24 17:37:00,,2,20.3,LOST
SHIP0002176,ORD0002822,Toll Priority,CON6260144437,2025-10-10 01:30:00,2025-10-19 08:30:00,9,36.4,DELIVERED
SHIP0002177,ORD0004302,CouriersPlease,CON4964796204,2025-07-24 13:08:00,2025-07-31 05:08:00,6,28.8,DELIVERED
SHIP0002178,ORD0003811,Linfox Direct,CON6096526728,2025-06-17 04:51:00,,9,35.9,IN_TRANSIT
SHIP0002179,ORD0003861,AusFreight Express,CON6095508953,2025-12-06 13:22:00,,3,16.0,DELAYED
SHIP0002180,ORD0000322,TNT Road,CON8292903972,2025-09-18 22:19:00,,9,35.2,DELAYED
SHIP0002181,ORD0004366,CouriersPlease,CON1229168562,2025-07-19 18:32:00,2025-07-24 12:32:00,4,5.9,DELIVERED
SHIP0002182,ORD0001897,StarTrack Logistics,CON1335532090,2025-10-12 04:27:00,,8,27.3,IN_TRANSIT
SHIP0002183,ORD0001069,Linfox Direct,CON1561242105,2025-08-09 09:47:00,2025-08-13 00:47:00,3,38.2,DELIVERED
SHIP0002184,ORD0003849,Toll Priority,CON5249309413,2025-11-10 06:26:00,2025-11-13 02:26:00,2,12.4,DELIVERED
SHIP0002185,ORD0003413,Linfox Direct,CON2043407380,2025-08-05 08:41:00,2025-08-07 13:41:00,2,14.8,DELIVERED
SHIP0002186,ORD0004480,Toll Priority,CON2566534672,2025-09-08 18:25:00,2025-09-11 00:25:00,2,9.6,DELIVERED
SHIP0002187,ORD0001288,Linfox Direct,CON1647025150,2025-11-18 08:20:00,2025-11-22 18:20:00,4,32.8,DELIVERED
SHIP0002188,ORD0001187,TNT Road,CON7432564460,2025-06-04 22:23:00,,6,27.2,LOST
SHIP0002189,ORD0004020,Toll Priority,CON1941441436,2025-06-12 05:47:00,2025-06-21 14:47:00,9,4.8,DELIVERED
SHIP0002190,ORD0002747,AusFreight Express,CON3256898598,2025-08-04 15:59:00,2025-08-07 05:59:00,2,10.1,DELIVERED
SHIP0002191,ORD0002468,TNT Road,CON4681115141,2025-11-05 13:50:00,2025-11-07 06:50:00,1,4.6,DELIVERED
SHIP0002192,ORD0004058,Linfox Direct,CON4020710623,2025-11-13 01:14:00,2025-11-18 14:14:00,5,39.2,DELIVERED
SHIP0002193,ORD0004169,CouriersPlease,CON3017513874,2025-05-16 05:37:00,,7,36.5,IN_TRANSIT
SHIP0002194,ORD0002591,AusFreight Express,CON3981484541,2025-06-10 22:43:00,,3,1.6,LOST
SHIP0002195,ORD0004785,TNT Road,CON6637956307,2025-07-17 02:45:00,2025-07-19 07:45:00,2,18.0,DELIVERED
SHIP0002196,ORD0003114,TNT Road,CON3832203785,2025-09-30 07:28:00,2025-10-06 11:28:00,6,19.9,DELIVERED
SHIP0002197,ORD0000162,Toll Priority,CON8471049817,2025-09-11 02:57:00,2025-09-20 09:57:00,9,1.7,DELIVERED
SHIP0002198,ORD0004451,Toll Priority,CON4178649766,2025-09-17 22:52:00,,5,29.9,DELAYED
SHIP0002199,ORD0000761,TNT Road,CON3695447825,2025-09-16 00:49:00,2025-09-18 05:49:00,2,16.9,DELIVERED
SHIP0002200,ORD0004921,Toll Priority,CON9863710300,2025-07-16 07:25:00,2025-07-22 19:25:00,6,17.5,DELIVERED
SHIP0002201,ORD0001525,StarTrack Logistics,CON2357232877,2025-11-29 01:53:00,2025-12-04 09:53:00,5,33.5,DELIVERED
SHIP0002202,ORD0001039,AusFreight Express,CON1618018610,2025-06-30 16:13:00,,3,34.3,IN_TRANSIT
SHIP0002203,ORD0004412,Linfox Direct,CON5635115602,2025-09-01 18:58:00,,3,19.7,DELAYED
SHIP0002204,ORD0001608,Linfox Direct,CON2612169443,2025-10-08 19:59:00,,9,25.2,DELAYED
SHIP0002205,ORD0003718,AusFreight Express,CON6412191748,2025-09-16 04:07:00,2025-09-18 07:07:00,2,35.8,DELIVERED
SHIP0002206,ORD0001956,Linfox Direct,CON4848691221,2025-11-12 01:17:00,2025-11-15 14:17:00,3,12.8,DELIVERED
SHIP0002207,ORD0002485,StarTrack Logistics,CON9904650475,2025-06-18 03:06:00,,4,28.0,DELAYED
SHIP0002208,ORD0001911,AusFreight Express,CON1249283785,2025-10-08 12:19:00,2025-10-17 15:19:00,9,33.5,DELIVERED
SHIP0002209,ORD0004827,Toll Priority,CON1747950835,2025-07-10 17:36:00,2025-07-14 22:36:00,4,9.7,DELIVERED
SHIP0002210,ORD0002825,AusFreight Express,CON9919532982,2025-12-14 09:02:00,,9,39.2,LOST
SHIP0002211,ORD0002233,TNT Road,CON8913402216,2025-09-22 21:53:00,2025-09-25 07:53:00,2,29.0,DELIVERED
SHIP0002212,ORD0001299,CouriersPlease,CON4870362666,2025-07-30 16:05:00,,8,17.9,LOST
SHIP0002213,ORD0003043,StarTrack Logistics,CON6004978900,2025-09-24 12:07:00,2025-09-30 16:07:00,6,4.4,DELIVERED
SHIP0002214,ORD0002961,Toll Priority,CON3347433015,2025-11-24 10:23:00,,9,9.6,DELAYED
SHIP0002215,ORD0001197,Linfox Direct,CON7272279230,2025-12-12 05:33:00,2025-12-13 14:33:00,1,6.6,DELIVERED
SHIP0002216,ORD0000991,Linfox Direct,CON1524234081,2025-11-21 19:43:00,,8,5.3,DELAYED
SHIP0002217,ORD0002067,CouriersPlease,CON4831750706,2025-09-05 11:10:00,,1,4.9,IN_TRANSIT
SHIP0002218,ORD0001786,CouriersPlease,CON1855401445,2025-09-26 02:58:00,,8,31.5,DELAYED
SHIP0002219,ORD0001677,Toll Priority,CON6903359484,2025-05-20 16:04:00,2025-05-26 05:04:00,5,23.5,DELIVERED
SHIP0002220,ORD0000525,Toll Priority,CON2785537493,2025-08-19 01:47:00,2025-08-27 06:47:00,8,10.6,DELIVERED
SHIP0002221,ORD0003616,StarTrack Logistics,CON4030911546,2025-11-18 18:58:00,2025-11-23 08:58:00,4,13.2,DELIVERED
SHIP0002222,ORD0000204,TNT Road,CON3684342679,2025-07-23 06:59:00,2025-08-01 18:59:00,9,32.4,DELIVERED
SHIP0002223,ORD0000702,Linfox Direct,CON6849952698,2025-07-22 09:53:00,2025-07-31 14:53:00,9,7.0,DELIVERED
SHIP0002224,ORD0004550,TNT Road,CON5319279237,2025-08-02 22:13:00,2025-08-08 00:13:00,5,21.1,DELIVERED
SHIP0002225,ORD0001147,AusFreight Express,CON6067485612,2025-12-07 09:41:00,,1,30.6,LOST
SHIP0002226,ORD0004085,Toll Priority,CON5859120198,2025-10-25 16:04:00,2025-10-27 08:04:00,1,27.8,DELIVERED
SHIP0002227,ORD0004913,TNT Road,CON5302338153,2025-08-07 23:44:00,2025-08-11 08:44:00,3,28.8,DELIVERED
SHIP0002228,ORD0002237,Linfox Direct,CON6157600307,2025-09-18 22:36:00,2025-09-21 04:36:00,2,6.8,DELIVERED
SHIP0002229,ORD0002627,Linfox Direct,CON2734125347,2025-06-07 10:04:00,2025-06-14 16:04:00,7,16.5,DELIVERED
SHIP0002230,ORD0000339,StarTrack Logistics,CON9121822310,2025-06-21 15:30:00,2025-06-27 09:30:00,5,0.2,DELIVERED
SHIP0002231,ORD0002066,TNT Road,CON9859538723,2025-11-21 19:07:00,2025-11-25 09:07:00,3,3.9,DELIVERED
SHIP0002232,ORD0001398,CouriersPlease,CON3529983888,2025-10-03 13:33:00,,1,28.5,IN_TRANSIT
SHIP0002233,ORD0000983,TNT Road,CON1015503474,2025-08-23 17:44:00,2025-08-27 19:44:00,4,18.4,DELIVERED
SHIP0002234,ORD0002108,Linfox Direct,CON2726850633,2025-10-05 07:52:00,,7,5.9,DELAYED
SHIP0002235,ORD0003137,CouriersPlease,CON6781474260,2025-05-26 16:43:00,,3,37.8,LOST
SHIP0002236,ORD0002677,TNT Road,CON2812860841,2025-10-09 09:49:00,,7,10.9,LOST
SHIP0002237,ORD0003614,Linfox Direct,CON7899396205,2025-08-30 14:11:00,2025-09-03 10:11:00,3,21.2,DELIVERED
SHIP0002238,ORD0001088,AusFreight Express,CON1228944124,2025-10-14 11:50:00,,3,26.4,DELAYED
SHIP0002239,ORD0001001,TNT Road,CON6184908787,2025-12-21 10:07:00,2025-12-30 11:07:00,9,16.5,DELIVERED
SHIP0002240,ORD0004145,Toll Priority,CON4411772926,2025-06-12 10:16:00,,1,4.5,IN_TRANSIT
SHIP0002241,ORD0004033,TNT Road,CON7252693125,2025-07-05 21:07:00,,3,9.1,IN_TRANSIT
SHIP0002242,ORD0000359,CouriersPlease,CON8273258303,2025-10-02 06:31:00,2025-10-09 00:31:00,6,0.7,DELIVERED
SHIP0002243,ORD0000428,CouriersPlease,CON4625379343,2025-06-23 05:47:00,2025-06-28 06:47:00,5,7.2,DELIVERED
SHIP0002244,ORD0001108,Linfox Direct,CON6807093973,2025-08-07 05:53:00,2025-08-16 15:53:00,9,29.6,DELIVERED
SHIP0002245,ORD0003238,AusFreight Express,CON9285857897,2025-08-21 23:23:00,2025-08-24 04:23:00,2,10.1,DELIVERED
SHIP0002246,ORD0000015,CouriersPlease,CON2687477948,2025-11-19 06:43:00,,4,26.7,LOST
SHIP0002247,ORD0000174,TNT Road,CON3513164905,2025-08-08 16:52:00,2025-08-10 21:52:00,2,19.3,DELIVERED
SHIP0002248,ORD0002461,AusFreight Express,CON5204319436,2025-08-02 02:00:00,2025-08-10 12:00:00,8,39.3,DELIVERED
SHIP0002249,ORD0001414,TNT Road,CON3071336002,2025-06-04 23:44:00,2025-06-07 19:44:00,2,11.5,DELIVERED
SHIP0002250,ORD0001908,CouriersPlease,CON2450155034,2025-11-07 08:10:00,2025-11-09 23:10:00,2,21.6,DELIVERED
SHIP0002251,ORD0003692,AusFreight Express,CON1217843003,2025-08-17 01:25:00,2025-08-18 13:25:00,1,31.3,DELIVERED
SHIP0002252,ORD0000653,TNT Road,CON4876487173,2025-07-06 01:06:00,2025-07-11 12:06:00,5,32.0,DELIVERED
SHIP0002253,ORD0004918,Linfox Direct,CON9396514321,2025-12-01 09:18:00,2025-12-03 19:18:00,2,39.0,DELIVERED
SHIP0002254,ORD0001096,AusFreight Express,CON6229721502,2025-08-15 07:32:00,,7,14.7,IN_TRANSIT
SHIP0002255,ORD0000365,Toll Priority,CON6608375422,2025-12-02 22:28:00,2025-12-10 11:28:00,7,22.0,DELIVERED
SHIP0002256,ORD0002540,Toll Priority,CON3257261353,2025-10-18 21:14:00,2025-10-21 15:14:00,2,11.6,DELIVERED
SHIP0002257,ORD0004630,Toll Priority,CON5634802660,2025-07-26 13:47:00,,5,20.2,LOST
SHIP0002258,ORD0004036,TNT Road,CON4990647535,2025-08-21 04:02:00,2025-08-29 14:02:00,8,0.4,DELIVERED
SHIP0002259,ORD0001662,TNT Road,CON5593452616,2025-10-24 20:09:00,,5,31.6,IN_TRANSIT
SHIP0002260,ORD0001304,Toll Priority,CON1784132898,2025-06-15 21:05:00,2025-06-25 12:05:00,9,0.4,DELIVERED
SHIP0002261,ORD0003680,CouriersPlease,CON3780748648,2025-06-11 01:35:00,2025-06-20 04:35:00,9,4.0,DELIVERED
SHIP0002262,ORD0000216,Linfox Direct,CON1264582381,2025-06-16 23:15:00,2025-06-25 15:15:00,8,15.0,DELIVERED
SHIP0002263,ORD0004399,Linfox Direct,CON8527467287,2025-05-25 04:38:00,2025-05-28 09:38:00,3,31.1,DELIVERED
SHIP0002264,ORD0001070,StarTrack Logistics,CON9934291603,2025-10-01 03:06:00,,7,21.0,LOST
SHIP0002265,ORD0002147,Toll Priority,CON3034319995,2025-06-24 23:05:00,2025-06-29 17:05:00,4,15.3,DELIVERED
SHIP0002266,ORD0003871,StarTrack Logistics,CON7877883210,2025-11-04 11:46:00,2025-11-10 16:46:00,6,32.2,DELIVERED
SHIP0002267,ORD0003933,TNT Road,CON8251308297,2025-06-25 10:20:00,2025-07-04 13:20:00,9,3.8,DELIVERED
SHIP0002268,ORD0000561,CouriersPlease,CON4128713902,2025-10-06 10:11:00,,5,17.7,DELAYED
SHIP0002269,ORD0003391,StarTrack Logistics,CON3090722398,2025-06-21 16:49:00,2025-06-25 18:49:00,4,7.9,DELIVERED
SHIP0002270,ORD0001380,Linfox Direct,CON8235268386,2025-12-12 06:45:00,2025-12-17 09:45:00,5,41.8,DELIVERED
SHIP0002271,ORD0004335,StarTrack Logistics,CON9628700387,2025-12-16 10:45:00,,2,3.9,LOST
SHIP0002272,ORD0000192,AusFreight Express,CON2781244937,2025-09-05 19:47:00,2025-09-11 21:47:00,6,30.0,DELIVERED
SHIP0002273,ORD0003728,Toll Priority,CON7935597705,2025-12-18 16:33:00,,7,32.3,IN_TRANSIT
SHIP0002274,ORD0002418,StarTrack Logistics,CON3473223151,2025-06-19 18:21:00,,3,0.2,DELAYED
SHIP0002275,ORD0004885,Toll Priority,CON7627993316,2025-09-26 17:24:00,2025-09-29 07:24:00,2,36.9,DELIVERED
SHIP0002276,ORD0003540,TNT Road,CON8168267770,2025-10-29 05:23:00,2025-10-30 21:23:00,1,2.3,DELIVERED
SHIP0002277,ORD0002061,AusFreight Express,CON9531014959,2025-11-13 08:52:00,,9,19.5,IN_TRANSIT
SHIP0002278,ORD0000112,StarTrack Logistics,CON5335526597,2025-05-16 15:18:00,,9,41.4,IN_TRANSIT
SHIP0002279,ORD0000507,AusFreight Express,CON7563934831,2025-12-23 18:07:00,2025-12-26 20:07:00,3,11.8,DELIVERED
SHIP0002280,ORD0000287,StarTrack Logistics,CON7971688385,2025-05-31 07:13:00,2025-06-06 08:13:00,6,34.0,DELIVERED
SHIP0002281,ORD0002782,CouriersPlease,CON2926632688,2025-10-17 21:25:00,2025-10-21 15:25:00,3,11.4,DELIVERED
SHIP0002282,ORD0003230,Toll Priority,CON1898621667,2025-07-12 16:07:00,,9,33.0,LOST
SHIP0002283,ORD0004947,Linfox Direct,CON2076349119,2025-07-05 13:58:00,2025-07-09 17:58:00,4,9.8,DELIVERED
SHIP0002284,ORD0000311,Linfox Direct,CON4118884525,2025-08-20 19:46:00,2025-08-28 08:46:00,7,11.7,DELIVERED
SHIP0002285,ORD0004211,TNT Road,CON4630679357,2025-08-15 03:49:00,,1,32.7,LOST
SHIP0002286,ORD0003655,TNT Road,CON9334007640,2025-05-17 05:49:00,2025-05-20 06:49:00,3,32.9,DELIVERED
SHIP0002287,ORD0001041,StarTrack Logistics,CON9107135592,2025-09-28 15:32:00,2025-10-06 02:32:00,7,12.5,DELIVERED
SHIP0002288,ORD0000149,CouriersPlease,CON7289443257,2025-10-07 20:26:00,2025-10-16 02:26:00,8,6.7,DELIVERED
SHIP0002289,ORD0003344,Linfox Direct,CON6798988782,2025-08-21 22:30:00,,7,15.5,IN_TRANSIT
SHIP0002290,ORD0001056,CouriersPlease,CON2301472660,2025-08-18 19:10:00,2025-08-24 11:10:00,5,22.9,DELIVERED
SHIP0002291,ORD0004938,Toll Priority,CON1391854347,2025-09-21 00:10:00,2025-09-30 19:10:00,9,17.1,DELIVERED
SHIP0002292,ORD0000633,CouriersPlease,CON5686767165,2025-12-31 04:36:00,2026-01-06 00:36:00,5,2.9,DELIVERED
SHIP0002293,ORD0004949,Toll Priority,CON2503489408,2025-07-14 13:43:00,,4,36.3,IN_TRANSIT
SHIP0002294,ORD0000161,Linfox Direct,CON1174296554,2025-07-08 06:17:00,2025-07-12 21:17:00,4,34.9,DELIVERED
SHIP0002295,ORD0003802,CouriersPlease,CON2563383786,2025-05-25 02:01:00,2025-05-30 09:01:00,5,3.2,DELIVERED
SHIP0002296,ORD0003741,AusFreight Express,CON9683105737,2025-08-14 16:45:00,,9,18.3,IN_TRANSIT
SHIP0002297,ORD0001530,StarTrack Logistics,CON4139643601,2025-11-10 20:30:00,2025-11-18 04:30:00,7,14.3,DELIVERED
SHIP0002298,ORD0002928,TNT Road,CON4103138427,2025-06-05 22:42:00,2025-06-13 12:42:00,7,18.1,DELIVERED
SHIP0002299,ORD0002589,StarTrack Logistics,CON1562883663,2025-06-29 21:37:00,2025-07-03 12:37:00,3,16.4,DELIVERED
SHIP0002300,ORD0004991,TNT Road,CON7174213347,2025-11-03 14:34:00,2025-11-08 20:34:00,5,26.3,DELIVERED
SHIP0002301,ORD0001610,AusFreight Express,CON4998253812,2025-12-10 05:36:00,,1,23.9,LOST
SHIP0002302,ORD0003836,Toll Priority,CON6910765808,2025-07-29 06:59:00,2025-08-03 21:59:00,5,7.7,DELIVERED
SHIP0002303,ORD0000155,TNT Road,CON3052234089,2025-11-05 16:29:00,2025-11-10 11:29:00,4,35.2,DELIVERED
SHIP0002304,ORD0000538,TNT Road,CON3144844030,2025-07-29 08:35:00,2025-08-03 02:35:00,4,18.1,DELIVERED
SHIP0002305,ORD0002670,AusFreight Express,CON6513024598,2025-06-27 04:56:00,2025-07-06 23:56:00,9,12.9,DELIVERED
SHIP0002306,ORD0000520,TNT Road,CON2798015519,2025-07-19 22:13:00,,3,37.5,DELAYED
SHIP0002307,ORD0002400,StarTrack Logistics,CON9150239306,2025-06-26 20:01:00,2025-07-06 04:01:00,9,1.1,DELIVERED
SHIP0002308,ORD0001032,StarTrack Logistics,CON1995291348,2025-05-27 20:41:00,2025-06-03 09:41:00,6,22.2,DELIVERED
SHIP0002309,ORD0003176,Toll Priority,CON3795748256,2025-11-17 04:54:00,2025-11-20 10:54:00,3,13.1,DELIVERED
SHIP0002310,ORD0001157,Toll Priority,CON4054798689,2025-05-16 04:13:00,2025-05-18 12:13:00,2,22.7,DELIVERED
SHIP0002311,ORD0004690,CouriersPlease,CON5183924296,2025-09-12 23:14:00,2025-09-14 10:14:00,1,10.5,DELIVERED
SHIP0002312,ORD0004428,TNT Road,CON8623145209,2025-06-29 14:39:00,2025-07-05 04:39:00,5,9.0,DELIVERED
SHIP0002313,ORD0000793,CouriersPlease,CON1665753539,2025-07-04 22:52:00,2025-07-09 12:52:00,4,30.1,DELIVERED
SHIP0002314,ORD0004221,TNT Road,CON3355176822,2025-10-02 03:56:00,2025-10-11 09:56:00,9,30.9,DELIVERED
SHIP0002315,ORD0000292,CouriersPlease,CON2142467983,2025-07-31 03:03:00,2025-08-01 09:03:00,1,15.5,DELIVERED
SHIP0002316,ORD0003846,AusFreight Express,CON6747543665,2025-12-02 17:17:00,2025-12-12 08:17:00,9,37.4,DELIVERED
SHIP0002317,ORD0004147,Toll Priority,CON2827743296,2025-07-29 15:57:00,2025-07-31 09:57:00,1,31.1,DELIVERED
SHIP0002318,ORD0002375,CouriersPlease,CON9905060117,2025-11-25 09:03:00,2025-11-30 03:03:00,4,20.1,DELIVERED
SHIP0002319,ORD0001125,CouriersPlease,CON6410784582,2025-07-03 23:21:00,,6,24.7,DELAYED
SHIP0002320,ORD0002612,Toll Priority,CON1451935984,2025-12-31 15:18:00,2026-01-03 01:18:00,2,32.6,DELIVERED
SHIP0002321,ORD0002154,Toll Priority,CON1174752711,2025-12-04 23:48:00,,7,24.8,DELAYED
SHIP0002322,ORD0001267,AusFreight Express,CON2003695104,2025-12-03 20:40:00,2025-12-06 13:40:00,2,16.9,DELIVERED
SHIP0002323,ORD0004406,AusFreight Express,CON2573012060,2025-09-06 18:00:00,,8,0.4,IN_TRANSIT
SHIP0002324,ORD0002572,StarTrack Logistics,CON9884134914,2025-06-24 16:56:00,,1,6.1,IN_TRANSIT
SHIP0002325,ORD0000173,CouriersPlease,CON8876782597,2025-10-24 10:03:00,2025-10-27 04:03:00,2,3.8,DELIVERED
SHIP0002326,ORD0001928,Linfox Direct,CON9717305577,2025-06-19 03:38:00,2025-06-27 13:38:00,8,15.6,DELIVERED
SHIP0002327,ORD0004830,StarTrack Logistics,CON1133689751,2025-05-20 04:14:00,2025-05-28 15:14:00,8,35.2,DELIVERED
SHIP0002328,ORD0002029,CouriersPlease,CON3555573777,2025-12-30 11:05:00,,9,32.3,IN_TRANSIT
SHIP0002329,ORD0003646,Linfox Direct,CON9041049100,2025-09-02 10:43:00,2025-09-08 13:43:00,6,30.3,DELIVERED
SHIP0002330,ORD0000075,Toll Priority,CON7632072973,2025-07-24 18:16:00,2025-07-27 06:16:00,2,12.4,DELIVERED
SHIP0002331,ORD0003948,Linfox Direct,CON1604775821,2025-12-04 14:30:00,2025-12-08 22:30:00,4,8.1,DELIVERED
SHIP0002332,ORD0003405,Linfox Direct,CON5824355875,2025-07-02 21:52:00,,5,17.9,DELAYED
SHIP0002333,ORD0003538,TNT Road,CON5843130552,2025-07-21 12:39:00,2025-07-25 01:39:00,3,26.4,DELIVERED
SHIP0002334,ORD0003781,StarTrack Logistics,CON1571848437,2025-12-07 04:53:00,2025-12-16 23:53:00,9,9.6,DELIVERED
SHIP0002335,ORD0000123,StarTrack Logistics,CON2252699497,2026-01-01 04:45:00,2026-01-10 09:45:00,9,14.3,DELIVERED
SHIP0002336,ORD0003415,CouriersPlease,CON4275692632,2025-06-10 13:20:00,,3,18.9,DELAYED
SHIP0002337,ORD0003093,Linfox Direct,CON8904002507,2025-07-18 19:36:00,2025-07-26 11:36:00,7,37.5,DELIVERED
SHIP0002338,ORD0004471,CouriersPlease,CON7080817683,2025-05-18 01:18:00,2025-05-19 11:18:00,1,19.2,DELIVERED
SHIP0002339,ORD0003315,Toll Priority,CON1037769692,2025-10-17 17:05:00,2025-10-25 19:05:00,8,29.6,DELIVERED
SHIP0002340,ORD0001046,Toll Priority,CON4277590899,2025-12-10 01:50:00,2025-12-17 06:50:00,7,3.2,DELIVERED
SHIP0002341,ORD0001936,AusFreight Express,CON3045028422,2025-08-17 02:50:00,2025-08-24 10:50:00,7,12.3,DELIVERED
SHIP0002342,ORD0003723,StarTrack Logistics,CON4104981926,2025-06-21 04:22:00,2025-06-25 18:22:00,4,33.2,DELIVERED
SHIP0002343,ORD0004645,Toll Priority,CON7445813112,2025-07-05 13:53:00,2025-07-10 06:53:00,4,30.7,DELIVERED
SHIP0002344,ORD0004249,Linfox Direct,CON3535828924,2025-07-07 13:15:00,2025-07-08 15:15:00,1,36.2,DELIVERED
SHIP0002345,ORD0002088,TNT Road,CON7891592577,2025-08-25 16:43:00,,1,23.8,LOST
SHIP0002346,ORD0003913,TNT Road,CON8252840474,2025-06-21 22:05:00,2025-06-24 13:05:00,2,35.1,DELIVERED
SHIP0002347,ORD0001435,Linfox Direct,CON7220996007,2025-08-05 15:27:00,2025-08-10 23:27:00,5,39.3,DELIVERED
SHIP0002348,ORD0001888,StarTrack Logistics,CON4391363260,2025-07-20 00:41:00,2025-07-22 03:41:00,2,22.6,DELIVERED
SHIP0002349,ORD0003465,Linfox Direct,CON4558651799,2025-11-01 06:16:00,2025-11-07 09:16:00,6,5.0,DELIVERED
SHIP0002350,ORD0003689,AusFreight Express,CON1474434330,2025-08-13 00:46:00,,1,32.7,DELAYED
SHIP0002351,ORD0000278,Linfox Direct,CON8518645471,2025-09-17 00:09:00,,4,39.0,DELAYED
SHIP0002352,ORD0004215,AusFreight Express,CON3911825646,2025-07-04 17:28:00,2025-07-10 23:28:00,6,0.2,DELIVERED
SHIP0002353,ORD0000179,AusFreight Express,CON7881151493,2025-12-30 17:33:00,2025-12-31 19:33:00,1,40.9,DELIVERED
SHIP0002354,ORD0003544,TNT Road,CON1216570998,2025-09-18 10:49:00,2025-09-27 16:49:00,9,40.0,DELIVERED
SHIP0002355,ORD0003042,CouriersPlease,CON6914265193,2025-11-23 03:33:00,2025-11-26 14:33:00,3,12.2,DELIVERED
SHIP0002356,ORD0004388,CouriersPlease,CON5132748903,2025-07-23 03:32:00,,6,33.8,IN_TRANSIT
SHIP0002357,ORD0001774,TNT Road,CON3089054423,2025-07-30 22:53:00,2025-08-04 02:53:00,4,37.6,DELIVERED
SHIP0002358,ORD0002197,CouriersPlease,CON2609495203,2025-08-01 04:09:00,,6,7.2,DELAYED
SHIP0002359,ORD0003258,AusFreight Express,CON3891046188,2025-06-26 20:50:00,2025-06-29 10:50:00,2,17.8,DELIVERED
SHIP0002360,ORD0000054,TNT Road,CON9427599472,2025-10-11 12:55:00,2025-10-19 23:55:00,8,10.7,DELIVERED
SHIP0002361,ORD0003957,StarTrack Logistics,CON4035884805,2025-09-05 11:25:00,2025-09-08 07:25:00,2,21.0,DELIVERED
SHIP0002362,ORD0002416,Linfox Direct,CON4022973515,2025-07-12 12:55:00,2025-07-14 21:55:00,2,22.4,DELIVERED
SHIP0002363,ORD0001725,CouriersPlease,CON3917540416,2025-06-21 21:01:00,2025-06-26 17:01:00,4,16.9,DELIVERED
SHIP0002364,ORD0002824,AusFreight Express,CON7945206181,2025-09-27 03:17:00,,1,36.6,DELAYED
SHIP0002365,ORD0003924,StarTrack Logistics,CON7247261560,2025-12-11 16:32:00,2025-12-15 17:32:00,4,24.5,DELIVERED
SHIP0002366,ORD0002974,CouriersPlease,CON7041617111,2025-08-16 04:28:00,2025-08-23 12:28:00,7,28.1,DELIVERED
SHIP0002367,ORD0001811,Toll Priority,CON6526309355,2025-11-26 00:14:00,2025-11-29 16:14:00,3,20.3,DELIVERED
SHIP0002368,ORD0001000,AusFreight Express,CON9977299234,2025-11-17 04:31:00,2025-11-19 07:31:00,2,13.8,DELIVERED
SHIP0002369,ORD0001175,CouriersPlease,CON4241154438,2025-11-16 09:14:00,2025-11-18 13:14:00,2,23.1,DELIVERED
SHIP0002370,ORD0003698,Linfox Direct,CON6834262086,2025-07-30 03:04:00,2025-08-06 06:04:00,7,36.7,DELIVERED
SHIP0002371,ORD0004595,Toll Priority,CON2734507819,2025-05-24 06:04:00,2025-06-01 10:04:00,8,7.4,DELIVERED
SHIP0002372,ORD0003987,Toll Priority,CON1864587984,2025-06-30 03:11:00,2025-07-05 04:11:00,5,10.6,DELIVERED
SHIP0002373,ORD0003966,Toll Priority,CON4471191142,2025-09-22 09:58:00,2025-09-28 20:58:00,6,3.4,DELIVERED
SHIP0002374,ORD0004155,AusFreight Express,CON6949210059,2025-11-19 20:08:00,2025-11-22 06:08:00,2,16.6,DELIVERED
SHIP0002375,ORD0000085,AusFreight Express,CON9035970543,2025-12-04 20:58:00,2025-12-09 08:58:00,4,28.7,DELIVERED
SHIP0002376,ORD0000513,Linfox Direct,CON4334791849,2025-08-31 04:14:00,2025-09-04 06:14:00,4,6.1,DELIVERED
SHIP0002377,ORD0000937,StarTrack Logistics,CON7312281314,2025-09-20 11:49:00,2025-09-26 04:49:00,5,26.7,DELIVERED
SHIP0002378,ORD0003897,Toll Priority,CON6223501833,2025-09-07 19:09:00,,9,14.1,DELAYED
SHIP0002379,ORD0001795,Linfox Direct,CON7897492498,2025-11-16 11:56:00,,8,18.1,LOST
SHIP0002380,ORD0001876,Toll Priority,CON1027687944,2025-11-17 03:12:00,2025-11-18 05:12:00,1,23.5,DELIVERED
SHIP0002381,ORD0000205,Linfox Direct,CON1483996503,2025-10-25 20:51:00,2025-11-04 04:51:00,9,22.8,DELIVERED
SHIP0002382,ORD0001150,StarTrack Logistics,CON2255222690,2025-07-07 04:09:00,2025-07-15 16:09:00,8,26.9,DELIVERED
SHIP0002383,ORD0001925,Linfox Direct,CON7016362964,2025-07-23 13:13:00,,2,3.1,IN_TRANSIT
SHIP0002384,ORD0000556,AusFreight Express,CON8943903390,2025-06-04 03:31:00,2025-06-11 05:31:00,7,42.0,DELIVERED
SHIP0002385,ORD0002344,CouriersPlease,CON7339769666,2025-08-26 01:57:00,,1,6.9,DELAYED
SHIP0002386,ORD0000206,Linfox Direct,CON5159634035,2025-08-10 22:34:00,,5,16.6,DELAYED
SHIP0002387,ORD0004577,StarTrack Logistics,CON2539855171,2025-09-17 03:56:00,2025-09-18 16:56:00,1,12.1,DELIVERED
SHIP0002388,ORD0003881,Linfox Direct,CON3563963066,2025-06-04 14:35:00,2025-06-10 01:35:00,5,11.1,DELIVERED
SHIP0002389,ORD0002123,StarTrack Logistics,CON6475958285,2025-07-01 18:07:00,2025-07-09 10:07:00,7,33.8,DELIVERED
SHIP0002390,ORD0002223,Linfox Direct,CON7960023152,2025-07-30 05:33:00,,6,17.2,LOST
SHIP0002391,ORD0004303,Toll Priority,CON2961944764,2025-09-01 19:42:00,2025-09-03 13:42:00,1,7.1,DELIVERED
SHIP0002392,ORD0000888,Toll Priority,CON5445681658,2025-07-21 08:44:00,2025-07-28 11:44:00,7,5.9,DELIVERED
SHIP0002393,ORD0004490,Linfox Direct,CON6571365628,2025-06-17 01:57:00,,7,23.2,DELAYED
SHIP0002394,ORD0000885,TNT Road,CON5734895779,2025-09-05 06:49:00,2025-09-13 07:49:00,8,8.3,DELIVERED
SHIP0002395,ORD0001825,StarTrack Logistics,CON4441689116,2025-07-11 05:15:00,,7,34.2,DELAYED
SHIP0002396,ORD0000548,Linfox Direct,CON5690586705,2025-05-23 02:08:00,,1,19.1,IN_TRANSIT
SHIP0002397,ORD0002314,AusFreight Express,CON3200711002,2025-09-30 12:12:00,2025-10-09 16:12:00,9,41.6,DELIVERED
SHIP0002398,ORD0004948,Toll Priority,CON3670413719,2025-06-01 20:26:00,2025-06-06 15:26:00,4,7.0,DELIVERED
SHIP0002399,ORD0002230,CouriersPlease,CON5439517842,2025-12-22 07:21:00,,7,6.1,IN_TRANSIT
SHIP0002400,ORD0004735,AusFreight Express,CON1833092994,2025-08-23 17:45:00,2025-09-01 09:45:00,8,30.1,DELIVERED
SHIP0002401,ORD0002285,Toll Priority,CON5778844513,2025-11-23 08:58:00,2025-11-30 13:58:00,7,12.0,DELIVERED
SHIP0002402,ORD0003357,StarTrack Logistics,CON6992810574,2025-08-06 12:15:00,,8,16.2,DELAYED
SHIP0002403,ORD0001611,CouriersPlease,CON1951841645,2025-08-17 22:18:00,2025-08-26 18:18:00,8,25.5,DELIVERED
SHIP0002404,ORD0003971,TNT Road,CON6263400882,2025-10-29 02:45:00,2025-10-30 04:45:00,1,24.2,DELIVERED
SHIP0002405,ORD0003585,TNT Road,CON7140457235,2025-08-26 10:21:00,2025-08-31 11:21:00,5,38.3,DELIVERED
SHIP0002406,ORD0000611,Toll Priority,CON8509224622,2025-06-02 23:45:00,2025-06-10 18:45:00,7,7.9,DELIVERED
SHIP0002407,ORD0004093,AusFreight Express,CON7252830343,2025-08-14 13:31:00,,4,33.9,LOST
SHIP0002408,ORD0004100,CouriersPlease,CON2666875501,2025-10-08 18:49:00,,5,29.5,LOST
SHIP0002409,ORD0004790,CouriersPlease,CON6293142694,2025-12-10 11:08:00,2025-12-13 13:08:00,3,32.5,DELIVERED
SHIP0002410,ORD0004999,Toll Priority,CON2295741810,2025-09-15 05:00:00,2025-09-23 11:00:00,8,13.9,DELIVERED
SHIP0002411,ORD0004648,StarTrack Logistics,CON1013958068,2025-10-09 20:00:00,,3,9.2,DELAYED
SHIP0002412,ORD0004698,StarTrack Logistics,CON6314233993,2025-07-13 06:20:00,,4,33.8,DELAYED
SHIP0002413,ORD0002998,AusFreight Express,CON8018654025,2025-11-16 04:17:00,2025-11-21 15:17:00,5,4.2,DELIVERED
SHIP0002414,ORD0002438,TNT Road,CON7148485171,2025-12-06 19:06:00,2025-12-13 22:06:00,7,11.1,DELIVERED
SHIP0002415,ORD0004475,AusFreight Express,CON8797701824,2025-05-31 06:25:00,2025-06-01 08:25:00,1,10.9,DELIVERED
SHIP0002416,ORD0000091,Linfox Direct,CON3395167490,2025-11-19 20:18:00,2025-11-22 06:18:00,2,22.8,DELIVERED
SHIP0002417,ORD0001691,AusFreight Express,CON7207156017,2025-11-10 09:48:00,2025-11-18 18:48:00,8,41.1,DELIVERED
SHIP0002418,ORD0003686,Toll Priority,CON9816070465,2025-10-19 17:54:00,2025-10-25 10:54:00,5,39.0,DELIVERED
SHIP0002419,ORD0003377,StarTrack Logistics,CON1235778863,2025-12-21 01:31:00,,6,0.5,LOST
SHIP0002420,ORD0002790,Toll Priority,CON9631584973,2025-07-23 09:37:00,,1,26.7,IN_TRANSIT
SHIP0002421,ORD0004042,Toll Priority,CON3977749425,2025-05-29 18:11:00,2025-06-06 02:11:00,7,40.7,DELIVERED
SHIP0002422,ORD0001977,CouriersPlease,CON3448311000,2025-12-12 23:12:00,,5,37.3,DELAYED
SHIP0002423,ORD0000531,Toll Priority,CON6656775681,2025-08-02 23:23:00,2025-08-06 06:23:00,3,21.1,DELIVERED
SHIP0002424,ORD0004073,CouriersPlease,CON2215432777,2025-11-29 21:37:00,2025-12-08 14:37:00,8,27.8,DELIVERED
SHIP0002425,ORD0003005,CouriersPlease,CON7422040734,2025-10-18 15:12:00,2025-10-27 20:12:00,9,16.4,DELIVERED
SHIP0002426,ORD0002995,StarTrack Logistics,CON6828814471,2025-10-13 04:20:00,,5,32.2,LOST
SHIP0002427,ORD0001176,Linfox Direct,CON7009438752,2025-09-10 07:18:00,,2,11.7,LOST
SHIP0002428,ORD0001589,AusFreight Express,CON7328039370,2025-06-20 09:28:00,2025-06-24 11:28:00,4,24.0,DELIVERED
SHIP0002429,ORD0002672,CouriersPlease,CON5687860818,2025-09-19 07:47:00,2025-09-25 21:47:00,6,23.0,DELIVERED
SHIP0002430,ORD0001198,Linfox Direct,CON6728412675,2025-07-09 18:50:00,,8,35.5,IN_TRANSIT
SHIP0002431,ORD0001630,Toll Priority,CON1286134569,2025-11-16 17:45:00,2025-11-18 03:45:00,1,38.5,DELIVERED
SHIP0002432,ORD0000718,Linfox Direct,CON2052334126,2025-06-11 20:18:00,2025-06-21 06:18:00,9,22.4,DELIVERED
SHIP0002433,ORD0003927,TNT Road,CON1636677176,2025-11-07 13:56:00,2025-11-16 21:56:00,9,26.1,DELIVERED
SHIP0002434,ORD0001948,Toll Priority,CON8305278388,2025-06-13 22:17:00,2025-06-21 09:17:00,7,13.0,DELIVERED
SHIP0002435,ORD0000370,AusFreight Express,CON4368915678,2025-06-14 14:37:00,,7,2.9,IN_TRANSIT
SHIP0002436,ORD0001044,Linfox Direct,CON7793208837,2025-10-06 17:03:00,2025-10-10 00:03:00,3,9.0,DELIVERED
SHIP0002437,ORD0000642,Toll Priority,CON1505147911,2025-09-03 16:30:00,2025-09-10 03:30:00,6,31.1,DELIVERED
SHIP0002438,ORD0001440,CouriersPlease,CON2253382192,2025-10-17 05:28:00,2025-10-21 10:28:00,4,36.1,DELIVERED
SHIP0002439,ORD0001238,TNT Road,CON6247356897,2025-07-21 03:53:00,2025-07-28 10:53:00,7,15.6,DELIVERED
SHIP0002440,ORD0004316,StarTrack Logistics,CON1453306929,2025-12-05 21:48:00,2025-12-14 06:48:00,8,27.0,DELIVERED
SHIP0002441,ORD0000998,Linfox Direct,CON7982567749,2025-06-23 10:52:00,,6,14.0,IN_TRANSIT
SHIP0002442,ORD0000947,AusFreight Express,CON4739032421,2025-05-25 06:42:00,,3,1.0,DELAYED
SHIP0002443,ORD0000210,Linfox Direct,CON1084723145,2025-12-29 06:36:00,2026-01-06 14:36:00,8,29.0,DELIVERED
SHIP0002444,ORD0002026,Toll Priority,CON7729238752,2025-12-28 10:16:00,2026-01-01 22:16:00,4,15.3,DELIVERED
SHIP0002445,ORD0003354,TNT Road,CON5106962864,2025-07-13 05:17:00,2025-07-18 21:17:00,5,18.3,DELIVERED
SHIP0002446,ORD0004350,CouriersPlease,CON2338920578,2025-12-20 00:37:00,2025-12-21 18:37:00,1,6.6,DELIVERED
SHIP0002447,ORD0000872,AusFreight Express,CON9731437783,2025-07-03 10:38:00,2025-07-08 15:38:00,5,22.6,DELIVERED
SHIP0002448,ORD0000271,StarTrack Logistics,CON2227385829,2025-10-28 18:14:00,2025-11-07 09:14:00,9,35.1,DELIVERED
SHIP0002449,ORD0000551,Toll Priority,CON3751153984,2025-09-03 04:41:00,2025-09-05 11:41:00,2,3.5,DELIVERED
SHIP0002450,ORD0003578,AusFreight Express,CON5457757032,2025-07-31 05:52:00,2025-08-01 17:52:00,1,36.6,DELIVERED
SHIP0002451,ORD0002725,Toll Priority,CON3637132177,2025-12-31 19:09:00,,9,36.8,DELAYED
SHIP0002452,ORD0002710,AusFreight Express,CON6558704937,2025-12-15 13:34:00,,3,38.4,LOST
SHIP0002453,ORD0001597,AusFreight Express,CON9653106019,2025-10-09 10:12:00,,7,31.6,DELAYED
SHIP0002454,ORD0001579,AusFreight Express,CON4408570027,2025-07-21 21:23:00,2025-07-29 02:23:00,7,13.1,DELIVERED
SHIP0002455,ORD0000390,StarTrack Logistics,CON9651346075,2025-08-31 03:10:00,2025-09-02 15:10:00,2,26.2,DELIVERED
SHIP0002456,ORD0001171,TNT Road,CON1320612679,2025-11-20 09:18:00,2025-11-25 10:18:00,5,41.4,DELIVERED
SHIP0002457,ORD0001602,CouriersPlease,CON9223926152,2025-08-17 12:02:00,2025-08-19 19:02:00,2,3.9,DELIVERED
SHIP0002458,ORD0003316,CouriersPlease,CON8802723520,2025-12-23 01:12:00,,5,33.9,LOST
SHIP0002459,ORD0002965,StarTrack Logistics,CON2612688866,2025-06-14 18:06:00,,3,21.4,DELAYED
SHIP0002460,ORD0003632,StarTrack Logistics,CON5981235120,2025-10-17 18:37:00,2025-10-25 11:37:00,7,14.9,DELIVERED
SHIP0002461,ORD0000454,TNT Road,CON9399288736,2025-08-23 19:33:00,2025-09-02 15:33:00,9,25.6,DELIVERED
SHIP0002462,ORD0004741,StarTrack Logistics,CON7166696685,2025-10-24 05:14:00,2025-11-01 20:14:00,8,38.0,DELIVERED
SHIP0002463,ORD0000675,AusFreight Express,CON2202328383,2025-12-17 07:23:00,2025-12-24 19:23:00,7,13.3,DELIVERED
SHIP0002464,ORD0004056,AusFreight Express,CON8378009607,2025-11-24 20:58:00,2025-11-28 11:58:00,3,39.8,DELIVERED
SHIP0002465,ORD0001699,Linfox Direct,CON2386146423,2025-11-11 20:50:00,2025-11-14 15:50:00,2,10.4,DELIVERED
SHIP0002466,ORD0000253,AusFreight Express,CON6412902803,2025-08-27 11:25:00,,8,39.8,DELAYED
SHIP0002467,ORD0004909,StarTrack Logistics,CON1539386072,2025-07-24 15:12:00,2025-07-29 05:12:00,4,24.8,DELIVERED
SHIP0002468,ORD0000940,TNT Road,CON3758158022,2025-10-21 09:17:00,,5,28.3,LOST
SHIP0002469,ORD0000772,AusFreight Express,CON1268965173,2025-12-29 04:24:00,2025-12-31 17:24:00,2,19.1,DELIVERED
SHIP0002470,ORD0003284,StarTrack Logistics,CON6682834940,2025-10-17 23:11:00,2025-10-22 19:11:00,4,4.6,DELIVERED
SHIP0002471,ORD0004732,StarTrack Logistics,CON2670151029,2025-10-01 21:36:00,2025-10-05 14:36:00,3,41.3,DELIVERED
SHIP0002472,ORD0000035,Linfox Direct,CON9448093345,2025-10-02 00:47:00,,9,14.9,DELAYED
SHIP0002473,ORD0004364,Toll Priority,CON3684794625,2025-11-08 03:38:00,,8,25.2,IN_TRANSIT
SHIP0002474,ORD0002911,TNT Road,CON4523271650,2025-08-10 02:28:00,2025-08-17 15:28:00,7,24.4,DELIVERED
SHIP0002475,ORD0000019,CouriersPlease,CON6715778981,2025-11-11 14:47:00,2025-11-19 20:47:00,8,28.2,DELIVERED
SHIP0002476,ORD0002948,StarTrack Logistics,CON3577575063,2025-07-03 04:35:00,,5,33.7,IN_TRANSIT
SHIP0002477,ORD0003832,Linfox Direct,CON7628960584,2025-08-20 17:42:00,2025-08-22 11:42:00,1,36.4,DELIVERED
SHIP0002478,ORD0002860,CouriersPlease,CON6693480542,2025-10-21 19:43:00,2025-10-26 02:43:00,4,16.2,DELIVERED
SHIP0002479,ORD0004436,StarTrack Logistics,CON5219941892,2025-06-12 09:51:00,2025-06-15 11:51:00,3,12.1,DELIVERED
SHIP0002480,ORD0004823,StarTrack Logistics,CON6180808228,2025-10-04 12:54:00,,9,0.6,LOST
SHIP0002481,ORD0002520,TNT Road,CON1082793068,2025-08-13 21:52:00,2025-08-20 09:52:00,6,34.3,DELIVERED
SHIP0002482,ORD0000843,TNT Road,CON9107874652,2025-07-04 06:01:00,2025-07-07 22:01:00,3,24.9,DELIVERED
SHIP0002483,ORD0002414,TNT Road,CON9539649349,2025-10-02 11:20:00,2025-10-10 14:20:00,8,31.4,DELIVERED
SHIP0002484,ORD0001658,StarTrack Logistics,CON6236500470,2025-07-11 01:51:00,2025-07-13 13:51:00,2,9.5,DELIVERED
SHIP0002485,ORD0003622,CouriersPlease,CON7480214058,2025-08-02 06:58:00,2025-08-08 20:58:00,6,8.7,DELIVERED
SHIP0002486,ORD0001356,TNT Road,CON1456258136,2025-07-21 10:09:00,2025-07-28 15:09:00,7,17.3,DELIVERED
SHIP0002487,ORD0004796,Linfox Direct,CON7342839665,2025-07-06 02:30:00,2025-07-08 11:30:00,2,36.6,DELIVERED
SHIP0002488,ORD0003136,CouriersPlease,CON8221194472,2025-08-25 08:40:00,2025-08-30 23:40:00,5,32.8,DELIVERED
SHIP0002489,ORD0001186,CouriersPlease,CON9376863031,2025-09-06 11:24:00,2025-09-14 16:24:00,8,22.8,DELIVERED
SHIP0002490,ORD0000915,TNT Road,CON8831117170,2025-10-13 01:03:00,2025-10-18 08:03:00,5,40.1,DELIVERED
SHIP0002491,ORD0004899,AusFreight Express,CON2325875215,2025-11-23 21:28:00,,4,8.5,DELAYED
SHIP0002492,ORD0002556,TNT Road,CON7384189536,2025-11-23 17:42:00,2025-11-25 00:42:00,1,22.9,DELIVERED
SHIP0002493,ORD0002260,AusFreight Express,CON6265523710,2025-07-27 09:27:00,,5,6.3,LOST
SHIP0002494,ORD0004943,Linfox Direct,CON5467454044,2025-08-18 23:25:00,2025-08-24 13:25:00,5,35.0,DELIVERED
SHIP0002495,ORD0004962,AusFreight Express,CON3171832979,2025-10-26 13:00:00,2025-11-01 00:00:00,5,41.1,DELIVERED
SHIP0002496,ORD0000505,StarTrack Logistics,CON8909420044,2025-07-28 19:56:00,2025-08-04 23:56:00,7,38.2,DELIVERED
SHIP0002497,ORD0004196,Toll Priority,CON8311255543,2025-12-18 14:30:00,2025-12-26 08:30:00,7,27.4,DELIVERED
SHIP0002498,ORD0004770,TNT Road,CON4772592774,2025-12-11 22:43:00,2025-12-18 05:43:00,6,22.3,DELIVERED
SHIP0002499,ORD0001636,StarTrack Logistics,CON2789724045,2025-06-05 07:31:00,2025-06-07 15:31:00,2,35.8,DELIVERED
SHIP0002500,ORD0000738,StarTrack Logistics,CON3128163651,2025-08-12 12:17:00,2025-08-16 16:17:00,4,34.1,DELIVERED
SHIP0002501,ORD0002398,TNT Road,CON3890210417,2025-11-23 09:38:00,2025-11-30 03:38:00,6,4.4,DELIVERED
SHIP0002502,ORD0003506,CouriersPlease,CON4501618095,2025-08-13 05:19:00,,1,36.3,LOST
SHIP0002503,ORD0004101,Linfox Direct,CON8650485085,2025-06-07 02:31:00,2025-06-14 16:31:00,7,1.3,DELIVERED
SHIP0002504,ORD0004525,Linfox Direct,CON7177206281,2025-07-02 04:35:00,2025-07-11 21:35:00,9,11.9,DELIVERED
SHIP0002505,ORD0000456,AusFreight Express,CON2423154211,2025-07-13 02:58:00,2025-07-17 19:58:00,4,9.4,DELIVERED
SHIP0002506,ORD0000208,StarTrack Logistics,CON8924566956,2025-07-23 16:48:00,2025-07-28 09:48:00,4,41.4,DELIVERED
SHIP0002507,ORD0003515,AusFreight Express,CON5603276511,2025-09-13 04:19:00,2025-09-16 19:19:00,3,41.7,DELIVERED
SHIP0002508,ORD0000516,TNT Road,CON7471668826,2025-07-07 11:54:00,2025-07-13 05:54:00,5,3.8,DELIVERED
SHIP0002509,ORD0004647,Linfox Direct,CON5488792435,2025-05-16 19:24:00,,5,10.8,LOST
SHIP0002510,ORD0003717,AusFreight Express,CON5097361976,2025-07-06 22:48:00,2025-07-12 18:48:00,5,27.6,DELIVERED
SHIP0002511,ORD0003502,Linfox Direct,CON2610407142,2025-07-06 10:23:00,2025-07-16 00:23:00,9,24.7,DELIVERED
SHIP0002512,ORD0000474,CouriersPlease,CON8519423637,2025-08-31 05:25:00,2025-09-02 18:25:00,2,21.6,DELIVERED
SHIP0002513,ORD0000327,Toll Priority,CON7245012619,2025-08-10 19:27:00,2025-08-15 14:27:00,4,18.1,DELIVERED
SHIP0002514,ORD0001696,Toll Priority,CON3044715063,2025-09-15 01:10:00,2025-09-18 14:10:00,3,40.7,DELIVERED
SHIP0002515,ORD0001172,AusFreight Express,CON4411307298,2025-07-16 06:34:00,2025-07-18 17:34:00,2,37.5,DELIVERED
SHIP0002516,ORD0002175,AusFreight Express,CON9732615313,2025-07-16 09:17:00,2025-07-19 23:17:00,3,7.5,DELIVERED
SHIP0002517,ORD0002935,TNT Road,CON4807810333,2025-12-31 05:38:00,2026-01-06 23:38:00,6,0.6,DELIVERED
SHIP0002518,ORD0001993,StarTrack Logistics,CON3833255636,2025-09-13 10:00:00,,5,37.7,IN_TRANSIT
SHIP0002519,ORD0002252,Toll Priority,CON5756143210,2025-12-14 17:24:00,2025-12-18 21:24:00,4,22.7,DELIVERED
SHIP0002520,ORD0002177,TNT Road,CON3459221093,2025-12-21 19:08:00,2025-12-29 09:08:00,7,40.2,DELIVERED
SHIP0002521,ORD0004171,TNT Road,CON7638626947,2025-05-30 00:11:00,2025-06-03 16:11:00,4,19.7,DELIVERED
SHIP0002522,ORD0000926,AusFreight Express,CON1455052913,2025-11-02 00:56:00,2025-11-05 17:56:00,3,13.1,DELIVERED
SHIP0002523,ORD0003864,Linfox Direct,CON7591963772,2025-12-13 07:38:00,,9,28.4,DELAYED
SHIP0002524,ORD0004914,Toll Priority,CON3242691204,2025-12-12 06:28:00,2025-12-21 12:28:00,9,39.8,DELIVERED
SHIP0002525,ORD0004978,AusFreight Express,CON2761091046,2025-11-09 03:47:00,,7,26.6,DELAYED
SHIP0002526,ORD0000128,Toll Priority,CON8530837367,2025-11-26 02:05:00,2025-11-28 13:05:00,2,31.5,DELIVERED
SHIP0002527,ORD0000743,AusFreight Express,CON4903079217,2025-05-26 10:55:00,,6,39.5,DELAYED
SHIP0002528,ORD0001468,AusFreight Express,CON7004398400,2025-07-25 13:13:00,2025-08-02 00:13:00,7,36.8,DELIVERED
SHIP0002529,ORD0000861,Toll Priority,CON2289355623,2025-12-14 15:06:00,2025-12-19 16:06:00,5,35.2,DELIVERED
SHIP0002530,ORD0001359,Toll Priority,CON8362471600,2025-12-26 05:18:00,2026-01-03 06:18:00,8,35.7,DELIVERED
SHIP0002531,ORD0002559,TNT Road,CON7772114942,2025-12-30 16:07:00,2025-12-31 23:07:00,1,23.9,DELIVERED
SHIP0002532,ORD0001700,Toll Priority,CON1261833505,2025-12-20 12:33:00,2025-12-28 00:33:00,7,11.8,DELIVERED
SHIP0002533,ORD0003105,Toll Priority,CON4299448347,2025-12-22 04:10:00,2025-12-28 22:10:00,6,34.2,DELIVERED
SHIP0002534,ORD0001153,StarTrack Logistics,CON5201676684,2025-07-07 18:10:00,,2,13.9,DELAYED
SHIP0002535,ORD0003101,AusFreight Express,CON2040879432,2025-08-15 16:30:00,2025-08-23 10:30:00,7,22.0,DELIVERED
SHIP0002536,ORD0004497,Linfox Direct,CON3093266642,2025-06-22 12:12:00,2025-06-25 08:12:00,2,8.3,DELIVERED
SHIP0002537,ORD0001914,StarTrack Logistics,CON6407879410,2025-07-03 11:04:00,2025-07-05 23:04:00,2,20.9,DELIVERED
SHIP0002538,ORD0002523,Toll Priority,CON9973592004,2025-07-25 17:45:00,,9,10.7,LOST
SHIP0002539,ORD0001687,Toll Priority,CON3223332086,2025-12-27 23:09:00,2025-12-29 17:09:00,1,26.2,DELIVERED
SHIP0002540,ORD0005000,CouriersPlease,CON3979643087,2025-11-14 07:46:00,,5,20.5,DELAYED
SHIP0002541,ORD0004966,Toll Priority,CON9088313061,2025-08-13 22:52:00,2025-08-16 16:52:00,2,19.9,DELIVERED
SHIP0002542,ORD0000171,StarTrack Logistics,CON5483763197,2025-10-24 14:17:00,,5,20.5,IN_TRANSIT
SHIP0002543,ORD0003084,StarTrack Logistics,CON8948366636,2025-09-09 03:50:00,,3,37.2,DELAYED
SHIP0002544,ORD0001131,Toll Priority,CON1016437602,2025-06-26 02:05:00,2025-07-02 09:05:00,6,3.4,DELIVERED
SHIP0002545,ORD0000303,Toll Priority,CON6568187237,2025-05-26 13:33:00,2025-05-29 19:33:00,3,31.9,DELIVERED
SHIP0002546,ORD0001713,StarTrack Logistics,CON6393502012,2025-06-18 02:23:00,2025-06-22 12:23:00,4,41.4,DELIVERED
SHIP0002547,ORD0002195,Linfox Direct,CON6690918948,2025-06-25 09:56:00,2025-07-02 16:56:00,7,27.1,DELIVERED
SHIP0002548,ORD0003862,CouriersPlease,CON6526344009,2025-05-22 06:30:00,2025-05-30 20:30:00,8,16.9,DELIVERED
SHIP0002549,ORD0003359,Linfox Direct,CON4858215047,2025-06-10 20:49:00,2025-06-17 15:49:00,6,32.6,DELIVERED
SHIP0002550,ORD0000312,Toll Priority,CON5311438766,2025-07-30 11:27:00,2025-08-03 04:27:00,3,41.1,DELIVERED
SHIP0002551,ORD0004456,Linfox Direct,CON8314469242,2025-10-10 10:06:00,2025-10-13 15:06:00,3,24.4,DELIVERED
SHIP0002552,ORD0004853,TNT Road,CON9360844059,2025-12-04 21:46:00,2025-12-06 10:46:00,1,17.1,DELIVERED
SHIP0002553,ORD0004786,StarTrack Logistics,CON3614357664,2025-10-25 23:12:00,,9,39.4,DELAYED
SHIP0002554,ORD0004199,Toll Priority,CON5232605875,2025-05-23 11:33:00,2025-05-27 06:33:00,3,3.2,DELIVERED
SHIP0002555,ORD0003657,TNT Road,CON5025047746,2025-12-25 08:49:00,2025-12-29 21:49:00,4,10.0,DELIVERED
SHIP0002556,ORD0001124,CouriersPlease,CON2488279382,2025-05-18 09:44:00,2025-05-26 05:44:00,7,21.1,DELIVERED
SHIP0002557,ORD0004882,Toll Priority,CON6215448635,2025-09-03 13:21:00,2025-09-10 06:21:00,6,14.6,DELIVERED
SHIP0002558,ORD0002272,StarTrack Logistics,CON5428007330,2025-09-09 13:51:00,,1,14.2,DELAYED
SHIP0002559,ORD0004981,AusFreight Express,CON9988131012,2025-11-19 13:40:00,2025-11-25 20:40:00,6,24.7,DELIVERED
SHIP0002560,ORD0004111,TNT Road,CON1597348454,2025-06-23 18:10:00,2025-07-03 06:10:00,9,23.6,DELIVERED
SHIP0002561,ORD0004071,CouriersPlease,CON6917149638,2025-06-18 02:15:00,2025-06-20 14:15:00,2,4.5,DELIVERED
SHIP0002562,ORD0002166,AusFreight Express,CON1589070426,2025-09-29 18:39:00,2025-10-01 03:39:00,1,36.5,DELIVERED
SHIP0002563,ORD0002346,CouriersPlease,CON9702820038,2025-06-16 22:17:00,,2,29.5,IN_TRANSIT
SHIP0002564,ORD0000938,CouriersPlease,CON4116515494,2025-08-04 11:58:00,,6,32.5,IN_TRANSIT
SHIP0002565,ORD0000404,StarTrack Logistics,CON2064871246,2025-10-17 15:13:00,2025-10-26 11:13:00,8,2.2,DELIVERED
SHIP0002566,ORD0003955,StarTrack Logistics,CON8519670448,2025-12-14 20:00:00,2025-12-19 16:00:00,4,26.8,DELIVERED
SHIP0002567,ORD0001403,Toll Priority,CON7173068197,2025-06-14 00:17:00,2025-06-18 09:17:00,4,14.0,DELIVERED
SHIP0002568,ORD0000232,StarTrack Logistics,CON8673073313,2025-08-15 06:27:00,2025-08-19 13:27:00,4,38.6,DELIVERED
SHIP0002569,ORD0002641,TNT Road,CON8139845801,2025-10-03 10:27:00,2025-10-10 16:27:00,7,1.6,DELIVERED
SHIP0002570,ORD0003078,Toll Priority,CON3793375086,2025-06-02 19:08:00,,4,7.6,IN_TRANSIT
SHIP0002571,ORD0001369,CouriersPlease,CON9653711143,2025-09-29 11:01:00,2025-10-06 21:01:00,7,27.5,DELIVERED
SHIP0002572,ORD0001674,StarTrack Logistics,CON1959186868,2025-12-03 06:07:00,,7,40.2,IN_TRANSIT
SHIP0002573,ORD0000321,CouriersPlease,CON5132407817,2025-10-05 02:52:00,2025-10-12 19:52:00,7,14.1,DELIVERED
SHIP0002574,ORD0001058,StarTrack Logistics,CON1353218849,2025-08-04 22:42:00,2025-08-13 18:42:00,8,20.2,DELIVERED
SHIP0002575,ORD0002290,StarTrack Logistics,CON2199147030,2025-10-06 11:08:00,,1,20.1,DELAYED
SHIP0002576,ORD0002463,StarTrack Logistics,CON4164843599,2025-08-08 15:55:00,2025-08-17 20:55:00,9,26.3,DELIVERED
SHIP0002577,ORD0003299,Toll Priority,CON7209026735,2025-09-04 17:42:00,,4,30.5,LOST
SHIP0002578,ORD0000306,AusFreight Express,CON6736339075,2025-12-16 15:55:00,2025-12-19 23:55:00,3,35.4,DELIVERED
SHIP0002579,ORD0002411,CouriersPlease,CON2774962632,2025-12-03 09:25:00,,7,4.0,DELAYED
SHIP0002580,ORD0000869,AusFreight Express,CON6317500835,2025-11-25 15:55:00,2025-11-27 04:55:00,1,1.4,DELIVERED
SHIP0002581,ORD0001121,AusFreight Express,CON5399294927,2025-12-08 13:05:00,2025-12-10 14:05:00,2,4.2,DELIVERED
SHIP0002582,ORD0000832,TNT Road,CON2347174953,2025-10-23 06:00:00,2025-10-27 14:00:00,4,3.6,DELIVERED
SHIP0002583,ORD0002992,StarTrack Logistics,CON7465880599,2025-12-19 21:19:00,2025-12-26 08:19:00,6,27.6,DELIVERED
SHIP0002584,ORD0000979,Linfox Direct,CON1062049250,2025-06-25 09:18:00,2025-07-04 20:18:00,9,3.1,DELIVERED
SHIP0002585,ORD0004258,AusFreight Express,CON6640864463,2025-06-15 17:49:00,,6,0.7,IN_TRANSIT
SHIP0002586,ORD0004946,AusFreight Express,CON3262179370,2025-11-21 18:53:00,2025-11-23 22:53:00,2,2.4,DELIVERED
SHIP0002587,ORD0000328,StarTrack Logistics,CON4170796718,2025-11-16 23:08:00,2025-11-25 14:08:00,8,29.3,DELIVERED
SHIP0002588,ORD0000957,StarTrack Logistics,CON7917452847,2025-12-21 23:15:00,2025-12-28 14:15:00,6,20.7,DELIVERED
SHIP0002589,ORD0004593,TNT Road,CON5525169883,2025-11-21 06:01:00,2025-11-26 23:01:00,5,5.3,DELIVERED
SHIP0002590,ORD0003259,AusFreight Express,CON9791673328,2025-10-29 09:25:00,2025-11-06 11:25:00,8,5.3,DELIVERED
SHIP0002591,ORD0004738,CouriersPlease,CON2450818186,2025-12-02 01:55:00,2025-12-06 13:55:00,4,20.7,DELIVERED
SHIP0002592,ORD0002604,CouriersPlease,CON5784741483,2025-09-13 11:59:00,2025-09-14 20:59:00,1,23.6,DELIVERED
SHIP0002593,ORD0000477,TNT Road,CON8018740678,2025-10-25 08:27:00,,8,2.8,IN_TRANSIT
SHIP0002594,ORD0001400,CouriersPlease,CON8426704995,2025-12-03 01:55:00,2025-12-06 06:55:00,3,14.8,DELIVERED
SHIP0002595,ORD0000870,StarTrack Logistics,CON8410993941,2025-10-08 07:36:00,2025-10-16 13:36:00,8,8.0,DELIVERED
SHIP0002596,ORD0002429,TNT Road,CON7319011298,2025-07-31 05:29:00,2025-08-09 20:29:00,9,37.3,DELIVERED
SHIP0002597,ORD0002981,Toll Priority,CON2923140206,2025-08-15 12:27:00,2025-08-24 16:27:00,9,13.2,DELIVERED
SHIP0002598,ORD0003850,AusFreight Express,CON8359236151,2025-12-07 10:19:00,2025-12-11 22:19:00,4,22.1,DELIVERED
SHIP0002599,ORD0004378,Linfox Direct,CON4857972807,2025-10-17 03:47:00,,7,38.7,IN_TRANSIT
SHIP0002600,ORD0001449,Linfox Direct,CON1635866038,2025-05-17 08:10:00,2025-05-24 02:10:00,6,39.8,DELIVERED
SHIP0002601,ORD0001073,Toll Priority,CON9504797735,2025-07-30 18:30:00,2025-08-07 10:30:00,7,36.4,DELIVERED
SHIP0002602,ORD0003558,Linfox Direct,CON8805071544,2025-10-22 18:30:00,2025-10-23 21:30:00,1,36.2,DELIVERED
SHIP0002603,ORD0001251,AusFreight Express,CON5744426282,2025-12-06 22:27:00,2025-12-10 13:27:00,3,31.8,DELIVERED
SHIP0002604,ORD0001306,AusFreight Express,CON7661374959,2025-10-02 00:50:00,2025-10-06 09:50:00,4,35.0,DELIVERED
SHIP0002605,ORD0003953,Linfox Direct,CON6752248646,2025-11-25 05:36:00,2025-12-04 00:36:00,8,28.3,DELIVERED
SHIP0002606,ORD0003097,StarTrack Logistics,CON8999082619,2025-05-29 20:29:00,,6,33.3,DELAYED
SHIP0002607,ORD0000748,TNT Road,CON1812368207,2025-07-09 00:35:00,2025-07-15 04:35:00,6,11.7,DELIVERED
SHIP0002608,ORD0001758,AusFreight Express,CON5672185080,2025-12-21 09:37:00,2025-12-26 21:37:00,5,3.3,DELIVERED
SHIP0002609,ORD0002646,TNT Road,CON3008917850,2025-08-19 14:48:00,,4,29.5,DELAYED
SHIP0002610,ORD0003462,Toll Priority,CON3901644450,2025-05-27 06:46:00,2025-06-04 20:46:00,8,10.4,DELIVERED
SHIP0002611,ORD0003260,Toll Priority,CON6109166883,2025-09-07 19:55:00,2025-09-15 02:55:00,7,27.6,DELIVERED
SHIP0002612,ORD0000865,Toll Priority,CON7036281137,2025-07-26 05:37:00,2025-08-01 06:37:00,6,25.8,DELIVERED
SHIP0002613,ORD0004968,CouriersPlease,CON6610468704,2025-10-04 03:53:00,,9,4.8,DELAYED
SHIP0002614,ORD0003726,TNT Road,CON7209427002,2025-08-13 06:28:00,2025-08-18 07:28:00,5,27.8,DELIVERED
SHIP0002615,ORD0002667,StarTrack Logistics,CON8073811247,2025-08-16 17:54:00,2025-08-21 03:54:00,4,28.6,DELIVERED
SHIP0002616,ORD0000030,CouriersPlease,CON7324887595,2025-07-10 08:42:00,2025-07-12 13:42:00,2,25.4,DELIVERED
SHIP0002617,ORD0004176,AusFreight Express,CON2489686186,2025-07-25 02:33:00,2025-07-28 13:33:00,3,14.9,DELIVERED
SHIP0002618,ORD0000046,Linfox Direct,CON8840429371,2025-08-25 16:04:00,2025-08-28 02:04:00,2,38.6,DELIVERED
SHIP0002619,ORD0004472,Toll Priority,CON1873471934,2025-09-25 11:34:00,,9,2.7,DELAYED
SHIP0002620,ORD0002601,StarTrack Logistics,CON1040495381,2025-09-08 20:11:00,,3,6.7,DELAYED
SHIP0002621,ORD0001324,StarTrack Logistics,CON4608493950,2025-11-26 06:43:00,2025-12-04 09:43:00,8,16.1,DELIVERED
SHIP0002622,ORD0001377,CouriersPlease,CON6730213092,2025-05-29 18:00:00,2025-06-02 09:00:00,3,31.5,DELIVERED
SHIP0002623,ORD0002148,AusFreight Express,CON5705165736,2025-11-19 11:17:00,2025-11-21 16:17:00,2,27.6,DELIVERED
SHIP0002624,ORD0003529,StarTrack Logistics,CON9902158187,2025-08-29 16:41:00,2025-09-07 05:41:00,8,41.3,DELIVERED
SHIP0002625,ORD0003517,CouriersPlease,CON9279461547,2025-10-22 09:52:00,,6,19.1,DELAYED
SHIP0002626,ORD0004331,CouriersPlease,CON1659166273,2025-10-20 23:41:00,2025-10-27 08:41:00,6,21.3,DELIVERED
SHIP0002627,ORD0000396,Linfox Direct,CON8279763963,2025-10-27 13:01:00,2025-11-01 20:01:00,5,27.9,DELIVERED
SHIP0002628,ORD0001692,CouriersPlease,CON5302289983,2025-09-29 05:56:00,2025-10-06 22:56:00,7,11.9,DELIVERED
SHIP0002629,ORD0004083,AusFreight Express,CON4179532393,2025-07-17 11:46:00,2025-07-19 22:46:00,2,33.5,DELIVERED
SHIP0002630,ORD0002399,CouriersPlease,CON6072476094,2025-07-06 05:57:00,2025-07-15 01:57:00,8,3.6,DELIVERED
SHIP0002631,ORD0002631,TNT Road,CON5057428714,2025-08-14 02:31:00,2025-08-17 19:31:00,3,15.0,DELIVERED
SHIP0002632,ORD0002903,AusFreight Express,CON3815495357,2025-09-30 08:11:00,,5,36.8,IN_TRANSIT
SHIP0002633,ORD0003750,Linfox Direct,CON3022997375,2025-09-02 23:48:00,2025-09-05 15:48:00,2,13.3,DELIVERED
SHIP0002634,ORD0004158,StarTrack Logistics,CON9058211921,2025-07-09 17:49:00,2025-07-11 04:49:00,1,6.6,DELIVERED
SHIP0002635,ORD0000614,StarTrack Logistics,CON1433845553,2025-08-07 10:53:00,2025-08-14 05:53:00,6,18.5,DELIVERED
SHIP0002636,ORD0002187,CouriersPlease,CON8330818766,2025-10-22 01:18:00,2025-10-31 11:18:00,9,23.0,DELIVERED
SHIP0002637,ORD0002377,Toll Priority,CON3286457887,2025-10-16 11:20:00,2025-10-19 16:20:00,3,26.8,DELIVERED
SHIP0002638,ORD0000913,TNT Road,CON7543267170,2025-09-14 18:28:00,2025-09-18 04:28:00,3,31.9,DELIVERED
SHIP0002639,ORD0000331,CouriersPlease,CON3883816652,2025-08-02 15:18:00,2025-08-10 21:18:00,8,37.5,DELIVERED
SHIP0002640,ORD0003301,Toll Priority,CON1247972961,2025-12-28 20:11:00,2025-12-30 00:11:00,1,27.0,DELIVERED
SHIP0002641,ORD0002967,AusFreight Express,CON6042941489,2025-10-15 15:28:00,2025-10-25 02:28:00,9,14.1,DELIVERED
SHIP0002642,ORD0001619,CouriersPlease,CON9459002488,2025-06-23 01:18:00,2025-07-02 07:18:00,9,26.2,DELIVERED
SHIP0002643,ORD0000607,Toll Priority,CON2253134739,2025-05-21 22:45:00,,4,10.4,IN_TRANSIT
SHIP0002644,ORD0003432,Linfox Direct,CON6173774806,2025-08-11 12:03:00,,9,7.9,IN_TRANSIT
SHIP0002645,ORD0002408,Linfox Direct,CON2780529105,2025-05-21 16:45:00,2025-05-31 07:45:00,9,20.5,DELIVERED
SHIP0002646,ORD0000575,Linfox Direct,CON8138207469,2025-10-30 14:37:00,2025-11-02 06:37:00,2,32.9,DELIVERED
SHIP0002647,ORD0004688,CouriersPlease,CON3691393543,2025-08-23 04:15:00,2025-08-29 23:15:00,6,35.7,DELIVERED
SHIP0002648,ORD0004606,AusFreight Express,CON7616788359,2025-11-17 17:39:00,2025-11-22 19:39:00,5,38.4,DELIVERED
SHIP0002649,ORD0000729,StarTrack Logistics,CON7677901323,2025-07-09 09:43:00,2025-07-17 22:43:00,8,4.1,DELIVERED
SHIP0002650,ORD0000279,TNT Road,CON9194882043,2025-06-15 17:42:00,2025-06-22 22:42:00,7,3.8,DELIVERED
SHIP0002651,ORD0002141,AusFreight Express,CON8907580071,2025-09-04 17:44:00,2025-09-12 03:44:00,7,11.2,DELIVERED
SHIP0002652,ORD0002754,Linfox Direct,CON6364616255,2025-06-19 07:13:00,,4,25.2,IN_TRANSIT
SHIP0002653,ORD0004890,TNT Road,CON3522837437,2025-06-12 10:56:00,2025-06-17 00:56:00,4,37.5,DELIVERED
SHIP0002654,ORD0000118,StarTrack Logistics,CON5610894704,2025-09-17 14:12:00,2025-09-19 02:12:00,1,32.7,DELIVERED
SHIP0002655,ORD0002838,Toll Priority,CON6748535125,2025-10-03 21:51:00,,5,9.7,IN_TRANSIT
SHIP0002656,ORD0001004,AusFreight Express,CON2334551976,2025-08-05 08:51:00,2025-08-12 21:51:00,7,5.7,DELIVERED
SHIP0002657,ORD0002578,Toll Priority,CON1570979003,2025-11-11 15:59:00,2025-11-15 00:59:00,3,5.8,DELIVERED
SHIP0002658,ORD0001527,TNT Road,CON5720211421,2025-12-14 22:25:00,2025-12-17 08:25:00,2,3.3,DELIVERED
SHIP0002659,ORD0003282,TNT Road,CON6813679644,2025-11-09 19:48:00,2025-11-11 03:48:00,1,27.2,DELIVERED
SHIP0002660,ORD0000302,AusFreight Express,CON8162747342,2025-06-17 02:31:00,2025-06-22 18:31:00,5,34.0,DELIVERED
SHIP0002661,ORD0002637,CouriersPlease,CON7796348739,2025-12-30 20:26:00,2026-01-03 05:26:00,3,21.3,DELIVERED
SHIP0002662,ORD0000612,StarTrack Logistics,CON2993726729,2025-10-26 21:30:00,2025-10-31 16:30:00,4,27.6,DELIVERED
SHIP0002663,ORD0000201,Linfox Direct,CON7118687126,2025-10-12 16:15:00,2025-10-17 05:15:00,4,35.0,DELIVERED
SHIP0002664,ORD0001048,Toll Priority,CON4926870265,2025-10-31 19:29:00,,9,33.6,DELAYED
SHIP0002665,ORD0002819,CouriersPlease,CON5859462043,2025-11-29 01:56:00,2025-11-30 21:56:00,1,16.8,DELIVERED
SHIP0002666,ORD0004715,AusFreight Express,CON1658388461,2025-06-26 16:08:00,2025-07-03 03:08:00,6,30.0,DELIVERED
SHIP0002667,ORD0001904,StarTrack Logistics,CON2931818395,2025-08-25 18:54:00,,1,25.7,IN_TRANSIT
SHIP0002668,ORD0003674,Toll Priority,CON8138348616,2025-08-18 09:23:00,,7,1.4,IN_TRANSIT
SHIP0002669,ORD0000055,AusFreight Express,CON8472886654,2025-07-16 17:51:00,2025-07-19 19:51:00,3,4.1,DELIVERED
SHIP0002670,ORD0000977,CouriersPlease,CON8742296130,2025-10-04 04:22:00,2025-10-08 13:22:00,4,37.1,DELIVERED
SHIP0002671,ORD0002340,Toll Priority,CON9620065522,2025-09-17 21:39:00,2025-09-26 15:39:00,8,7.7,DELIVERED
SHIP0002672,ORD0002078,TNT Road,CON4555941353,2025-12-17 10:24:00,2025-12-18 11:24:00,1,0.2,DELIVERED
SHIP0002673,ORD0001465,Toll Priority,CON8184657054,2025-06-02 01:17:00,2025-06-09 14:17:00,7,33.8,DELIVERED
SHIP0002674,ORD0000301,AusFreight Express,CON7451920915,2025-08-19 00:21:00,2025-08-24 04:21:00,5,3.9,DELIVERED
SHIP0002675,ORD0000787,AusFreight Express,CON2158474159,2025-07-11 06:30:00,2025-07-21 00:30:00,9,37.6,DELIVERED
SHIP0002676,ORD0002778,StarTrack Logistics,CON1722753992,2025-05-31 09:31:00,,7,6.9,DELAYED
SHIP0002677,ORD0001490,AusFreight Express,CON1515357329,2025-08-11 04:13:00,,8,23.9,DELAYED
SHIP0002678,ORD0000107,Toll Priority,CON1650312239,2025-09-21 18:25:00,,6,5.5,DELAYED
SHIP0002679,ORD0001487,CouriersPlease,CON4363133278,2025-08-18 20:41:00,,8,40.6,IN_TRANSIT
SHIP0002680,ORD0002410,AusFreight Express,CON6245415187,2025-10-17 01:20:00,,7,0.7,DELAYED
SHIP0002681,ORD0004314,StarTrack Logistics,CON7067333460,2025-07-19 13:21:00,,4,20.0,IN_TRANSIT
SHIP0002682,ORD0000902,Toll Priority,CON9126103300,2025-10-01 19:05:00,2025-10-09 21:05:00,8,14.1,DELIVERED
SHIP0002683,ORD0003736,CouriersPlease,CON9852442396,2025-12-29 16:56:00,,4,1.4,IN_TRANSIT
SHIP0002684,ORD0001653,CouriersPlease,CON5838244460,2025-11-04 13:19:00,2025-11-05 15:19:00,1,19.2,DELIVERED
SHIP0002685,ORD0001378,StarTrack Logistics,CON2635660474,2025-12-18 22:54:00,,1,16.5,LOST
SHIP0002686,ORD0003526,Linfox Direct,CON1236260766,2025-08-05 09:54:00,2025-08-12 17:54:00,7,22.1,DELIVERED
SHIP0002687,ORD0003020,Linfox Direct,CON5362413911,2025-07-02 23:21:00,2025-07-11 18:21:00,8,36.9,DELIVERED
SHIP0002688,ORD0002844,Toll Priority,CON8331676463,2025-11-16 03:14:00,,3,19.0,IN_TRANSIT
SHIP0002689,ORD0003094,Toll Priority,CON5463170319,2025-10-15 05:51:00,2025-10-17 14:51:00,2,14.2,DELIVERED
SHIP0002690,ORD0000097,Toll Priority,CON6981525273,2025-05-26 19:47:00,2025-06-03 04:47:00,7,36.3,DELIVERED
SHIP0002691,ORD0000735,CouriersPlease,CON1066636403,2025-10-05 13:56:00,2025-10-10 06:56:00,4,9.1,DELIVERED
SHIP0002692,ORD0002691,Linfox Direct,CON7336474083,2025-08-26 01:15:00,2025-09-03 21:15:00,8,18.2,DELIVERED
SHIP0002693,ORD0004662,Toll Priority,CON4060821962,2025-08-23 19:54:00,2025-09-02 15:54:00,9,7.2,DELIVERED
SHIP0002694,ORD0003844,Linfox Direct,CON7688484242,2025-08-27 10:01:00,,5,23.2,DELAYED
SHIP0002695,ORD0000137,AusFreight Express,CON2311095864,2025-08-21 12:09:00,2025-08-26 15:09:00,5,11.0,DELIVERED
SHIP0002696,ORD0001262,AusFreight Express,CON4125736877,2025-07-22 09:22:00,,5,31.6,IN_TRANSIT
SHIP0002697,ORD0003312,TNT Road,CON8805142313,2025-09-27 21:15:00,2025-10-05 15:15:00,7,5.4,DELIVERED
SHIP0002698,ORD0004608,CouriersPlease,CON6367069210,2025-10-05 17:07:00,2025-10-08 06:07:00,2,37.4,DELIVERED
SHIP0002699,ORD0003201,Toll Priority,CON2838096843,2025-12-12 00:11:00,2025-12-17 03:11:00,5,30.1,DELIVERED
SHIP0002700,ORD0003497,TNT Road,CON3272899738,2025-06-05 18:02:00,2025-06-14 23:02:00,9,32.6,DELIVERED
SHIP0002701,ORD0001812,AusFreight Express,CON8232551690,2025-09-30 01:22:00,2025-10-05 21:22:00,5,6.5,DELIVERED
SHIP0002702,ORD0001035,TNT Road,CON5176256627,2025-11-06 19:08:00,,2,26.4,DELAYED
SHIP0002703,ORD0003449,Linfox Direct,CON1919945623,2025-07-15 21:13:00,,3,21.2,IN_TRANSIT
SHIP0002704,ORD0002872,Linfox Direct,CON9516740924,2025-11-17 19:54:00,,7,3.4,LOST
SHIP0002705,ORD0000202,TNT Road,CON6213953208,2025-11-08 11:19:00,,9,17.5,LOST
SHIP0002706,ORD0000199,Linfox Direct,CON5294628645,2025-06-25 17:00:00,2025-07-04 20:00:00,9,14.1,DELIVERED
SHIP0002707,ORD0002840,StarTrack Logistics,CON7999952132,2025-08-17 06:58:00,2025-08-20 15:58:00,3,18.5,DELIVERED
SHIP0002708,ORD0001336,CouriersPlease,CON4248632991,2025-11-24 21:47:00,2025-11-28 09:47:00,3,17.9,DELIVERED
SHIP0002709,ORD0002505,AusFreight Express,CON7520012932,2025-12-07 21:35:00,2025-12-15 22:35:00,8,1.1,DELIVERED
SHIP0002710,ORD0003507,TNT Road,CON5328871231,2025-09-23 05:56:00,2025-09-25 00:56:00,1,38.6,DELIVERED
SHIP0002711,ORD0001585,Toll Priority,CON9411671535,2025-08-11 21:09:00,2025-08-14 04:09:00,2,8.2,DELIVERED
SHIP0002712,ORD0003451,TNT Road,CON6746607090,2025-12-29 12:29:00,2026-01-05 06:29:00,6,36.7,DELIVERED
SHIP0002713,ORD0001097,Toll Priority,CON3290215789,2025-08-20 03:46:00,2025-08-25 05:46:00,5,14.5,DELIVERED
SHIP0002714,ORD0001968,Linfox Direct,CON3702631938,2025-06-07 05:27:00,2025-06-13 08:27:00,6,11.9,DELIVERED
SHIP0002715,ORD0002868,StarTrack Logistics,CON9780432804,2025-12-11 22:30:00,,5,28.1,DELAYED
SHIP0002716,ORD0001116,Linfox Direct,CON4810065517,2025-12-31 02:43:00,2026-01-02 09:43:00,2,27.0,DELIVERED
SHIP0002717,ORD0003834,TNT Road,CON5802327986,2025-10-19 09:36:00,2025-10-25 05:36:00,5,32.6,DELIVERED
SHIP0002718,ORD0000908,TNT Road,CON9900557712,2025-08-11 18:43:00,2025-08-16 23:43:00,5,29.3,DELIVERED
SHIP0002719,ORD0003605,AusFreight Express,CON9141786617,2025-09-01 17:18:00,2025-09-04 07:18:00,2,9.2,DELIVERED
SHIP0002720,ORD0004800,AusFreight Express,CON5658947248,2025-11-14 11:24:00,2025-11-17 04:24:00,2,25.7,DELIVERED
SHIP0002721,ORD0000476,Linfox Direct,CON2195015410,2025-06-24 03:00:00,2025-06-26 15:00:00,2,32.4,DELIVERED
SHIP0002722,ORD0002867,TNT Road,CON8146738685,2025-07-01 02:58:00,,5,26.2,IN_TRANSIT
SHIP0002723,ORD0000610,AusFreight Express,CON3150111157,2025-08-24 03:07:00,2025-08-30 05:07:00,6,11.2,DELIVERED
SHIP0002724,ORD0001489,StarTrack Logistics,CON1802125008,2025-07-06 14:23:00,2025-07-11 23:23:00,5,27.0,DELIVERED
SHIP0002725,ORD0001140,Linfox Direct,CON3053115080,2025-12-16 03:41:00,2025-12-21 10:41:00,5,38.2,DELIVERED
SHIP0002726,ORD0004874,Linfox Direct,CON1848896660,2025-06-18 17:17:00,2025-06-21 02:17:00,2,28.0,DELIVERED
SHIP0002727,ORD0001526,StarTrack Logistics,CON8813816892,2025-11-06 23:34:00,2025-11-11 01:34:00,4,20.0,DELIVERED
SHIP0002728,ORD0000643,Toll Priority,CON9892159832,2025-11-25 02:52:00,,1,23.6,DELAYED
SHIP0002729,ORD0002183,TNT Road,CON1820233310,2025-07-24 07:25:00,2025-07-31 11:25:00,7,39.1,DELIVERED
SHIP0002730,ORD0001816,TNT Road,CON5682875615,2025-11-19 11:27:00,,2,16.3,IN_TRANSIT
SHIP0002731,ORD0000445,TNT Road,CON7430787092,2025-10-04 20:44:00,2025-10-06 00:44:00,1,24.0,DELIVERED
SHIP0002732,ORD0001102,AusFreight Express,CON5686292052,2025-12-09 08:07:00,,8,15.5,LOST
SHIP0002733,ORD0002350,Linfox Direct,CON6635794544,2025-07-27 00:28:00,2025-08-04 13:28:00,8,25.3,DELIVERED
SHIP0002734,ORD0002120,StarTrack Logistics,CON1840078525,2025-07-08 07:54:00,,1,28.6,LOST
SHIP0002735,ORD0000297,Linfox Direct,CON6062534631,2025-11-26 02:28:00,,6,34.3,IN_TRANSIT
SHIP0002736,ORD0000853,Toll Priority,CON2856523279,2025-05-25 14:03:00,2025-05-28 08:03:00,2,32.6,DELIVERED
SHIP0002737,ORD0001221,AusFreight Express,CON7125929846,2025-10-11 20:22:00,2025-10-17 16:22:00,5,29.0,DELIVERED
SHIP0002738,ORD0002905,AusFreight Express,CON2729305677,2025-10-14 03:50:00,2025-10-17 08:50:00,3,14.1,DELIVERED
SHIP0002739,ORD0001531,CouriersPlease,CON9848658972,2025-07-31 04:37:00,2025-08-07 10:37:00,7,23.0,DELIVERED
SHIP0002740,ORD0001995,Toll Priority,CON8664180304,2025-12-21 10:31:00,2025-12-30 03:31:00,8,5.6,DELIVERED
SHIP0002741,ORD0002594,StarTrack Logistics,CON3554638215,2025-12-08 05:36:00,2025-12-14 23:36:00,6,2.6,DELIVERED
SHIP0002742,ORD0004704,StarTrack Logistics,CON6142007501,2025-12-10 16:51:00,2025-12-19 05:51:00,8,30.6,DELIVERED
SHIP0002743,ORD0000329,TNT Road,CON1990997794,2025-11-18 14:46:00,2025-11-25 01:46:00,6,31.7,DELIVERED
SHIP0002744,ORD0004839,Toll Priority,CON2849075279,2025-05-22 03:44:00,2025-05-31 05:44:00,9,36.9,DELIVERED
SHIP0002745,ORD0003557,Linfox Direct,CON7107848297,2025-09-06 17:07:00,2025-09-12 06:07:00,5,34.4,DELIVERED
SHIP0002746,ORD0001099,AusFreight Express,CON5657363792,2025-12-07 21:07:00,2025-12-12 15:07:00,4,41.5,DELIVERED
SHIP0002747,ORD0002006,StarTrack Logistics,CON6270748868,2025-12-05 20:07:00,,5,22.0,LOST
SHIP0002748,ORD0004021,CouriersPlease,CON3495243144,2025-11-23 15:58:00,2025-11-30 05:58:00,6,21.1,DELIVERED
SHIP0002749,ORD0004758,StarTrack Logistics,CON3238343116,2025-10-20 07:10:00,2025-10-28 23:10:00,8,15.2,DELIVERED
SHIP0002750,ORD0002013,TNT Road,CON4071757410,2025-10-15 14:39:00,2025-10-18 05:39:00,2,29.3,DELIVERED
SHIP0002751,ORD0003670,Linfox Direct,CON7174006495,2025-08-30 08:21:00,2025-09-01 15:21:00,2,17.6,DELIVERED
SHIP0002752,ORD0002341,TNT Road,CON1887964814,2025-06-27 10:33:00,,4,10.6,LOST
SHIP0002753,ORD0004857,StarTrack Logistics,CON6703652798,2025-09-05 22:23:00,2025-09-10 10:23:00,4,18.7,DELIVERED
SHIP0002754,ORD0000167,TNT Road,CON5901283268,2025-12-17 00:38:00,,4,29.4,LOST
SHIP0002755,ORD0002882,StarTrack Logistics,CON5069900150,2025-11-05 08:00:00,2025-11-15 02:00:00,9,39.5,DELIVERED
SHIP0002756,ORD0003417,AusFreight Express,CON1273806723,2025-12-25 22:14:00,2025-12-30 15:14:00,4,2.0,DELIVERED
SHIP0002757,ORD0000315,StarTrack Logistics,CON4736859983,2025-06-15 10:47:00,2025-06-23 14:47:00,8,1.6,DELIVERED
SHIP0002758,ORD0000730,Toll Priority,CON5905227528,2025-12-15 01:07:00,,9,1.7,IN_TRANSIT
SHIP0002759,ORD0002250,AusFreight Express,CON8401529967,2025-09-28 20:01:00,2025-10-05 00:01:00,6,18.5,DELIVERED
SHIP0002760,ORD0004932,Linfox Direct,CON9788337700,2025-05-29 05:32:00,2025-06-04 06:32:00,6,4.1,DELIVERED
SHIP0002761,ORD0003051,CouriersPlease,CON6560390888,2025-09-21 12:08:00,2025-09-24 20:08:00,3,33.5,DELIVERED
SHIP0002762,ORD0004334,CouriersPlease,CON2085814139,2025-08-27 12:42:00,2025-09-06 03:42:00,9,32.5,DELIVERED
SHIP0002763,ORD0000978,CouriersPlease,CON2487974578,2025-08-14 15:08:00,2025-08-19 07:08:00,4,32.4,DELIVERED
SHIP0002764,ORD0004402,TNT Road,CON1863358686,2025-12-21 02:11:00,2025-12-22 19:11:00,1,10.7,DELIVERED
SHIP0002765,ORD0003409,StarTrack Logistics,CON5634896767,2025-10-25 07:15:00,,4,33.2,LOST
SHIP0002766,ORD0004562,CouriersPlease,CON1508911760,2025-11-02 02:15:00,2025-11-10 22:15:00,8,29.5,DELIVERED
SHIP0002767,ORD0000488,TNT Road,CON2778642318,2025-07-16 09:10:00,,3,23.6,DELAYED
SHIP0002768,ORD0003157,AusFreight Express,CON4814120109,2025-06-14 04:28:00,2025-06-16 18:28:00,2,0.8,DELIVERED
SHIP0002769,ORD0001785,TNT Road,CON6267222345,2025-11-18 16:49:00,2025-11-27 01:49:00,8,35.7,DELIVERED
SHIP0002770,ORD0003835,Linfox Direct,CON3407743612,2025-08-26 14:52:00,2025-08-30 02:52:00,3,12.9,DELIVERED
SHIP0002771,ORD0001053,CouriersPlease,CON5736276344,2025-06-02 00:02:00,,2,32.5,LOST
SHIP0002772,ORD0003691,StarTrack Logistics,CON9507190064,2025-09-24 01:11:00,2025-10-03 02:11:00,9,15.3,DELIVERED
SHIP0002773,ORD0004495,TNT Road,CON6074892230,2025-06-25 22:41:00,,9,16.5,DELAYED
SHIP0002774,ORD0003302,Linfox Direct,CON6318155247,2025-07-28 07:43:00,2025-08-02 08:43:00,5,41.0,DELIVERED
SHIP0002775,ORD0004121,TNT Road,CON8940814995,2025-12-29 13:46:00,2025-12-31 16:46:00,2,38.1,DELIVERED
SHIP0002776,ORD0004300,CouriersPlease,CON9576709658,2025-10-08 10:25:00,2025-10-16 22:25:00,8,41.5,DELIVERED
SHIP0002777,ORD0003292,AusFreight Express,CON4315393617,2025-06-14 18:46:00,,2,41.4,DELAYED
SHIP0002778,ORD0000131,Linfox Direct,CON7051683021,2025-09-03 00:01:00,,4,39.5,IN_TRANSIT
SHIP0002779,ORD0000824,AusFreight Express,CON7782064419,2025-10-26 05:41:00,2025-10-27 13:41:00,1,10.3,DELIVERED
SHIP0002780,ORD0001520,TNT Road,CON3874931072,2025-11-26 16:16:00,2025-12-05 17:16:00,9,3.6,DELIVERED
SHIP0002781,ORD0004263,AusFreight Express,CON1861501460,2025-06-20 03:23:00,,8,6.3,LOST
SHIP0002782,ORD0003727,TNT Road,CON5970477313,2025-07-01 06:36:00,,2,11.6,LOST
SHIP0002783,ORD0000033,CouriersPlease,CON8402892999,2025-09-26 15:45:00,2025-09-28 16:45:00,2,17.3,DELIVERED
SHIP0002784,ORD0004088,Toll Priority,CON1881823024,2025-05-30 23:25:00,2025-06-05 12:25:00,5,35.8,DELIVERED
SHIP0002785,ORD0003142,TNT Road,CON4817553123,2025-09-30 03:38:00,2025-10-02 08:38:00,2,34.0,DELIVERED
SHIP0002786,ORD0004725,StarTrack Logistics,CON5221404906,2025-05-17 08:22:00,2025-05-20 17:22:00,3,37.3,DELIVERED
SHIP0002787,ORD0001765,Linfox Direct,CON7091196330,2025-07-24 09:07:00,2025-07-26 02:07:00,1,18.9,DELIVERED
SHIP0002788,ORD0003993,AusFreight Express,CON5745388068,2025-07-17 07:07:00,,1,5.2,LOST
SHIP0002789,ORD0004734,TNT Road,CON7507937763,2025-07-18 16:01:00,2025-07-25 20:01:00,7,18.8,DELIVERED
SHIP0002790,ORD0004003,TNT Road,CON4193492738,2025-06-15 00:30:00,2025-06-16 12:30:00,1,39.0,DELIVERED
SHIP0002791,ORD0001421,StarTrack Logistics,CON9476103875,2025-11-17 00:13:00,2025-11-25 09:13:00,8,14.5,DELIVERED
SHIP0002792,ORD0002034,Toll Priority,CON4096572819,2025-11-30 07:55:00,2025-12-02 22:55:00,2,14.8,DELIVERED
SHIP0002793,ORD0000802,StarTrack Logistics,CON3040354460,2025-09-08 03:19:00,2025-09-17 19:19:00,9,26.9,DELIVERED
SHIP0002794,ORD0001276,TNT Road,CON6648208771,2025-08-10 10:06:00,2025-08-12 04:06:00,1,20.5,DELIVERED
SHIP0002795,ORD0001716,Linfox Direct,CON4252297700,2025-06-06 11:52:00,,4,17.4,LOST
SHIP0002796,ORD0000585,Toll Priority,CON5586756659,2025-10-07 07:46:00,2025-10-11 10:46:00,4,28.1,DELIVERED
SHIP0002797,ORD0000958,Linfox Direct,CON8606370670,2025-06-01 08:39:00,2025-06-04 18:39:00,3,2.9,DELIVERED
SHIP0002798,ORD0000753,StarTrack Logistics,CON9803176691,2025-06-10 04:13:00,2025-06-14 18:13:00,4,4.5,DELIVERED
SHIP0002799,ORD0000354,Toll Priority,CON7414455091,2025-11-14 22:13:00,2025-11-19 09:13:00,4,6.6,DELIVERED
SHIP0002800,ORD0001623,CouriersPlease,CON1996641642,2026-01-01 08:33:00,,3,12.5,DELAYED
SHIP0002801,ORD0004771,AusFreight Express,CON2620297404,2025-12-31 03:29:00,2026-01-09 17:29:00,9,28.8,DELIVERED
SHIP0002802,ORD0002335,StarTrack Logistics,CON2981249017,2025-11-11 05:24:00,2025-11-20 09:24:00,9,5.1,DELIVERED
SHIP0002803,ORD0001181,TNT Road,CON2463839848,2025-09-06 20:37:00,2025-09-11 03:37:00,4,8.3,DELIVERED
SHIP0002804,ORD0000401,Linfox Direct,CON1069467484,2025-09-19 11:16:00,,8,12.0,DELAYED
SHIP0002805,ORD0002984,Toll Priority,CON1454453989,2025-10-04 09:22:00,2025-10-07 13:22:00,3,41.2,DELIVERED
SHIP0002806,ORD0003889,TNT Road,CON8925616395,2025-11-02 05:13:00,,3,23.4,DELAYED
SHIP0002807,ORD0001022,Toll Priority,CON5809951449,2025-12-01 12:43:00,2025-12-04 17:43:00,3,2.8,DELIVERED
SHIP0002808,ORD0003856,AusFreight Express,CON8824469485,2025-12-14 02:27:00,2025-12-19 08:27:00,5,35.4,DELIVERED
SHIP0002809,ORD0003553,StarTrack Logistics,CON5493990517,2025-06-04 15:06:00,2025-06-06 16:06:00,2,32.2,DELIVERED
SHIP0002810,ORD0004745,Linfox Direct,CON3400889683,2025-12-25 00:31:00,,7,22.6,DELAYED
SHIP0002811,ORD0000135,TNT Road,CON7197494257,2025-10-06 07:12:00,2025-10-10 17:12:00,4,0.9,DELIVERED
SHIP0002812,ORD0000907,AusFreight Express,CON5809528826,2025-07-28 06:22:00,2025-08-05 10:22:00,8,10.0,DELIVERED
SHIP0002813,ORD0001054,Linfox Direct,CON6592669438,2025-12-26 00:51:00,2026-01-03 07:51:00,8,25.5,DELIVERED
SHIP0002814,ORD0003516,TNT Road,CON3927993198,2025-06-18 22:59:00,2025-06-22 07:59:00,3,4.1,DELIVERED
SHIP0002815,ORD0004397,Linfox Direct,CON7666882123,2025-10-25 15:16:00,2025-10-27 21:16:00,2,11.9,DELIVERED
SHIP0002816,ORD0003011,AusFreight Express,CON7327087476,2025-10-18 07:37:00,2025-10-23 12:37:00,5,9.5,DELIVERED
SHIP0002817,ORD0004122,Linfox Direct,CON9152594924,2025-05-29 09:30:00,2025-06-05 16:30:00,7,19.7,DELIVERED
SHIP0002818,ORD0004248,Linfox Direct,CON1253988347,2025-10-02 14:18:00,,3,35.6,IN_TRANSIT
SHIP0002819,ORD0004529,Toll Priority,CON3105783933,2025-11-01 13:57:00,2025-11-11 08:57:00,9,26.7,DELIVERED
SHIP0002820,ORD0002532,StarTrack Logistics,CON3626569006,2025-11-08 09:38:00,2025-11-17 10:38:00,9,20.8,DELIVERED
SHIP0002821,ORD0004011,AusFreight Express,CON4461267299,2025-08-21 22:17:00,2025-08-28 11:17:00,6,3.7,DELIVERED
SHIP0002822,ORD0001335,CouriersPlease,CON7507815430,2025-12-26 07:32:00,,8,0.6,LOST
SHIP0002823,ORD0001670,Toll Priority,CON5219071227,2025-07-04 09:48:00,2025-07-10 02:48:00,5,32.3,DELIVERED
SHIP0002824,ORD0001128,AusFreight Express,CON2031491696,2025-12-26 12:52:00,2026-01-02 08:52:00,6,25.4,DELIVERED
SHIP0002825,ORD0002732,CouriersPlease,CON8245022073,2025-07-15 12:04:00,,2,25.1,IN_TRANSIT
SHIP0002826,ORD0003725,Linfox Direct,CON1360821691,2025-08-09 21:38:00,,5,35.4,DELAYED
SHIP0002827,ORD0001574,StarTrack Logistics,CON9363191511,2025-05-16 21:01:00,2025-05-19 04:01:00,2,2.5,DELIVERED
SHIP0002828,ORD0000631,AusFreight Express,CON5679709740,2025-07-06 09:16:00,2025-07-10 13:16:00,4,33.7,DELIVERED
SHIP0002829,ORD0000849,StarTrack Logistics,CON9722956263,2025-12-20 12:54:00,,9,31.9,DELAYED
SHIP0002830,ORD0000021,Toll Priority,CON6141190313,2025-08-15 17:46:00,2025-08-18 07:46:00,2,0.5,DELIVERED
SHIP0002831,ORD0000677,CouriersPlease,CON6614697780,2025-09-06 14:56:00,2025-09-14 22:56:00,8,29.1,DELIVERED
SHIP0002832,ORD0004394,TNT Road,CON6611694650,2025-12-04 15:01:00,2025-12-10 03:01:00,5,2.1,DELIVERED
SHIP0002833,ORD0004271,TNT Road,CON2740077816,2025-09-29 08:34:00,,6,41.5,IN_TRANSIT
SHIP0002834,ORD0002041,AusFreight Express,CON2890166637,2025-12-29 07:05:00,2026-01-05 12:05:00,7,27.7,DELIVERED
SHIP0002835,ORD0003454,StarTrack Logistics,CON7855774649,2025-08-27 01:25:00,,6,39.5,IN_TRANSIT
SHIP0002836,ORD0003840,Linfox Direct,CON6023042846,2025-07-11 17:26:00,2025-07-21 00:26:00,9,40.2,DELIVERED
SHIP0002837,ORD0000333,AusFreight Express,CON1033358305,2025-06-01 05:23:00,,3,32.8,IN_TRANSIT
SHIP0002838,ORD0004305,StarTrack Logistics,CON9304640656,2025-10-03 01:02:00,2025-10-05 14:02:00,2,31.4,DELIVERED
SHIP0002839,ORD0002931,Linfox Direct,CON8576251044,2025-12-02 10:13:00,2025-12-03 17:13:00,1,24.4,DELIVERED
SHIP0002840,ORD0001903,Linfox Direct,CON5869434411,2025-11-07 04:53:00,2025-11-12 09:53:00,5,35.2,DELIVERED
SHIP0002841,ORD0003472,CouriersPlease,CON5995018212,2025-07-21 00:58:00,2025-07-30 14:58:00,9,5.1,DELIVERED
SHIP0002842,ORD0000737,StarTrack Logistics,CON1959480471,2025-09-30 19:35:00,2025-10-02 08:35:00,1,38.9,DELIVERED
SHIP0002843,ORD0002188,Toll Priority,CON6188873817,2025-07-01 02:26:00,2025-07-02 19:26:00,1,4.4,DELIVERED
SHIP0002844,ORD0003827,Toll Priority,CON4835860468,2025-12-01 00:25:00,,4,30.7,IN_TRANSIT
SHIP0002845,ORD0003501,CouriersPlease,CON3178834291,2025-09-07 00:07:00,2025-09-10 16:07:00,3,20.8,DELIVERED
SHIP0002846,ORD0003070,StarTrack Logistics,CON9802509047,2025-12-08 18:25:00,,5,13.5,LOST
SHIP0002847,ORD0002684,Linfox Direct,CON5268044057,2025-07-30 23:02:00,2025-08-08 00:02:00,8,33.3,DELIVERED
SHIP0002848,ORD0001719,AusFreight Express,CON5657596385,2025-11-19 07:22:00,2025-11-27 10:22:00,8,21.1,DELIVERED
SHIP0002849,ORD0002004,CouriersPlease,CON9176334029,2025-06-23 05:57:00,,8,36.3,DELAYED
SHIP0002850,ORD0003638,CouriersPlease,CON7316807804,2025-11-28 07:56:00,,6,11.5,LOST
SHIP0002851,ORD0000918,StarTrack Logistics,CON5265314065,2025-07-07 15:36:00,,2,28.4,LOST
SHIP0002852,ORD0000727,StarTrack Logistics,CON6592142915,2025-06-27 15:14:00,,3,27.1,LOST
SHIP0002853,ORD0000914,TNT Road,CON2657506752,2025-11-18 21:00:00,,9,10.8,DELAYED
SHIP0002854,ORD0004838,TNT Road,CON7020648621,2025-06-26 19:00:00,2025-06-28 13:00:00,1,18.6,DELIVERED
SHIP0002855,ORD0002430,StarTrack Logistics,CON9549188689,2025-12-18 12:01:00,2025-12-24 00:01:00,5,10.3,DELIVERED
SHIP0002856,ORD0003321,CouriersPlease,CON5662456236,2025-06-26 08:13:00,2025-06-29 17:13:00,3,13.5,DELIVERED
SHIP0002857,ORD0002722,StarTrack Logistics,CON9595765927,2025-10-15 15:52:00,2025-10-21 03:52:00,5,38.1,DELIVERED
SHIP0002858,ORD0003227,Linfox Direct,CON1514515919,2025-09-28 15:47:00,2025-10-06 22:47:00,8,33.3,DELIVERED
SHIP0002859,ORD0003984,CouriersPlease,CON9093882708,2025-07-25 19:03:00,2025-07-31 00:03:00,5,12.2,DELIVERED
SHIP0002860,ORD0004556,CouriersPlease,CON2907335207,2025-11-09 23:01:00,2025-11-18 15:01:00,8,15.8,DELIVERED
SHIP0002861,ORD0004482,StarTrack Logistics,CON7560115444,2025-08-17 19:50:00,,5,38.9,DELAYED
SHIP0002862,ORD0003594,AusFreight Express,CON8356363216,2025-10-13 21:01:00,2025-10-15 15:01:00,1,3.1,DELIVERED
SHIP0002863,ORD0000380,Linfox Direct,CON3715668024,2025-07-29 10:08:00,2025-07-31 03:08:00,1,39.9,DELIVERED
SHIP0002864,ORD0003052,StarTrack Logistics,CON1308236329,2025-12-19 15:53:00,2025-12-29 03:53:00,9,2.2,DELIVERED
SHIP0002865,ORD0001156,StarTrack Logistics,CON6616537355,2025-12-13 01:36:00,2025-12-17 21:36:00,4,8.6,DELIVERED
SHIP0002866,ORD0003046,CouriersPlease,CON5890962709,2025-05-18 01:53:00,2025-05-19 14:53:00,1,5.5,DELIVERED
SHIP0002867,ORD0000181,StarTrack Logistics,CON6127980826,2025-10-04 00:39:00,,5,8.6,DELAYED
SHIP0002868,ORD0000355,StarTrack Logistics,CON3065647328,2025-12-16 21:10:00,2025-12-25 12:10:00,8,27.4,DELIVERED
SHIP0002869,ORD0001999,CouriersPlease,CON7533760326,2025-08-22 15:30:00,2025-08-27 21:30:00,5,5.2,DELIVERED
SHIP0002870,ORD0003958,CouriersPlease,CON2129751783,2025-10-04 14:01:00,,4,6.3,DELAYED
SHIP0002871,ORD0000286,Linfox Direct,CON2549977274,2025-06-10 09:02:00,2025-06-14 12:02:00,4,31.2,DELIVERED
SHIP0002872,ORD0003335,TNT Road,CON3693722802,2025-10-04 16:46:00,,1,27.6,IN_TRANSIT
SHIP0002873,ORD0004445,Toll Priority,CON6042562898,2025-09-09 14:27:00,,8,9.6,IN_TRANSIT
SHIP0002874,ORD0001320,TNT Road,CON4608532205,2025-12-29 11:07:00,2025-12-31 02:07:00,1,27.1,DELIVERED
SHIP0002875,ORD0003623,AusFreight Express,CON4384280806,2025-10-15 10:10:00,,6,33.9,LOST
SHIP0002876,ORD0003930,TNT Road,CON7140970883,2025-07-21 08:32:00,2025-07-28 11:32:00,7,31.3,DELIVERED
SHIP0002877,ORD0004683,TNT Road,CON8572900949,2025-06-30 03:11:00,2025-07-02 20:11:00,2,39.2,DELIVERED
SHIP0002878,ORD0004266,TNT Road,CON4199539068,2025-08-09 20:28:00,2025-08-14 01:28:00,4,28.1,DELIVERED
SHIP0002879,ORD0000165,TNT Road,CON3694118121,2025-08-22 07:12:00,2025-08-29 18:12:00,7,16.4,DELIVERED
SHIP0002880,ORD0002675,Toll Priority,CON1595923180,2025-10-05 22:14:00,2025-10-10 13:14:00,4,26.1,DELIVERED
SHIP0002881,ORD0001229,Toll Priority,CON9855412887,2025-11-25 07:06:00,2025-12-02 19:06:00,7,23.7,DELIVERED
SHIP0002882,ORD0002801,TNT Road,CON7093051063,2025-10-30 01:34:00,2025-11-07 15:34:00,8,15.7,DELIVERED
SHIP0002883,ORD0001735,TNT Road,CON5966852494,2025-11-24 13:02:00,2025-11-25 16:02:00,1,10.9,DELIVERED
SHIP0002884,ORD0001162,CouriersPlease,CON7460680860,2025-09-02 10:07:00,,5,1.0,DELAYED
SHIP0002885,ORD0003050,Linfox Direct,CON2374174223,2025-06-26 23:13:00,,5,10.7,LOST
SHIP0002886,ORD0004659,AusFreight Express,CON8814571642,2025-06-29 17:33:00,2025-07-06 19:33:00,7,41.8,DELIVERED
SHIP0002887,ORD0000930,AusFreight Express,CON4998259260,2025-11-17 00:09:00,2025-11-19 19:09:00,2,41.0,DELIVERED
SHIP0002888,ORD0000099,Toll Priority,CON5456962369,2025-07-20 11:58:00,2025-07-28 19:58:00,8,12.1,DELIVERED
SHIP0002889,ORD0002551,TNT Road,CON9532891010,2025-10-02 00:37:00,,4,21.3,LOST
SHIP0002890,ORD0004775,Toll Priority,CON2701429219,2025-12-14 00:20:00,2025-12-21 09:20:00,7,21.7,DELIVERED
SHIP0002891,ORD0002388,CouriersPlease,CON6507163196,2025-10-04 00:50:00,2025-10-05 10:50:00,1,10.6,DELIVERED
SHIP0002892,ORD0004908,Toll Priority,CON7225558903,2025-11-29 16:57:00,2025-12-01 19:57:00,2,10.2,DELIVERED
SHIP0002893,ORD0002574,Toll Priority,CON8791160971,2025-08-24 04:11:00,2025-09-01 19:11:00,8,35.4,DELIVERED
SHIP0002894,ORD0004507,StarTrack Logistics,CON5015330225,2025-06-15 21:38:00,2025-06-19 11:38:00,3,26.0,DELIVERED
SHIP0002895,ORD0004369,AusFreight Express,CON3906790988,2025-08-27 02:13:00,2025-09-04 06:13:00,8,16.2,DELIVERED
SHIP0002896,ORD0000231,AusFreight Express,CON6425012901,2025-08-03 05:34:00,2025-08-05 22:34:00,2,20.6,DELIVERED
SHIP0002897,ORD0004631,TNT Road,CON6010462350,2025-12-06 16:18:00,2025-12-15 23:18:00,9,25.7,DELIVERED
SHIP0002898,ORD0002242,TNT Road,CON4807407733,2025-10-26 07:04:00,2025-11-01 10:04:00,6,17.3,DELIVERED
SHIP0002899,ORD0004805,AusFreight Express,CON6527165561,2025-10-09 16:17:00,2025-10-18 19:17:00,9,11.5,DELIVERED
SHIP0002900,ORD0004523,Toll Priority,CON3176465918,2025-12-19 00:20:00,,8,5.8,IN_TRANSIT
SHIP0002901,ORD0001492,TNT Road,CON6542034071,2025-05-20 03:04:00,2025-05-23 18:04:00,3,8.0,DELIVERED
SHIP0002902,ORD0001906,Toll Priority,CON3345199455,2025-09-03 02:02:00,,7,14.3,LOST
SHIP0002903,ORD0001455,Linfox Direct,CON3782151284,2025-08-17 08:46:00,,1,21.2,IN_TRANSIT
SHIP0002904,ORD0000024,TNT Road,CON2916294460,2025-08-15 19:39:00,,6,35.5,LOST
SHIP0002905,ORD0003705,AusFreight Express,CON7589065817,2025-09-13 21:17:00,2025-09-18 02:17:00,4,30.2,DELIVERED
SHIP0002906,ORD0002966,Linfox Direct,CON6726493502,2025-12-05 06:47:00,2025-12-12 13:47:00,7,39.7,DELIVERED
SHIP0002907,ORD0004895,AusFreight Express,CON5395370892,2025-06-12 16:51:00,2025-06-15 17:51:00,3,13.1,DELIVERED
SHIP0002908,ORD0002151,TNT Road,CON9408245690,2025-09-23 12:46:00,2025-10-01 14:46:00,8,19.7,DELIVERED
SHIP0002909,ORD0000066,CouriersPlease,CON5412420674,2025-06-29 02:54:00,2025-07-05 15:54:00,6,29.0,DELIVERED
SHIP0002910,ORD0001802,Toll Priority,CON3642266668,2025-12-12 02:03:00,2025-12-21 12:03:00,9,13.1,DELIVERED
SHIP0002911,ORD0003959,TNT Road,CON8825453123,2025-09-08 09:45:00,,1,28.0,IN_TRANSIT
SHIP0002912,ORD0003164,CouriersPlease,CON3471647354,2025-11-15 23:13:00,2025-11-23 09:13:00,7,10.7,DELIVERED
SHIP0002913,ORD0002652,StarTrack Logistics,CON5895744254,2025-10-21 07:46:00,,9,25.8,DELAYED
SHIP0002914,ORD0004653,StarTrack Logistics,CON3865265991,2025-11-29 15:13:00,,8,28.3,DELAYED
SHIP0002915,ORD0000920,TNT Road,CON8926603213,2025-08-21 13:21:00,,7,25.5,IN_TRANSIT
SHIP0002916,ORD0003480,StarTrack Logistics,CON1528373281,2025-12-31 00:09:00,2026-01-09 12:09:00,9,27.1,DELIVERED
SHIP0002917,ORD0003408,Toll Priority,CON5378841861,2025-07-28 09:40:00,2025-07-29 13:40:00,1,0.6,DELIVERED
SHIP0002918,ORD0001923,CouriersPlease,CON3693339305,2025-12-01 10:04:00,2025-12-10 02:04:00,8,38.8,DELIVERED
SHIP0002919,ORD0002032,CouriersPlease,CON9801924094,2025-12-17 22:54:00,,9,39.5,IN_TRANSIT
SHIP0002920,ORD0001089,StarTrack Logistics,CON1369583060,2025-09-19 19:56:00,2025-09-28 13:56:00,8,0.8,DELIVERED
SHIP0002921,ORD0000207,TNT Road,CON3344090024,2025-05-28 05:45:00,2025-06-01 12:45:00,4,30.4,DELIVERED
SHIP0002922,ORD0004345,AusFreight Express,CON1271579360,2025-09-06 15:23:00,2025-09-16 07:23:00,9,8.9,DELIVERED
SHIP0002923,ORD0002937,Toll Priority,CON7271751454,2025-07-25 14:52:00,2025-08-03 08:52:00,8,28.1,DELIVERED
SHIP0002924,ORD0003523,Linfox Direct,CON3345620962,2025-10-19 06:52:00,2025-10-23 01:52:00,3,36.9,DELIVERED
SHIP0002925,ORD0001983,AusFreight Express,CON4725531737,2025-09-24 06:03:00,2025-09-29 09:03:00,5,11.3,DELIVERED
SHIP0002926,ORD0000591,CouriersPlease,CON1639142751,2025-09-29 07:32:00,,1,32.8,IN_TRANSIT
SHIP0002927,ORD0001831,Linfox Direct,CON8807004714,2025-12-13 07:01:00,,7,7.3,LOST
SHIP0002928,ORD0001269,AusFreight Express,CON3805498810,2025-06-04 10:58:00,,6,23.9,DELAYED
SHIP0002929,ORD0004236,StarTrack Logistics,CON7388856114,2025-12-30 11:27:00,,7,1.6,DELAYED
SHIP0002930,ORD0001560,AusFreight Express,CON8713970097,2025-08-31 09:05:00,,8,17.2,LOST
SHIP0002931,ORD0002258,Linfox Direct,CON1195521235,2025-11-27 01:57:00,2025-11-30 11:57:00,3,22.3,DELIVERED
SHIP0002932,ORD0002919,AusFreight Express,CON1092576419,2025-08-26 03:27:00,,8,17.8,IN_TRANSIT
SHIP0002933,ORD0001592,Toll Priority,CON2967394680,2025-05-19 13:34:00,,6,8.0,DELAYED
SHIP0002934,ORD0004739,Linfox Direct,CON5728539834,2025-08-25 15:36:00,2025-08-29 07:36:00,3,41.6,DELIVERED
SHIP0002935,ORD0002651,AusFreight Express,CON2563308230,2025-07-16 09:28:00,2025-07-20 12:28:00,4,12.3,DELIVERED
SHIP0002936,ORD0002462,StarTrack Logistics,CON3059715206,2025-05-22 19:44:00,2025-06-01 09:44:00,9,16.0,DELIVERED
SHIP0002937,ORD0000722,Toll Priority,CON7511841838,2025-08-04 18:02:00,,4,31.9,DELAYED
SHIP0002938,ORD0003496,Toll Priority,CON3322107854,2025-08-23 00:36:00,,6,6.2,LOST
SHIP0002939,ORD0000777,StarTrack Logistics,CON7622309228,2025-10-12 16:19:00,2025-10-17 05:19:00,4,24.9,DELIVERED
SHIP0002940,ORD0003371,Linfox Direct,CON4182082620,2025-10-20 19:53:00,2025-10-25 14:53:00,4,19.4,DELIVERED
SHIP0002941,ORD0004500,AusFreight Express,CON1746194335,2025-06-26 00:48:00,2025-07-02 10:48:00,6,18.4,DELIVERED
SHIP0002942,ORD0001912,Linfox Direct,CON6697274294,2025-12-17 08:30:00,2025-12-25 15:30:00,8,4.0,DELIVERED
SHIP0002943,ORD0002537,StarTrack Logistics,CON1463722504,2025-07-17 19:37:00,,6,24.4,DELAYED
SHIP0002944,ORD0002703,StarTrack Logistics,CON3371507764,2025-12-27 13:15:00,2025-12-29 05:15:00,1,34.1,DELIVERED
SHIP0002945,ORD0003317,AusFreight Express,CON4802438323,2025-08-04 12:36:00,2025-08-07 18:36:00,3,37.9,DELIVERED
SHIP0002946,ORD0000541,AusFreight Express,CON1549801008,2025-07-04 11:58:00,2025-07-09 23:58:00,5,31.2,DELIVERED
SHIP0002947,ORD0003807,AusFreight Express,CON1361545239,2025-05-20 12:23:00,,2,8.6,DELAYED
SHIP0002948,ORD0000341,StarTrack Logistics,CON4957730102,2025-12-04 06:50:00,,9,7.6,DELAYED
SHIP0002949,ORD0003570,Linfox Direct,CON2039137876,2025-07-06 22:28:00,2025-07-13 05:28:00,6,8.2,DELIVERED
SHIP0002950,ORD0000410,Toll Priority,CON3765846228,2025-06-28 02:26:00,2025-07-01 21:26:00,3,11.4,DELIVERED
SHIP0002951,ORD0002021,Toll Priority,CON4150480401,2025-10-21 16:03:00,2025-10-23 17:03:00,2,34.1,DELIVERED
SHIP0002952,ORD0003170,AusFreight Express,CON2652844179,2025-11-03 02:27:00,2025-11-08 17:27:00,5,21.4,DELIVERED
SHIP0002953,ORD0002162,StarTrack Logistics,CON9039256165,2025-09-07 21:50:00,,9,30.8,IN_TRANSIT
SHIP0002954,ORD0001365,TNT Road,CON3818190479,2025-11-01 06:44:00,2025-11-10 10:44:00,9,13.7,DELIVERED
SHIP0002955,ORD0003082,Linfox Direct,CON1247222685,2025-10-24 16:00:00,2025-11-02 17:00:00,9,33.1,DELIVERED
SHIP0002956,ORD0002779,AusFreight Express,CON9744005455,2025-11-08 01:36:00,2025-11-15 02:36:00,7,24.3,DELIVERED
SHIP0002957,ORD0002587,Linfox Direct,CON5508934592,2025-06-02 00:00:00,2025-06-09 08:00:00,7,36.7,DELIVERED
SHIP0002958,ORD0002289,StarTrack Logistics,CON5250685841,2025-08-01 22:10:00,2025-08-08 16:10:00,6,14.0,DELIVERED
SHIP0002959,ORD0002988,Linfox Direct,CON5403833231,2025-11-05 11:22:00,2025-11-12 17:22:00,7,14.1,DELIVERED
SHIP0002960,ORD0001360,StarTrack Logistics,CON6251725310,2025-09-23 23:18:00,,5,2.3,DELAYED
SHIP0002961,ORD0004924,StarTrack Logistics,CON1366857629,2025-10-17 04:01:00,,3,25.9,DELAYED
SHIP0002962,ORD0003468,TNT Road,CON8825959312,2025-12-05 13:03:00,,1,9.8,IN_TRANSIT
SHIP0002963,ORD0002749,CouriersPlease,CON4006689798,2025-08-31 17:19:00,2025-09-03 05:19:00,2,27.9,DELIVERED
SHIP0002964,ORD0000447,TNT Road,CON3387226806,2025-08-04 00:59:00,,5,37.6,DELAYED
SHIP0002965,ORD0000324,Linfox Direct,CON5079802849,2025-11-11 15:24:00,2025-11-17 23:24:00,6,34.1,DELIVERED
SHIP0002966,ORD0001631,Linfox Direct,CON6192174826,2025-07-16 19:51:00,2025-07-19 12:51:00,2,11.6,DELIVERED
SHIP0002967,ORD0003715,CouriersPlease,CON5101479485,2025-10-22 14:14:00,,9,17.2,IN_TRANSIT
SHIP0002968,ORD0002009,AusFreight Express,CON9352073901,2025-09-05 23:09:00,2025-09-14 07:09:00,8,24.9,DELIVERED
SHIP0002969,ORD0002943,Linfox Direct,CON8405026712,2025-09-02 09:32:00,,8,18.8,LOST
SHIP0002970,ORD0000593,TNT Road,CON4291310715,2025-07-16 20:59:00,2025-07-23 09:59:00,6,5.4,DELIVERED
SHIP0002971,ORD0002218,CouriersPlease,CON4564669662,2025-09-20 22:51:00,2025-09-25 07:51:00,4,16.1,DELIVERED
SHIP0002972,ORD0002257,AusFreight Express,CON7255973325,2025-08-12 01:16:00,,4,35.5,LOST
SHIP0002973,ORD0004437,TNT Road,CON4451150410,2025-07-12 06:48:00,2025-07-19 19:48:00,7,16.1,DELIVERED
SHIP0002974,ORD0001547,StarTrack Logistics,CON1234992183,2025-06-12 12:57:00,2025-06-18 23:57:00,6,3.0,DELIVERED
SHIP0002975,ORD0001208,Toll Priority,CON7080894350,2025-10-12 21:15:00,2025-10-18 08:15:00,5,40.1,DELIVERED
SHIP0002976,ORD0001759,TNT Road,CON6871307094,2025-06-18 07:32:00,2025-06-25 20:32:00,7,15.0,DELIVERED
SHIP0002977,ORD0003868,StarTrack Logistics,CON8083527409,2025-06-24 05:58:00,2025-07-02 07:58:00,8,40.5,DELIVERED
SHIP0002978,ORD0002699,CouriersPlease,CON2711002231,2025-12-07 10:45:00,2025-12-17 04:45:00,9,32.1,DELIVERED
SHIP0002979,ORD0004537,StarTrack Logistics,CON7756602570,2025-10-17 04:44:00,2025-10-25 17:44:00,8,2.3,DELIVERED
SHIP0002980,ORD0001820,Linfox Direct,CON5894381132,2025-10-22 17:38:00,2025-10-31 22:38:00,9,33.1,DELIVERED
SHIP0002981,ORD0004295,StarTrack Logistics,CON7503584113,2025-10-04 00:16:00,,1,26.4,LOST
SHIP0002982,ORD0001216,CouriersPlease,CON4450313128,2025-10-09 09:47:00,2025-10-16 23:47:00,7,12.3,DELIVERED
SHIP0002983,ORD0002959,Toll Priority,CON5916852118,2025-05-27 04:15:00,2025-05-31 18:15:00,4,10.6,DELIVERED
SHIP0002984,ORD0001568,TNT Road,CON6126422025,2025-09-15 07:25:00,2025-09-22 01:25:00,6,26.7,DELIVERED
SHIP0002985,ORD0004393,AusFreight Express,CON2094686466,2025-12-05 10:54:00,2025-12-11 02:54:00,5,31.3,DELIVERED
SHIP0002986,ORD0001522,Toll Priority,CON1442298324,2025-12-04 09:10:00,2025-12-08 04:10:00,3,6.1,DELIVERED
SHIP0002987,ORD0000814,AusFreight Express,CON1383874331,2025-06-01 06:45:00,2025-06-06 11:45:00,5,10.8,DELIVERED
SHIP0002988,ORD0004854,AusFreight Express,CON8589221664,2025-07-27 07:02:00,2025-07-28 09:02:00,1,35.7,DELIVERED
SHIP0002989,ORD0004883,StarTrack Logistics,CON8263348040,2025-07-13 20:20:00,2025-07-16 21:20:00,3,35.7,DELIVERED
SHIP0002990,ORD0002883,TNT Road,CON2548647735,2025-09-21 10:50:00,,5,22.9,LOST
SHIP0002991,ORD0000774,TNT Road,CON5285949939,2025-12-07 21:52:00,2025-12-11 03:52:00,3,34.7,DELIVERED
SHIP0002992,ORD0002291,Toll Priority,CON8102011256,2025-05-20 01:19:00,2025-05-23 07:19:00,3,33.5,DELIVERED
SHIP0002993,ORD0004568,AusFreight Express,CON4300579614,2025-06-08 15:28:00,,3,15.5,LOST
SHIP0002994,ORD0001109,CouriersPlease,CON3277223441,2025-12-05 23:56:00,2025-12-13 11:56:00,7,30.8,DELIVERED
SHIP0002995,ORD0001679,TNT Road,CON9574913528,2025-07-18 20:30:00,,4,38.6,LOST
SHIP0002996,ORD0001830,AusFreight Express,CON2786472691,2025-06-12 01:28:00,,9,37.7,DELAYED
SHIP0002997,ORD0000305,Linfox Direct,CON2678503458,2025-10-16 08:27:00,,7,9.6,LOST
SHIP0002998,ORD0001913,CouriersPlease,CON3657595698,2025-08-14 06:07:00,,9,10.9,IN_TRANSIT
SHIP0002999,ORD0002051,AusFreight Express,CON4168660506,2025-10-29 12:09:00,2025-11-06 14:09:00,8,30.5,DELIVERED
SHIP0003000,ORD0002442,AusFreight Express,CON5332679458,2025-11-23 04:54:00,2025-11-26 06:54:00,3,3.2,DELIVERED
SHIP0003001,ORD0001010,CouriersPlease,CON6127088652,2025-08-02 16:25:00,,2,41.9,LOST
SHIP0003002,ORD0001241,CouriersPlease,CON3080102797,2025-09-01 13:12:00,2025-09-05 09:12:00,3,41.5,DELIVERED
SHIP0003003,ORD0000770,AusFreight Express,CON5468860949,2025-05-17 11:11:00,2025-05-24 13:11:00,7,19.9,DELIVERED
SHIP0003004,ORD0003951,AusFreight Express,CON4230510890,2025-06-19 13:35:00,2025-06-25 21:35:00,6,6.7,DELIVERED
SHIP0003005,ORD0001965,TNT Road,CON7246773064,2025-09-14 01:42:00,2025-09-20 14:42:00,6,32.8,DELIVERED
SHIP0003006,ORD0001769,TNT Road,CON6728920871,2025-12-15 23:07:00,,5,31.3,IN_TRANSIT
SHIP0003007,ORD0004387,TNT Road,CON7002117450,2025-11-01 19:55:00,2025-11-10 22:55:00,9,39.4,DELIVERED
SHIP0003008,ORD0004600,StarTrack Logistics,CON9034621536,2025-07-14 23:42:00,2025-07-19 13:42:00,4,41.5,DELIVERED
SHIP0003009,ORD0002969,TNT Road,CON9219767262,2025-05-24 14:39:00,2025-06-01 10:39:00,7,3.9,DELIVERED
SHIP0003010,ORD0001008,CouriersPlease,CON9744831689,2025-08-20 22:17:00,2025-08-23 15:17:00,2,16.8,DELIVERED
SHIP0003011,ORD0001060,AusFreight Express,CON2724828955,2025-10-13 23:36:00,,5,12.6,IN_TRANSIT
SHIP0003012,ORD0002566,StarTrack Logistics,CON1941044522,2025-05-19 20:35:00,2025-05-23 23:35:00,4,31.2,DELIVERED
SHIP0003013,ORD0000836,TNT Road,CON7770366373,2025-11-19 14:38:00,2025-11-24 06:38:00,4,17.5,DELIVERED
SHIP0003014,ORD0002858,AusFreight Express,CON7883534512,2025-09-30 11:21:00,2025-10-01 15:21:00,1,27.7,DELIVERED
SHIP0003015,ORD0004863,Toll Priority,CON4390316941,2025-10-17 19:46:00,2025-10-27 11:46:00,9,18.4,DELIVERED
SHIP0003016,ORD0004478,StarTrack Logistics,CON2243397209,2025-11-13 07:34:00,,8,10.7,IN_TRANSIT
SHIP0003017,ORD0001419,AusFreight Express,CON9759939851,2025-08-18 16:03:00,2025-08-26 02:03:00,7,24.2,DELIVERED
SHIP0003018,ORD0004098,TNT Road,CON2025386460,2025-05-24 07:49:00,,3,33.9,IN_TRANSIT
SHIP0003019,ORD0003586,StarTrack Logistics,CON6090646871,2025-09-08 20:02:00,,2,32.3,IN_TRANSIT
SHIP0003020,ORD0001146,TNT Road,CON9556403595,2025-12-29 04:24:00,2026-01-03 05:24:00,5,30.3,DELIVERED
SHIP0003021,ORD0004589,Linfox Direct,CON1192390251,2025-07-28 10:08:00,2025-07-30 23:08:00,2,36.4,DELIVERED
SHIP0003022,ORD0000330,Linfox Direct,CON4232298942,2025-10-08 05:08:00,2025-10-16 07:08:00,8,40.1,DELIVERED
SHIP0003023,ORD0004740,Linfox Direct,CON5003044050,2025-11-21 15:40:00,,1,27.7,IN_TRANSIT
SHIP0003024,ORD0003800,CouriersPlease,CON5598428662,2025-09-13 21:47:00,2025-09-21 02:47:00,7,24.9,DELIVERED
SHIP0003025,ORD0004753,AusFreight Express,CON1904185333,2025-10-19 21:21:00,,3,31.2,LOST
SHIP0003026,ORD0004974,TNT Road,CON4098666758,2025-05-17 16:17:00,2025-05-23 01:17:00,5,6.4,DELIVERED
SHIP0003027,ORD0000187,Linfox Direct,CON5440935652,2025-07-26 03:19:00,2025-07-30 22:19:00,4,13.9,DELIVERED
SHIP0003028,ORD0001464,Linfox Direct,CON3610996317,2025-06-02 15:50:00,2025-06-12 08:50:00,9,4.4,DELIVERED
SHIP0003029,ORD0002008,AusFreight Express,CON7505274585,2025-06-18 06:54:00,2025-06-23 01:54:00,4,18.2,DELIVERED
SHIP0003030,ORD0003625,AusFreight Express,CON3213147742,2025-07-13 21:42:00,2025-07-16 00:42:00,2,21.8,DELIVERED
SHIP0003031,ORD0003884,StarTrack Logistics,CON2133873311,2025-10-26 22:39:00,2025-10-29 08:39:00,2,5.8,DELIVERED
SHIP0003032,ORD0004558,Linfox Direct,CON2940458820,2025-07-03 07:02:00,2025-07-12 23:02:00,9,36.9,DELIVERED
SHIP0003033,ORD0003780,Toll Priority,CON8192895260,2025-07-25 11:50:00,2025-07-27 01:50:00,1,19.9,DELIVERED
SHIP0003034,ORD0000866,AusFreight Express,CON1896425525,2025-08-20 10:13:00,,4,0.7,DELAYED
SHIP0003035,ORD0000785,TNT Road,CON6357969877,2025-08-29 13:06:00,,4,23.9,LOST
SHIP0003036,ORD0001920,AusFreight Express,CON3608931894,2025-10-12 11:32:00,,4,4.6,DELAYED
SHIP0003037,ORD0004807,Linfox Direct,CON9694891402,2025-11-12 06:19:00,2025-11-15 12:19:00,3,34.5,DELIVERED
SHIP0003038,ORD0001889,TNT Road,CON2757395921,2025-12-07 08:50:00,2025-12-14 10:50:00,7,19.3,DELIVERED
SHIP0003039,ORD0004183,Linfox Direct,CON1975620226,2025-09-19 12:23:00,2025-09-27 13:23:00,8,40.1,DELIVERED
SHIP0003040,ORD0001254,Linfox Direct,CON2386248573,2025-06-24 19:09:00,2025-06-29 00:09:00,4,8.5,DELIVERED
SHIP0003041,ORD0001076,CouriersPlease,CON3621534106,2025-11-21 11:22:00,2025-11-23 07:22:00,1,13.8,DELIVERED
SHIP0003042,ORD0001488,StarTrack Logistics,CON3055119902,2025-11-28 04:42:00,2025-12-06 19:42:00,8,32.1,DELIVERED
SHIP0003043,ORD0001240,Linfox Direct,CON6044379561,2025-10-08 13:46:00,2025-10-09 20:46:00,1,33.6,DELIVERED
SHIP0003044,ORD0002353,CouriersPlease,CON2075215010,2025-09-14 23:12:00,2025-09-21 19:12:00,6,18.4,DELIVERED
SHIP0003045,ORD0003019,Linfox Direct,CON4073415042,2025-10-11 20:52:00,2025-10-18 05:52:00,6,37.5,DELIVERED
SHIP0003046,ORD0002709,Toll Priority,CON3950268176,2025-06-27 15:16:00,2025-07-01 19:16:00,4,24.3,DELIVERED
SHIP0003047,ORD0004281,Toll Priority,CON3274029531,2025-05-26 17:06:00,2025-06-05 04:06:00,9,6.1,DELIVERED
SHIP0003048,ORD0003297,Toll Priority,CON4048151170,2025-05-29 16:06:00,2025-06-04 20:06:00,6,14.5,DELIVERED
SHIP0003049,ORD0003278,AusFreight Express,CON8187697842,2025-08-15 08:49:00,,9,25.4,DELAYED
SHIP0003050,ORD0003307,AusFreight Express,CON9943818109,2025-09-13 12:28:00,2025-09-23 01:28:00,9,32.7,DELIVERED
SHIP0003051,ORD0004707,TNT Road,CON7867695065,2025-10-19 02:25:00,2025-10-21 16:25:00,2,2.1,DELIVERED
SHIP0003052,ORD0001681,Toll Priority,CON7708188913,2025-08-05 06:12:00,,9,15.9,IN_TRANSIT
SHIP0003053,ORD0001441,Linfox Direct,CON1150516888,2025-08-27 00:50:00,2025-08-29 07:50:00,2,15.9,DELIVERED
SHIP0003054,ORD0002248,AusFreight Express,CON8566392914,2025-06-14 13:08:00,2025-06-20 14:08:00,6,13.1,DELIVERED
SHIP0003055,ORD0002607,CouriersPlease,CON1928801176,2025-10-04 20:55:00,2025-10-11 23:55:00,7,2.1,DELIVERED
SHIP0003056,ORD0004750,CouriersPlease,CON2741714216,2025-07-19 14:06:00,2025-07-28 01:06:00,8,37.2,DELIVERED
SHIP0003057,ORD0001500,Linfox Direct,CON7517777591,2025-08-19 00:15:00,,9,30.4,DELAYED
SHIP0003058,ORD0003981,StarTrack Logistics,CON9278675455,2025-10-05 03:04:00,2025-10-06 04:04:00,1,31.8,DELIVERED
SHIP0003059,ORD0001673,TNT Road,CON8299543446,2025-12-12 03:03:00,2025-12-19 15:03:00,7,18.7,DELIVERED
SHIP0003060,ORD0002297,Linfox Direct,CON9235210598,2025-08-12 19:33:00,,8,37.3,LOST
SHIP0003061,ORD0000613,CouriersPlease,CON8859690273,2025-07-16 00:36:00,2025-07-23 05:36:00,7,6.7,DELIVERED
SHIP0003062,ORD0002383,StarTrack Logistics,CON4362174193,2025-12-22 05:28:00,2025-12-23 22:28:00,1,13.4,DELIVERED
SHIP0003063,ORD0004845,CouriersPlease,CON5312217646,2025-06-25 12:00:00,2025-07-01 06:00:00,5,39.8,DELIVERED
SHIP0003064,ORD0000081,StarTrack Logistics,CON5160436242,2025-11-07 03:35:00,,2,3.4,LOST
SHIP0003065,ORD0001443,StarTrack Logistics,CON9969111007,2025-08-14 17:34:00,2025-08-22 10:34:00,7,34.4,DELIVERED
SHIP0003066,ORD0001256,StarTrack Logistics,CON8200317322,2025-09-04 07:22:00,,1,24.0,IN_TRANSIT
SHIP0003067,ORD0000344,AusFreight Express,CON7744142323,2025-07-22 22:18:00,,5,31.1,IN_TRANSIT
SHIP0003068,ORD0001452,StarTrack Logistics,CON1383553559,2025-10-19 13:42:00,2025-10-29 08:42:00,9,21.0,DELIVERED
SHIP0003069,ORD0003108,StarTrack Logistics,CON6155308273,2025-10-07 03:51:00,2025-10-13 16:51:00,6,35.0,DELIVERED
SHIP0003070,ORD0004353,StarTrack Logistics,CON6320318888,2025-07-17 02:45:00,2025-07-18 16:45:00,1,8.1,DELIVERED
SHIP0003071,ORD0000925,AusFreight Express,CON4522461409,2025-08-15 01:19:00,2025-08-21 07:19:00,6,40.5,DELIVERED
SHIP0003072,ORD0002846,StarTrack Logistics,CON6680809662,2025-09-29 13:13:00,2025-10-08 06:13:00,8,39.1,DELIVERED
SHIP0003073,ORD0004859,CouriersPlease,CON6591313394,2025-09-07 12:45:00,2025-09-11 01:45:00,3,25.3,DELIVERED
SHIP0003074,ORD0000803,TNT Road,CON2308371285,2025-12-15 02:45:00,2025-12-23 22:45:00,8,12.8,DELIVERED
SHIP0003075,ORD0000893,AusFreight Express,CON5580788267,2025-06-21 15:57:00,2025-06-23 07:57:00,1,6.0,DELIVERED
SHIP0003076,ORD0002369,StarTrack Logistics,CON4207010128,2025-12-01 17:30:00,2025-12-11 10:30:00,9,19.4,DELIVERED
SHIP0003077,ORD0002256,Toll Priority,CON3116463682,2025-11-04 01:07:00,,4,10.0,DELAYED
SHIP0003078,ORD0004875,AusFreight Express,CON4540157935,2025-11-05 05:26:00,2025-11-11 19:26:00,6,18.5,DELIVERED
SHIP0003079,ORD0004041,Toll Priority,CON3802628297,2025-05-20 12:04:00,2025-05-27 08:04:00,6,22.3,DELIVERED
SHIP0003080,ORD0003351,Linfox Direct,CON8599924888,2025-09-29 21:29:00,2025-10-08 09:29:00,8,32.0,DELIVERED
SHIP0003081,ORD0000723,AusFreight Express,CON2290150103,2026-01-01 14:53:00,2026-01-10 00:53:00,8,19.0,DELIVERED
SHIP0003082,ORD0002956,Toll Priority,CON6733409504,2025-07-22 17:05:00,2025-07-29 00:05:00,6,2.6,DELIVERED
SHIP0003083,ORD0004564,CouriersPlease,CON9722611013,2025-10-30 04:15:00,2025-11-07 23:15:00,8,10.1,DELIVERED
SHIP0003084,ORD0003947,AusFreight Express,CON5879182300,2025-06-08 04:45:00,2025-06-10 19:45:00,2,7.3,DELIVERED
SHIP0003085,ORD0002525,AusFreight Express,CON5802268403,2025-05-22 05:48:00,2025-05-25 14:48:00,3,40.4,DELIVERED
SHIP0003086,ORD0004837,Linfox Direct,CON4352900250,2025-09-08 10:23:00,2025-09-16 18:23:00,8,37.9,DELIVERED
SHIP0003087,ORD0003635,CouriersPlease,CON6627369873,2025-11-06 21:32:00,2025-11-14 23:32:00,8,12.4,DELIVERED
SHIP0003088,ORD0000563,AusFreight Express,CON7520343002,2025-07-16 08:57:00,2025-07-24 15:57:00,8,5.1,DELIVERED
SHIP0003089,ORD0003407,AusFreight Express,CON2236943212,2025-05-29 15:19:00,,8,15.1,IN_TRANSIT
SHIP0003090,ORD0000094,Linfox Direct,CON9026377053,2025-07-14 03:22:00,,5,12.6,LOST
SHIP0003091,ORD0002253,Linfox Direct,CON4865557483,2025-06-10 05:12:00,2025-06-18 19:12:00,8,24.1,DELIVERED
SHIP0003092,ORD0004777,TNT Road,CON4808090101,2025-07-11 12:21:00,,6,41.0,LOST
SHIP0003093,ORD0000252,StarTrack Logistics,CON8216191814,2025-08-02 13:09:00,,1,41.7,IN_TRANSIT
SHIP0003094,ORD0004768,AusFreight Express,CON3707924205,2025-12-02 10:57:00,2025-12-11 15:57:00,9,10.8,DELIVERED
SHIP0003095,ORD0004103,Linfox Direct,CON1087127533,2025-11-02 03:56:00,2025-11-09 10:56:00,7,23.1,DELIVERED
SHIP0003096,ORD0000579,TNT Road,CON4254736646,2025-07-04 13:00:00,2025-07-10 15:00:00,6,14.1,DELIVERED
SHIP0003097,ORD0004666,TNT Road,CON6025827649,2025-07-13 22:27:00,,7,12.6,IN_TRANSIT
SHIP0003098,ORD0004096,AusFreight Express,CON1315127404,2025-08-14 17:19:00,2025-08-24 09:19:00,9,26.4,DELIVERED
SHIP0003099,ORD0000218,Linfox Direct,CON7646310091,2025-09-15 19:49:00,2025-09-21 02:49:00,5,13.2,DELIVERED
SHIP0003100,ORD0000780,Linfox Direct,CON4917736760,2025-08-03 19:10:00,2025-08-10 21:10:00,7,33.5,DELIVERED
SHIP0003101,ORD0000619,TNT Road,CON2545248143,2025-09-16 13:01:00,,3,17.9,LOST
SHIP0003102,ORD0002312,AusFreight Express,CON7482688317,2025-06-08 06:05:00,2025-06-16 09:05:00,8,29.7,DELIVERED
SHIP0003103,ORD0001477,StarTrack Logistics,CON5715085798,2025-11-11 10:44:00,2025-11-13 20:44:00,2,36.8,DELIVERED
SHIP0003104,ORD0000558,AusFreight Express,CON6763066136,2025-07-09 20:25:00,2025-07-12 23:25:00,3,31.2,DELIVERED
SHIP0003105,ORD0004496,CouriersPlease,CON7593575910,2025-10-31 15:32:00,2025-11-04 04:32:00,3,23.9,DELIVERED
SHIP0003106,ORD0004903,Toll Priority,CON1783861487,2025-06-07 19:57:00,2025-06-11 23:57:00,4,11.2,DELIVERED
SHIP0003107,ORD0000466,CouriersPlease,CON5836996995,2025-10-13 15:21:00,,8,41.8,LOST
SHIP0003108,ORD0004286,AusFreight Express,CON1700346253,2025-08-22 01:40:00,2025-08-26 17:40:00,4,22.4,DELIVERED
SHIP0003109,ORD0001697,CouriersPlease,CON8852443302,2025-08-18 20:36:00,2025-08-26 12:36:00,7,7.9,DELIVERED
SHIP0003110,ORD0003934,CouriersPlease,CON4700334355,2025-08-30 09:13:00,2025-09-01 18:13:00,2,9.9,DELIVERED
SHIP0003111,ORD0001126,TNT Road,CON6348523448,2025-08-19 17:16:00,2025-08-25 10:16:00,5,23.7,DELIVERED
SHIP0003112,ORD0003420,AusFreight Express,CON1558412564,2025-12-17 10:37:00,,9,17.5,IN_TRANSIT
SHIP0003113,ORD0004124,StarTrack Logistics,CON8857673013,2025-12-19 18:33:00,2025-12-26 11:33:00,6,23.9,DELIVERED
SHIP0003114,ORD0004492,Toll Priority,CON9670154173,2025-11-08 06:11:00,2025-11-12 02:11:00,3,0.4,DELIVERED
SHIP0003115,ORD0000382,TNT Road,CON6454024895,2025-06-05 19:26:00,2025-06-11 14:26:00,5,30.9,DELIVERED
SHIP0003116,ORD0002052,Toll Priority,CON1353161833,2025-07-18 16:10:00,2025-07-21 20:10:00,3,23.9,DELIVERED
SHIP0003117,ORD0000883,AusFreight Express,CON8520723694,2025-10-15 17:54:00,2025-10-16 19:54:00,1,33.8,DELIVERED
SHIP0003118,ORD0002319,TNT Road,CON7617812389,2025-10-09 19:50:00,,1,1.9,IN_TRANSIT
SHIP0003119,ORD0004563,Toll Priority,CON9494382653,2025-07-03 18:39:00,2025-07-13 01:39:00,9,3.2,DELIVERED
SHIP0003120,ORD0002973,CouriersPlease,CON5055582602,2025-08-30 15:38:00,2025-09-02 02:38:00,2,12.0,DELIVERED
SHIP0003121,ORD0003380,StarTrack Logistics,CON6721086855,2025-11-13 02:44:00,2025-11-14 17:44:00,1,31.2,DELIVERED
SHIP0003122,ORD0003421,Linfox Direct,CON1788137933,2025-09-08 08:57:00,2025-09-17 23:57:00,9,27.3,DELIVERED
SHIP0003123,ORD0001127,StarTrack Logistics,CON4946830462,2025-09-08 04:06:00,2025-09-13 23:06:00,5,23.1,DELIVERED
SHIP0003124,ORD0002568,Linfox Direct,CON1567892324,2025-06-22 17:33:00,2025-06-29 20:33:00,7,39.5,DELIVERED
SHIP0003125,ORD0000564,Toll Priority,CON4186819689,2025-08-30 23:21:00,2025-09-06 02:21:00,6,32.4,DELIVERED
SHIP0003126,ORD0004214,Linfox Direct,CON9797666198,2025-05-26 23:02:00,,6,13.0,IN_TRANSIT
SHIP0003127,ORD0002564,Linfox Direct,CON8706679263,2025-07-28 09:41:00,2025-08-01 13:41:00,4,27.1,DELIVERED
SHIP0003128,ORD0004627,AusFreight Express,CON4877486097,2025-06-11 06:41:00,2025-06-13 12:41:00,2,1.2,DELIVERED
SHIP0003129,ORD0004957,AusFreight Express,CON1565305737,2025-09-23 05:00:00,2025-10-01 14:00:00,8,35.4,DELIVERED
SHIP0003130,ORD0003375,Toll Priority,CON7884818676,2025-12-24 12:23:00,2025-12-27 04:23:00,2,19.9,DELIVERED
SHIP0003131,ORD0002633,Linfox Direct,CON5014178641,2025-08-18 02:44:00,2025-08-26 18:44:00,8,14.2,DELIVERED
SHIP0003132,ORD0001661,AusFreight Express,CON1808804075,2025-11-17 17:37:00,2025-11-20 01:37:00,2,26.4,DELIVERED
SHIP0003133,ORD0004803,AusFreight Express,CON4954198526,2025-05-21 11:21:00,2025-05-24 00:21:00,2,18.7,DELIVERED
SHIP0003134,ORD0003283,AusFreight Express,CON3584309481,2025-07-04 06:17:00,,7,24.1,DELAYED
SHIP0003135,ORD0000142,Toll Priority,CON1333679764,2025-06-28 18:01:00,2025-07-06 06:01:00,7,32.4,DELIVERED
SHIP0003136,ORD0004054,CouriersPlease,CON7370716254,2025-11-22 13:54:00,2025-11-25 01:54:00,2,27.5,DELIVERED
SHIP0003137,ORD0004880,TNT Road,CON2390159637,2025-11-22 19:25:00,2025-12-02 05:25:00,9,39.9,DELIVERED
SHIP0003138,ORD0004503,CouriersPlease,CON9852800581,2025-07-21 01:02:00,2025-07-27 13:02:00,6,8.9,DELIVERED
SHIP0003139,ORD0000813,TNT Road,CON3065933196,2025-06-02 01:37:00,2025-06-09 12:37:00,7,13.8,DELIVERED
SHIP0003140,ORD0003682,Linfox Direct,CON7844992461,2025-09-09 04:35:00,,4,27.7,LOST
SHIP0003141,ORD0001180,StarTrack Logistics,CON8215031451,2025-08-28 10:53:00,2025-08-31 20:53:00,3,9.3,DELIVERED
SHIP0003142,ORD0003012,TNT Road,CON3020721008,2025-08-04 17:14:00,2025-08-12 10:14:00,7,40.3,DELIVERED
SHIP0003143,ORD0004509,CouriersPlease,CON5156337643,2025-12-12 11:08:00,2025-12-18 15:08:00,6,39.3,DELIVERED
SHIP0003144,ORD0001117,TNT Road,CON4619502038,2025-10-08 02:00:00,2025-10-14 17:00:00,6,22.6,DELIVERED
SHIP0003145,ORD0003975,TNT Road,CON4183329423,2025-09-12 21:39:00,2025-09-18 11:39:00,5,5.0,DELIVERED
SHIP0003146,ORD0002296,CouriersPlease,CON4124232498,2025-09-15 15:05:00,2025-09-20 01:05:00,4,15.1,DELIVERED
SHIP0003147,ORD0002040,StarTrack Logistics,CON3683717956,2025-11-18 17:45:00,,4,1.8,IN_TRANSIT
SHIP0003148,ORD0003574,Linfox Direct,CON5712162166,2025-06-25 17:11:00,2025-06-29 03:11:00,3,11.4,DELIVERED
SHIP0003149,ORD0004626,TNT Road,CON5056690695,2025-12-16 18:29:00,2025-12-24 04:29:00,7,10.4,DELIVERED
SHIP0003150,ORD0000962,CouriersPlease,CON6703696632,2025-06-26 05:22:00,,5,26.7,IN_TRANSIT
SHIP0003151,ORD0001312,Toll Priority,CON3607790374,2025-11-15 03:28:00,,6,9.6,DELAYED
SHIP0003152,ORD0002865,Linfox Direct,CON4031585287,2025-07-26 03:07:00,2025-08-01 21:07:00,6,6.8,DELIVERED
SHIP0003153,ORD0003115,CouriersPlease,CON1524793298,2025-10-19 15:20:00,,1,35.0,LOST
SHIP0003154,ORD0001103,CouriersPlease,CON6634104118,2025-12-21 11:14:00,2025-12-30 07:14:00,8,34.0,DELIVERED
SHIP0003155,ORD0002178,Toll Priority,CON4898819664,2025-07-05 06:14:00,2025-07-13 21:14:00,8,28.0,DELIVERED
SHIP0003156,ORD0004061,StarTrack Logistics,CON3102905399,2025-08-29 03:16:00,2025-09-07 06:16:00,9,4.7,DELIVERED
SHIP0003157,ORD0001771,CouriersPlease,CON5426900127,2025-07-05 08:48:00,2025-07-11 17:48:00,6,38.9,DELIVERED
SHIP0003158,ORD0001835,Toll Priority,CON9205626220,2025-05-24 03:57:00,,1,1.9,DELAYED
SHIP0003159,ORD0000486,TNT Road,CON2390365810,2025-12-31 07:50:00,2026-01-06 20:50:00,6,15.7,DELIVERED
SHIP0003160,ORD0004944,Linfox Direct,CON4075353858,2025-06-09 02:32:00,2025-06-17 05:32:00,8,31.3,DELIVERED
SHIP0003161,ORD0004146,StarTrack Logistics,CON1952470755,2025-08-06 08:02:00,2025-08-08 00:02:00,1,32.5,DELIVERED
SHIP0003162,ORD0002661,AusFreight Express,CON4542000817,2025-07-08 01:54:00,,4,14.8,LOST
SHIP0003163,ORD0001832,CouriersPlease,CON7910579308,2025-10-22 10:48:00,2025-10-31 14:48:00,9,21.9,DELIVERED
SHIP0003164,ORD0004245,AusFreight Express,CON6589757735,2025-09-07 18:48:00,,6,7.1,IN_TRANSIT
SHIP0003165,ORD0000618,AusFreight Express,CON2571172524,2025-05-29 15:21:00,,1,22.2,DELAYED
SHIP0003166,ORD0001426,AusFreight Express,CON3490677690,2025-07-17 02:06:00,,7,16.7,LOST
SHIP0003167,ORD0002528,TNT Road,CON9775355046,2025-06-17 21:48:00,2025-06-27 08:48:00,9,1.4,DELIVERED
SHIP0003168,ORD0003949,Toll Priority,CON5888321368,2025-09-08 09:42:00,2025-09-15 20:42:00,7,35.2,DELIVERED
SHIP0003169,ORD0001432,Linfox Direct,CON7342965134,2025-12-29 00:46:00,2025-12-30 20:46:00,1,0.5,DELIVERED
SHIP0003170,ORD0001694,Toll Priority,CON2175525704,2025-08-24 18:05:00,2025-09-01 11:05:00,7,11.4,DELIVERED
SHIP0003171,ORD0000967,Linfox Direct,CON4101116419,2025-08-24 14:47:00,,6,25.3,LOST
SHIP0003172,ORD0002879,TNT Road,CON5627203580,2025-08-25 23:00:00,2025-08-28 13:00:00,2,33.9,DELIVERED
SHIP0003173,ORD0000209,Linfox Direct,CON3622281045,2025-08-30 05:45:00,2025-09-03 20:45:00,4,41.5,DELIVERED
SHIP0003174,ORD0003663,CouriersPlease,CON8111982835,2025-05-17 22:08:00,2025-05-25 12:08:00,7,33.0,DELIVERED
SHIP0003175,ORD0003475,TNT Road,CON9464158753,2025-10-23 13:58:00,2025-10-27 06:58:00,3,35.7,DELIVERED
SHIP0003176,ORD0001149,CouriersPlease,CON7169673225,2025-05-25 21:32:00,,1,26.6,LOST
SHIP0003177,ORD0002045,Toll Priority,CON5992908798,2025-06-23 04:40:00,2025-06-30 10:40:00,7,40.1,DELIVERED
SHIP0003178,ORD0002381,Toll Priority,CON2453007559,2025-10-28 03:06:00,,7,1.6,LOST
SHIP0003179,ORD0001647,CouriersPlease,CON4776381138,2025-12-05 09:19:00,2025-12-12 03:19:00,6,4.0,DELIVERED
SHIP0003180,ORD0002101,CouriersPlease,CON8871250469,2025-09-30 14:20:00,2025-10-07 15:20:00,7,18.2,DELIVERED
SHIP0003181,ORD0001285,TNT Road,CON2436173131,2025-08-25 12:00:00,2025-08-28 20:00:00,3,21.0,DELIVERED
SHIP0003182,ORD0002055,AusFreight Express,CON9447962138,2025-08-09 23:29:00,2025-08-17 02:29:00,7,6.1,DELIVERED
SHIP0003183,ORD0000446,CouriersPlease,CON1120770025,2025-08-07 12:21:00,2025-08-17 05:21:00,9,11.9,DELIVERED
SHIP0003184,ORD0002351,AusFreight Express,CON7422007344,2025-09-22 17:32:00,,3,6.1,LOST
SHIP0003185,ORD0000163,Toll Priority,CON3066219537,2025-06-27 08:00:00,2025-06-30 04:00:00,2,29.1,DELIVERED
SHIP0003186,ORD0004069,CouriersPlease,CON7969755260,2025-07-23 09:00:00,2025-07-29 01:00:00,5,19.6,DELIVERED
SHIP0003187,ORD0001745,AusFreight Express,CON2668270962,2025-12-23 23:15:00,2026-01-01 08:15:00,8,18.9,DELIVERED
SHIP0003188,ORD0004401,AusFreight Express,CON6131708365,2025-10-18 23:00:00,2025-10-24 13:00:00,5,10.8,DELIVERED
SHIP0003189,ORD0000151,CouriersPlease,CON1487390992,2025-11-11 14:31:00,2025-11-17 17:31:00,6,14.5,DELIVERED
SHIP0003190,ORD0001685,AusFreight Express,CON5766475326,2025-05-31 07:03:00,2025-06-09 18:03:00,9,23.5,DELIVERED
SHIP0003191,ORD0003911,CouriersPlease,CON9258588186,2025-06-30 00:56:00,,2,19.8,DELAYED
SHIP0003192,ORD0004352,Toll Priority,CON8072035506,2025-05-21 15:43:00,2025-05-25 22:43:00,4,17.5,DELIVERED
SHIP0003193,ORD0004205,StarTrack Logistics,CON5413016758,2025-06-12 11:46:00,,8,39.2,LOST
SHIP0003194,ORD0003326,Toll Priority,CON4283102180,2025-11-17 13:33:00,,5,24.1,IN_TRANSIT
SHIP0003195,ORD0002465,TNT Road,CON8228959593,2025-10-10 03:27:00,2025-10-13 23:27:00,3,10.5,DELIVERED
SHIP0003196,ORD0000089,StarTrack Logistics,CON7037114586,2025-11-08 08:29:00,2025-11-12 03:29:00,3,37.1,DELIVERED
SHIP0003197,ORD0002949,Linfox Direct,CON2162410113,2025-11-30 01:50:00,2025-12-09 11:50:00,9,31.0,DELIVERED
SHIP0003198,ORD0001255,Toll Priority,CON1161565536,2025-11-23 00:47:00,2025-11-29 10:47:00,6,41.0,DELIVERED
SHIP0003199,ORD0004062,StarTrack Logistics,CON8446354995,2025-09-08 00:58:00,,7,26.4,DELAYED
SHIP0003200,ORD0000837,StarTrack Logistics,CON9997827308,2025-12-28 12:50:00,2026-01-02 22:50:00,5,13.6,DELIVERED
SHIP0003201,ORD0003395,CouriersPlease,CON4838532073,2025-07-08 21:50:00,2025-07-16 11:50:00,7,26.8,DELIVERED
SHIP0003202,ORD0004989,Linfox Direct,CON9123656941,2025-07-07 03:45:00,2025-07-15 13:45:00,8,32.3,DELIVERED
SHIP0003203,ORD0004628,TNT Road,CON3073234093,2025-06-09 04:50:00,2025-06-13 17:50:00,4,5.6,DELIVERED
SHIP0003204,ORD0001680,AusFreight Express,CON4305306906,2025-09-17 02:59:00,,5,34.7,LOST
SHIP0003205,ORD0004330,Toll Priority,CON3433801255,2025-11-28 08:38:00,,3,40.9,IN_TRANSIT
SHIP0003206,ORD0003166,StarTrack Logistics,CON4011207262,2025-05-19 18:29:00,,1,31.3,IN_TRANSIT
SHIP0003207,ORD0001301,StarTrack Logistics,CON8556742639,2025-09-26 19:52:00,2025-10-05 15:52:00,8,28.8,DELIVERED
SHIP0003208,ORD0000950,Toll Priority,CON6012054208,2025-05-19 00:35:00,2025-05-27 10:35:00,8,2.9,DELIVERED
SHIP0003209,ORD0000876,Linfox Direct,CON6371913884,2025-07-24 00:27:00,2025-07-25 12:27:00,1,33.5,DELIVERED
SHIP0003210,ORD0001165,Toll Priority,CON9131005270,2025-11-14 09:14:00,2025-11-22 19:14:00,8,10.2,DELIVERED
SHIP0003211,ORD0003008,CouriersPlease,CON8771320678,2025-06-10 05:54:00,,1,35.6,DELAYED
SHIP0003212,ORD0004328,CouriersPlease,CON3974009494,2025-09-19 10:17:00,2025-09-27 18:17:00,8,8.5,DELIVERED
SHIP0003213,ORD0002219,Toll Priority,CON1511931576,2025-11-22 17:17:00,2025-11-27 20:17:00,5,10.3,DELIVERED
SHIP0003214,ORD0003476,CouriersPlease,CON8590214520,2025-08-31 15:20:00,2025-09-02 20:20:00,2,8.2,DELIVERED
SHIP0003215,ORD0000367,Linfox Direct,CON8859263001,2025-10-27 08:37:00,2025-11-04 09:37:00,8,35.9,DELIVERED
SHIP0003216,ORD0000095,TNT Road,CON7429655105,2025-06-11 06:23:00,2025-06-15 16:23:00,4,23.9,DELIVERED
SHIP0003217,ORD0000215,AusFreight Express,CON8114700779,2025-05-30 00:15:00,,7,39.4,DELAYED
SHIP0003218,ORD0004705,AusFreight Express,CON6852246455,2025-08-30 02:00:00,2025-08-31 07:00:00,1,29.2,DELIVERED
SHIP0003219,ORD0002538,CouriersPlease,CON7286294324,2025-08-10 07:54:00,2025-08-18 11:54:00,8,32.2,DELIVERED
SHIP0003220,ORD0001042,Linfox Direct,CON8332349969,2025-11-01 21:11:00,2025-11-07 07:11:00,5,29.4,DELIVERED
SHIP0003221,ORD0000442,Linfox Direct,CON2376019646,2025-11-07 11:28:00,,2,36.3,LOST
SHIP0003222,ORD0004159,Linfox Direct,CON4900572724,2025-09-22 04:51:00,,2,24.4,DELAYED
SHIP0003223,ORD0001979,AusFreight Express,CON1269083005,2025-11-18 03:46:00,2025-11-25 16:46:00,7,1.5,DELIVERED
SHIP0003224,ORD0000294,Linfox Direct,CON4451336704,2025-09-28 04:11:00,2025-10-04 21:11:00,6,17.1,DELIVERED
SHIP0003225,ORD0003192,AusFreight Express,CON1448319623,2025-12-16 16:03:00,,2,5.3,LOST
SHIP0003226,ORD0003847,CouriersPlease,CON6375728535,2025-11-12 20:51:00,2025-11-15 11:51:00,2,5.5,DELIVERED
SHIP0003227,ORD0004067,Linfox Direct,CON7213925195,2025-07-08 18:29:00,2025-07-10 00:29:00,1,22.8,DELIVERED
SHIP0003228,ORD0004400,CouriersPlease,CON9263845288,2025-08-19 15:24:00,2025-08-23 06:24:00,3,10.8,DELIVERED
SHIP0003229,ORD0003498,TNT Road,CON5688107725,2025-05-30 01:07:00,2025-06-02 16:07:00,3,13.1,DELIVERED
SHIP0003230,ORD0003628,Toll Priority,CON3113251697,2025-10-04 08:05:00,,5,23.4,IN_TRANSIT
SHIP0003231,ORD0001224,Toll Priority,CON1495085058,2025-06-30 19:11:00,2025-07-07 20:11:00,7,24.6,DELIVERED
SHIP0003232,ORD0004591,StarTrack Logistics,CON8533661777,2025-08-03 21:09:00,2025-08-06 16:09:00,2,13.8,DELIVERED
SHIP0003233,ORD0002964,CouriersPlease,CON6967186566,2025-05-16 12:05:00,,3,34.4,DELAYED
SHIP0003234,ORD0004893,AusFreight Express,CON2854779788,2025-10-12 19:52:00,2025-10-15 10:52:00,2,36.8,DELIVERED
SHIP0003235,ORD0003599,CouriersPlease,CON8503390923,2025-06-27 03:50:00,2025-07-05 18:50:00,8,1.3,DELIVERED
SHIP0003236,ORD0000660,CouriersPlease,CON3359585295,2025-11-06 22:39:00,,4,13.7,LOST
SHIP0003237,ORD0001763,AusFreight Express,CON5153204722,2025-12-08 05:36:00,2025-12-11 21:36:00,3,32.0,DELIVERED
SHIP0003238,ORD0001283,StarTrack Logistics,CON8935041965,2025-08-06 19:34:00,,9,5.8,IN_TRANSIT
SHIP0003239,ORD0004778,AusFreight Express,CON1012882380,2025-11-09 22:59:00,,9,24.9,DELAYED
SHIP0003240,ORD0004202,StarTrack Logistics,CON9836846099,2025-07-24 23:30:00,2025-08-02 18:30:00,8,41.3,DELIVERED
SHIP0003241,ORD0003483,Toll Priority,CON2297669961,2025-07-10 01:32:00,,4,3.1,DELAYED
SHIP0003242,ORD0000768,Linfox Direct,CON9220773502,2025-11-11 17:12:00,,7,14.3,LOST
SHIP0003243,ORD0002227,StarTrack Logistics,CON2272641077,2025-11-08 12:12:00,2025-11-09 17:12:00,1,25.0,DELIVERED
SHIP0003244,ORD0003265,Toll Priority,CON7992378954,2025-09-08 02:54:00,,8,4.5,DELAYED
SHIP0003245,ORD0003549,TNT Road,CON6322524156,2025-06-04 21:50:00,2025-06-10 00:50:00,5,6.9,DELIVERED
SHIP0003246,ORD0003919,Toll Priority,CON3120574132,2025-12-26 19:34:00,2026-01-04 22:34:00,9,2.2,DELIVERED
SHIP0003247,ORD0004476,AusFreight Express,CON2485743130,2025-11-17 23:30:00,2025-11-25 17:30:00,7,18.2,DELIVERED
SHIP0003248,ORD0002085,AusFreight Express,CON5581620228,2025-12-07 09:18:00,,6,14.0,IN_TRANSIT
SHIP0003249,ORD0003458,TNT Road,CON5656142621,2025-06-12 00:39:00,2025-06-15 11:39:00,3,17.9,DELIVERED
SHIP0003250,ORD0000262,AusFreight Express,CON9767816894,2025-10-18 17:48:00,,4,16.2,LOST
SHIP0003251,ORD0003711,AusFreight Express,CON6203412894,2025-05-21 17:20:00,2025-05-28 01:20:00,6,36.8,DELIVERED
SHIP0003252,ORD0004722,StarTrack Logistics,CON3121291382,2025-09-12 15:20:00,,1,17.8,LOST
SHIP0003253,ORD0002421,StarTrack Logistics,CON9505087703,2025-08-09 23:57:00,2025-08-13 07:57:00,3,10.8,DELIVERED
SHIP0003254,ORD0000956,CouriersPlease,CON1451990243,2025-11-03 06:07:00,2025-11-11 17:07:00,8,29.7,DELIVERED
SHIP0003255,ORD0002198,Toll Priority,CON3425734485,2025-06-27 06:01:00,2025-07-05 19:01:00,8,34.7,DELIVERED
SHIP0003256,ORD0000350,TNT Road,CON5756320985,2025-06-29 14:51:00,2025-07-02 09:51:00,2,33.3,DELIVERED
SHIP0003257,ORD0000916,AusFreight Express,CON8997864865,2025-08-10 20:56:00,,9,15.4,DELAYED
SHIP0003258,ORD0001462,TNT Road,CON5555087020,2025-09-15 04:00:00,,7,36.7,DELAYED
SHIP0003259,ORD0001178,StarTrack Logistics,CON6401339039,2025-07-12 16:24:00,2025-07-15 19:24:00,3,28.7,DELIVERED
SHIP0003260,ORD0000093,TNT Road,CON2138015924,2025-09-25 11:04:00,,3,2.8,LOST
SHIP0003261,ORD0001374,Linfox Direct,CON6278460520,2025-06-08 21:18:00,2025-06-16 12:18:00,7,35.8,DELIVERED
SHIP0003262,ORD0004046,CouriersPlease,CON9873194540,2025-08-07 13:02:00,2025-08-10 01:02:00,2,35.6,DELIVERED
SHIP0003263,ORD0000527,StarTrack Logistics,CON3722971853,2025-10-31 07:49:00,,4,28.1,IN_TRANSIT
SHIP0003264,ORD0002713,AusFreight Express,CON6415812986,2025-05-22 03:32:00,2025-05-30 23:32:00,8,22.1,DELIVERED
SHIP0003265,ORD0000433,Linfox Direct,CON7412307462,2025-11-27 06:49:00,2025-12-03 14:49:00,6,34.1,DELIVERED
SHIP0003266,ORD0002263,Linfox Direct,CON4213457940,2025-06-25 00:20:00,,3,18.0,DELAYED
SHIP0003267,ORD0004979,Linfox Direct,CON7092140806,2025-10-09 03:15:00,,1,24.3,LOST
SHIP0003268,ORD0003131,Toll Priority,CON2527849529,2025-09-18 10:27:00,2025-09-26 14:27:00,8,15.4,DELIVERED
SHIP0003269,ORD0002796,Linfox Direct,CON5680628547,2025-06-27 17:54:00,2025-06-30 23:54:00,3,21.9,DELIVERED
SHIP0003270,ORD0001970,CouriersPlease,CON7887178634,2025-06-08 14:41:00,2025-06-15 04:41:00,6,18.6,DELIVERED
SHIP0003271,ORD0004864,AusFreight Express,CON8939644567,2025-09-04 07:06:00,2025-09-08 01:06:00,3,31.4,DELIVERED
SHIP0003272,ORD0001529,StarTrack Logistics,CON9055903630,2025-12-26 04:16:00,2025-12-30 22:16:00,4,38.8,DELIVERED
SHIP0003273,ORD0004586,StarTrack Logistics,CON7133132352,2025-10-02 22:59:00,2025-10-06 09:59:00,3,15.5,DELIVERED
SHIP0003274,ORD0002244,Linfox Direct,CON3325828942,2025-10-12 01:50:00,2025-10-17 18:50:00,5,29.3,DELIVERED
SHIP0003275,ORD0004032,Toll Priority,CON1932132357,2025-07-10 09:47:00,2025-07-16 19:47:00,6,2.5,DELIVERED
SHIP0003276,ORD0001663,StarTrack Logistics,CON1790160731,2025-07-23 02:04:00,2025-07-31 15:04:00,8,25.2,DELIVERED
SHIP0003277,ORD0003845,Toll Priority,CON9294459846,2025-05-30 16:43:00,2025-06-08 10:43:00,8,27.6,DELIVERED
SHIP0003278,ORD0000495,TNT Road,CON2439387113,2025-10-19 23:39:00,2025-10-28 13:39:00,8,1.7,DELIVERED
SHIP0003279,ORD0004273,Toll Priority,CON9382954354,2025-05-17 09:25:00,,2,21.5,IN_TRANSIT
SHIP0003280,ORD0004420,TNT Road,CON9952979527,2025-09-29 08:51:00,2025-10-02 20:51:00,3,24.4,DELIVERED
SHIP0003281,ORD0001296,TNT Road,CON8805154442,2025-06-14 07:07:00,2025-06-23 16:07:00,9,22.9,DELIVERED
SHIP0003282,ORD0004744,Toll Priority,CON4142892825,2025-07-05 06:57:00,2025-07-13 07:57:00,8,42.0,DELIVERED
SHIP0003283,ORD0002090,CouriersPlease,CON3309292568,2025-08-11 09:00:00,2025-08-14 17:00:00,3,12.9,DELIVERED
SHIP0003284,ORD0003350,TNT Road,CON1370819106,2025-08-16 09:49:00,,8,22.8,LOST
SHIP0003285,ORD0002738,Linfox Direct,CON1379677117,2025-07-19 17:28:00,,9,23.3,IN_TRANSIT
SHIP0003286,ORD0003235,Toll Priority,CON2114955114,2025-06-02 07:31:00,,5,32.5,IN_TRANSIT
SHIP0003287,ORD0000003,Toll Priority,CON3921848514,2025-06-01 20:01:00,2025-06-08 16:01:00,6,17.8,DELIVERED
SHIP0003288,ORD0000995,Linfox Direct,CON6054375698,2025-07-10 21:40:00,2025-07-18 03:40:00,7,17.4,DELIVERED
SHIP0003289,ORD0000450,CouriersPlease,CON7282945449,2025-12-31 22:17:00,2026-01-03 03:17:00,2,1.2,DELIVERED
SHIP0003290,ORD0002302,Linfox Direct,CON6474730189,2025-10-28 01:50:00,2025-10-31 16:50:00,3,39.4,DELIVERED
SHIP0003291,ORD0004188,TNT Road,CON6704643658,2025-07-01 13:40:00,2025-07-10 04:40:00,8,1.5,DELIVERED
SHIP0003292,ORD0000557,Toll Priority,CON6804382571,2025-09-19 08:28:00,,9,15.4,IN_TRANSIT
SHIP0003293,ORD0003013,CouriersPlease,CON8290286762,2025-07-26 02:32:00,2025-07-27 15:32:00,1,4.3,DELIVERED
SHIP0003294,ORD0000193,StarTrack Logistics,CON7767902628,2025-10-01 03:28:00,2025-10-06 10:28:00,5,36.7,DELIVERED
SHIP0003295,ORD0003673,CouriersPlease,CON9528678383,2025-12-30 11:13:00,2026-01-02 20:13:00,3,3.3,DELIVERED
SHIP0003296,ORD0000051,CouriersPlease,CON5853236801,2025-10-19 12:01:00,,6,35.9,DELAYED
SHIP0003297,ORD0000598,Toll Priority,CON4187304768,2025-12-16 18:56:00,2025-12-18 22:56:00,2,30.6,DELIVERED
SHIP0003298,ORD0001733,Toll Priority,CON8175723947,2025-11-06 20:43:00,2025-11-14 22:43:00,8,0.4,DELIVERED
SHIP0003299,ORD0002595,Toll Priority,CON2476527350,2025-06-21 14:56:00,2025-06-26 19:56:00,5,14.4,DELIVERED
SHIP0003300,ORD0000826,StarTrack Logistics,CON1079950587,2025-12-13 05:04:00,,9,8.3,DELAYED
SHIP0003301,ORD0000511,Toll Priority,CON2508498237,2025-08-21 17:44:00,,3,29.6,DELAYED
SHIP0003302,ORD0001219,StarTrack Logistics,CON7348482793,2025-10-28 09:14:00,2025-11-04 21:14:00,7,24.9,DELIVERED
SHIP0003303,ORD0003318,StarTrack Logistics,CON6827405822,2025-09-07 22:43:00,,7,37.1,IN_TRANSIT
SHIP0003304,ORD0003237,Linfox Direct,CON1279108080,2025-07-17 05:41:00,2025-07-23 06:41:00,6,22.3,DELIVERED
SHIP0003305,ORD0002781,Toll Priority,CON9909588449,2025-09-28 03:24:00,,3,25.8,LOST
SHIP0003306,ORD0000827,CouriersPlease,CON5911740747,2025-10-24 16:15:00,,9,11.5,LOST
SHIP0003307,ORD0003676,AusFreight Express,CON9060197096,2025-07-13 20:12:00,,4,8.0,IN_TRANSIT
SHIP0003308,ORD0002810,StarTrack Logistics,CON5821222415,2025-05-27 08:44:00,,8,32.2,IN_TRANSIT
SHIP0003309,ORD0001331,CouriersPlease,CON6837754829,2025-12-04 07:44:00,2025-12-06 08:44:00,2,40.7,DELIVERED
SHIP0003310,ORD0003820,AusFreight Express,CON8337187934,2025-12-17 21:33:00,2025-12-25 07:33:00,7,39.9,DELIVERED
SHIP0003311,ORD0000392,AusFreight Express,CON4793662412,2025-05-16 23:35:00,2025-05-21 13:35:00,4,9.6,DELIVERED
SHIP0003312,ORD0001899,TNT Road,CON3837835692,2025-07-08 05:44:00,2025-07-17 22:44:00,9,26.1,DELIVERED
SHIP0003313,ORD0000296,Linfox Direct,CON7146266837,2025-09-06 17:52:00,2025-09-09 04:52:00,2,24.2,DELIVERED
SHIP0003314,ORD0002349,Linfox Direct,CON5618996889,2025-06-27 23:23:00,,8,24.7,IN_TRANSIT
SHIP0003315,ORD0001569,AusFreight Express,CON2627152414,2025-10-16 07:52:00,2025-10-17 19:52:00,1,4.4,DELIVERED
SHIP0003316,ORD0003869,Linfox Direct,CON6625090680,2025-11-16 13:40:00,2025-11-22 08:40:00,5,24.7,DELIVERED
SHIP0003317,ORD0004038,CouriersPlease,CON3852926586,2025-12-19 06:27:00,2025-12-23 19:27:00,4,21.1,DELIVERED
SHIP0003318,ORD0004167,AusFreight Express,CON7512008052,2025-12-16 21:28:00,2025-12-21 00:28:00,4,34.4,DELIVERED
SHIP0003319,ORD0004360,Linfox Direct,CON9164362943,2025-07-18 08:22:00,2025-07-28 01:22:00,9,31.6,DELIVERED
SHIP0003320,ORD0003744,Linfox Direct,CON5388570813,2025-07-31 09:48:00,2025-08-07 02:48:00,6,40.3,DELIVERED
SHIP0003321,ORD0003075,CouriersPlease,CON5092808610,2025-09-10 14:36:00,2025-09-11 19:36:00,1,10.0,DELIVERED
SHIP0003322,ORD0000002,Toll Priority,CON5423236406,2025-08-02 23:26:00,2025-08-12 08:26:00,9,27.7,DELIVERED
SHIP0003323,ORD0002431,AusFreight Express,CON9906578685,2025-12-10 10:54:00,2025-12-18 11:54:00,8,31.2,DELIVERED
SHIP0003324,ORD0002270,TNT Road,CON9763843642,2025-11-23 03:55:00,2025-11-30 14:55:00,7,19.4,DELIVERED
SHIP0003325,ORD0003398,StarTrack Logistics,CON5234440226,2025-08-13 12:15:00,2025-08-22 15:15:00,9,14.6,DELIVERED
SHIP0003326,ORD0004000,Toll Priority,CON3323517949,2025-08-26 02:37:00,2025-09-04 19:37:00,9,6.4,DELIVERED
SHIP0003327,ORD0003771,CouriersPlease,CON7973324229,2025-11-11 00:31:00,2025-11-18 13:31:00,7,14.9,DELIVERED
SHIP0003328,ORD0002167,CouriersPlease,CON5855101983,2025-06-26 03:28:00,2025-07-01 20:28:00,5,1.4,DELIVERED
SHIP0003329,ORD0000659,Toll Priority,CON1283357380,2025-08-12 20:24:00,,7,20.7,LOST
SHIP0003330,ORD0001824,AusFreight Express,CON8347261071,2025-07-22 12:34:00,,6,30.6,LOST
SHIP0003331,ORD0001856,CouriersPlease,CON5657453813,2026-01-01 15:28:00,,7,3.8,IN_TRANSIT
SHIP0003332,ORD0000431,Toll Priority,CON5943624556,2025-12-28 11:31:00,,3,34.9,LOST
SHIP0003333,ORD0004956,StarTrack Logistics,CON9097628746,2025-09-09 19:48:00,,8,20.6,IN_TRANSIT
SHIP0003334,ORD0001932,CouriersPlease,CON1488480785,2025-10-04 14:37:00,2025-10-09 07:37:00,4,31.5,DELIVERED
SHIP0003335,ORD0004190,CouriersPlease,CON9044708974,2025-09-06 06:49:00,2025-09-08 09:49:00,2,31.2,DELIVERED
SHIP0003336,ORD0003313,Linfox Direct,CON9792227664,2025-12-20 22:02:00,,4,5.3,LOST
SHIP0003337,ORD0004052,StarTrack Logistics,CON6899718854,2025-12-06 14:37:00,2025-12-10 05:37:00,3,27.5,DELIVERED
SHIP0003338,ORD0001958,Toll Priority,CON4480545223,2025-09-19 13:14:00,2025-09-23 21:14:00,4,11.9,DELIVERED
SHIP0003339,ORD0004538,Toll Priority,CON7947237867,2025-10-16 00:15:00,2025-10-23 16:15:00,7,14.6,DELIVERED
SHIP0003340,ORD0001964,AusFreight Express,CON6354293642,2025-07-08 05:21:00,2025-07-10 20:21:00,2,15.3,DELIVERED
SHIP0003341,ORD0002802,AusFreight Express,CON5462833997,2025-05-25 08:53:00,,6,21.7,LOST
SHIP0003342,ORD0003083,TNT Road,CON5118357225,2025-12-25 05:36:00,2026-01-01 15:36:00,7,25.3,DELIVERED
SHIP0003343,ORD0002458,AusFreight Express,CON5114306749,2025-06-09 10:05:00,2025-06-12 14:05:00,3,21.7,DELIVERED
SHIP0003344,ORD0000625,StarTrack Logistics,CON1979374020,2025-12-16 22:31:00,2025-12-20 00:31:00,3,5.2,DELIVERED
SHIP0003345,ORD0004102,AusFreight Express,CON6805556860,2025-08-26 12:38:00,2025-09-04 21:38:00,9,4.4,DELIVERED
SHIP0003346,ORD0002933,Linfox Direct,CON5032197386,2025-09-23 08:37:00,,6,30.7,LOST
SHIP0003347,ORD0001543,Linfox Direct,CON6661247411,2025-08-14 05:27:00,2025-08-15 11:27:00,1,11.1,DELIVERED
SHIP0003348,ORD0001974,AusFreight Express,CON5396557350,2025-08-11 03:09:00,2025-08-18 05:09:00,7,38.6,DELIVERED
SHIP0003349,ORD0001533,AusFreight Express,CON7451633708,2025-08-09 21:37:00,,4,8.1,LOST
SHIP0003350,ORD0003442,TNT Road,CON4958688995,2025-07-29 08:52:00,2025-08-02 04:52:00,3,3.8,DELIVERED
SHIP0003351,ORD0003184,StarTrack Logistics,CON8414153196,2025-07-14 21:15:00,2025-07-19 15:15:00,4,36.9,DELIVERED
SHIP0003352,ORD0000083,CouriersPlease,CON9100232948,2025-09-02 11:20:00,2025-09-05 05:20:00,2,18.7,DELIVERED
SHIP0003353,ORD0001843,StarTrack Logistics,CON6773796306,2025-07-11 13:03:00,2025-07-12 16:03:00,1,35.7,DELIVERED
SHIP0003354,ORD0004299,Linfox Direct,CON7099887562,2025-10-29 14:32:00,2025-11-07 22:32:00,9,24.1,DELIVERED
SHIP0003355,ORD0003362,StarTrack Logistics,CON4758321676,2025-08-08 15:30:00,,7,26.2,IN_TRANSIT
SHIP0003356,ORD0001757,Toll Priority,CON5805431584,2025-11-18 23:26:00,,8,3.5,LOST
SHIP0003357,ORD0003141,TNT Road,CON4036082349,2025-11-26 07:51:00,,9,29.5,IN_TRANSIT
SHIP0003358,ORD0000072,CouriersPlease,CON2844582162,2025-08-04 14:50:00,2025-08-07 21:50:00,3,13.0,DELIVERED
SHIP0003359,ORD0001794,Toll Priority,CON5746063113,2025-09-20 07:54:00,2025-09-29 10:54:00,9,7.2,DELIVERED
SHIP0003360,ORD0002823,StarTrack Logistics,CON3433272223,2025-10-15 09:54:00,2025-10-20 17:54:00,5,39.4,DELIVERED
SHIP0003361,ORD0000553,TNT Road,CON1664154912,2025-08-14 14:58:00,,3,21.2,IN_TRANSIT
SHIP0003362,ORD0003373,StarTrack Logistics,CON3373184573,2025-06-03 16:41:00,2025-06-11 09:41:00,7,5.0,DELIVERED
SHIP0003363,ORD0001011,AusFreight Express,CON8039363116,2025-06-22 22:59:00,,5,29.2,LOST
SHIP0003364,ORD0000509,StarTrack Logistics,CON6629898216,2025-07-03 17:06:00,,6,17.1,LOST
SHIP0003365,ORD0004570,Toll Priority,CON6702899490,2025-11-01 17:15:00,2025-11-04 13:15:00,2,30.0,DELIVERED
SHIP0003366,ORD0001580,StarTrack Logistics,CON4983342967,2025-12-27 15:55:00,2026-01-06 02:55:00,9,3.1,DELIVERED
SHIP0003367,ORD0000744,Linfox Direct,CON5205930107,2025-11-28 18:57:00,2025-12-08 04:57:00,9,3.2,DELIVERED
SHIP0003368,ORD0002479,CouriersPlease,CON4397116123,2025-10-08 23:30:00,2025-10-17 03:30:00,8,1.3,DELIVERED
SHIP0003369,ORD0004598,AusFreight Express,CON5834179781,2025-11-04 09:09:00,2025-11-06 14:09:00,2,29.5,DELIVERED
SHIP0003370,ORD0000027,AusFreight Express,CON6916043902,2025-05-25 11:22:00,2025-05-27 00:22:00,1,17.8,DELIVERED
SHIP0003371,ORD0002093,Linfox Direct,CON5737178675,2025-06-01 05:30:00,,1,30.3,DELAYED
SHIP0003372,ORD0001303,CouriersPlease,CON3915290110,2025-12-05 10:19:00,,9,7.6,LOST
SHIP0003373,ORD0002080,Linfox Direct,CON5411440558,2025-08-14 12:37:00,2025-08-23 21:37:00,9,17.3,DELIVERED
SHIP0003374,ORD0003908,StarTrack Logistics,CON4061694386,2025-07-29 09:44:00,,4,16.3,IN_TRANSIT
SHIP0003375,ORD0000320,CouriersPlease,CON1598823345,2025-10-09 10:24:00,2025-10-17 02:24:00,7,0.7,DELIVERED
SHIP0003376,ORD0003679,TNT Road,CON8739045714,2025-08-05 00:19:00,2025-08-12 07:19:00,7,13.5,DELIVERED
SHIP0003377,ORD0004340,CouriersPlease,CON5830929970,2025-12-01 04:31:00,2025-12-08 20:31:00,7,7.0,DELIVERED
SHIP0003378,ORD0002356,StarTrack Logistics,CON8763548801,2025-11-02 02:04:00,,6,14.4,IN_TRANSIT
SHIP0003379,ORD0004162,CouriersPlease,CON4329827360,2025-07-28 11:49:00,2025-08-01 00:49:00,3,7.8,DELIVERED
SHIP0003380,ORD0003404,TNT Road,CON9339228666,2025-05-22 06:13:00,,3,35.1,DELAYED
SHIP0003381,ORD0003087,Linfox Direct,CON2152619705,2025-10-06 08:39:00,2025-10-14 10:39:00,8,29.9,DELIVERED
SHIP0003382,ORD0001544,CouriersPlease,CON8327828283,2025-07-17 10:49:00,2025-07-21 06:49:00,3,33.1,DELIVERED
SHIP0003383,ORD0001947,Linfox Direct,CON1886725262,2025-07-23 23:21:00,,8,38.7,DELAYED
SHIP0003384,ORD0003205,Linfox Direct,CON7619820425,2025-06-15 17:10:00,,9,21.1,LOST
SHIP0003385,ORD0004250,StarTrack Logistics,CON4974891837,2025-10-22 11:37:00,,9,1.8,IN_TRANSIT
SHIP0003386,ORD0001485,CouriersPlease,CON1520731101,2025-10-10 21:35:00,2025-10-18 13:35:00,7,6.6,DELIVERED
SHIP0003387,ORD0003821,AusFreight Express,CON5068926194,2025-12-18 08:19:00,2025-12-19 21:19:00,1,10.6,DELIVERED
SHIP0003388,ORD0004198,StarTrack Logistics,CON4518144962,2025-07-06 15:22:00,2025-07-09 01:22:00,2,37.4,DELIVERED
SHIP0003389,ORD0003782,StarTrack Logistics,CON9305457472,2025-12-04 07:30:00,2025-12-06 17:30:00,2,22.1,DELIVERED
SHIP0003390,ORD0004714,AusFreight Express,CON8645991507,2025-05-17 04:29:00,,9,17.4,DELAYED
SHIP0003391,ORD0001145,StarTrack Logistics,CON2218928555,2025-07-17 02:44:00,2025-07-25 13:44:00,8,19.8,DELIVERED
SHIP0003392,ORD0001082,CouriersPlease,CON1616758804,2025-12-03 14:44:00,,4,10.6,IN_TRANSIT
SHIP0003393,ORD0004900,Linfox Direct,CON9016385931,2025-06-17 10:05:00,2025-06-21 04:05:00,3,37.4,DELIVERED
SHIP0003394,ORD0001277,CouriersPlease,CON2992305620,2025-12-04 21:44:00,2025-12-11 03:44:00,6,4.2,DELIVERED
SHIP0003395,ORD0002936,CouriersPlease,CON8712109542,2025-05-31 15:08:00,,4,24.5,LOST
SHIP0003396,ORD0003040,TNT Road,CON1799316693,2025-05-16 19:40:00,2025-05-20 21:40:00,4,35.7,DELIVERED
SHIP0003397,ORD0003870,Toll Priority,CON1169766722,2025-11-15 22:39:00,,1,39.9,LOST
SHIP0003398,ORD0001415,TNT Road,CON6317649496,2025-05-21 15:17:00,,4,12.5,LOST
SHIP0003399,ORD0000266,Linfox Direct,CON8165970317,2025-12-16 07:27:00,2025-12-20 13:27:00,4,30.4,DELIVERED
SHIP0003400,ORD0000076,StarTrack Logistics,CON5753081077,2025-06-11 03:30:00,2025-06-12 21:30:00,1,18.9,DELIVERED
SHIP0003401,ORD0001659,Toll Priority,CON6130600161,2025-06-13 17:24:00,,2,7.5,LOST
SHIP0003402,ORD0003983,StarTrack Logistics,CON3043649257,2025-12-21 16:23:00,2025-12-24 06:23:00,2,7.8,DELIVERED
SHIP0003403,ORD0002091,Toll Priority,CON6122666010,2025-09-12 14:27:00,2025-09-19 22:27:00,7,1.9,DELIVERED
SHIP0003404,ORD0004257,TNT Road,CON5802147276,2025-08-23 17:07:00,,7,10.1,DELAYED
SHIP0003405,ORD0002849,AusFreight Express,CON7684672510,2025-08-18 17:20:00,2025-08-22 04:20:00,3,28.7,DELIVERED
SHIP0003406,ORD0003773,AusFreight Express,CON4818171228,2025-08-17 22:38:00,2025-08-22 17:38:00,4,29.2,DELIVERED
SHIP0003407,ORD0004371,TNT Road,CON8906285018,2025-11-28 19:04:00,2025-12-01 23:04:00,3,26.3,DELIVERED
SHIP0003408,ORD0001257,CouriersPlease,CON3974573575,2025-05-20 20:18:00,2025-05-29 12:18:00,8,37.6,DELIVERED
SHIP0003409,ORD0002317,Toll Priority,CON1156925402,2025-10-11 11:38:00,2025-10-18 23:38:00,7,8.6,DELIVERED
SHIP0003410,ORD0001651,Toll Priority,CON1582474977,2025-10-18 11:51:00,2025-10-26 23:51:00,8,31.5,DELIVERED
SHIP0003411,ORD0000898,CouriersPlease,CON9693354954,2025-07-01 09:17:00,2025-07-10 17:17:00,9,12.6,DELIVERED
SHIP0003412,ORD0004398,TNT Road,CON1225164530,2025-05-27 23:17:00,,5,9.0,DELAYED
SHIP0003413,ORD0001387,AusFreight Express,CON1221334259,2025-12-14 07:38:00,2025-12-22 03:38:00,7,14.3,DELIVERED
SHIP0003414,ORD0000754,Toll Priority,CON9280980102,2025-10-28 20:28:00,,9,3.6,IN_TRANSIT
SHIP0003415,ORD0004502,Linfox Direct,CON5612202154,2025-11-16 09:37:00,2025-11-24 12:37:00,8,8.4,DELIVERED
SHIP0003416,ORD0004186,Linfox Direct,CON2014301616,2025-11-09 22:47:00,2025-11-12 09:47:00,2,24.1,DELIVERED
SHIP0003417,ORD0001629,Linfox Direct,CON9725072855,2025-08-01 12:48:00,2025-08-10 14:48:00,9,2.3,DELIVERED
SHIP0003418,ORD0000544,AusFreight Express,CON8972652270,2025-06-19 08:35:00,2025-06-21 13:35:00,2,26.6,DELIVERED
SHIP0003419,ORD0004842,Linfox Direct,CON9330456555,2025-09-27 12:22:00,2025-10-03 14:22:00,6,13.8,DELIVERED
SHIP0003420,ORD0002386,Linfox Direct,CON6737022204,2025-08-26 11:22:00,2025-08-29 01:22:00,2,6.3,DELIVERED
SHIP0003421,ORD0002265,Toll Priority,CON5969964926,2025-06-09 11:22:00,,8,36.1,IN_TRANSIT
SHIP0003422,ORD0003117,CouriersPlease,CON5567665800,2025-09-23 11:43:00,2025-09-28 12:43:00,5,7.2,DELIVERED
SHIP0003423,ORD0003314,TNT Road,CON3386322111,2025-05-27 09:27:00,2025-06-02 13:27:00,6,28.6,DELIVERED
SHIP0003424,ORD0000342,CouriersPlease,CON6355883933,2025-09-11 04:22:00,2025-09-12 14:22:00,1,34.7,DELIVERED
SHIP0003425,ORD0003151,AusFreight Express,CON6124458895,2025-06-02 02:16:00,2025-06-09 03:16:00,7,7.7,DELIVERED
SHIP0003426,ORD0002307,Linfox Direct,CON3969286478,2025-06-15 06:01:00,,9,33.7,IN_TRANSIT
SHIP0003427,ORD0000891,StarTrack Logistics,CON7151906314,2025-05-30 21:25:00,2025-06-03 00:25:00,3,40.9,DELIVERED
SHIP0003428,ORD0001081,AusFreight Express,CON9677797822,2025-10-18 00:21:00,2025-10-26 10:21:00,8,3.8,DELIVERED
SHIP0003429,ORD0003138,Linfox Direct,CON4563802093,2025-06-26 14:31:00,2025-06-29 06:31:00,2,24.4,DELIVERED
SHIP0003430,ORD0003854,AusFreight Express,CON1407952331,2025-11-08 10:28:00,2025-11-13 11:28:00,5,35.4,DELIVERED
SHIP0003431,ORD0002901,TNT Road,CON4285977082,2025-10-02 07:29:00,2025-10-06 17:29:00,4,18.8,DELIVERED
SHIP0003432,ORD0001384,AusFreight Express,CON5107485348,2025-09-27 11:08:00,2025-09-30 02:08:00,2,21.5,DELIVERED
SHIP0003433,ORD0004206,Linfox Direct,CON6263125296,2025-08-03 11:31:00,,2,36.1,IN_TRANSIT
SHIP0003434,ORD0001976,StarTrack Logistics,CON3084481524,2025-10-09 12:28:00,,7,7.9,IN_TRANSIT
SHIP0003435,ORD0004755,Toll Priority,CON5045679731,2025-08-21 06:08:00,,1,12.1,IN_TRANSIT
SHIP0003436,ORD0002444,StarTrack Logistics,CON5943101351,2025-08-18 17:17:00,2025-08-20 23:17:00,2,18.0,DELIVERED
SHIP0003437,ORD0000196,TNT Road,CON6920550159,2025-09-15 20:05:00,2025-09-17 09:05:00,1,37.6,DELIVERED
SHIP0003438,ORD0000968,AusFreight Express,CON2903284667,2025-08-01 17:40:00,2025-08-07 05:40:00,5,9.7,DELIVERED
SHIP0003439,ORD0003702,TNT Road,CON5140276794,2025-09-18 13:35:00,2025-09-20 04:35:00,1,3.2,DELIVERED
SHIP0003440,ORD0003240,Toll Priority,CON2810853251,2025-06-20 07:25:00,,9,39.9,DELAYED
SHIP0003441,ORD0002972,Toll Priority,CON6686518618,2025-10-13 15:51:00,2025-10-20 18:51:00,7,5.8,DELIVERED
SHIP0003442,ORD0003772,StarTrack Logistics,CON4466926154,2025-06-08 20:39:00,2025-06-09 21:39:00,1,2.0,DELIVERED
SHIP0003443,ORD0004765,Toll Priority,CON9443486187,2025-12-06 09:51:00,2025-12-12 11:51:00,6,14.2,DELIVERED
SHIP0003444,ORD0002484,Linfox Direct,CON9353469887,2025-12-12 04:29:00,,5,39.6,LOST
SHIP0003445,ORD0004338,CouriersPlease,CON1016133039,2025-06-30 23:46:00,2025-07-04 15:46:00,3,12.4,DELIVERED
SHIP0003446,ORD0002982,TNT Road,CON4563213182,2025-05-21 01:50:00,2025-05-28 09:50:00,7,12.6,DELIVERED
SHIP0003447,ORD0002365,AusFreight Express,CON9136642747,2025-09-23 04:46:00,,8,33.9,IN_TRANSIT
SHIP0003448,ORD0004244,Toll Priority,CON2605771412,2025-12-01 04:35:00,2025-12-05 19:35:00,4,37.8,DELIVERED
SHIP0003449,ORD0000896,AusFreight Express,CON9966371521,2025-11-15 13:46:00,,5,28.4,IN_TRANSIT
SHIP0003450,ORD0004356,Linfox Direct,CON8723739814,2025-08-10 10:45:00,2025-08-16 01:45:00,5,30.0,DELIVERED
SHIP0003451,ORD0003215,CouriersPlease,CON8142347590,2025-10-04 10:40:00,2025-10-08 17:40:00,4,28.7,DELIVERED
SHIP0003452,ORD0000686,StarTrack Logistics,CON7618816716,2025-09-23 09:30:00,2025-09-24 23:30:00,1,22.7,DELIVERED
SHIP0003453,ORD0004359,AusFreight Express,CON3717629410,2025-06-06 13:13:00,2025-06-15 14:13:00,9,41.3,DELIVERED
SHIP0003454,ORD0004712,Linfox Direct,CON2169169801,2025-11-10 20:36:00,,4,12.9,LOST
SHIP0003455,ORD0000566,TNT Road,CON4886085013,2025-06-09 22:06:00,2025-06-14 02:06:00,4,26.7,DELIVERED
SHIP0003456,ORD0003021,StarTrack Logistics,CON5374781065,2025-12-22 05:38:00,2025-12-31 13:38:00,9,20.0,DELIVERED
SHIP0003457,ORD0004195,Toll Priority,CON3232361364,2025-08-07 11:03:00,2025-08-11 19:03:00,4,23.4,DELIVERED
SHIP0003458,ORD0004856,TNT Road,CON3985072091,2025-11-12 21:52:00,2025-11-19 02:52:00,6,6.5,DELIVERED
SHIP0003459,ORD0004555,CouriersPlease,CON5226868845,2025-09-03 00:08:00,2025-09-04 03:08:00,1,24.5,DELIVERED
SHIP0003460,ORD0003822,Linfox Direct,CON9812255925,2025-11-07 00:14:00,,8,36.2,LOST
SHIP0003461,ORD0001750,Toll Priority,CON5270893052,2025-10-05 05:05:00,2025-10-11 09:05:00,6,15.6,DELIVERED
SHIP0003462,ORD0001652,TNT Road,CON8779718418,2025-08-13 07:18:00,2025-08-20 23:18:00,7,36.6,DELIVERED
SHIP0003463,ORD0000117,StarTrack Logistics,CON3470692634,2025-08-06 10:52:00,,1,13.2,DELAYED
SHIP0003464,ORD0004446,StarTrack Logistics,CON8260477508,2025-11-17 15:50:00,2025-11-25 00:50:00,7,31.8,DELIVERED
SHIP0003465,ORD0004867,Linfox Direct,CON2876844325,2025-08-08 11:37:00,2025-08-10 12:37:00,2,2.9,DELIVERED
SHIP0003466,ORD0000011,TNT Road,CON2665099696,2025-05-29 12:09:00,2025-06-06 02:09:00,7,5.0,DELIVERED
SHIP0003467,ORD0000362,Toll Priority,CON2047585171,2025-12-09 21:48:00,2025-12-13 02:48:00,3,4.8,DELIVERED
SHIP0003468,ORD0000822,Toll Priority,CON1213047177,2025-11-01 23:03:00,2025-11-04 03:03:00,2,7.8,DELIVERED
SHIP0003469,ORD0004466,TNT Road,CON6233746914,2025-06-29 01:25:00,,4,6.1,IN_TRANSIT
SHIP0003470,ORD0004136,CouriersPlease,CON4882964219,2025-08-14 13:47:00,2025-08-20 05:47:00,5,8.4,DELIVERED
SHIP0003471,ORD0002079,TNT Road,CON7271637486,2025-11-26 03:39:00,2025-12-03 06:39:00,7,39.7,DELIVERED
SHIP0003472,ORD0003113,Linfox Direct,CON6033369690,2025-12-03 17:00:00,2025-12-05 22:00:00,2,1.6,DELIVERED
SHIP0003473,ORD0000067,Toll Priority,CON2887057351,2025-06-09 03:14:00,2025-06-17 11:14:00,8,3.0,DELIVERED
SHIP0003474,ORD0004108,Toll Priority,CON1639734571,2025-09-11 15:52:00,2025-09-15 09:52:00,3,0.9,DELIVERED
SHIP0003475,ORD0001804,CouriersPlease,CON7555758164,2025-11-27 09:55:00,,3,3.2,DELAYED
SHIP0003476,ORD0004204,TNT Road,CON9952974223,2025-10-18 10:52:00,2025-10-21 01:52:00,2,18.2,DELIVERED
SHIP0003477,ORD0001474,AusFreight Express,CON5780639716,2025-11-27 07:21:00,,9,13.6,LOST
SHIP0003478,ORD0001252,Linfox Direct,CON5175222024,2025-12-04 16:02:00,2025-12-08 07:02:00,3,1.8,DELIVERED
SHIP0003479,ORD0003182,TNT Road,CON2262530509,2025-08-07 18:03:00,2025-08-16 12:03:00,8,36.1,DELIVERED
SHIP0003480,ORD0002585,CouriersPlease,CON1804635137,2025-10-21 23:27:00,2025-10-28 02:27:00,6,41.9,DELIVERED
SHIP0003481,ORD0004710,AusFreight Express,CON9417034202,2025-06-20 14:06:00,,4,19.0,IN_TRANSIT
SHIP0003482,ORD0001148,Toll Priority,CON8609052755,2025-11-22 14:30:00,2025-11-24 16:30:00,2,31.7,DELIVERED
SHIP0003483,ORD0003479,TNT Road,CON5512131219,2025-10-22 13:56:00,2025-10-25 08:56:00,2,23.2,DELIVERED
SHIP0003484,ORD0002669,CouriersPlease,CON5581549941,2025-09-03 08:39:00,2025-09-10 12:39:00,7,40.6,DELIVERED
SHIP0003485,ORD0002598,Linfox Direct,CON9610560110,2025-08-04 18:28:00,2025-08-11 03:28:00,6,39.0,DELIVERED
SHIP0003486,ORD0000491,Linfox Direct,CON6849087729,2025-12-28 04:51:00,2025-12-30 22:51:00,2,15.2,DELIVERED
SHIP0003487,ORD0002921,AusFreight Express,CON1651866514,2025-06-21 10:09:00,2025-06-29 03:09:00,7,23.4,DELIVERED
SHIP0003488,ORD0001423,TNT Road,CON7356906844,2025-07-16 22:01:00,2025-07-18 11:01:00,1,29.1,DELIVERED
SHIP0003489,ORD0001160,Toll Priority,CON8804445085,2025-10-31 05:16:00,2025-11-04 08:16:00,4,18.5,DELIVERED
SHIP0003490,ORD0000764,Toll Priority,CON4551158740,2025-05-18 19:57:00,,7,41.7,LOST
SHIP0003491,ORD0002376,Toll Priority,CON4785604639,2025-09-25 13:31:00,,8,34.8,LOST
SHIP0003492,ORD0000974,AusFreight Express,CON4890206770,2025-05-17 18:26:00,,5,41.4,LOST
SHIP0003493,ORD0004053,Linfox Direct,CON3869285702,2025-10-20 12:48:00,2025-10-23 05:48:00,2,29.0,DELIVERED
SHIP0003494,ORD0004774,CouriersPlease,CON1415061610,2025-12-26 22:46:00,2026-01-02 08:46:00,6,30.6,DELIVERED
SHIP0003495,ORD0001328,Linfox Direct,CON2207832883,2025-09-26 17:14:00,,3,31.2,IN_TRANSIT
SHIP0003496,ORD0002776,StarTrack Logistics,CON4527828990,2025-09-26 13:20:00,2025-10-03 05:20:00,6,20.6,DELIVERED
SHIP0003497,ORD0004010,Toll Priority,CON4044609096,2025-06-17 10:35:00,2025-06-26 05:35:00,8,1.3,DELIVERED
SHIP0003498,ORD0000133,CouriersPlease,CON7300816425,2025-08-16 05:09:00,,3,24.0,IN_TRANSIT
SHIP0003499,ORD0004941,TNT Road,CON5979236793,2025-10-20 08:19:00,2025-10-23 22:19:00,3,5.8,DELIVERED
SHIP0003500,ORD0003007,StarTrack Logistics,CON7758403470,2025-12-15 08:57:00,2025-12-21 17:57:00,6,40.8,DELIVERED
SHIP0003501,ORD0003456,StarTrack Logistics,CON2756961782,2025-09-27 16:45:00,2025-10-01 12:45:00,3,2.2,DELIVERED
SHIP0003502,ORD0004015,StarTrack Logistics,CON2676850548,2025-09-04 07:29:00,,6,22.8,IN_TRANSIT
SHIP0003503,ORD0002111,TNT Road,CON7925813466,2025-08-17 17:46:00,2025-08-21 06:46:00,3,22.9,DELIVERED
SHIP0003504,ORD0004621,Linfox Direct,CON2011961110,2025-11-29 20:17:00,,9,5.7,IN_TRANSIT
SHIP0003505,ORD0004112,Toll Priority,CON9569151589,2025-07-04 06:35:00,,5,23.8,IN_TRANSIT
SHIP0003506,ORD0004521,StarTrack Logistics,CON1120885608,2025-10-18 01:24:00,,9,27.4,LOST
SHIP0003507,ORD0004787,StarTrack Logistics,CON8915222131,2025-10-19 15:26:00,2025-10-24 11:26:00,4,9.8,DELIVERED
SHIP0003508,ORD0000227,Linfox Direct,CON9195255976,2025-09-19 13:59:00,2025-09-29 06:59:00,9,39.8,DELIVERED
SHIP0003509,ORD0003831,Toll Priority,CON2005464177,2025-09-09 18:38:00,,1,28.2,IN_TRANSIT
SHIP0003510,ORD0003519,Linfox Direct,CON7279632751,2025-09-16 12:52:00,,1,1.3,LOST
SHIP0003511,ORD0002544,TNT Road,CON4482534994,2025-06-21 00:47:00,2025-06-23 14:47:00,2,28.4,DELIVERED
SHIP0003512,ORD0004601,StarTrack Logistics,CON6844940764,2025-06-06 10:37:00,2025-06-12 20:37:00,6,17.3,DELIVERED
SHIP0003513,ORD0000583,Toll Priority,CON7055045057,2025-08-28 15:09:00,2025-08-29 21:09:00,1,26.5,DELIVERED
SHIP0003514,ORD0001447,Toll Priority,CON2431923944,2025-06-14 12:44:00,2025-06-17 21:44:00,3,5.8,DELIVERED
SHIP0003515,ORD0001864,Toll Priority,CON8797827799,2025-07-27 09:27:00,2025-07-31 17:27:00,4,25.3,DELIVERED
SHIP0003516,ORD0003783,StarTrack Logistics,CON2828068367,2025-12-12 11:44:00,2025-12-20 22:44:00,8,39.9,DELIVERED
SHIP0003517,ORD0001656,Linfox Direct,CON5142800524,2025-05-28 13:12:00,2025-06-05 18:12:00,8,37.8,DELIVERED
SHIP0003518,ORD0002016,StarTrack Logistics,CON6002569208,2025-11-01 11:12:00,2025-11-08 14:12:00,7,29.5,DELIVERED
SHIP0003519,ORD0002439,TNT Road,CON3315264338,2025-09-01 13:34:00,2025-09-06 01:34:00,4,26.7,DELIVERED
SHIP0003520,ORD0004438,StarTrack Logistics,CON9177822060,2025-08-28 00:31:00,2025-09-06 10:31:00,9,35.6,DELIVERED
SHIP0003521,ORD0002355,Toll Priority,CON5297753171,2025-12-01 09:35:00,2025-12-10 12:35:00,9,22.1,DELIVERED
SHIP0003522,ORD0004253,TNT Road,CON3122293901,2025-08-06 08:28:00,,2,40.1,IN_TRANSIT
SHIP0003523,ORD0003617,AusFreight Express,CON5502064552,2025-06-01 06:02:00,2025-06-07 02:02:00,5,6.1,DELIVERED
SHIP0003524,ORD0003156,StarTrack Logistics,CON7698956525,2025-05-22 16:56:00,,7,26.7,LOST
SHIP0003525,ORD0004237,CouriersPlease,CON4036993514,2025-05-18 17:44:00,2025-05-21 10:44:00,2,14.6,DELIVERED
SHIP0003526,ORD0000391,TNT Road,CON2495227700,2025-11-15 07:39:00,2025-11-23 17:39:00,8,20.3,DELIVERED
SHIP0003527,ORD0002267,CouriersPlease,CON3102695444,2025-10-27 22:34:00,,3,27.1,LOST
SHIP0003528,ORD0003880,TNT Road,CON4131705753,2025-09-25 23:08:00,,2,33.7,DELAYED
SHIP0003529,ORD0002848,StarTrack Logistics,CON5954476452,2025-08-21 18:49:00,2025-08-27 07:49:00,5,41.9,DELIVERED
SHIP0003530,ORD0004117,Linfox Direct,CON3032034312,2025-07-24 06:03:00,,3,28.3,DELAYED
SHIP0003531,ORD0001461,Linfox Direct,CON6041865513,2025-09-20 09:40:00,2025-09-29 16:40:00,9,37.7,DELIVERED
SHIP0003532,ORD0000899,AusFreight Express,CON1667186214,2025-07-07 22:59:00,,9,15.3,IN_TRANSIT
SHIP0003533,ORD0002740,CouriersPlease,CON3893294547,2025-08-04 18:52:00,2025-08-09 09:52:00,4,24.0,DELIVERED
SHIP0003534,ORD0001458,StarTrack Logistics,CON7669844592,2025-07-19 08:23:00,2025-07-25 22:23:00,6,30.8,DELIVERED
SHIP0003535,ORD0001768,Toll Priority,CON9854521014,2025-06-10 06:36:00,2025-06-19 16:36:00,9,33.6,DELIVERED
SHIP0003536,ORD0004025,Linfox Direct,CON5481180890,2025-08-31 05:03:00,,2,40.0,IN_TRANSIT
SHIP0003537,ORD0002181,TNT Road,CON2326747650,2025-09-10 16:01:00,,4,8.8,IN_TRANSIT
SHIP0003538,ORD0003740,Linfox Direct,CON2289828349,2025-08-09 14:00:00,2025-08-17 07:00:00,7,37.4,DELIVERED
SHIP0003539,ORD0002535,CouriersPlease,CON9972534625,2025-07-21 12:38:00,2025-07-23 19:38:00,2,4.1,DELIVERED
SHIP0003540,ORD0004520,AusFreight Express,CON6544363320,2025-05-30 05:21:00,,3,33.5,LOST
SHIP0003541,ORD0002793,StarTrack Logistics,CON9935819005,2025-07-29 05:49:00,,2,26.7,IN_TRANSIT
SHIP0003542,ORD0004336,TNT Road,CON9544842516,2025-08-29 19:17:00,2025-09-05 10:17:00,6,28.5,DELIVERED
SHIP0003543,ORD0004576,Linfox Direct,CON1849998155,2025-12-26 08:50:00,2026-01-03 15:50:00,8,14.5,DELIVERED
SHIP0003544,ORD0001586,StarTrack Logistics,CON8410655512,2025-11-07 22:38:00,2025-11-11 06:38:00,3,27.6,DELIVERED
SHIP0003545,ORD0002280,StarTrack Logistics,CON3213420084,2025-08-29 12:46:00,2025-09-01 07:46:00,2,6.1,DELIVERED
SHIP0003546,ORD0000641,TNT Road,CON6715625208,2025-07-27 21:26:00,2025-07-30 03:26:00,2,29.3,DELIVERED
SHIP0003547,ORD0001482,Linfox Direct,CON6544268020,2025-06-12 21:19:00,,7,41.1,LOST
SHIP0003548,ORD0001882,TNT Road,CON7862485620,2025-11-11 06:22:00,2025-11-17 14:22:00,6,13.3,DELIVERED
SHIP0003549,ORD0001412,Linfox Direct,CON6819986927,2025-05-31 23:58:00,2025-06-10 10:58:00,9,35.7,DELIVERED
SHIP0003550,ORD0001859,Linfox Direct,CON9322480283,2025-08-18 05:42:00,,1,21.2,DELAYED
SHIP0003551,ORD0002648,Toll Priority,CON3831602901,2025-12-25 16:50:00,2026-01-04 10:50:00,9,40.3,DELIVERED
SHIP0003552,ORD0001541,StarTrack Logistics,CON8128986046,2025-12-22 01:32:00,2025-12-23 18:32:00,1,1.6,DELIVERED
SHIP0003553,ORD0000376,TNT Road,CON4760490042,2025-09-22 22:45:00,2025-10-02 14:45:00,9,7.6,DELIVERED
SHIP0003554,ORD0000571,TNT Road,CON4419168997,2025-07-30 07:47:00,2025-08-03 09:47:00,4,19.0,DELIVERED
SHIP0003555,ORD0003775,CouriersPlease,CON5759535638,2025-08-22 02:29:00,2025-08-27 09:29:00,5,19.1,DELIVERED
SHIP0003556,ORD0003216,CouriersPlease,CON8237975506,2025-12-09 17:17:00,2025-12-16 04:17:00,6,30.7,DELIVERED
SHIP0003557,ORD0003748,Linfox Direct,CON8196303078,2025-08-25 18:45:00,2025-08-27 22:45:00,2,34.2,DELIVERED
SHIP0003558,ORD0002811,AusFreight Express,CON9793964139,2025-07-11 10:03:00,,2,41.7,DELAYED
SHIP0003559,ORD0003471,CouriersPlease,CON4812658953,2025-12-16 16:26:00,2025-12-20 02:26:00,3,22.9,DELIVERED
SHIP0003560,ORD0004017,TNT Road,CON8992655324,2025-09-06 07:40:00,2025-09-08 15:40:00,2,16.1,DELIVERED
SHIP0003561,ORD0001950,TNT Road,CON4833248853,2025-07-25 00:31:00,,9,16.1,IN_TRANSIT
SHIP0003562,ORD0001020,AusFreight Express,CON1491823326,2025-05-23 20:51:00,2025-06-01 08:51:00,8,15.7,DELIVERED
SHIP0003563,ORD0002878,CouriersPlease,CON1255988184,2025-06-11 20:51:00,2025-06-13 21:51:00,2,24.3,DELIVERED
SHIP0003564,ORD0004561,StarTrack Logistics,CON7821999808,2025-07-19 12:40:00,,1,38.0,IN_TRANSIT
SHIP0003565,ORD0004087,StarTrack Logistics,CON7459797031,2025-05-19 00:06:00,2025-05-22 11:06:00,3,15.4,DELIVERED
SHIP0003566,ORD0003325,Toll Priority,CON9496260454,2025-05-17 15:22:00,,1,8.6,IN_TRANSIT
SHIP0003567,ORD0001567,Linfox Direct,CON7261546734,2025-06-29 13:18:00,,8,36.8,LOST
SHIP0003568,ORD0003999,Toll Priority,CON4277526672,2025-11-10 21:00:00,2025-11-12 09:00:00,1,29.0,DELIVERED
SHIP0003569,ORD0003584,Linfox Direct,CON9150941224,2025-07-19 12:08:00,2025-07-24 16:08:00,5,18.3,DELIVERED
SHIP0003570,ORD0001174,TNT Road,CON8560032305,2025-06-22 03:11:00,,8,31.0,IN_TRANSIT
SHIP0003571,ORD0001666,CouriersPlease,CON6263741342,2025-11-30 03:01:00,2025-12-01 04:01:00,1,31.0,DELIVERED
SHIP0003572,ORD0002769,Linfox Direct,CON2741004880,2025-05-23 19:50:00,,3,9.1,IN_TRANSIT
SHIP0003573,ORD0001260,Toll Priority,CON3056240606,2025-07-07 04:16:00,2025-07-16 20:16:00,9,1.2,DELIVERED
SHIP0003574,ORD0002334,Toll Priority,CON6369880631,2025-07-26 21:02:00,2025-08-04 12:02:00,8,3.2,DELIVERED
SHIP0003575,ORD0000773,AusFreight Express,CON9184749834,2025-08-24 22:24:00,2025-09-01 03:24:00,7,26.9,DELIVERED
SHIP0003576,ORD0004113,Toll Priority,CON3815950804,2025-06-21 16:44:00,,4,37.6,IN_TRANSIT
SHIP0003577,ORD0004179,AusFreight Express,CON6989155050,2025-08-16 02:11:00,2025-08-18 18:11:00,2,22.0,DELIVERED
SHIP0003578,ORD0000951,AusFreight Express,CON5793568178,2025-11-17 19:23:00,2025-11-23 00:23:00,5,37.1,DELIVERED
SHIP0003579,ORD0002363,CouriersPlease,CON8976661649,2025-05-27 22:35:00,2025-05-29 07:35:00,1,20.4,DELIVERED
SHIP0003580,ORD0003672,AusFreight Express,CON8489644953,2025-11-15 05:01:00,2025-11-17 06:01:00,2,11.0,DELIVERED
SHIP0003581,ORD0000550,Toll Priority,CON7736867138,2025-07-11 07:05:00,,1,32.8,LOST
SHIP0003582,ORD0004243,AusFreight Express,CON9224794102,2025-10-18 06:07:00,2025-10-27 09:07:00,9,16.6,DELIVERED
SHIP0003583,ORD0003661,Linfox Direct,CON5158993118,2025-09-23 12:09:00,2025-09-26 00:09:00,2,13.4,DELIVERED
SHIP0003584,ORD0002716,Toll Priority,CON1359656262,2025-07-02 19:00:00,2025-07-10 15:00:00,7,26.3,DELIVERED
SHIP0003585,ORD0002680,CouriersPlease,CON4394070224,2025-12-03 07:26:00,2025-12-05 16:26:00,2,8.8,DELIVERED
SHIP0003586,ORD0002628,Toll Priority,CON4368739296,2025-12-05 04:53:00,2025-12-11 14:53:00,6,23.1,DELIVERED
SHIP0003587,ORD0000542,TNT Road,CON8884106382,2025-07-30 04:00:00,2025-08-04 08:00:00,5,36.4,DELIVERED
SHIP0003588,ORD0001472,CouriersPlease,CON7019633998,2025-10-08 23:19:00,,3,12.2,LOST
SHIP0003589,ORD0002046,Linfox Direct,CON7599416227,2025-11-03 15:33:00,2025-11-10 04:33:00,6,15.1,DELIVERED
SHIP0003590,ORD0004227,StarTrack Logistics,CON7500938703,2025-09-02 12:36:00,2025-09-06 08:36:00,3,25.8,DELIVERED
SHIP0003591,ORD0000146,StarTrack Logistics,CON9734566997,2025-06-30 00:17:00,2025-07-04 17:17:00,4,17.2,DELIVERED
SHIP0003592,ORD0003233,TNT Road,CON5739492424,2025-09-15 06:10:00,,9,18.0,LOST
SHIP0003593,ORD0002453,CouriersPlease,CON2430968876,2025-08-12 06:53:00,2025-08-16 02:53:00,3,1.2,DELIVERED
SHIP0003594,ORD0003511,CouriersPlease,CON3290509046,2025-06-28 03:41:00,,1,1.7,LOST
SHIP0003595,ORD0002920,Linfox Direct,CON6144150225,2025-11-30 18:00:00,2025-12-03 10:00:00,2,25.6,DELIVERED
SHIP0003596,ORD0004951,AusFreight Express,CON2674138300,2025-12-06 14:28:00,2025-12-15 08:28:00,8,39.6,DELIVERED
SHIP0003597,ORD0003509,AusFreight Express,CON2962859805,2025-08-03 05:27:00,2025-08-10 20:27:00,7,24.4,DELIVERED
SHIP0003598,ORD0004226,TNT Road,CON4827219092,2025-07-31 23:00:00,,1,10.5,LOST
SHIP0003599,ORD0000845,Linfox Direct,CON8358847124,2025-08-01 04:20:00,2025-08-05 09:20:00,4,23.0,DELIVERED
SHIP0003600,ORD0003688,TNT Road,CON6576517425,2025-07-14 17:29:00,2025-07-21 20:29:00,7,20.3,DELIVERED
SHIP0003601,ORD0004357,TNT Road,CON5055670519,2025-06-06 10:32:00,,9,1.0,LOST
SHIP0003602,ORD0002939,Linfox Direct,CON2721600400,2025-11-02 23:46:00,,8,12.7,IN_TRANSIT
SHIP0003603,ORD0000020,TNT Road,CON4034211486,2025-06-22 08:30:00,2025-06-30 18:30:00,8,8.5,DELIVERED
SHIP0003604,ORD0003857,Linfox Direct,CON5544088614,2025-05-24 01:37:00,2025-06-01 16:37:00,8,38.4,DELIVERED
SHIP0003605,ORD0004611,TNT Road,CON3655875211,2025-08-04 21:23:00,,1,2.4,DELAYED
SHIP0003606,ORD0004868,TNT Road,CON7502690050,2025-06-12 06:11:00,2025-06-21 02:11:00,8,14.2,DELIVERED
SHIP0003607,ORD0000654,CouriersPlease,CON7237040746,2025-06-12 15:28:00,2025-06-16 00:28:00,3,36.9,DELIVERED
SHIP0003608,ORD0002987,Linfox Direct,CON9300342629,2025-09-20 13:26:00,2025-09-23 07:26:00,2,10.0,DELIVERED
SHIP0003609,ORD0000325,StarTrack Logistics,CON8082512152,2025-08-06 15:26:00,2025-08-09 16:26:00,3,15.2,DELIVERED
SHIP0003610,ORD0002832,TNT Road,CON5592827678,2025-05-25 21:49:00,2025-06-03 08:49:00,8,40.0,DELIVERED
SHIP0003611,ORD0001090,Linfox Direct,CON1640186536,2025-07-02 12:22:00,2025-07-06 03:22:00,3,15.8,DELIVERED
SHIP0003612,ORD0002835,TNT Road,CON3390001992,2025-11-09 01:56:00,2025-11-16 18:56:00,7,8.0,DELIVERED
SHIP0003613,ORD0001213,Toll Priority,CON2478428640,2025-08-21 09:41:00,2025-08-26 16:41:00,5,6.6,DELIVERED
SHIP0003614,ORD0001927,Toll Priority,CON7040524191,2025-06-15 06:36:00,2025-06-16 18:36:00,1,17.0,DELIVERED
SHIP0003615,ORD0000384,StarTrack Logistics,CON3559249007,2025-05-19 16:25:00,2025-05-21 17:25:00,2,2.5,DELIVERED
SHIP0003616,ORD0002193,TNT Road,CON4719890433,2025-06-30 14:16:00,,4,19.0,IN_TRANSIT
SHIP0003617,ORD0001407,TNT Road,CON5530249414,2025-10-26 10:05:00,2025-10-29 22:05:00,3,0.5,DELIVERED
SHIP0003618,ORD0001954,CouriersPlease,CON9452162666,2025-09-07 02:29:00,2025-09-12 22:29:00,5,1.5,DELIVERED
SHIP0003619,ORD0001894,Linfox Direct,CON3320258960,2025-09-09 21:49:00,2025-09-14 02:49:00,4,7.3,DELIVERED
SHIP0003620,ORD0003690,Toll Priority,CON4639692076,2025-07-17 11:37:00,,5,25.1,LOST
SHIP0003621,ORD0003300,StarTrack Logistics,CON6764755777,2025-10-15 00:46:00,,5,41.7,DELAYED
SHIP0003622,ORD0004792,AusFreight Express,CON3130178539,2025-12-16 17:47:00,2025-12-19 09:47:00,2,39.4,DELIVERED
SHIP0003623,ORD0001066,Linfox Direct,CON6171348824,2025-10-05 05:49:00,,1,32.5,IN_TRANSIT
SHIP0003624,ORD0003977,Linfox Direct,CON1033625780,2025-09-27 15:09:00,2025-10-05 05:09:00,7,40.6,DELIVERED
SHIP0003625,ORD0004737,AusFreight Express,CON4775978305,2025-10-22 23:05:00,2025-10-24 06:05:00,1,16.4,DELIVERED
SHIP0003626,ORD0000946,StarTrack Logistics,CON9605947962,2025-08-31 18:54:00,,8,32.6,DELAYED
SHIP0003627,ORD0002448,TNT Road,CON2093424989,2025-06-05 00:50:00,2025-06-10 10:50:00,5,6.0,DELIVERED
SHIP0003628,ORD0002145,AusFreight Express,CON7910078870,2025-07-17 11:17:00,2025-07-22 19:17:00,5,32.4,DELIVERED
SHIP0003629,ORD0001723,CouriersPlease,CON1578715462,2025-09-03 20:15:00,2025-09-05 12:15:00,1,33.6,DELIVERED
SHIP0003630,ORD0001342,Linfox Direct,CON2714200482,2025-09-19 00:38:00,2025-09-28 18:38:00,9,6.1,DELIVERED
SHIP0003631,ORD0000789,CouriersPlease,CON4288717489,2025-12-10 08:27:00,2025-12-17 22:27:00,7,36.3,DELIVERED
SHIP0003632,ORD0000332,CouriersPlease,CON7970221438,2025-07-22 12:03:00,,6,27.9,LOST
SHIP0003633,ORD0002103,AusFreight Express,CON2483058840,2025-11-12 19:58:00,2025-11-16 15:58:00,3,10.3,DELIVERED
SHIP0003634,ORD0003060,Linfox Direct,CON6824605534,2025-06-14 20:44:00,2025-06-23 15:44:00,8,30.1,DELIVERED
SHIP0003635,ORD0001565,AusFreight Express,CON6283116363,2025-05-29 10:46:00,,6,10.5,LOST
SHIP0003636,ORD0001282,TNT Road,CON6188958471,2025-07-25 16:54:00,,1,18.0,IN_TRANSIT
SHIP0003637,ORD0001615,Linfox Direct,CON5695931741,2025-12-16 12:59:00,,9,16.0,DELAYED
SHIP0003638,ORD0001345,Toll Priority,CON2866103957,2025-10-18 14:12:00,2025-10-21 08:12:00,2,39.8,DELIVERED
SHIP0003639,ORD0001481,Linfox Direct,CON9016157494,2025-10-23 11:08:00,2025-10-26 23:08:00,3,7.7,DELIVERED
SHIP0003640,ORD0002269,Linfox Direct,CON9073610504,2025-09-16 19:31:00,2025-09-26 02:31:00,9,40.3,DELIVERED
SHIP0003641,ORD0001223,Linfox Direct,CON4288085376,2025-08-10 14:09:00,2025-08-14 15:09:00,4,3.4,DELIVERED
SHIP0003642,ORD0003841,Linfox Direct,CON1088800934,2025-11-01 04:40:00,,6,27.1,IN_TRANSIT
SHIP0003643,ORD0002663,TNT Road,CON3103191759,2025-07-11 22:25:00,2025-07-15 15:25:00,3,19.0,DELIVERED
SHIP0003644,ORD0000001,CouriersPlease,CON3830535622,2025-08-13 05:43:00,2025-08-18 13:43:00,5,15.8,DELIVERED
SHIP0003645,ORD0003818,StarTrack Logistics,CON5052443933,2025-11-17 19:23:00,2025-11-24 23:23:00,7,41.1,DELIVERED
SHIP0003646,ORD0000529,TNT Road,CON4474907408,2025-06-18 10:38:00,2025-06-20 22:38:00,2,29.7,DELIVERED
SHIP0003647,ORD0002224,AusFreight Express,CON9328536365,2025-12-09 22:57:00,2025-12-11 01:57:00,1,40.6,DELIVERED
SHIP0003648,ORD0001739,Toll Priority,CON3466135794,2025-08-31 14:57:00,2025-09-05 02:57:00,4,39.6,DELIVERED
SHIP0003649,ORD0002963,TNT Road,CON9551182160,2025-09-20 16:52:00,,8,31.8,DELAYED
SHIP0003650,ORD0000319,AusFreight Express,CON7936768107,2025-11-08 04:10:00,2025-11-17 12:10:00,9,18.0,DELIVERED
SHIP0003651,ORD0000709,AusFreight Express,CON7423890239,2026-01-01 13:57:00,2026-01-05 08:57:00,3,26.9,DELIVERED
SHIP0003652,ORD0002352,Linfox Direct,CON9297831259,2025-06-27 17:43:00,2025-07-01 18:43:00,4,18.4,DELIVERED
SHIP0003653,ORD0003440,Toll Priority,CON5709224492,2025-06-25 14:12:00,2025-06-30 04:12:00,4,22.8,DELIVERED
SHIP0003654,ORD0002153,Toll Priority,CON4801492187,2025-12-25 09:51:00,,5,34.7,LOST
SHIP0003655,ORD0003337,TNT Road,CON3767887354,2025-10-29 02:26:00,2025-11-01 04:26:00,3,13.1,DELIVERED
SHIP0003656,ORD0004650,AusFreight Express,CON1465619060,2025-10-16 15:20:00,,1,14.0,IN_TRANSIT
SHIP0003657,ORD0003022,Linfox Direct,CON7125642986,2025-06-10 04:03:00,,5,27.1,LOST
SHIP0003658,ORD0000042,StarTrack Logistics,CON1136344671,2025-05-29 01:23:00,2025-05-30 17:23:00,1,6.2,DELIVERED
SHIP0003659,ORD0004746,StarTrack Logistics,CON9508095196,2025-08-04 04:19:00,,4,7.2,DELAYED
SHIP0003660,ORD0001613,StarTrack Logistics,CON4507784218,2025-09-14 05:17:00,2025-09-16 23:17:00,2,25.4,DELIVERED
SHIP0003661,ORD0002689,CouriersPlease,CON5829572405,2025-06-02 05:13:00,2025-06-12 01:13:00,9,1.4,DELIVERED
SHIP0003662,ORD0000771,Linfox Direct,CON9316532248,2025-06-12 18:06:00,2025-06-19 12:06:00,6,31.9,DELIVERED
SHIP0003663,ORD0001761,TNT Road,CON6275120512,2025-05-23 21:46:00,,2,20.3,LOST
SHIP0003664,ORD0001581,TNT Road,CON3331888879,2025-10-17 09:15:00,2025-10-26 21:15:00,9,18.2,DELIVERED
SHIP0003665,ORD0003459,AusFreight Express,CON5559624132,2025-06-13 21:53:00,2025-06-22 04:53:00,8,20.5,DELIVERED
SHIP0003666,ORD0004536,StarTrack Logistics,CON4024950957,2025-10-10 14:50:00,2025-10-17 00:50:00,6,38.1,DELIVERED
SHIP0003667,ORD0003435,Toll Priority,CON9577203355,2025-05-19 06:38:00,2025-05-24 20:38:00,5,37.8,DELIVERED
SHIP0003668,ORD0002299,StarTrack Logistics,CON5434038378,2025-10-03 14:09:00,2025-10-04 17:09:00,1,5.5,DELIVERED
SHIP0003669,ORD0001110,Toll Priority,CON5000343539,2025-08-01 09:03:00,2025-08-09 22:03:00,8,28.0,DELIVERED
SHIP0003670,ORD0002474,AusFreight Express,CON9119801184,2025-10-23 10:21:00,2025-10-30 19:21:00,7,13.6,DELIVERED
SHIP0003671,ORD0004942,StarTrack Logistics,CON7828409939,2025-12-15 16:16:00,,6,37.1,DELAYED
SHIP0003672,ORD0002614,Linfox Direct,CON1234635413,2025-06-24 19:40:00,2025-06-26 12:40:00,1,42.0,DELIVERED
SHIP0003673,ORD0004408,AusFreight Express,CON2709236327,2025-07-17 12:44:00,2025-07-25 16:44:00,8,41.8,DELIVERED
SHIP0003674,ORD0002159,TNT Road,CON7134908270,2025-08-20 21:06:00,2025-08-27 02:06:00,6,35.2,DELIVERED
SHIP0003675,ORD0003305,CouriersPlease,CON8860620376,2025-07-11 13:08:00,2025-07-21 08:08:00,9,2.4,DELIVERED
SHIP0003676,ORD0002146,StarTrack Logistics,CON5951379284,2025-10-23 04:48:00,2025-10-27 13:48:00,4,7.6,DELIVERED
SHIP0003677,ORD0002836,Linfox Direct,CON3689369996,2025-08-08 08:46:00,2025-08-15 11:46:00,7,41.8,DELIVERED
SHIP0003678,ORD0000811,Linfox Direct,CON6432722893,2025-06-11 15:56:00,2025-06-13 09:56:00,1,40.2,DELIVERED
SHIP0003679,ORD0003942,Linfox Direct,CON6985668392,2025-07-05 01:16:00,2025-07-08 06:16:00,3,26.0,DELIVERED
SHIP0003680,ORD0000506,AusFreight Express,CON1434310869,2025-10-21 15:22:00,2025-10-22 19:22:00,1,26.1,DELIVERED
SHIP0003681,ORD0002560,AusFreight Express,CON1181818033,2025-06-05 11:56:00,2025-06-15 02:56:00,9,36.9,DELIVERED
SHIP0003682,ORD0001829,Linfox Direct,CON6899332196,2025-11-12 19:02:00,2025-11-18 04:02:00,5,36.0,DELIVERED
SHIP0003683,ORD0003636,CouriersPlease,CON4565104202,2025-11-25 10:41:00,,2,35.2,DELAYED
SHIP0003684,ORD0003414,CouriersPlease,CON5249465601,2025-06-07 05:22:00,2025-06-15 10:22:00,8,13.2,DELIVERED
SHIP0003685,ORD0001265,Linfox Direct,CON5778233280,2025-06-07 00:56:00,,1,33.3,IN_TRANSIT
SHIP0003686,ORD0004370,Toll Priority,CON1125679178,2025-05-26 11:00:00,2025-06-01 23:00:00,6,34.0,DELIVERED
SHIP0003687,ORD0000060,Linfox Direct,CON8881091803,2025-12-28 11:11:00,2026-01-01 04:11:00,3,7.7,DELIVERED
SHIP0003688,ORD0004247,StarTrack Logistics,CON4555489693,2025-10-15 00:45:00,,1,15.6,IN_TRANSIT
SHIP0003689,ORD0004926,AusFreight Express,CON3130547370,2025-12-11 13:24:00,,3,27.5,IN_TRANSIT
SHIP0003690,ORD0001505,CouriersPlease,CON4992866524,2025-07-02 20:36:00,,4,8.7,IN_TRANSIT
SHIP0003691,ORD0000668,AusFreight Express,CON7188516389,2025-08-01 08:33:00,,6,11.6,DELAYED
SHIP0003692,ORD0000645,Toll Priority,CON1286102692,2025-06-28 20:12:00,,3,18.2,LOST
SHIP0003693,ORD0000996,CouriersPlease,CON3976967524,2025-09-12 18:53:00,,1,28.3,DELAYED
SHIP0003694,ORD0004651,CouriersPlease,CON5990285783,2025-10-15 05:26:00,2025-10-22 20:26:00,7,36.9,DELIVERED
SHIP0003695,ORD0001137,Toll Priority,CON7546299848,2025-10-17 17:23:00,2025-10-18 23:23:00,1,4.6,DELIVERED
SHIP0003696,ORD0003842,StarTrack Logistics,CON5242299659,2025-07-19 06:14:00,2025-07-25 18:14:00,6,1.2,DELIVERED
SHIP0003697,ORD0000411,AusFreight Express,CON6710883118,2025-06-08 07:44:00,,7,42.0,LOST
SHIP0003698,ORD0001362,Linfox Direct,CON2420897470,2025-12-09 07:29:00,,1,7.3,IN_TRANSIT
SHIP0003699,ORD0000246,StarTrack Logistics,CON4651117893,2025-09-30 07:35:00,,4,22.3,DELAYED
SHIP0003700,ORD0001539,Linfox Direct,CON4532018470,2025-10-27 03:54:00,2025-11-01 04:54:00,5,32.8,DELIVERED
SHIP0003701,ORD0001576,AusFreight Express,CON8313130971,2025-07-01 20:27:00,2025-07-11 00:27:00,9,16.3,DELIVERED
SHIP0003702,ORD0002017,StarTrack Logistics,CON4282964396,2025-06-28 10:39:00,,9,27.3,LOST
SHIP0003703,ORD0001366,AusFreight Express,CON1981734164,2025-07-22 22:07:00,2025-07-28 16:07:00,5,7.3,DELIVERED
SHIP0003704,ORD0003370,Linfox Direct,CON7731895241,2025-11-26 22:37:00,2025-12-03 06:37:00,6,11.9,DELIVERED
SHIP0003705,ORD0000061,Linfox Direct,CON2627917772,2025-08-18 10:14:00,,8,15.5,DELAYED
SHIP0003706,ORD0001508,StarTrack Logistics,CON7978731469,2025-10-11 15:04:00,2025-10-19 07:04:00,7,26.7,DELIVERED
SHIP0003707,ORD0003833,TNT Road,CON3554299523,2025-07-30 15:58:00,,5,13.1,LOST
SHIP0003708,ORD0000069,TNT Road,CON4394298152,2025-12-11 05:15:00,,5,4.5,LOST
SHIP0003709,ORD0003492,StarTrack Logistics,CON3460103177,2025-12-18 02:48:00,2025-12-22 21:48:00,4,29.1,DELIVERED
SHIP0003710,ORD0004231,CouriersPlease,CON7870879319,2025-12-09 13:04:00,2025-12-18 16:04:00,9,5.8,DELIVERED
SHIP0003711,ORD0004287,CouriersPlease,CON9988766302,2025-06-16 18:25:00,,1,36.7,DELAYED
SHIP0003712,ORD0002382,Linfox Direct,CON5567004193,2025-12-13 20:50:00,,4,0.8,IN_TRANSIT
SHIP0003713,ORD0001136,Toll Priority,CON8747817049,2025-07-06 01:13:00,2025-07-07 14:13:00,1,33.8,DELIVERED
SHIP0003714,ORD0004150,Toll Priority,CON5345570596,2025-11-22 00:58:00,,4,22.9,IN_TRANSIT
SHIP0003715,ORD0004291,AusFreight Express,CON9174329811,2025-10-22 17:38:00,2025-10-28 21:38:00,6,20.3,DELIVERED
SHIP0003716,ORD0001450,Linfox Direct,CON2509078424,2025-09-06 19:10:00,,1,23.3,IN_TRANSIT
SHIP0003717,ORD0003860,Toll Priority,CON2503082149,2025-10-13 07:06:00,2025-10-20 19:06:00,7,18.5,DELIVERED
SHIP0003718,ORD0001612,AusFreight Express,CON2875266193,2025-10-06 14:02:00,2025-10-15 23:02:00,9,9.7,DELIVERED
SHIP0003719,ORD0004506,CouriersPlease,CON1185635516,2025-11-29 06:54:00,2025-12-07 12:54:00,8,15.9,DELIVERED
SHIP0003720,ORD0001258,TNT Road,CON7663700844,2025-07-05 11:45:00,2025-07-15 05:45:00,9,27.0,DELIVERED
SHIP0003721,ORD0004779,Linfox Direct,CON4361023183,2025-08-20 02:02:00,,8,2.8,LOST
SHIP0003722,ORD0002241,StarTrack Logistics,CON7916218218,2025-08-16 11:55:00,,9,17.9,DELAYED
SHIP0003723,ORD0003272,Linfox Direct,CON6871445903,2025-09-09 20:57:00,,6,13.8,LOST
SHIP0003724,ORD0000536,Linfox Direct,CON4294207181,2025-10-27 02:47:00,,8,38.5,IN_TRANSIT
SHIP0003725,ORD0003306,CouriersPlease,CON5620305676,2025-12-06 19:04:00,,2,7.6,LOST
SHIP0003726,ORD0004580,CouriersPlease,CON4241154363,2025-10-04 00:26:00,,2,30.6,DELAYED
SHIP0003727,ORD0000817,StarTrack Logistics,CON6236331630,2025-07-02 16:42:00,2025-07-08 23:42:00,6,40.0,DELIVERED
SHIP0003728,ORD0001881,Toll Priority,CON3722280361,2025-10-13 21:42:00,2025-10-16 03:42:00,2,15.3,DELIVERED
SHIP0003729,ORD0003916,TNT Road,CON8749599963,2025-07-18 14:40:00,2025-07-23 00:40:00,4,16.5,DELIVERED
SHIP0003730,ORD0002647,StarTrack Logistics,CON1860775593,2025-12-15 21:31:00,2025-12-21 17:31:00,5,9.5,DELIVERED
SHIP0003731,ORD0003323,StarTrack Logistics,CON8270436335,2025-10-23 02:45:00,2025-10-29 06:45:00,6,27.4,DELIVERED
SHIP0003732,ORD0002264,StarTrack Logistics,CON4955566376,2025-12-01 18:13:00,,9,8.6,LOST
SHIP0003733,ORD0003779,AusFreight Express,CON3511058572,2025-07-16 23:15:00,2025-07-20 17:15:00,3,28.1,DELIVERED
SHIP0003734,ORD0000685,Linfox Direct,CON2201102207,2025-09-29 15:03:00,2025-10-02 03:03:00,2,5.9,DELIVERED
SHIP0003735,ORD0003583,Linfox Direct,CON6992769471,2025-07-18 13:45:00,,6,42.0,IN_TRANSIT
SHIP0003736,ORD0004660,AusFreight Express,CON9461816953,2025-12-30 17:07:00,2026-01-07 11:07:00,7,32.0,DELIVERED
SHIP0003737,ORD0003183,CouriersPlease,CON1142166085,2025-07-09 13:57:00,2025-07-12 14:57:00,3,25.7,DELIVERED
SHIP0003738,ORD0001427,CouriersPlease,CON2775292447,2025-12-28 23:48:00,2025-12-30 03:48:00,1,0.8,DELIVERED
SHIP0003739,ORD0003041,Toll Priority,CON8521570555,2025-08-28 10:56:00,2025-08-30 16:56:00,2,10.4,DELIVERED
SHIP0003740,ORD0002736,CouriersPlease,CON2500775454,2025-09-17 05:51:00,2025-09-23 00:51:00,5,5.3,DELIVERED
SHIP0003741,ORD0004072,StarTrack Logistics,CON5211157024,2025-09-19 23:04:00,2025-09-21 18:04:00,1,37.9,DELIVERED
SHIP0003742,ORD0001413,Toll Priority,CON4232247098,2025-10-25 03:26:00,2025-10-29 12:26:00,4,18.8,DELIVERED
SHIP0003743,ORD0002281,Linfox Direct,CON8248534785,2025-12-05 03:49:00,2025-12-14 09:49:00,9,27.8,DELIVERED
SHIP0003744,ORD0004687,StarTrack Logistics,CON8594175060,2025-10-15 01:57:00,,5,11.8,DELAYED
SHIP0003745,ORD0002477,StarTrack Logistics,CON6409309225,2025-07-27 02:25:00,2025-07-31 07:25:00,4,33.1,DELIVERED
SHIP0003746,ORD0002105,CouriersPlease,CON5689466779,2025-07-27 17:41:00,2025-08-02 04:41:00,5,28.6,DELIVERED
SHIP0003747,ORD0001992,Toll Priority,CON2022389297,2025-10-18 13:54:00,,4,22.1,IN_TRANSIT
SHIP0003748,ORD0002322,AusFreight Express,CON7126501947,2025-09-07 11:08:00,2025-09-12 05:08:00,4,17.8,DELIVERED
SHIP0003749,ORD0000229,StarTrack Logistics,CON2240348309,2025-06-10 02:22:00,2025-06-16 17:22:00,6,17.1,DELIVERED
SHIP0003750,ORD0002501,StarTrack Logistics,CON8344324592,2025-08-27 04:47:00,2025-09-02 22:47:00,6,25.9,DELIVERED
SHIP0003751,ORD0002284,TNT Road,CON7206355069,2025-08-08 12:33:00,2025-08-17 05:33:00,8,15.5,DELIVERED
SHIP0003752,ORD0002705,Toll Priority,CON8777665867,2025-07-09 04:57:00,2025-07-11 08:57:00,2,11.8,DELIVERED
SHIP0003753,ORD0000004,StarTrack Logistics,CON3623759537,2025-05-29 06:52:00,,4,4.9,DELAYED
SHIP0003754,ORD0003411,AusFreight Express,CON8557044816,2025-07-04 10:36:00,,3,16.5,IN_TRANSIT
SHIP0003755,ORD0004635,CouriersPlease,CON7751545759,2025-07-16 02:54:00,2025-07-18 15:54:00,2,26.5,DELIVERED
SHIP0003756,ORD0000175,CouriersPlease,CON9076020588,2025-10-21 10:29:00,2025-10-24 06:29:00,2,20.1,DELIVERED
SHIP0003757,ORD0003950,AusFreight Express,CON8445360741,2025-07-20 15:46:00,2025-07-22 08:46:00,1,3.6,DELIVERED
SHIP0003758,ORD0000626,AusFreight Express,CON4292787797,2025-08-26 08:08:00,2025-08-31 09:08:00,5,3.2,DELIVERED
SHIP0003759,ORD0002116,AusFreight Express,CON6296411750,2025-05-29 20:01:00,2025-06-01 07:01:00,2,4.1,DELIVERED
SHIP0003760,ORD0000468,StarTrack Logistics,CON3604762109,2025-07-10 18:09:00,,9,18.4,LOST
SHIP0003761,ORD0000080,TNT Road,CON2739505047,2025-10-08 07:41:00,2025-10-14 23:41:00,6,30.6,DELIVERED
SHIP0003762,ORD0004443,StarTrack Logistics,CON5884408967,2025-07-24 05:32:00,2025-07-27 13:32:00,3,28.8,DELIVERED
SHIP0003763,ORD0002492,StarTrack Logistics,CON5051486664,2025-09-16 12:19:00,2025-09-19 18:19:00,3,23.8,DELIVERED
SHIP0003764,ORD0000467,Toll Priority,CON6224912625,2025-06-11 05:56:00,,1,33.8,LOST
SHIP0003765,ORD0000490,StarTrack Logistics,CON9193882745,2025-11-21 17:03:00,,6,28.9,IN_TRANSIT
SHIP0003766,ORD0001918,CouriersPlease,CON7183582239,2025-12-13 12:53:00,2025-12-14 23:53:00,1,27.4,DELIVERED
SHIP0003767,ORD0001926,Linfox Direct,CON9230293868,2025-11-10 02:09:00,,4,27.1,LOST
SHIP0003768,ORD0004987,StarTrack Logistics,CON8017501592,2025-09-17 05:36:00,2025-09-19 21:36:00,2,9.1,DELIVERED
SHIP0003769,ORD0004873,CouriersPlease,CON9195744823,2025-09-21 03:45:00,2025-09-27 06:45:00,6,32.5,DELIVERED
SHIP0003770,ORD0000936,TNT Road,CON9223990000,2025-12-15 12:54:00,2025-12-24 17:54:00,9,0.3,DELIVERED
SHIP0003771,ORD0001540,Toll Priority,CON4159001316,2025-07-17 06:30:00,2025-07-19 16:30:00,2,9.1,DELIVERED
SHIP0003772,ORD0002623,CouriersPlease,CON8113932699,2025-08-27 17:55:00,2025-09-05 05:55:00,8,13.5,DELIVERED
SHIP0003773,ORD0002808,StarTrack Logistics,CON5633905837,2025-11-09 04:17:00,2025-11-13 13:17:00,4,18.8,DELIVERED
SHIP0003774,ORD0000726,Linfox Direct,CON9925393513,2025-12-03 05:08:00,2025-12-06 18:08:00,3,18.9,DELIVERED
SHIP0003775,ORD0000846,TNT Road,CON4164417588,2025-11-17 16:30:00,,9,26.3,DELAYED
SHIP0003776,ORD0001814,Linfox Direct,CON6884495691,2025-08-06 09:17:00,,5,35.7,IN_TRANSIT
SHIP0003777,ORD0002014,TNT Road,CON8765672335,2025-05-23 14:20:00,,3,23.4,IN_TRANSIT
SHIP0003778,ORD0004632,AusFreight Express,CON5007886034,2025-05-18 19:04:00,,9,26.4,LOST
SHIP0003779,ORD0003268,Linfox Direct,CON4085972332,2025-06-15 08:17:00,2025-06-21 12:17:00,6,29.9,DELIVERED
SHIP0003780,ORD0002596,CouriersPlease,CON4021995843,2025-09-25 07:59:00,2025-10-01 23:59:00,6,20.1,DELIVERED
SHIP0003781,ORD0002286,Linfox Direct,CON8821184498,2025-08-07 14:07:00,,7,28.7,DELAYED
SHIP0003782,ORD0004013,StarTrack Logistics,CON4911576192,2025-10-15 03:21:00,,6,24.3,DELAYED
SHIP0003783,ORD0002842,Toll Priority,CON7139941907,2025-08-17 01:01:00,2025-08-23 13:01:00,6,2.7,DELIVERED
SHIP0003784,ORD0003729,Linfox Direct,CON7684937490,2025-09-05 12:36:00,2025-09-10 07:36:00,4,25.4,DELIVERED
SHIP0003785,ORD0000805,Toll Priority,CON8210121068,2025-07-12 19:41:00,,5,20.9,LOST
SHIP0003786,ORD0003675,Toll Priority,CON8924791621,2025-08-10 13:45:00,2025-08-17 04:45:00,6,36.3,DELIVERED
SHIP0003787,ORD0001043,AusFreight Express,CON1758237825,2025-10-24 04:47:00,2025-10-27 10:47:00,3,9.3,DELIVERED
SHIP0003788,ORD0000185,AusFreight Express,CON8556312878,2025-11-23 15:15:00,2025-12-01 05:15:00,7,21.9,DELIVERED
SHIP0003789,ORD0003161,TNT Road,CON4923672764,2025-10-20 08:47:00,,1,31.8,DELAYED
SHIP0003790,ORD0004107,AusFreight Express,CON7089122408,2025-11-24 16:42:00,2025-11-26 04:42:00,1,9.6,DELIVERED
SHIP0003791,ORD0001417,TNT Road,CON3780218327,2025-05-28 18:40:00,,1,8.0,LOST
SHIP0003792,ORD0000905,TNT Road,CON3325518169,2025-07-15 17:06:00,2025-07-24 19:06:00,9,14.8,DELIVERED
SHIP0003793,ORD0001491,AusFreight Express,CON6286014800,2025-10-29 17:05:00,2025-11-02 21:05:00,4,26.9,DELIVERED
SHIP0003794,ORD0003990,Linfox Direct,CON7714380685,2025-12-18 06:12:00,,5,19.5,LOST
SHIP0003795,ORD0000102,Linfox Direct,CON7034423763,2025-06-25 09:03:00,2025-06-27 23:03:00,2,8.4,DELIVERED
SHIP0003796,ORD0002730,StarTrack Logistics,CON9459411556,2025-09-17 13:03:00,,8,10.9,IN_TRANSIT
SHIP0003797,ORD0003801,StarTrack Logistics,CON7925080970,2025-05-27 09:39:00,,9,27.5,IN_TRANSIT
SHIP0003798,ORD0000721,AusFreight Express,CON1632756945,2025-06-23 11:18:00,,9,34.1,DELAYED
SHIP0003799,ORD0004012,AusFreight Express,CON3275751981,2025-10-31 20:51:00,2025-11-08 06:51:00,7,40.6,DELIVERED
SHIP0003800,ORD0002337,AusFreight Express,CON1639842550,2025-12-10 19:19:00,2025-12-16 10:19:00,5,40.6,DELIVERED
SHIP0003801,ORD0003430,Toll Priority,CON2661877331,2025-05-30 20:37:00,2025-06-01 13:37:00,1,10.4,DELIVERED
SHIP0003802,ORD0003746,CouriersPlease,CON2905898636,2025-10-07 12:34:00,2025-10-16 21:34:00,9,16.2,DELIVERED
SHIP0003803,ORD0002405,CouriersPlease,CON7410499043,2025-07-22 15:26:00,2025-07-30 20:26:00,8,10.2,DELIVERED
SHIP0003804,ORD0002446,Toll Priority,CON5138656445,2025-05-29 11:56:00,2025-06-07 15:56:00,9,21.4,DELIVERED
SHIP0003805,ORD0004848,StarTrack Logistics,CON6425899640,2025-05-27 06:31:00,2025-05-29 20:31:00,2,35.7,DELIVERED
SHIP0003806,ORD0002611,CouriersPlease,CON5909002909,2025-06-20 21:50:00,2025-06-26 07:50:00,5,29.2,DELIVERED
SHIP0003807,ORD0004709,Toll Priority,CON2030976605,2025-10-07 06:31:00,2025-10-08 15:31:00,1,38.5,DELIVERED
SHIP0003808,ORD0003074,Linfox Direct,CON4527263344,2025-12-22 17:58:00,2025-12-25 00:58:00,2,4.8,DELIVERED
SHIP0003809,ORD0002075,TNT Road,CON3071917098,2025-06-22 15:08:00,2025-06-24 11:08:00,1,4.2,DELIVERED
SHIP0003810,ORD0003639,CouriersPlease,CON5936700037,2025-07-19 16:15:00,2025-07-20 19:15:00,1,36.5,DELIVERED
SHIP0003811,ORD0001871,Linfox Direct,CON1346940743,2025-12-03 09:06:00,2025-12-12 04:06:00,8,1.7,DELIVERED
SHIP0003812,ORD0002185,CouriersPlease,CON7091631306,2025-08-26 19:21:00,2025-09-04 07:21:00,8,29.2,DELIVERED
SHIP0003813,ORD0000012,TNT Road,CON4521434804,2025-11-16 00:01:00,2025-11-19 04:01:00,3,6.2,DELIVERED
SHIP0003814,ORD0001877,CouriersPlease,CON9381597476,2025-06-01 03:44:00,,9,37.3,DELAYED
SHIP0003815,ORD0000835,StarTrack Logistics,CON2063040147,2025-06-10 20:54:00,,6,8.3,IN_TRANSIT
SHIP0003816,ORD0003324,TNT Road,CON5718970852,2025-06-08 15:19:00,2025-06-14 00:19:00,5,33.3,DELIVERED
SHIP0003817,ORD0001519,TNT Road,CON4205385056,2025-11-16 10:44:00,2025-11-22 05:44:00,5,10.1,DELIVERED
SHIP0003818,ORD0002083,TNT Road,CON2579586801,2025-10-20 02:08:00,2025-10-21 04:08:00,1,34.3,DELIVERED
SHIP0003819,ORD0003796,CouriersPlease,CON4241557791,2025-08-25 08:42:00,2025-09-02 22:42:00,8,40.4,DELIVERED
SHIP0003820,ORD0003759,Toll Priority,CON4368189460,2025-08-09 00:19:00,2025-08-15 18:19:00,6,31.5,DELIVERED
SHIP0003821,ORD0004448,TNT Road,CON5403901964,2025-05-17 16:34:00,,3,23.2,LOST
SHIP0003822,ORD0002649,StarTrack Logistics,CON7438045699,2025-09-20 04:20:00,,9,7.5,DELAYED
SHIP0003823,ORD0001893,Toll Priority,CON7277633783,2025-06-17 20:53:00,2025-06-24 08:53:00,6,24.7,DELIVERED
SHIP0003824,ORD0000959,CouriersPlease,CON5617347536,2025-10-19 14:37:00,2025-10-24 16:37:00,5,20.1,DELIVERED
SHIP0003825,ORD0004969,TNT Road,CON3531235159,2025-09-29 04:21:00,,2,30.6,LOST
SHIP0003826,ORD0004256,Toll Priority,CON4960669345,2025-12-04 23:32:00,2025-12-12 15:32:00,7,36.2,DELIVERED
SHIP0003827,ORD0002946,Linfox Direct,CON3591934405,2025-08-16 07:48:00,,9,38.8,DELAYED
SHIP0003828,ORD0002875,StarTrack Logistics,CON9126419594,2025-07-26 02:37:00,,6,36.1,IN_TRANSIT
SHIP0003829,ORD0002487,AusFreight Express,CON3109715716,2025-09-26 01:48:00,2025-09-28 19:48:00,2,9.1,DELIVERED
SHIP0003830,ORD0002239,Toll Priority,CON2992112631,2025-09-28 10:53:00,2025-10-01 11:53:00,3,34.7,DELIVERED
SHIP0003831,ORD0002064,StarTrack Logistics,CON6578352892,2025-10-10 15:22:00,2025-10-19 11:22:00,8,27.9,DELIVERED
SHIP0003832,ORD0002347,CouriersPlease,CON7639072709,2025-11-02 22:23:00,,9,18.2,LOST
SHIP0003833,ORD0001274,StarTrack Logistics,CON6928258155,2025-06-08 18:04:00,,4,7.4,LOST
SHIP0003834,ORD0001513,TNT Road,CON5797839823,2025-09-29 13:00:00,2025-10-04 18:00:00,5,10.5,DELIVERED
SHIP0003835,ORD0004030,TNT Road,CON4280288042,2025-07-28 16:00:00,2025-08-04 01:00:00,6,13.9,DELIVERED
SHIP0003836,ORD0000139,CouriersPlease,CON8361719107,2025-08-08 22:33:00,,5,3.2,DELAYED
SHIP0003837,ORD0003033,TNT Road,CON9113819507,2025-08-16 10:19:00,,1,32.3,IN_TRANSIT
SHIP0003838,ORD0000601,AusFreight Express,CON4516914010,2025-07-25 22:22:00,,1,12.2,IN_TRANSIT
SHIP0003839,ORD0001841,CouriersPlease,CON3792917319,2026-01-01 11:25:00,2026-01-04 16:25:00,3,17.7,DELIVERED
SHIP0003840,ORD0004216,Toll Priority,CON5664294313,2025-12-19 23:53:00,,4,14.0,LOST
SHIP0003841,ORD0000604,AusFreight Express,CON7379857250,2025-06-03 06:17:00,,6,3.6,DELAYED
SHIP0003842,ORD0001203,AusFreight Express,CON1083542095,2025-09-19 15:38:00,2025-09-27 08:38:00,7,14.5,DELIVERED
SHIP0003843,ORD0003587,Linfox Direct,CON7482784485,2025-06-23 04:56:00,2025-06-26 18:56:00,3,35.0,DELIVERED
SHIP0003844,ORD0002874,CouriersPlease,CON8244163344,2025-08-02 18:09:00,2025-08-08 08:09:00,5,12.2,DELIVERED
SHIP0003845,ORD0002829,CouriersPlease,CON5753936314,2025-08-30 01:00:00,2025-09-01 12:00:00,2,13.5,DELIVERED
SHIP0003846,ORD0000708,Toll Priority,CON8177547940,2025-12-07 00:02:00,2025-12-15 19:02:00,8,29.4,DELIVERED
SHIP0003847,ORD0003809,Linfox Direct,CON1468177299,2025-08-15 14:41:00,,9,9.4,LOST
SHIP0003848,ORD0002950,CouriersPlease,CON3318705427,2025-10-14 02:26:00,2025-10-23 13:26:00,9,21.1,DELIVERED
SHIP0003849,ORD0004459,Toll Priority,CON5113447445,2025-05-26 16:11:00,2025-05-29 01:11:00,2,39.9,DELIVERED
SHIP0003850,ORD0002459,TNT Road,CON2361201428,2025-09-07 13:13:00,2025-09-15 04:13:00,7,4.1,DELIVERED
SHIP0003851,ORD0002895,AusFreight Express,CON7224640685,2025-06-24 02:46:00,2025-06-28 05:46:00,4,2.3,DELIVERED
SHIP0003852,ORD0004473,Linfox Direct,CON3923648763,2025-07-15 19:05:00,2025-07-16 22:05:00,1,35.1,DELIVERED
SHIP0003853,ORD0000576,StarTrack Logistics,CON4443504842,2025-07-19 16:44:00,2025-07-25 06:44:00,5,10.9,DELIVERED
SHIP0003854,ORD0001909,Toll Priority,CON3663081770,2025-06-26 22:08:00,,4,38.1,DELAYED
SHIP0003855,ORD0002245,Linfox Direct,CON9311700859,2025-11-02 20:42:00,2025-11-04 07:42:00,1,25.2,DELIVERED
SHIP0003856,ORD0003873,CouriersPlease,CON5696543685,2025-10-10 07:00:00,,6,33.3,DELAYED
SHIP0003857,ORD0003004,CouriersPlease,CON1305704126,2025-05-19 17:06:00,2025-05-25 06:06:00,5,2.9,DELIVERED
SHIP0003858,ORD0002994,CouriersPlease,CON3047450457,2025-11-23 14:35:00,2025-11-26 20:35:00,3,19.7,DELIVERED
SHIP0003859,ORD0000213,Linfox Direct,CON5857723363,2025-09-04 15:18:00,2025-09-09 05:18:00,4,1.8,DELIVERED
SHIP0003860,ORD0002759,Toll Priority,CON9429933505,2025-08-31 17:45:00,2025-09-06 02:45:00,5,12.8,DELIVERED
SHIP0003861,ORD0001822,TNT Road,CON7001651158,2025-11-04 09:56:00,2025-11-07 13:56:00,3,5.4,DELIVERED
SHIP0003862,ORD0001086,Toll Priority,CON8512521326,2025-09-15 00:06:00,2025-09-24 08:06:00,9,34.8,DELIVERED
SHIP0003863,ORD0002804,TNT Road,CON3537323986,2025-10-26 01:58:00,2025-11-02 18:58:00,7,32.9,DELIVERED
SHIP0003864,ORD0000098,CouriersPlease,CON1198753223,2025-07-20 21:31:00,,1,5.8,DELAYED
SHIP0003865,ORD0002869,Linfox Direct,CON4426020431,2025-12-09 23:12:00,2025-12-18 08:12:00,8,26.2,DELIVERED
SHIP0003866,ORD0004234,Toll Priority,CON7710024106,2025-09-24 04:43:00,2025-09-29 17:43:00,5,35.5,DELIVERED
SHIP0003867,ORD0000040,AusFreight Express,CON3400033490,2025-10-27 04:37:00,2025-11-04 20:37:00,8,30.8,DELIVERED
SHIP0003868,ORD0003994,Linfox Direct,CON7506825728,2025-07-02 11:40:00,,5,0.4,LOST
SHIP0003869,ORD0003103,StarTrack Logistics,CON7919700723,2025-11-22 19:35:00,,2,35.6,LOST
SHIP0003870,ORD0001201,Linfox Direct,CON2528180159,2025-06-17 16:44:00,2025-06-19 12:44:00,1,35.2,DELIVERED
SHIP0003871,ORD0000277,TNT Road,CON4648507271,2025-09-20 05:15:00,,6,26.0,IN_TRANSIT
SHIP0003872,ORD0000620,TNT Road,CON4039883982,2025-12-16 09:20:00,2025-12-19 21:20:00,3,22.1,DELIVERED
SHIP0003873,ORD0000221,TNT Road,CON7424116672,2025-07-29 21:58:00,2025-08-08 13:58:00,9,8.5,DELIVERED
SHIP0003874,ORD0003340,Linfox Direct,CON5189880007,2025-09-29 04:48:00,2025-10-04 16:48:00,5,31.2,DELIVERED
SHIP0003875,ORD0000578,CouriersPlease,CON1792289918,2025-05-22 10:37:00,2025-05-31 06:37:00,8,15.6,DELIVERED
SHIP0003876,ORD0000769,AusFreight Express,CON5616943082,2025-06-20 21:29:00,2025-06-25 11:29:00,4,30.1,DELIVERED
SHIP0003877,ORD0000766,TNT Road,CON7469300605,2025-11-17 18:20:00,2025-11-20 12:20:00,2,7.0,DELIVERED
SHIP0003878,ORD0004634,CouriersPlease,CON4872996564,2025-09-08 01:18:00,2025-09-14 18:18:00,6,22.8,DELIVERED
SHIP0003879,ORD0001892,StarTrack Logistics,CON5479662953,2025-11-28 07:48:00,2025-12-05 08:48:00,7,19.2,DELIVERED
SHIP0003880,ORD0002892,Toll Priority,CON5865403543,2025-09-24 07:32:00,,1,3.0,DELAYED
SHIP0003881,ORD0000786,StarTrack Logistics,CON3291850253,2025-12-14 15:41:00,2025-12-24 04:41:00,9,20.7,DELIVERED
SHIP0003882,ORD0001770,TNT Road,CON7388750526,2025-08-13 22:42:00,2025-08-19 03:42:00,5,34.1,DELIVERED
SHIP0003883,ORD0000340,TNT Road,CON1935189126,2025-10-07 06:28:00,2025-10-14 10:28:00,7,37.8,DELIVERED
SHIP0003884,ORD0002394,TNT Road,CON2493933030,2025-05-21 08:08:00,2025-05-26 14:08:00,5,22.6,DELIVERED
SHIP0003885,ORD0003760,CouriersPlease,CON2448780265,2025-08-06 19:37:00,2025-08-12 04:37:00,5,25.4,DELIVERED
SHIP0003886,ORD0004144,CouriersPlease,CON1176173915,2025-07-14 09:38:00,2025-07-22 23:38:00,8,35.3,DELIVERED
SHIP0003887,ORD0001949,TNT Road,CON8039392700,2025-11-26 02:12:00,2025-12-01 03:12:00,5,4.9,DELIVERED
SHIP0003888,ORD0004200,CouriersPlease,CON7235372838,2025-12-19 05:26:00,2025-12-26 17:26:00,7,29.2,DELIVERED
SHIP0003889,ORD0001244,Linfox Direct,CON8829280415,2025-05-30 13:10:00,,9,15.5,IN_TRANSIT
SHIP0003890,ORD0003088,StarTrack Logistics,CON5847261517,2025-08-06 20:49:00,2025-08-08 05:49:00,1,2.7,DELIVERED
SHIP0003891,ORD0004118,Toll Priority,CON1733455341,2025-07-04 06:54:00,2025-07-10 11:54:00,6,27.5,DELIVERED
SHIP0003892,ORD0001985,Toll Priority,CON1748293311,2025-08-21 15:23:00,2025-08-26 03:23:00,4,8.9,DELIVERED
SHIP0003893,ORD0000480,Toll Priority,CON8577953471,2025-07-15 03:43:00,2025-07-16 07:43:00,1,24.2,DELIVERED
SHIP0003894,ORD0004173,CouriersPlease,CON9971580133,2025-09-06 21:26:00,,5,0.9,IN_TRANSIT
SHIP0003895,ORD0001013,Toll Priority,CON1993720952,2025-11-16 04:22:00,2025-11-18 05:22:00,2,15.0,DELIVERED
SHIP0003896,ORD0004901,StarTrack Logistics,CON6483877834,2025-07-28 23:42:00,2025-08-01 18:42:00,3,32.8,DELIVERED
SHIP0003897,ORD0001922,Linfox Direct,CON3095001007,2025-06-04 06:05:00,2025-06-06 00:05:00,1,5.9,DELIVERED
SHIP0003898,ORD0002555,TNT Road,CON8456957113,2025-08-29 04:53:00,2025-09-04 07:53:00,6,16.0,DELIVERED
SHIP0003899,ORD0000377,Toll Priority,CON7290175485,2025-06-14 04:04:00,,3,34.3,LOST
SHIP0003900,ORD0000665,CouriersPlease,CON2272401091,2025-06-24 06:46:00,,1,41.1,LOST
SHIP0003901,ORD0003681,Toll Priority,CON8240572584,2025-10-02 18:29:00,2025-10-11 09:29:00,8,38.7,DELIVERED
SHIP0003902,ORD0003641,TNT Road,CON5810429073,2025-12-16 00:39:00,2025-12-23 04:39:00,7,21.3,DELIVERED
SHIP0003903,ORD0001119,Toll Priority,CON2921858172,2025-06-03 17:42:00,2025-06-07 23:42:00,4,5.8,DELIVERED
SHIP0003904,ORD0003163,Toll Priority,CON7681022534,2025-11-05 17:53:00,2025-11-13 05:53:00,7,13.7,DELIVERED
SHIP0003905,ORD0002771,Linfox Direct,CON6908072393,2025-12-14 17:24:00,2025-12-19 12:24:00,4,22.0,DELIVERED
SHIP0003906,ORD0000478,Toll Priority,CON6731584462,2025-09-02 14:24:00,,9,29.9,LOST
SHIP0003907,ORD0000084,AusFreight Express,CON2411858905,2025-09-04 21:58:00,,6,34.5,DELAYED
SHIP0003908,ORD0003653,Linfox Direct,CON2595229544,2025-10-10 23:27:00,2025-10-13 06:27:00,2,15.1,DELIVERED
SHIP0003909,ORD0002536,CouriersPlease,CON8692175899,2025-05-25 01:43:00,2025-05-31 11:43:00,6,31.7,DELIVERED
SHIP0003910,ORD0003197,Toll Priority,CON9372389726,2025-10-25 23:49:00,2025-10-30 09:49:00,4,2.1,DELIVERED
SHIP0003911,ORD0003187,StarTrack Logistics,CON2483746761,2025-11-08 14:25:00,2025-11-15 21:25:00,7,8.2,DELIVERED
SHIP0003912,ORD0001797,Linfox Direct,CON1337190412,2025-11-22 17:25:00,,7,28.3,LOST
SHIP0003913,ORD0004380,StarTrack Logistics,CON4045287456,2025-12-23 02:19:00,2025-12-31 20:19:00,8,22.6,DELIVERED
SHIP0003914,ORD0003851,StarTrack Logistics,CON6311462085,2025-11-09 22:33:00,,2,8.5,DELAYED
SHIP0003915,ORD0002311,CouriersPlease,CON4556445600,2025-09-04 06:39:00,2025-09-08 20:39:00,4,10.9,DELIVERED
SHIP0003916,ORD0003130,CouriersPlease,CON4005008655,2025-09-05 07:24:00,2025-09-14 02:24:00,8,36.7,DELIVERED
SHIP0003917,ORD0002068,TNT Road,CON7390366719,2025-05-24 00:07:00,2025-05-30 17:07:00,6,33.4,DELIVERED
SHIP0003918,ORD0003877,Toll Priority,CON9107753699,2025-08-29 05:55:00,2025-09-06 00:55:00,7,32.0,DELIVERED
SHIP0003919,ORD0003374,StarTrack Logistics,CON9565901161,2025-08-21 07:45:00,2025-08-25 03:45:00,3,21.9,DELIVERED
SHIP0003920,ORD0002741,Toll Priority,CON6169502701,2025-11-03 16:16:00,2025-11-12 05:16:00,8,39.4,DELIVERED
SHIP0003921,ORD0000696,TNT Road,CON6569184327,2025-11-30 09:49:00,,6,21.3,IN_TRANSIT
SHIP0003922,ORD0002470,CouriersPlease,CON2493200698,2025-07-17 07:48:00,2025-07-25 01:48:00,7,3.8,DELIVERED
SHIP0003923,ORD0000651,Linfox Direct,CON5611066593,2025-12-08 01:20:00,,3,4.9,IN_TRANSIT
SHIP0003924,ORD0003647,StarTrack Logistics,CON2251747163,2025-10-07 02:05:00,2025-10-15 20:05:00,8,38.5,DELIVERED
SHIP0003925,ORD0003085,CouriersPlease,CON2877352005,2025-06-25 02:43:00,2025-06-29 10:43:00,4,39.2,DELIVERED
SHIP0003926,ORD0002938,CouriersPlease,CON5963908724,2025-06-03 11:12:00,,7,6.1,LOST
SHIP0003927,ORD0003147,TNT Road,CON2131198123,2025-06-12 00:19:00,,1,7.2,DELAYED
SHIP0003928,ORD0004625,AusFreight Express,CON5372580330,2025-11-03 12:29:00,2025-11-04 14:29:00,1,5.6,DELIVERED
SHIP0003929,ORD0002203,CouriersPlease,CON8551387887,2025-12-15 18:28:00,,1,23.6,IN_TRANSIT
SHIP0003930,ORD0001683,Toll Priority,CON5437834253,2025-09-09 10:50:00,2025-09-13 18:50:00,4,30.4,DELIVERED
SHIP0003931,ORD0001436,StarTrack Logistics,CON8143006406,2025-10-07 23:32:00,,1,31.2,DELAYED
SHIP0003932,ORD0004898,StarTrack Logistics,CON5377340688,2025-11-03 18:08:00,,1,40.7,IN_TRANSIT
SHIP0003933,ORD0000178,AusFreight Express,CON1868226613,2025-08-22 08:29:00,,5,13.4,DELAYED
SHIP0003934,ORD0001865,StarTrack Logistics,CON8527785068,2025-11-15 14:59:00,2025-11-20 05:59:00,4,39.3,DELIVERED
SHIP0003935,ORD0004463,AusFreight Express,CON1898407819,2025-07-25 13:52:00,2025-07-27 19:52:00,2,2.6,DELIVERED
SHIP0003936,ORD0004935,Linfox Direct,CON1241881002,2025-07-19 09:26:00,,8,7.5,LOST
SHIP0003937,ORD0001405,Linfox Direct,CON5775912101,2025-09-24 01:13:00,2025-09-28 10:13:00,4,12.2,DELIVERED
SHIP0003938,ORD0001599,AusFreight Express,CON1355653954,2025-06-25 10:27:00,2025-07-03 17:27:00,8,15.8,DELIVERED
SHIP0003939,ORD0004671,Toll Priority,CON5361089423,2025-09-25 07:59:00,2025-10-02 14:59:00,7,3.2,DELIVERED
SHIP0003940,ORD0003706,StarTrack Logistics,CON5427280050,2025-05-29 01:58:00,2025-06-01 11:58:00,3,16.8,DELIVERED
SHIP0003941,ORD0000078,AusFreight Express,CON3177904225,2025-10-19 03:04:00,2025-10-21 11:04:00,2,36.4,DELIVERED
SHIP0003942,ORD0004616,StarTrack Logistics,CON1086294138,2025-12-06 21:09:00,,7,16.9,IN_TRANSIT
SHIP0003943,ORD0004649,Linfox Direct,CON1892691551,2025-11-02 14:15:00,2025-11-11 20:15:00,9,15.7,DELIVERED
SHIP0003944,ORD0001457,Linfox Direct,CON7649596531,2025-08-06 04:50:00,2025-08-15 14:50:00,9,2.4,DELIVERED
SHIP0003945,ORD0001572,TNT Road,CON2874438564,2025-09-19 06:30:00,,4,10.5,IN_TRANSIT
SHIP0003946,ORD0000623,AusFreight Express,CON1518282630,2025-12-01 20:54:00,,7,23.0,DELAYED
SHIP0003947,ORD0002932,StarTrack Logistics,CON3707823053,2025-05-19 07:02:00,2025-05-26 00:02:00,6,8.9,DELIVERED
SHIP0003948,ORD0004429,CouriersPlease,CON5025751768,2025-11-15 12:01:00,2025-11-19 23:01:00,4,15.6,DELIVERED
SHIP0003949,ORD0003665,Linfox Direct,CON3678818962,2025-10-09 03:45:00,,9,41.1,DELAYED
SHIP0003950,ORD0004696,Toll Priority,CON2110567622,2025-11-25 07:13:00,2025-12-03 23:13:00,8,28.1,DELIVERED
SHIP0003951,ORD0004826,AusFreight Express,CON1436675780,2025-08-08 02:14:00,2025-08-16 07:14:00,8,26.2,DELIVERED
SHIP0003952,ORD0004590,Toll Priority,CON1737253033,2025-07-18 23:41:00,,9,7.3,DELAYED
SHIP0003953,ORD0002766,AusFreight Express,CON5016956370,2025-10-22 00:34:00,,5,10.9,LOST
SHIP0003954,ORD0002038,AusFreight Express,CON8390626762,2025-09-26 04:47:00,2025-10-02 05:47:00,6,31.3,DELIVERED
SHIP0003955,ORD0004095,Toll Priority,CON1097273318,2025-12-05 23:32:00,2025-12-11 09:32:00,5,33.5,DELIVERED
SHIP0003956,ORD0004326,TNT Road,CON1949683582,2025-06-21 07:52:00,2025-06-29 15:52:00,8,1.1,DELIVERED
SHIP0003957,ORD0001818,AusFreight Express,CON2317905765,2025-11-25 05:48:00,,6,37.1,DELAYED
SHIP0003958,ORD0001798,StarTrack Logistics,CON4127703445,2025-07-29 18:56:00,2025-08-06 01:56:00,7,16.3,DELIVERED
SHIP0003959,ORD0003588,StarTrack Logistics,CON3597221040,2025-12-28 09:37:00,2026-01-03 14:37:00,6,17.2,DELIVERED
SHIP0003960,ORD0002668,CouriersPlease,CON8117849984,2025-10-24 05:35:00,2025-10-30 22:35:00,6,19.8,DELIVERED
SHIP0003961,ORD0001718,Toll Priority,CON3675979362,2025-06-27 11:11:00,2025-07-02 17:11:00,5,11.5,DELIVERED
SHIP0003962,ORD0002549,AusFreight Express,CON1922764862,2025-06-08 16:59:00,2025-06-11 20:59:00,3,26.4,DELIVERED
SHIP0003963,ORD0004022,CouriersPlease,CON5024112924,2025-08-14 19:40:00,,8,1.9,DELAYED
SHIP0003964,ORD0004337,TNT Road,CON8428012578,2025-09-13 16:10:00,2025-09-15 10:10:00,1,10.4,DELIVERED
SHIP0003965,ORD0001748,CouriersPlease,CON9736165265,2025-06-21 11:37:00,2025-06-23 04:37:00,1,15.8,DELIVERED
SHIP0003966,ORD0002171,AusFreight Express,CON9638756971,2025-08-29 07:47:00,2025-09-05 21:47:00,7,34.9,DELIVERED
SHIP0003967,ORD0004329,Linfox Direct,CON1337143351,2025-11-16 14:33:00,2025-11-20 05:33:00,3,4.0,DELIVERED
SHIP0003968,ORD0003174,AusFreight Express,CON9542374731,2025-12-22 00:09:00,2025-12-30 04:09:00,8,12.5,DELIVERED
SHIP0003969,ORD0001940,CouriersPlease,CON9705292587,2025-06-18 16:06:00,,4,19.1,DELAYED
SHIP0003970,ORD0000971,CouriersPlease,CON2393634405,2025-09-07 04:47:00,2025-09-12 19:47:00,5,10.5,DELIVERED
SHIP0003971,ORD0002074,Toll Priority,CON7622353180,2025-09-03 23:28:00,2025-09-11 03:28:00,7,28.2,DELIVERED
SHIP0003972,ORD0002944,TNT Road,CON1759415376,2025-11-17 13:12:00,2025-11-22 04:12:00,4,36.4,DELIVERED
SHIP0003973,ORD0000847,CouriersPlease,CON5282895178,2025-07-23 06:08:00,2025-07-29 02:08:00,5,30.6,DELIVERED
SHIP0003974,ORD0004410,Toll Priority,CON3382060184,2025-10-19 15:58:00,,9,36.9,LOST
SHIP0003975,ORD0000103,CouriersPlease,CON2342933621,2025-10-23 12:10:00,,4,32.2,IN_TRANSIT
SHIP0003976,ORD0002180,AusFreight Express,CON7731623798,2025-09-08 16:03:00,2025-09-17 09:03:00,8,7.5,DELIVERED
SHIP0003977,ORD0002007,AusFreight Express,CON8058538162,2025-08-22 07:36:00,2025-08-31 01:36:00,8,0.3,DELIVERED
SHIP0003978,ORD0002106,StarTrack Logistics,CON1329794171,2025-11-30 20:36:00,,1,24.9,DELAYED
SHIP0003979,ORD0000045,StarTrack Logistics,CON5788415207,2025-06-08 12:51:00,2025-06-11 23:51:00,3,26.2,DELIVERED
SHIP0003980,ORD0002420,Linfox Direct,CON5268754785,2025-12-18 02:19:00,2025-12-22 17:19:00,4,28.2,DELIVERED
SHIP0003981,ORD0004810,TNT Road,CON3286475841,2025-11-30 17:19:00,,3,12.3,IN_TRANSIT
SHIP0003982,ORD0004965,TNT Road,CON9054043406,2025-11-25 01:17:00,2025-11-27 03:17:00,2,3.2,DELIVERED
SHIP0003983,ORD0003018,TNT Road,CON8975075226,2025-10-21 06:37:00,2025-10-29 13:37:00,8,32.6,DELIVERED
SHIP0003984,ORD0004824,CouriersPlease,CON8657444180,2025-07-22 15:50:00,2025-07-27 05:50:00,4,13.5,DELIVERED
SHIP0003985,ORD0001645,TNT Road,CON9802637486,2025-09-13 17:11:00,2025-09-23 04:11:00,9,34.0,DELIVERED
SHIP0003986,ORD0002084,Linfox Direct,CON5622869747,2025-09-19 12:44:00,2025-09-25 20:44:00,6,9.2,DELIVERED
SHIP0003987,ORD0001024,Linfox Direct,CON2486603822,2025-07-10 11:37:00,,4,6.8,DELAYED
SHIP0003988,ORD0003606,CouriersPlease,CON8520681488,2025-06-07 23:05:00,,5,8.0,LOST
SHIP0003989,ORD0003788,Linfox Direct,CON4441814664,2025-10-23 06:12:00,,8,14.7,IN_TRANSIT
SHIP0003990,ORD0001408,CouriersPlease,CON4684648040,2025-09-23 20:40:00,2025-10-03 14:40:00,9,36.0,DELIVERED
SHIP0003991,ORD0002403,CouriersPlease,CON1941858628,2025-10-14 17:12:00,2025-10-19 00:12:00,4,20.4,DELIVERED
SHIP0003992,ORD0003003,CouriersPlease,CON1006137571,2025-07-28 07:43:00,2025-08-01 22:43:00,4,30.9,DELIVERED
SHIP0003993,ORD0003562,CouriersPlease,CON6742452248,2025-09-29 21:27:00,2025-10-06 23:27:00,7,36.1,DELIVERED
SHIP0003994,ORD0002495,Linfox Direct,CON4949912780,2025-09-24 22:53:00,2025-10-02 07:53:00,7,3.1,DELIVERED
SHIP0003995,ORD0000522,StarTrack Logistics,CON7653677818,2025-09-23 01:42:00,,3,23.4,LOST
SHIP0003996,ORD0001686,CouriersPlease,CON6778570194,2025-10-20 16:30:00,2025-10-26 05:30:00,5,30.0,DELIVERED
SHIP0003997,ORD0004235,Linfox Direct,CON4208211372,2025-07-10 14:11:00,2025-07-19 01:11:00,8,28.7,DELIVERED
SHIP0003998,ORD0001382,TNT Road,CON1931933943,2025-08-19 08:45:00,,4,33.8,DELAYED
SHIP0003999,ORD0000147,Toll Priority,CON5707123950,2025-07-25 00:39:00,,5,25.3,DELAYED
SHIP0004000,ORD0000597,Toll Priority,CON9090489796,2025-12-03 07:20:00,2025-12-07 17:20:00,4,5.4,DELIVERED
SHIP0004001,ORD0004306,Toll Priority,CON6405799905,2025-08-18 02:48:00,2025-08-20 12:48:00,2,18.5,DELIVERED
SHIP0004002,ORD0000652,StarTrack Logistics,CON2198629251,2025-10-28 06:11:00,2025-10-29 10:11:00,1,19.7,DELIVERED
SHIP0004003,ORD0000572,Toll Priority,CON1578903274,2025-08-11 15:57:00,2025-08-14 04:57:00,2,9.3,DELIVERED
SHIP0004004,ORD0001891,Linfox Direct,CON1934784918,2025-08-18 22:37:00,2025-08-28 14:37:00,9,19.9,DELIVERED
SHIP0004005,ORD0003219,Toll Priority,CON9908324065,2025-08-30 02:04:00,2025-09-07 03:04:00,8,11.5,DELIVERED
SHIP0004006,ORD0002419,AusFreight Express,CON3258019813,2025-08-17 14:23:00,2025-08-23 10:23:00,5,18.5,DELIVERED
SHIP0004007,ORD0003560,CouriersPlease,CON6541757826,2025-08-16 22:47:00,,4,39.4,IN_TRANSIT
SHIP0004008,ORD0004278,AusFreight Express,CON4683931056,2025-06-08 18:50:00,2025-06-11 21:50:00,3,40.3,DELIVERED
SHIP0004009,ORD0002530,AusFreight Express,CON4925692858,2025-06-13 13:06:00,2025-06-16 21:06:00,3,20.5,DELIVERED
SHIP0004010,ORD0001015,CouriersPlease,CON8251141129,2025-05-18 17:24:00,2025-05-20 02:24:00,1,29.0,DELIVERED
SHIP0004011,ORD0002773,CouriersPlease,CON5087057639,2025-12-30 02:10:00,,9,32.6,LOST
SHIP0004012,ORD0004886,CouriersPlease,CON7593098367,2025-08-06 17:44:00,2025-08-08 22:44:00,2,24.0,DELIVERED
SHIP0004013,ORD0002592,StarTrack Logistics,CON8332612901,2025-05-18 06:59:00,2025-05-19 18:59:00,1,25.6,DELIVERED
SHIP0004014,ORD0001813,AusFreight Express,CON7709995062,2025-08-28 22:22:00,2025-08-30 16:22:00,1,12.0,DELIVERED
SHIP0004015,ORD0000351,CouriersPlease,CON3891629471,2025-10-15 10:35:00,,6,3.2,DELAYED
SHIP0004016,ORD0001989,Toll Priority,CON5661030531,2025-09-23 20:49:00,2025-09-25 12:49:00,1,11.5,DELIVERED
SHIP0004017,ORD0003992,TNT Road,CON4802319757,2025-11-28 20:46:00,2025-12-06 09:46:00,7,28.1,DELIVERED
SHIP0004018,ORD0003396,AusFreight Express,CON5971372301,2025-05-17 12:33:00,2025-05-22 06:33:00,4,37.7,DELIVERED
SHIP0004019,ORD0003426,Linfox Direct,CON6580458851,2025-08-13 12:50:00,,4,36.2,DELAYED
SHIP0004020,ORD0002630,TNT Road,CON6657911835,2025-05-29 20:55:00,2025-06-01 06:55:00,2,26.2,DELIVERED
SHIP0004021,ORD0000841,Linfox Direct,CON6882043071,2025-06-17 21:15:00,2025-06-19 00:15:00,1,37.2,DELIVERED
SHIP0004022,ORD0004952,CouriersPlease,CON6570915097,2025-11-02 19:31:00,,6,19.2,DELAYED
SHIP0004023,ORD0001194,AusFreight Express,CON6995748676,2025-05-23 15:39:00,,5,6.5,IN_TRANSIT
SHIP0004024,ORD0003111,Linfox Direct,CON8068961444,2025-06-13 10:26:00,2025-06-16 16:26:00,3,18.7,DELIVERED
SHIP0004025,ORD0003700,AusFreight Express,CON4306234655,2025-11-19 16:49:00,2025-11-25 09:49:00,5,26.5,DELIVERED
SHIP0004026,ORD0003266,Linfox Direct,CON9939016404,2025-10-09 22:00:00,,2,12.4,DELAYED
SHIP0004027,ORD0004050,StarTrack Logistics,CON1914385773,2025-07-02 15:57:00,,9,34.0,DELAYED
SHIP0004028,ORD0000688,AusFreight Express,CON9233519020,2025-09-14 06:43:00,2025-09-22 17:43:00,8,36.6,DELIVERED
SHIP0004029,ORD0000336,AusFreight Express,CON8163196262,2025-11-05 12:44:00,2025-11-08 05:44:00,2,19.2,DELIVERED
SHIP0004030,ORD0001532,TNT Road,CON3693703290,2025-09-10 16:12:00,2025-09-15 22:12:00,5,16.9,DELIVERED
SHIP0004031,ORD0001934,StarTrack Logistics,CON7290925833,2025-07-31 13:04:00,2025-08-09 21:04:00,9,17.4,DELIVERED
SHIP0004032,ORD0000034,Linfox Direct,CON7057869771,2025-09-15 06:23:00,,7,6.0,LOST
SHIP0004033,ORD0002511,Linfox Direct,CON9703624784,2025-11-13 12:08:00,2025-11-17 23:08:00,4,18.3,DELIVERED
SHIP0004034,ORD0000334,TNT Road,CON4126735239,2025-11-10 09:54:00,2025-11-17 10:54:00,7,8.5,DELIVERED
SHIP0004035,ORD0003452,Linfox Direct,CON7021554769,2025-10-03 15:53:00,2025-10-06 02:53:00,2,36.9,DELIVERED
SHIP0004036,ORD0003645,TNT Road,CON4903128351,2025-09-08 14:30:00,2025-09-17 18:30:00,9,10.2,DELIVERED
SHIP0004037,ORD0001953,Linfox Direct,CON9390767823,2025-07-04 15:19:00,2025-07-13 02:19:00,8,5.6,DELIVERED
SHIP0004038,ORD0004678,StarTrack Logistics,CON3357333924,2025-12-12 11:36:00,2025-12-19 19:36:00,7,2.4,DELIVERED
SHIP0004039,ORD0000863,StarTrack Logistics,CON3693473755,2025-09-15 04:29:00,2025-09-21 17:29:00,6,37.0,DELIVERED
SHIP0004040,ORD0000724,TNT Road,CON1581658209,2025-09-08 04:08:00,,6,34.0,LOST
SHIP0004041,ORD0001803,Toll Priority,CON5172307592,2025-11-27 16:57:00,,5,0.7,DELAYED
SHIP0004042,ORD0002917,CouriersPlease,CON6049553732,2025-06-22 10:08:00,,7,7.7,IN_TRANSIT
SHIP0004043,ORD0002206,AusFreight Express,CON9828352145,2025-08-24 23:58:00,2025-09-02 14:58:00,8,41.9,DELIVERED
SHIP0004044,ORD0004554,AusFreight Express,CON3951563322,2025-06-09 23:38:00,,4,26.5,LOST
SHIP0004045,ORD0004120,Linfox Direct,CON5630667255,2025-11-26 22:47:00,,3,14.8,DELAYED
SHIP0004046,ORD0002543,TNT Road,CON2915756793,2025-08-30 06:35:00,2025-09-07 19:35:00,8,35.6,DELIVERED
SHIP0004047,ORD0001607,CouriersPlease,CON9001543900,2025-05-22 23:26:00,2025-06-01 10:26:00,9,14.3,DELIVERED
SHIP0004048,ORD0001869,TNT Road,CON1281782411,2025-09-07 16:04:00,2025-09-12 10:04:00,4,25.4,DELIVERED
SHIP0004049,ORD0004077,AusFreight Express,CON8400459226,2025-10-18 02:46:00,,1,41.4,DELAYED
SHIP0004050,ORD0000574,AusFreight Express,CON6226841304,2025-11-23 23:59:00,2025-12-03 12:59:00,9,4.1,DELIVERED
SHIP0004051,ORD0001230,AusFreight Express,CON9957867296,2025-07-29 01:05:00,2025-07-30 17:05:00,1,24.8,DELIVERED
SHIP0004052,ORD0004822,Toll Priority,CON8117947034,2025-10-14 13:05:00,2025-10-16 18:05:00,2,21.7,DELIVERED
SHIP0004053,ORD0000079,StarTrack Logistics,CON8094948038,2025-08-14 09:31:00,,2,7.7,IN_TRANSIT
SHIP0004054,ORD0003274,TNT Road,CON8925972774,2025-08-25 16:00:00,2025-08-31 18:00:00,6,29.0,DELIVERED
SHIP0004055,ORD0001050,AusFreight Express,CON1712363018,2025-09-08 01:30:00,2025-09-10 06:30:00,2,34.0,DELIVERED
SHIP0004056,ORD0004967,Toll Priority,CON9070699644,2025-12-02 02:23:00,2025-12-03 13:23:00,1,26.0,DELIVERED
SHIP0004057,ORD0001059,CouriersPlease,CON5465140496,2025-05-18 22:07:00,2025-05-27 04:07:00,8,0.2,DELIVERED
SHIP0004058,ORD0002989,Linfox Direct,CON4091635867,2025-09-08 22:43:00,2025-09-14 13:43:00,5,27.6,DELIVERED
SHIP0004059,ORD0004417,Toll Priority,CON4969035980,2025-06-07 13:16:00,2025-06-10 23:16:00,3,36.0,DELIVERED
SHIP0004060,ORD0002978,TNT Road,CON4398820512,2025-10-22 04:33:00,2025-10-28 23:33:00,6,10.7,DELIVERED
SHIP0004061,ORD0004877,StarTrack Logistics,CON1441154884,2025-10-21 17:00:00,2025-10-25 19:00:00,4,8.2,DELIVERED
SHIP0004062,ORD0000608,Linfox Direct,CON3173622121,2025-11-14 07:03:00,2025-11-18 13:03:00,4,15.4,DELIVERED
SHIP0004063,ORD0002999,Toll Priority,CON6449984669,2025-10-14 02:06:00,2025-10-22 20:06:00,8,14.7,DELIVERED
SHIP0004064,ORD0000801,CouriersPlease,CON9714915049,2025-08-29 16:35:00,2025-08-31 21:35:00,2,11.8,DELIVERED
SHIP0004065,ORD0002506,StarTrack Logistics,CON1983261918,2025-07-22 08:06:00,,7,18.4,DELAYED
SHIP0004066,ORD0001120,Toll Priority,CON1502108074,2025-12-31 02:32:00,,7,36.0,DELAYED
SHIP0004067,ORD0004834,StarTrack Logistics,CON3173715663,2025-05-26 07:54:00,,1,31.6,DELAYED
SHIP0004068,ORD0001998,Linfox Direct,CON3737038886,2025-09-01 16:08:00,2025-09-11 11:08:00,9,19.6,DELIVERED
SHIP0004069,ORD0003186,StarTrack Logistics,CON7882946385,2025-10-05 10:53:00,2025-10-10 23:53:00,5,10.6,DELIVERED
SHIP0004070,ORD0004994,TNT Road,CON1479519096,2025-08-12 22:10:00,,3,26.1,IN_TRANSIT
SHIP0004071,ORD0000096,Toll Priority,CON2109085839,2025-08-03 17:58:00,2025-08-12 19:58:00,9,20.1,DELIVERED
SHIP0004072,ORD0002662,StarTrack Logistics,CON9747091742,2025-09-12 00:52:00,2025-09-19 06:52:00,7,8.9,DELIVERED
SHIP0004073,ORD0003541,CouriersPlease,CON3409480607,2025-06-12 06:45:00,2025-06-16 13:45:00,4,31.5,DELIVERED
SHIP0004074,ORD0002664,Toll Priority,CON6357583862,2025-12-15 02:04:00,,3,40.8,DELAYED
SHIP0004075,ORD0002189,CouriersPlease,CON6158376707,2025-09-11 02:02:00,2025-09-18 12:02:00,7,33.8,DELIVERED
SHIP0004076,ORD0001538,CouriersPlease,CON8731874006,2025-05-16 01:03:00,2025-05-20 15:03:00,4,14.3,DELIVERED
SHIP0004077,ORD0003795,StarTrack Logistics,CON1938411060,2025-12-27 07:25:00,2025-12-31 15:25:00,4,30.0,DELIVERED
SHIP0004078,ORD0001091,AusFreight Express,CON7357298450,2025-12-07 17:40:00,2025-12-13 13:40:00,5,23.1,DELIVERED
SHIP0004079,ORD0003712,Toll Priority,CON5133869610,2025-05-31 05:45:00,,5,41.2,LOST
SHIP0004080,ORD0003660,AusFreight Express,CON6058342947,2025-12-05 17:17:00,2025-12-11 05:17:00,5,40.1,DELIVERED
SHIP0004081,ORD0002336,AusFreight Express,CON1096113614,2025-12-31 09:01:00,,8,33.0,DELAYED
SHIP0004082,ORD0002128,AusFreight Express,CON5260781323,2025-11-20 05:40:00,2025-11-26 01:40:00,5,10.3,DELIVERED
SHIP0004083,ORD0002481,Linfox Direct,CON8020962866,2025-10-10 15:04:00,2025-10-12 06:04:00,1,39.9,DELIVERED
SHIP0004084,ORD0001341,CouriersPlease,CON1203484685,2025-07-04 06:15:00,2025-07-13 22:15:00,9,15.8,DELIVERED
SHIP0004085,ORD0002657,TNT Road,CON4179080271,2025-12-10 04:04:00,,2,37.4,IN_TRANSIT
SHIP0004086,ORD0001287,AusFreight Express,CON8739456035,2025-11-18 00:09:00,2025-11-19 17:09:00,1,29.9,DELIVERED
SHIP0004087,ORD0003830,Toll Priority,CON6860230812,2025-07-27 22:13:00,2025-07-30 16:13:00,2,32.7,DELIVERED
SHIP0004088,ORD0000689,StarTrack Logistics,CON2536484348,2025-07-09 01:52:00,,9,19.8,DELAYED
SHIP0004089,ORD0002136,TNT Road,CON7265831552,2025-08-23 06:04:00,,5,22.3,DELAYED
SHIP0004090,ORD0003567,StarTrack Logistics,CON2792867471,2025-08-18 17:14:00,2025-08-20 12:14:00,1,28.3,DELIVERED
SHIP0004091,ORD0004185,StarTrack Logistics,CON9523311284,2025-06-14 07:12:00,2025-06-19 10:12:00,5,15.9,DELIVERED
SHIP0004092,ORD0002445,TNT Road,CON5120220700,2025-11-19 10:04:00,,7,7.7,IN_TRANSIT
SHIP0004093,ORD0000818,Toll Priority,CON7185160764,2025-06-08 05:06:00,2025-06-11 21:06:00,3,35.1,DELIVERED
SHIP0004094,ORD0004673,AusFreight Express,CON3977162929,2025-12-14 04:12:00,2025-12-15 14:12:00,1,27.8,DELIVERED
SHIP0004095,ORD0000592,StarTrack Logistics,CON4777918272,2025-12-13 23:01:00,2025-12-22 17:01:00,8,30.9,DELIVERED
SHIP0004096,ORD0002096,TNT Road,CON9413535213,2025-08-07 06:33:00,2025-08-13 17:33:00,6,17.9,DELIVERED
SHIP0004097,ORD0003629,StarTrack Logistics,CON9969166661,2025-11-19 10:19:00,,7,19.7,IN_TRANSIT
SHIP0004098,ORD0002502,Toll Priority,CON7975095534,2025-06-29 03:49:00,2025-07-02 10:49:00,3,13.0,DELIVERED
SHIP0004099,ORD0001498,TNT Road,CON7733385046,2025-12-11 13:55:00,2025-12-18 19:55:00,7,40.1,DELIVERED
SHIP0004100,ORD0000810,CouriersPlease,CON1353614191,2025-06-15 23:52:00,2025-06-22 08:52:00,6,40.5,DELIVERED
SHIP0004101,ORD0001016,Toll Priority,CON6850182781,2025-10-31 06:16:00,2025-11-06 00:16:00,5,7.0,DELIVERED
SHIP0004102,ORD0002425,StarTrack Logistics,CON5411267883,2025-06-16 11:54:00,,1,5.0,IN_TRANSIT
SHIP0004103,ORD0001434,Toll Priority,CON6504380805,2025-10-28 11:35:00,,4,9.8,IN_TRANSIT
SHIP0004104,ORD0002279,TNT Road,CON9572456646,2025-06-07 11:37:00,,6,41.1,LOST
SHIP0004105,ORD0000534,Toll Priority,CON4326554274,2025-11-17 16:03:00,2025-11-19 17:03:00,2,4.4,DELIVERED
SHIP0004106,ORD0003055,Linfox Direct,CON3174169488,2025-07-03 13:21:00,2025-07-05 04:21:00,1,32.3,DELIVERED
SHIP0004107,ORD0004998,AusFreight Express,CON4882137070,2025-11-26 14:26:00,2025-12-02 09:26:00,5,29.8,DELIVERED
SHIP0004108,ORD0001790,CouriersPlease,CON8261013412,2025-06-20 22:06:00,,5,24.4,IN_TRANSIT
SHIP0004109,ORD0003095,TNT Road,CON6044446061,2025-12-20 06:44:00,2025-12-28 10:44:00,8,18.7,DELIVERED
SHIP0004110,ORD0004498,Toll Priority,CON6469446531,2025-08-19 16:59:00,2025-08-24 00:59:00,4,22.1,DELIVERED
SHIP0004111,ORD0002916,StarTrack Logistics,CON3174391725,2025-12-01 15:49:00,2025-12-03 17:49:00,2,21.4,DELIVERED
SHIP0004112,ORD0004430,TNT Road,CON6327523401,2025-07-07 09:11:00,2025-07-09 17:11:00,2,13.4,DELIVERED
SHIP0004113,ORD0001430,AusFreight Express,CON4527717940,2025-10-03 14:41:00,2025-10-07 20:41:00,4,1.6,DELIVERED
SHIP0004114,ORD0003528,CouriersPlease,CON2087859205,2025-06-10 16:04:00,2025-06-12 07:04:00,1,12.1,DELIVERED
SHIP0004115,ORD0003774,CouriersPlease,CON4302440054,2025-10-31 19:51:00,2025-11-09 02:51:00,8,26.6,DELIVERED
SHIP0004116,ORD0002115,TNT Road,CON4488183883,2025-06-15 20:08:00,2025-06-18 06:08:00,2,33.2,DELIVERED
SHIP0004117,ORD0004501,CouriersPlease,CON2802670148,2025-07-10 04:45:00,2025-07-18 12:45:00,8,23.3,DELIVERED
SHIP0004118,ORD0002370,CouriersPlease,CON3178800148,2025-12-26 19:24:00,,7,32.5,LOST
SHIP0004119,ORD0002126,CouriersPlease,CON4982951114,2025-11-08 05:38:00,2025-11-13 13:38:00,5,17.3,DELIVERED
SHIP0004120,ORD0001598,Toll Priority,CON6533580397,2025-11-28 07:59:00,2025-12-04 09:59:00,6,19.0,DELIVERED
SHIP0004121,ORD0003824,Linfox Direct,CON5470468014,2025-10-15 09:35:00,2025-10-24 16:35:00,9,7.4,DELIVERED
SHIP0004122,ORD0001344,Linfox Direct,CON5061275991,2025-05-26 16:15:00,2025-06-05 04:15:00,9,12.7,DELIVERED
SHIP0004123,ORD0000285,Linfox Direct,CON8578262076,2025-11-07 09:37:00,,1,36.9,DELAYED
SHIP0004124,ORD0001753,TNT Road,CON7360672938,2025-12-11 21:11:00,2025-12-16 16:11:00,4,22.5,DELIVERED
SHIP0004125,ORD0003148,StarTrack Logistics,CON9519846773,2025-07-08 21:08:00,2025-07-10 04:08:00,1,4.0,DELIVERED
SHIP0004126,ORD0004676,TNT Road,CON5160360921,2025-08-06 13:33:00,2025-08-12 18:33:00,6,33.8,DELIVERED
SHIP0004127,ORD0001364,Toll Priority,CON9467621110,2025-08-31 12:34:00,2025-09-01 13:34:00,1,4.5,DELIVERED
SHIP0004128,ORD0002204,AusFreight Express,CON6567836446,2025-09-29 20:08:00,2025-10-06 10:08:00,6,28.1,DELIVERED
SHIP0004129,ORD0002850,AusFreight Express,CON8486856163,2025-11-08 21:36:00,2025-11-17 05:36:00,8,41.0,DELIVERED
SHIP0004130,ORD0001236,AusFreight Express,CON8527562612,2025-07-09 16:10:00,,8,40.0,IN_TRANSIT
SHIP0004131,ORD0003181,TNT Road,CON7824906227,2025-12-20 07:07:00,,1,21.2,DELAYED
SHIP0004132,ORD0001310,TNT Road,CON9617963693,2025-10-05 13:39:00,,9,33.7,IN_TRANSIT
SHIP0004133,ORD0004129,Toll Priority,CON2472142977,2025-08-25 21:52:00,,8,4.5,LOST
SHIP0004134,ORD0002723,Toll Priority,CON5708275686,2025-05-25 02:58:00,2025-05-26 21:58:00,1,7.4,DELIVERED
SHIP0004135,ORD0004565,CouriersPlease,CON5572155035,2025-08-31 07:26:00,2025-09-05 13:26:00,5,39.4,DELIVERED
SHIP0004136,ORD0000776,AusFreight Express,CON6073153460,2025-12-04 12:16:00,2025-12-12 17:16:00,8,5.8,DELIVERED
SHIP0004137,ORD0003504,AusFreight Express,CON9662813937,2025-05-16 16:52:00,2025-05-21 18:52:00,5,33.7,DELIVERED
SHIP0004138,ORD0003334,TNT Road,CON4343275660,2025-09-14 05:52:00,,3,30.2,LOST
SHIP0004139,ORD0001064,Toll Priority,CON8150613605,2025-08-08 11:19:00,2025-08-14 00:19:00,5,32.4,DELIVERED
SHIP0004140,ORD0002179,TNT Road,CON5182037939,2025-08-11 15:03:00,2025-08-12 16:03:00,1,1.8,DELIVERED
SHIP0004141,ORD0003945,Toll Priority,CON8254524419,2025-12-10 15:30:00,2025-12-14 08:30:00,3,20.4,DELIVERED
SHIP0004142,ORD0004125,CouriersPlease,CON8289659286,2025-11-16 13:44:00,2025-11-25 07:44:00,8,1.8,DELIVERED
SHIP0004143,ORD0003345,AusFreight Express,CON1241573635,2025-05-21 09:07:00,,6,40.2,LOST
SHIP0004144,ORD0000985,TNT Road,CON6776878115,2025-08-08 23:52:00,2025-08-16 05:52:00,7,0.8,DELIVERED
SHIP0004145,ORD0003902,AusFreight Express,CON4306217165,2025-10-27 18:36:00,2025-11-02 23:36:00,6,24.5,DELIVERED
SHIP0004146,ORD0003296,StarTrack Logistics,CON5735031894,2025-07-22 05:31:00,2025-07-23 22:31:00,1,19.5,DELIVERED
SHIP0004147,ORD0003273,StarTrack Logistics,CON7699730825,2025-06-01 16:20:00,2025-06-03 12:20:00,1,3.8,DELIVERED
SHIP0004148,ORD0000867,AusFreight Express,CON3213206013,2025-09-01 14:06:00,2025-09-09 02:06:00,7,9.4,DELIVERED
SHIP0004149,ORD0000634,Linfox Direct,CON1909412805,2025-12-27 20:33:00,2025-12-30 23:33:00,3,19.6,DELIVERED
SHIP0004150,ORD0002755,CouriersPlease,CON5639775572,2025-09-09 23:11:00,,8,25.9,DELAYED
SHIP0004151,ORD0002577,AusFreight Express,CON3847130593,2025-05-19 00:00:00,2025-05-23 19:00:00,4,6.7,DELIVERED
SHIP0004152,ORD0001114,StarTrack Logistics,CON7791409916,2025-06-20 09:13:00,2025-06-27 04:13:00,6,18.5,DELIVERED
SHIP0004153,ORD0002794,Toll Priority,CON8668388098,2025-06-27 21:39:00,2025-07-02 23:39:00,5,17.5,DELIVERED
SHIP0004154,ORD0004180,Linfox Direct,CON3257460756,2025-07-08 07:13:00,,7,31.6,DELAYED
SHIP0004155,ORD0004097,Linfox Direct,CON3463630002,2025-12-31 16:36:00,,5,0.8,DELAYED
SHIP0004156,ORD0004780,Linfox Direct,CON8398273162,2025-11-03 19:09:00,2025-11-11 05:09:00,7,2.8,DELIVERED
SHIP0004157,ORD0001014,Toll Priority,CON6265937512,2025-10-15 03:52:00,,5,25.5,DELAYED
SHIP0004158,ORD0003610,TNT Road,CON2229260448,2025-08-15 03:48:00,2025-08-20 18:48:00,5,21.7,DELIVERED
SHIP0004159,ORD0003159,TNT Road,CON3783513432,2025-09-29 09:44:00,2025-10-01 04:44:00,1,39.2,DELIVERED
SHIP0004160,ORD0004055,AusFreight Express,CON9611739431,2025-10-11 10:52:00,2025-10-13 19:52:00,2,12.1,DELIVERED
SHIP0004161,ORD0000141,AusFreight Express,CON4346780921,2025-12-03 12:59:00,2025-12-06 13:59:00,3,17.6,DELIVERED
SHIP0004162,ORD0003038,StarTrack Logistics,CON7159495179,2025-09-19 21:06:00,,8,29.4,LOST
SHIP0004163,ORD0002360,CouriersPlease,CON2831817108,2025-06-30 02:42:00,2025-07-04 15:42:00,4,37.0,DELIVERED
SHIP0004164,ORD0001192,AusFreight Express,CON5008454066,2025-10-09 19:05:00,,6,22.8,DELAYED
SHIP0004165,ORD0003651,AusFreight Express,CON7277541715,2025-07-21 14:25:00,2025-07-29 05:25:00,7,21.1,DELIVERED
SHIP0004166,ORD0004019,Toll Priority,CON5060976617,2025-12-25 02:07:00,2025-12-26 17:07:00,1,6.9,DELIVERED
SHIP0004167,ORD0003547,TNT Road,CON2495531243,2025-12-25 05:22:00,2025-12-31 01:22:00,5,41.4,DELIVERED
SHIP0004168,ORD0000494,CouriersPlease,CON3136938958,2025-08-19 05:36:00,2025-08-22 11:36:00,3,14.3,DELIVERED
SHIP0004169,ORD0002143,TNT Road,CON9205282604,2025-06-30 01:34:00,,1,22.2,IN_TRANSIT
SHIP0004170,ORD0002417,AusFreight Express,CON8417052315,2025-06-09 12:34:00,2025-06-15 21:34:00,6,19.7,DELIVERED
SHIP0004171,ORD0001808,CouriersPlease,CON3843352349,2025-12-24 12:24:00,2025-12-30 07:24:00,5,30.1,DELIVERED
SHIP0004172,ORD0002499,TNT Road,CON7251872339,2025-12-02 18:10:00,2025-12-11 07:10:00,8,13.4,DELIVERED
SHIP0004173,ORD0004418,TNT Road,CON4592123992,2025-12-21 14:38:00,,4,24.4,IN_TRANSIT
SHIP0004174,ORD0000254,Toll Priority,CON7325963226,2025-09-17 04:27:00,,3,34.4,IN_TRANSIT
SHIP0004175,ORD0001973,CouriersPlease,CON7713008755,2025-11-27 08:24:00,,7,14.2,LOST
SHIP0004176,ORD0001470,CouriersPlease,CON8970412398,2025-11-28 15:43:00,2025-12-05 03:43:00,6,16.5,DELIVERED
SHIP0004177,ORD0002852,CouriersPlease,CON3000583167,2025-12-23 00:12:00,,4,35.9,DELAYED
SHIP0004178,ORD0002930,TNT Road,CON9164639219,2025-05-24 20:37:00,2025-05-29 12:37:00,4,13.4,DELIVERED
SHIP0004179,ORD0003986,StarTrack Logistics,CON5604966177,2025-11-26 01:40:00,,4,14.5,DELAYED
SHIP0004180,ORD0001352,StarTrack Logistics,CON8021882121,2025-06-17 21:44:00,,4,30.7,DELAYED
SHIP0004181,ORD0000834,Linfox Direct,CON5385055156,2025-10-12 06:42:00,2025-10-18 11:42:00,6,1.0,DELIVERED
SHIP0004182,ORD0000059,Toll Priority,CON3011169766,2025-07-13 12:31:00,2025-07-16 16:31:00,3,14.7,DELIVERED
SHIP0004183,ORD0004963,AusFreight Express,CON6776982225,2025-12-21 00:18:00,2025-12-23 05:18:00,2,27.6,DELIVERED
SHIP0004184,ORD0000881,TNT Road,CON6644232295,2025-07-08 11:25:00,2025-07-17 03:25:00,8,27.4,DELIVERED
SHIP0004185,ORD0002211,TNT Road,CON5120922788,2025-09-08 05:13:00,2025-09-13 13:13:00,5,37.2,DELIVERED
SHIP0004186,ORD0003805,CouriersPlease,CON6718387546,2025-07-29 01:44:00,2025-08-02 06:44:00,4,17.7,DELIVERED
SHIP0004187,ORD0003735,Toll Priority,CON8391545425,2026-01-01 13:04:00,2026-01-03 09:04:00,1,20.6,DELIVERED
SHIP0004188,ORD0002866,TNT Road,CON7833148021,2025-06-01 20:15:00,2025-06-09 05:15:00,7,13.8,DELIVERED
SHIP0004189,ORD0001195,Toll Priority,CON4348269362,2025-12-27 04:34:00,2026-01-01 07:34:00,5,26.4,DELIVERED
SHIP0004190,ORD0003243,StarTrack Logistics,CON4187056887,2025-08-31 04:29:00,,5,25.1,DELAYED
SHIP0004191,ORD0004059,CouriersPlease,CON1354046078,2025-12-04 15:22:00,2025-12-07 16:22:00,3,34.6,DELIVERED
SHIP0004192,ORD0003542,Toll Priority,CON3277812926,2025-06-15 16:04:00,2025-06-18 11:04:00,2,19.1,DELIVERED
SHIP0004193,ORD0002020,AusFreight Express,CON5253651406,2025-07-16 16:34:00,2025-07-20 12:34:00,3,40.6,DELIVERED
SHIP0004194,ORD0003974,TNT Road,CON2589084052,2025-12-21 20:25:00,2025-12-26 08:25:00,4,1.6,DELIVERED
SHIP0004195,ORD0003198,Toll Priority,CON1531765993,2025-05-19 10:26:00,2025-05-24 22:26:00,5,41.9,DELIVERED
SHIP0004196,ORD0000363,Linfox Direct,CON7860534147,2025-06-20 13:15:00,2025-06-22 17:15:00,2,38.9,DELIVERED
SHIP0004197,ORD0003699,CouriersPlease,CON7050105062,2025-05-30 07:39:00,2025-06-05 19:39:00,6,4.6,DELIVERED
SHIP0004198,ORD0002707,Toll Priority,CON9795532333,2025-11-04 14:07:00,2025-11-09 00:07:00,4,8.3,DELIVERED
SHIP0004199,ORD0002240,StarTrack Logistics,CON4738556023,2025-06-22 10:40:00,2025-06-26 13:40:00,4,7.6,DELIVERED
SHIP0004200,ORD0003956,StarTrack Logistics,CON7964750687,2025-07-25 06:05:00,2025-07-31 11:05:00,6,30.5,DELIVERED
